<?xml version='1.0' encoding='utf-8'?>
<COLLADA xmlns="http://www.collada.org/2005/11/COLLADASchema" version="1.4.1">
  <asset>
    <contributor>
      <author>Blender User</author>
      <authoring_tool>Blender 4.5.7 LTS commit date:2026-02-16, commit time:13:34, hash:a9874eeece8d</authoring_tool>
    </contributor>
    <created>2026-06-15T02:29:23</created>
    <modified>2026-06-16T00:38:35</modified>
    <unit name="meter" meter="1" />
    <up_axis>Z_UP</up_axis>
  </asset>
  <library_cameras>
    <camera id="Camera-camera" name="Camera">
      <optics>
        <technique_common>
          <perspective>
            <xfov sid="xfov">39.59775</xfov>
            <aspect_ratio>1.777778</aspect_ratio>
            <znear sid="znear">0.1</znear>
            <zfar sid="zfar">100</zfar>
          </perspective>
        </technique_common>
      </optics>
      <extra>
        <technique profile="blender">
          <shiftx sid="shiftx" type="float">0</shiftx>
          <shifty sid="shifty" type="float">0</shifty>
          <dof_distance sid="dof_distance" type="float">10</dof_distance>
        </technique>
      </extra>
    </camera>
  </library_cameras>
  <library_lights>
    <light id="Light-light" name="Light">
      <technique_common>
        <point>
          <color sid="color">1000 1000 1000</color>
          <constant_attenuation>1</constant_attenuation>
          <linear_attenuation>0</linear_attenuation>
          <quadratic_attenuation>0</quadratic_attenuation>
        </point>
      </technique_common>
      <extra>
        <technique profile="blender">
          <type sid="type" type="int">0</type>
          <flag sid="flag" type="int">0</flag>
          <mode sid="mode" type="int">2097153</mode>
          <red sid="red" type="float">1</red>
          <green sid="green" type="float">1</green>
          <blue sid="blue" type="float">1</blue>
          <energy sid="blender_energy" type="float">1000</energy>
          <spotsize sid="spotsize" type="float">75</spotsize>
          <spotblend sid="spotblend" type="float">0.15</spotblend>
          <clipsta sid="clipsta" type="float">0.04999995</clipsta>
          <clipend sid="clipend" type="float">40</clipend>
          <radius sid="radius" type="float">0.1</radius>
          <area_shape sid="area_shape" type="int">1</area_shape>
          <area_size sid="area_size" type="float">0.1</area_size>
          <area_sizey sid="area_sizey" type="float">0.1</area_sizey>
          <area_sizez sid="area_sizez" type="float">1</area_sizez>
        </technique>
      </extra>
    </light>
  </library_lights>
  <library_geometries>
    <geometry id="link_3-mesh" name="link_3">
      <mesh>
        <source id="link_3-mesh-positions">
          <float_array id="link_3-mesh-positions-array" count="5313">0.06 -0.122 -0.02244293 0.06 -0.122 -0.05755704 0.06 -0.1228281 -0.05595505 0.06 -0.1265 -0.03999996 0.06 -0.1255702 -0.03181391 0.06 -0.1228281 -0.02404493 0.06 -0.1255702 -0.04818606 0.08099997 -0.06744873 -0.06869995 0.06999999 -0.06744873 -0.06869995 0.06999999 -0.06158643 -0.06291115 0.08099997 -0.06158643 -0.06291115 0.06999999 -0.05717182 -0.05595505 0.08099997 -0.05717182 -0.05595505 0.06999999 -0.05442976 -0.04818606 0.08099997 -0.05442976 -0.04818606 0.06999999 -0.05349999 -0.03999996 0.08099997 -0.05349999 -0.03999996 0.06999999 -0.05442976 -0.03181391 0.08099997 -0.05442976 -0.03181391 0.06999999 -0.05717182 -0.02404493 0.08099997 -0.05717182 -0.02404493 0.06999999 -0.06158643 -0.01708877 0.08099997 -0.06158643 -0.01708877 0.06999999 -0.06744873 -0.01129996 0.08099997 -0.06744873 -0.01129996 0.08099997 -0.1125512 -0.01129996 0.06999999 -0.1125512 -0.01129996 0.06999999 -0.1184135 -0.01708877 0.06999999 -0.1205328 -0.01999998 0.06199997 -0.1205328 -0.01999998 0.08099997 -0.1228281 -0.02404493 0.06199997 -0.122 -0.02244293 0.08099997 -0.1184135 -0.01708877 0.06999999 -0.1125512 -0.06869995 0.08099997 -0.1125512 -0.06869995 0.08099997 -0.1184135 -0.06291115 0.06199997 -0.122 -0.05755704 0.06199997 -0.1205328 -0.06 0.08099997 -0.1228281 -0.05595505 0.06999999 -0.1205328 -0.06 0.06999999 -0.1184135 -0.06291115 0.08099997 -0.1255702 -0.04818606 0.08099997 -0.1265 -0.03999996 0.08099997 -0.1255702 -0.03181391 0.08099997 -0.06265443 -0.03197062 0.08099997 -0.06149995 -0.03999996 0.08099997 -0.06265443 -0.04802936 0.08099997 -0.06602424 -0.05540823 0.08099997 -0.07133644 -0.06153881 0.08099997 -0.07816064 -0.06592446 0.08099997 -0.1173455 -0.04802936 0.08099997 -0.1139757 -0.05540823 0.08099997 -0.1086635 -0.06153881 0.08099997 -0.1139757 -0.02459168 0.08099997 -0.1086635 -0.0184611 0.08099997 -0.08594399 -0.06820988 0.08099997 -0.09405595 -0.06820988 0.08099997 -0.1018393 -0.06592446 0.08099997 -0.08594399 -0.01179003 0.08099997 -0.09405595 -0.01179003 0.08099997 -0.1018393 -0.01407545 0.08099997 -0.06602424 -0.02459168 0.08099997 -0.07133644 -0.0184611 0.08099997 -0.07816064 -0.01407545 0.08099997 -0.1173455 -0.03197062 0.08099997 -0.1185 -0.03999996 0.1025 -0.1173455 -0.03197062 0.1025 -0.1139757 -0.02459168 0.1025 -0.1086635 -0.0184611 0.1025 -0.1018393 -0.01407545 0.1025 -0.09405595 -0.01179003 0.1025 -0.08594399 -0.01179003 0.1025 -0.07816064 -0.01407545 0.1025 -0.07133644 -0.0184611 0.1025 -0.06602424 -0.02459168 0.1025 -0.06265443 -0.03197062 0.1025 -0.06149995 -0.03999996 0.1025 -0.06265443 -0.04802936 0.1025 -0.06602424 -0.05540823 0.1025 -0.07133644 -0.06153881 0.1025 -0.07816064 -0.06592446 0.1025 -0.08594399 -0.06820988 0.1025 -0.09405595 -0.06820988 0.1025 -0.1018393 -0.06592446 0.1025 -0.1086635 -0.06153881 0.1025 -0.1139757 -0.05540823 0.1025 -0.1173455 -0.04802936 0.1025 -0.1185 -0.03999996 0.1025 -0.08999997 -0.03999996 0.06999999 -0.04999995 -0.07499998 0.06 -0.04999995 -0.07499998 0.06999999 -0.04999995 -0.00999999 0.06 -0.04999995 -0.00999999 0.06 -0.1299999 -0.01999998 0.06999999 -0.1299999 -0.01999998 0.06 -0.1299999 -0.00999999 0.06999999 -0.1299999 -0.00999999 0.06199997 -0.122 -0.01999998 0.06 -0.122 -0.01999998 0.06 -0.122 -0.06 0.06 -0.1299999 -0.06 0.06199997 -0.122 -0.06 0.06999999 -0.1299999 -0.06 0.06999999 -0.1299999 -0.07499998 0.06 -0.1299999 -0.07499998 0.06999999 -0.04899996 -0.07999998 0.06999999 -0.04899996 -0.07499998 0.06999999 -0.131 -0.07999998 0.06999999 -0.131 -0.07499998 0.06999999 -0.04899996 -0.00999999 0.06999999 -0.04899996 0 0.06999999 -0.131 0 0.06999999 -0.131 -0.00999999 0.06 -0.122 -0.01549994 0.06 -0.1213301 -0.01299995 0.06 -0.1213301 -0.06699997 0.06 -0.122 -0.06449997 0.06 -0.05866986 -0.01299995 0.06 -0.06049996 -0.01116985 0.06 -0.1195 -0.06883013 0.06 -0.117 -0.06949996 0.06 -0.06299996 -0.06949996 0.06 -0.06049996 -0.06883013 0.06 -0.05866986 -0.06699997 0.06 -0.05799996 -0.06449997 0.06 -0.05799996 -0.01549994 0.06 -0.06299996 -0.01049995 0.06 -0.117 -0.01049995 0.06 -0.1195 -0.01116985 -0.04999995 -0.08099997 0 -0.04999995 -0.08099997 -0.00999999 -0.04903924 -0.0907545 -0.00999999 -0.04903924 -0.0907545 0 -0.04619395 -0.1001341 -0.00999999 -0.04619395 -0.1001341 0 -0.04157346 -0.1087785 -0.00999999 -0.04157346 -0.1087785 0 -0.03535532 -0.1163553 -0.00999999 -0.03535532 -0.1163553 0 -0.0277785 -0.1225734 -0.00999999 -0.0277785 -0.1225734 0 -0.01913416 -0.1271939 -0.00999999 -0.01913416 -0.1271939 0 -0.009754478 -0.1300392 -0.00999999 -0.009754478 -0.1300392 0 0 -0.131 -0.00999999 0 -0.131 0 0.06999999 -0.131 0 0 -0.131 0 0 -0.131 -0.00999999 0.06 -0.04899996 0 0.06999999 -0.04899996 0 0.06 -0.04899996 -0.00999999 0.06 -0.04899996 0 0.05617314 -0.04823875 0 0.05617314 -0.04823875 -0.00999999 0.05292892 -0.04607105 0 0.05292892 -0.04607105 -0.00999999 0.05076116 -0.04282683 0 0.05076116 -0.04282683 -0.00999999 0.04999995 -0.03899997 0 0.04999995 -0.03899997 -0.00999999 0.04999995 0 0 0.04999995 0 -0.00999999 0.04999995 0 0 0.04999995 0 -0.00999999 0.04890733 0.01039558 -0.00999999 0.04890733 0.01039558 0 0.04567724 0.0203368 -0.00999999 0.04567724 0.0203368 0 0.04045081 0.02938926 -0.00999999 0.04045081 0.02938926 0 0.0334565 0.03715723 -0.00999999 0.0334565 0.03715723 0 0.02499997 0.04330122 -0.00999999 0.02499997 0.04330122 0 0.01545083 0.04755282 -0.00999999 0.01545083 0.04755282 0 0.005226373 0.04972606 -0.00999999 0.005226373 0.04972606 0 -0.005226373 0.04972606 -0.00999999 -0.005226373 0.04972606 0 -0.01545083 0.04755282 -0.00999999 -0.01545083 0.04755282 0 -0.02499997 0.04330122 -0.00999999 -0.02499997 0.04330122 0 -0.0334565 0.03715723 -0.00999999 -0.0334565 0.03715723 0 -0.04045081 0.02938926 -0.00999999 -0.04045081 0.02938926 0 -0.04567724 0.0203368 -0.00999999 -0.04567724 0.0203368 0 -0.04890733 0.01039558 -0.00999999 -0.04890733 0.01039558 0 -0.04999995 0 -0.00999999 -0.04999995 0 0 -0.04999995 -0.08099997 0 -0.04999995 0 0 -0.04999995 0 -0.00999999 0.06999999 -0.131 0 0.06999999 -0.04899996 0 0.06 -0.04899996 0 0 -0.131 0 0.05617314 -0.04823875 0 -0.009754478 -0.1300392 0 0.05292892 -0.04607105 0 -0.01913416 -0.1271939 0 0.04999995 0 0 -0.04999995 0 0 0.04999995 -0.03899997 0 -0.04999995 -0.08099997 0 0.05076116 -0.04282683 0 -0.04903924 -0.0907545 0 -0.04619395 -0.1001341 0 0.04890733 0.01039558 0 0.04567724 0.0203368 0 0.04045081 0.02938926 0 -0.04157346 -0.1087785 0 -0.03535532 -0.1163553 0 -0.0277785 -0.1225734 0 0.0334565 0.03715723 0 0.02499997 0.04330122 0 0.01545083 0.04755282 0 0.005226373 0.04972606 0 -0.005226373 0.04972606 0 -0.01545083 0.04755282 0 -0.04045081 0.02938926 0 -0.0334565 0.03715723 0 -0.02499997 0.04330122 0 -0.04567724 0.0203368 0 -0.04890733 0.01039558 0 0 -0.04469996 -0.00999999 0.009946644 -0.04357928 -0.00999999 0 0.04469996 -0.00999999 -0.009946644 0.04357928 -0.00999999 -0.009946644 -0.04357928 -0.00999999 -0.01939457 -0.0402733 -0.00999999 -0.01939457 0.0402733 -0.00999999 -0.02786999 0.03494787 -0.00999999 -0.03494787 0.02786999 -0.00999999 -0.0402733 0.01939457 -0.00999999 -0.04357928 0.009946644 -0.00999999 0.01939457 -0.0402733 -0.00999999 0.02786999 -0.03494787 -0.00999999 0.03494787 -0.02786999 -0.00999999 -0.0402733 -0.01939457 -0.00999999 -0.04357928 -0.009946644 -0.00999999 -0.04469996 0 -0.00999999 -0.03494787 -0.02786999 -0.00999999 -0.02786999 -0.03494787 -0.00999999 0.009946644 0.04357928 -0.00999999 0.01939457 0.0402733 -0.00999999 0.02786999 0.03494787 -0.00999999 0.03494787 0.02786999 -0.00999999 0.0402733 0.01939457 -0.00999999 0.04357928 0.009946644 -0.00999999 0.04469996 0 -0.00999999 0.04999995 0 -0.00999999 0.04357928 -0.009946644 -0.00999999 0.0402733 -0.01939457 -0.00999999 -0.04469996 0 -0.07499998 -0.04357928 0.009946644 -0.07499998 -0.0402733 0.01939457 -0.07499998 -0.03494787 0.02786999 -0.07499998 -0.02786999 0.03494787 -0.07499998 -0.01939457 0.0402733 -0.07499998 -0.009946644 0.04357928 -0.07499998 0 0.04469996 -0.07499998 0.009946644 0.04357928 -0.07499998 0.01939457 0.0402733 -0.07499998 0.02786999 0.03494787 -0.07499998 0.03494787 0.02786999 -0.07499998 0.0402733 0.01939457 -0.07499998 0.04357928 0.009946644 -0.07499998 0.04469996 0 -0.00999999 0.04469996 0 -0.07499998 0.04357928 -0.009946644 -0.07499998 0.0402733 -0.01939457 -0.07499998 0.03494787 -0.02786999 -0.07499998 0.02786999 -0.03494787 -0.07499998 0.01939457 -0.0402733 -0.07499998 0.009946644 -0.04357928 -0.07499998 0 -0.04469996 -0.07499998 -0.009946644 -0.04357928 -0.07499998 -0.01939457 -0.0402733 -0.07499998 -0.02786999 -0.03494787 -0.07499998 -0.03494787 -0.02786999 -0.07499998 -0.0402733 -0.01939457 -0.07499998 -0.04357928 -0.009946644 -0.07499998 -0.04469996 0 -0.00999999 0.04999995 -0.03899997 -0.07999998 0.04999995 -0.03899997 -0.07499998 0.05076116 -0.04282683 -0.07999998 0.05076116 -0.04282683 -0.07499998 0.05292892 -0.04607105 -0.07999998 0.05292892 -0.04607105 -0.07499998 0.05617314 -0.04823875 -0.07999998 0.05617314 -0.04823875 -0.07499998 0.06 -0.04899996 -0.07999998 0.06 -0.04899996 -0.07499998 0 -0.131 -0.07999998 0 -0.131 -0.07499998 0 -0.131 -0.07999998 -0.009754478 -0.1300392 -0.07499998 -0.009754478 -0.1300392 -0.07999998 -0.01913416 -0.1271939 -0.07499998 -0.01913416 -0.1271939 -0.07999998 -0.0277785 -0.1225734 -0.07499998 -0.0277785 -0.1225734 -0.07999998 -0.03535532 -0.1163553 -0.07499998 -0.03535532 -0.1163553 -0.07999998 -0.04157346 -0.1087785 -0.07499998 -0.04157346 -0.1087785 -0.07999998 -0.04619395 -0.1001341 -0.07499998 -0.04619395 -0.1001341 -0.07999998 -0.04903924 -0.0907545 -0.07499998 -0.04903924 -0.0907545 -0.07999998 -0.04999995 -0.08099997 -0.07499998 -0.04999995 -0.08099997 -0.07999998 -0.04999995 0 -0.07999998 -0.04999995 0 -0.07499998 -0.04999995 0 -0.07999998 -0.04890733 0.01039558 -0.07499998 -0.04890733 0.01039558 -0.07999998 -0.04567724 0.0203368 -0.07499998 -0.04567724 0.0203368 -0.07999998 -0.04045081 0.02938926 -0.07499998 -0.04045081 0.02938926 -0.07999998 -0.0334565 0.03715723 -0.07499998 -0.0334565 0.03715723 -0.07999998 -0.02499997 0.04330122 -0.07499998 -0.02499997 0.04330122 -0.07999998 -0.01545083 0.04755282 -0.07499998 -0.01545083 0.04755282 -0.07999998 -0.005226373 0.04972606 -0.07499998 -0.005226373 0.04972606 -0.07999998 0.005226373 0.04972606 -0.07499998 0.005226373 0.04972606 -0.07999998 0.01545083 0.04755282 -0.07499998 0.01545083 0.04755282 -0.07999998 0.02499997 0.04330122 -0.07499998 0.02499997 0.04330122 -0.07999998 0.0334565 0.03715723 -0.07499998 0.0334565 0.03715723 -0.07999998 0.04045081 0.02938926 -0.07499998 0.04045081 0.02938926 -0.07999998 0.04567724 0.0203368 -0.07499998 0.04567724 0.0203368 -0.07999998 0.04890733 0.01039558 -0.07499998 0.04890733 0.01039558 -0.07999998 0.04999995 0 -0.07499998 0.04999995 0 -0.07999998 0.04999995 0 -0.07999998 0.04999995 0 -0.07499998 0 -0.131 -0.07999998 -0.04999995 0 -0.07999998 0 -0.131 -0.07499998 0.04469996 0 -0.07499998 0 0.04469996 -0.07499998 -0.04999995 0 -0.07499998 -0.04469996 0 -0.07499998 0 -0.04469996 -0.07499998 0.03399997 -0.122 -0.01549994 0.03399997 -0.122 -0.06449997 0.03399997 -0.06299996 -0.06949996 0.03399997 -0.06049996 -0.06883013 0.03399997 -0.05866986 -0.06699997 0.03399997 -0.05799996 -0.06449997 0.03399997 -0.05799996 -0.01549994 0.03399997 -0.05866986 -0.01299995 0.03399997 -0.06049996 -0.01116985 0.03399997 -0.06299996 -0.01049995 0.03399997 -0.117 -0.01049995 0.03399997 -0.1195 -0.01116985 0.03399997 -0.1213301 -0.01299995 0.03399997 -0.1213301 -0.06699997 0.03399997 -0.1195 -0.06883013 0.03399997 -0.117 -0.06949996 -0.02749997 0 -0.07499998 -0.02689903 -0.005717515 -0.09499996 -0.02689903 -0.005717515 -0.07499998 -0.02512246 -0.01118522 -0.09499996 -0.02512246 -0.01118522 -0.07499998 -0.02224797 -0.01616406 -0.09499996 -0.02224797 -0.01616406 -0.07499998 -0.01840108 -0.02043646 -0.09499996 -0.01840108 -0.02043646 -0.07499998 -0.01374995 -0.02381569 -0.09499996 -0.01374995 -0.02381569 -0.07499998 -0.008497953 -0.02615404 -0.09499996 -0.008497953 -0.02615404 -0.07499998 -0.002874493 -0.02734935 -0.09499996 -0.002874493 -0.02734935 -0.07499998 0.002874493 -0.02734935 -0.09499996 0.002874493 -0.02734935 -0.07499998 0.008497953 -0.02615404 -0.09499996 0.008497953 -0.02615404 -0.07499998 0.01374995 -0.02381569 -0.09499996 0.01374995 -0.02381569 -0.07499998 0.01840108 -0.02043646 -0.09499996 0.01840108 -0.02043646 -0.07499998 0.02224797 -0.01616406 -0.09499996 0.02224797 -0.01616406 -0.07499998 0.02512246 -0.01118522 -0.09499996 0.02512246 -0.01118522 -0.07499998 0.02689903 -0.005717515 -0.09499996 0.02689903 -0.005717515 -0.07499998 0.02749997 0 -0.09499996 0.02749997 0 -0.07499998 0.02689903 0.005717515 -0.09499996 0.02689903 0.005717515 -0.07499998 0.02512246 0.01118522 -0.09499996 0.02512246 0.01118522 -0.07499998 0.02224797 0.01616406 -0.09499996 0.02224797 0.01616406 -0.07499998 0.01840108 0.02043646 -0.09499996 0.01840108 0.02043646 -0.07499998 0.01374995 0.02381569 -0.09499996 0.01374995 0.02381569 -0.07499998 0.008497953 0.02615404 -0.09499996 0.008497953 0.02615404 -0.07499998 0.002874493 0.02734935 -0.09499996 0.002874493 0.02734935 -0.07499998 -0.002874493 0.02734935 -0.09499996 -0.002874493 0.02734935 -0.07499998 -0.008497953 0.02615404 -0.09499996 -0.008497953 0.02615404 -0.07499998 -0.01374995 0.02381569 -0.09499996 -0.01374995 0.02381569 -0.07499998 -0.01840108 0.02043646 -0.09499996 -0.01840108 0.02043646 -0.07499998 -0.02224797 0.01616406 -0.09499996 -0.02224797 0.01616406 -0.07499998 -0.02512246 0.01118522 -0.09499996 -0.02512246 0.01118522 -0.07499998 -0.02689903 0.005717515 -0.09499996 -0.02689903 0.005717515 -0.07499998 -0.02749997 0 -0.09499996 0 -0.02249997 -0.09499996 -0.00500667 -0.02193588 -0.09499996 -0.009762346 -0.02027177 -0.09499996 -0.01402848 -0.01759117 -0.09499996 -0.01759117 -0.01402848 -0.09499996 -0.02027177 -0.009762346 -0.09499996 -0.02193588 -0.00500667 -0.09499996 -0.02249997 0 -0.09499996 -0.02193588 0.00500667 -0.09499996 -0.02027177 0.009762346 -0.09499996 -0.01759117 0.01402848 -0.09499996 -0.01402848 0.01759117 -0.09499996 -0.009762346 0.02027177 -0.09499996 -0.00500667 0.02193588 -0.09499996 0 0.02249997 -0.09499996 0.00500667 0.02193588 -0.09499996 0.009762346 0.02027177 -0.09499996 0.01402848 0.01759117 -0.09499996 0.01759117 0.01402848 -0.09499996 0.02027177 0.009762346 -0.09499996 0.02193588 0.00500667 -0.09499996 0.02249997 0 -0.09499996 0.02193588 -0.00500667 -0.09499996 0.02027177 -0.009762346 -0.09499996 0.01759117 -0.01402848 -0.09499996 0.01402848 -0.01759117 -0.09499996 0.009762346 -0.02027177 -0.09499996 0.00500667 -0.02193588 -0.09499996 -0.02249997 0 -0.06499999 -0.02193588 -0.00500667 -0.06499999 -0.02027177 -0.009762346 -0.06499999 -0.01759117 -0.01402848 -0.06499999 -0.01402848 -0.01759117 -0.06499999 -0.009762346 -0.02027177 -0.06499999 -0.00500667 -0.02193588 -0.06499999 0 -0.02249997 -0.09499996 0 -0.02249997 -0.06499999 0.00500667 -0.02193588 -0.06499999 0.009762346 -0.02027177 -0.06499999 0.01402848 -0.01759117 -0.06499999 0.01759117 -0.01402848 -0.06499999 0.02027177 -0.009762346 -0.06499999 0.02193588 -0.00500667 -0.06499999 0.02249997 0 -0.06499999 0.02193588 0.00500667 -0.06499999 0.02027177 0.009762346 -0.06499999 0.01759117 0.01402848 -0.06499999 0.01402848 0.01759117 -0.06499999 0.009762346 0.02027177 -0.06499999 0.00500667 0.02193588 -0.06499999 0 0.02249997 -0.09499996 0 0.02249997 -0.06499999 -0.00500667 0.02193588 -0.06499999 -0.009762346 0.02027177 -0.06499999 -0.01402848 0.01759117 -0.06499999 -0.01759117 0.01402848 -0.06499999 -0.02027177 0.009762346 -0.06499999 -0.02193588 0.00500667 -0.06499999 -0.03455895 -0.01899999 -0.07499998 -0.03455895 -0.01899999 -0.06499999 -0.03433787 -0.01982498 -0.07499998 -0.03433787 -0.01982498 -0.06499999 -0.03373396 -0.02042889 -0.07499998 -0.03373396 -0.02042889 -0.06499999 -0.03290891 -0.02064996 -0.07499998 -0.03290891 -0.02064996 -0.06499999 -0.03208392 -0.02042889 -0.07499998 -0.03208392 -0.02042889 -0.06499999 -0.03148001 -0.01982498 -0.07499998 -0.03148001 -0.01982498 -0.06499999 -0.03125894 -0.01899999 -0.07499998 -0.03125894 -0.01899999 -0.06499999 -0.03148001 -0.018175 -0.07499998 -0.03148001 -0.018175 -0.06499999 -0.03208392 -0.01757103 -0.07499998 -0.03208392 -0.01757103 -0.06499999 -0.03290891 -0.01734995 -0.07499998 -0.03290891 -0.01734995 -0.06499999 -0.03373396 -0.01757103 -0.07499998 -0.03373396 -0.01757103 -0.06499999 -0.03433787 -0.018175 -0.07499998 -0.03433787 -0.018175 -0.06499999 0.03432756 -0.02671825 -0.06499999 0.02687942 -0.02942496 -0.06499999 0.02946174 -0.03200393 -0.06499999 0.0429067 0.007159829 -0.06499999 0.041143 0.01412439 -0.06499999 0.03902947 0 -0.06499999 -0.03432756 0.02671825 -0.06499999 -0.02687942 0.02942496 -0.06499999 -0.02946174 0.03200393 -0.06499999 -0.01207494 0.02157497 -0.06499999 0.01207494 -0.02157497 -0.06499999 -0.02687942 -0.02157497 -0.06499999 -0.02687942 0 -0.06499999 -0.01207494 -0.02942496 -0.06499999 -0.01207494 -0.02157497 -0.06499999 0.02687942 0 -0.06499999 0.02687942 -0.02157497 -0.06499999 0.02687942 0.02157497 -0.06499999 0.01207494 0.02942496 -0.06499999 0.01207494 0.02157497 -0.06499999 -0.02249997 0 -0.06499999 -0.02687942 0.02157497 -0.06499999 -0.03290891 0.01734995 -0.06499999 -0.03373396 0.01757103 -0.06499999 -0.04349994 0 -0.06499999 -0.03290891 0.02064996 -0.06499999 -0.03208392 0.02042889 -0.06499999 -0.03373396 0.02042889 -0.06499999 -0.03433787 0.01982498 -0.06499999 -0.03825706 0.02070367 -0.06499999 -0.03455895 0.01899999 -0.06499999 -0.03148001 0.01982498 -0.06499999 -0.03125894 0.01899999 -0.06499999 -0.03148001 0.018175 -0.06499999 -0.03208392 0.01757103 -0.06499999 -0.03433787 0.018175 -0.06499999 -0.041143 0.01412439 -0.06499999 -0.0429067 0.007159829 -0.06499999 -0.0237922 0.0364167 -0.06499999 -0.01207494 0.02942496 -0.06499999 -0.01747375 0.0398361 -0.06499999 0 0.03634995 -0.06499999 8.25e-4 0.03657102 -0.06499999 0.003592193 0.04335141 -0.06499999 8.25e-4 0.03942888 -0.06499999 0.01067858 0.04216891 -0.06499999 0.001428902 0.03882497 -0.06499999 0.01747375 0.0398361 -0.06499999 0.001649975 0.03799998 -0.06499999 0.001428902 0.03717499 -0.06499999 -8.25e-4 0.03657102 -0.06499999 -0.001428902 0.03717499 -0.06499999 -0.001649975 0.03799998 -0.06499999 -0.01067858 0.04216891 -0.06499999 -0.001428902 0.03882497 -0.06499999 -0.003592193 0.04335141 -0.06499999 -8.25e-4 0.03942888 -0.06499999 0 0.03964996 -0.06499999 0.0237922 0.0364167 -0.06499999 0.02687942 0.02942496 -0.06499999 0.02946174 0.03200393 -0.06499999 0.03432756 0.02671825 -0.06499999 0.03825706 0.02070367 -0.06499999 0.03455895 0.01899999 -0.06499999 0.03433787 0.018175 -0.06499999 0.03373396 0.01757103 -0.06499999 0.03290891 0.01734995 -0.06499999 0.03125894 0.01899999 -0.06499999 0.03148001 0.018175 -0.06499999 0.03208392 0.01757103 -0.06499999 0.03373396 0.02042889 -0.06499999 0.03433787 0.01982498 -0.06499999 0.03148001 0.01982498 -0.06499999 0.03208392 0.02042889 -0.06499999 0.03290891 0.02064996 -0.06499999 0.041143 -0.01412439 -0.06499999 0.0429067 -0.007159829 -0.06499999 0.04349994 0 -0.06499999 0.03373396 -0.02042889 -0.06499999 0.03433787 -0.01982498 -0.06499999 0.03825706 -0.02070367 -0.06499999 0.03290891 -0.02064996 -0.06499999 0.03208392 -0.02042889 -0.06499999 0.03148001 -0.01982498 -0.06499999 0.03125894 -0.01899999 -0.06499999 0.03148001 -0.018175 -0.06499999 0.03208392 -0.01757103 -0.06499999 0.03290891 -0.01734995 -0.06499999 0.03373396 -0.01757103 -0.06499999 0.03433787 -0.018175 -0.06499999 0.03455895 -0.01899999 -0.06499999 0.0237922 -0.0364167 -0.06499999 0.01207494 -0.02942496 -0.06499999 0.01747375 -0.0398361 -0.06499999 0 -0.03634995 -0.06499999 -8.25e-4 -0.03657102 -0.06499999 8.25e-4 -0.03657102 -0.06499999 0.001428902 -0.03717499 -0.06499999 0.001649975 -0.03799998 -0.06499999 0.01067858 -0.04216891 -0.06499999 0.001428902 -0.03882497 -0.06499999 0.003592193 -0.04335141 -0.06499999 8.25e-4 -0.03942888 -0.06499999 -0.003592193 -0.04335141 -0.06499999 0 -0.03964996 -0.06499999 -8.25e-4 -0.03942888 -0.06499999 -0.01067858 -0.04216891 -0.06499999 -0.001428902 -0.03882497 -0.06499999 -0.01747375 -0.0398361 -0.06499999 -0.001649975 -0.03799998 -0.06499999 -0.001428902 -0.03717499 -0.06499999 -0.0237922 -0.0364167 -0.06499999 -0.02687942 -0.02942496 -0.06499999 -0.02946174 -0.03200393 -0.06499999 -0.03432756 -0.02671825 -0.06499999 -0.03825706 -0.02070367 -0.06499999 -0.041143 -0.01412439 -0.06499999 -0.0429067 -0.007159829 -0.06499999 0 -0.02249997 -0.06499999 0 0.02249997 -0.06499999 -0.01299995 -0.05799996 -0.05349999 -0.02699995 -0.05799996 -0.05349999 -0.02699995 -0.0576173 -0.05342388 -0.01299995 -0.0576173 -0.05342388 -0.02699995 -0.05729287 -0.05320709 -0.01299995 -0.05729287 -0.05320709 -0.02699995 -0.05707609 -0.05288267 -0.01299995 -0.05707609 -0.05288267 -0.02699995 -0.05699998 -0.05249994 -0.01299995 -0.05699998 -0.05249994 -0.01207607 -0.0576173 -0.02749997 -0.01199996 -0.05799996 -0.02749997 -0.01199996 -0.05799996 -0.05249994 -0.01207339 -0.0576238 -0.05249994 -0.01228952 -0.05729621 -0.05249994 -0.01229286 -0.05729287 -0.02749997 -0.01261514 -0.05707699 -0.05249994 -0.01261729 -0.05707609 -0.02749997 -0.01299995 -0.05699998 -0.02749997 -0.0128535 -0.05764639 -0.0265761 -0.01299995 -0.0576173 -0.0265761 -0.01299995 -0.05799996 -0.02649998 -0.01299995 -0.0575 -0.02663397 -0.01264643 -0.05714643 -0.02711731 -0.01234668 -0.0573467 -0.02711731 -0.01249998 -0.0575 -0.02679288 -0.0127294 -0.0573467 -0.02679288 -0.0127294 -0.05772936 -0.0265761 -0.01299995 -0.05729287 -0.02679288 -0.01299995 -0.05713397 -0.02699995 -0.01299995 -0.05707609 -0.02711731 -0.01199996 -0.05799996 -0.02749997 -0.01207607 -0.05799996 -0.02711731 -0.01214641 -0.05764639 -0.02711731 -0.01229286 -0.05799996 -0.02679288 -0.01234668 -0.05772936 -0.02679288 -0.01261729 -0.05799996 -0.0265761 -0.01264643 -0.05785351 -0.0265761 -0.02699995 -0.05699998 -0.02749997 -0.02699995 -0.05713397 -0.02699995 -0.02699995 -0.0575 -0.02663397 -0.02699995 -0.05799996 -0.02649998 -0.02699995 -0.05699998 -0.02249997 -0.03599995 -0.05699998 -0.02249997 -0.03599995 -0.05713397 -0.02199995 -0.02699995 -0.05713397 -0.02199995 -0.03599995 -0.0575 -0.02163392 -0.02699995 -0.0575 -0.02163392 -0.03599995 -0.05799996 -0.02149999 -0.02699995 -0.05799996 -0.02149999 -0.03599995 -0.05699998 -0.04899996 -0.03599995 -0.05599999 -0.04899996 -0.03473794 -0.05599999 -0.04879564 -0.03473794 -0.05699998 -0.04879564 -0.03360486 -0.05599999 -0.04820364 -0.03360486 -0.05699998 -0.04820364 -0.03271639 -0.05599999 -0.0472843 -0.03271639 -0.05699998 -0.0472843 -0.03216338 -0.05599999 -0.04613167 -0.03216338 -0.05699998 -0.04613167 -0.03200232 -0.05599999 -0.0448634 -0.03200232 -0.05699998 -0.0448634 -0.03224956 -0.05599999 -0.04360908 -0.03224956 -0.05699998 -0.04360908 -0.03288 -0.05599999 -0.04249686 -0.03288 -0.05699998 -0.04249686 -0.03382909 -0.05599999 -0.04164034 -0.03382909 -0.05699998 -0.04164034 -0.03499996 -0.05599999 -0.04112696 -0.03499996 -0.05699998 -0.04112696 -0.02849996 -0.06140327 -0.05699998 -0.03599995 -0.06140327 -0.05699998 -0.02849996 -0.06349998 -0.05699998 -0.03599995 -0.069 -0.05699998 -0.01349997 -0.06349998 -0.05699998 -0.01349997 -0.069 -0.05699998 -0.01349997 -0.06349998 -0.023 -0.01349997 -0.069 -0.023 -0.02849996 -0.06349998 -0.023 -0.03599995 -0.069 -0.023 -0.02849996 -0.06140327 -0.023 -0.03599995 -0.06140327 -0.023 -0.03599995 -0.069 -0.02149999 -0.01299995 -0.069 -0.02149999 -0.01249998 -0.069 -0.02163392 -0.01229286 -0.069 -0.05820709 -0.01207607 -0.069 -0.05788266 -0.01199996 -0.069 -0.0575 -0.01199996 -0.069 -0.02249997 -0.01213395 -0.069 -0.02199995 -0.01261729 -0.069 -0.05842387 -0.01299995 -0.069 -0.05849999 -0.03599995 -0.069 -0.05849999 -0.01299995 -0.06299996 -0.05849999 -0.02699995 -0.06299996 -0.05849999 -0.02699995 -0.05799996 -0.05849999 -0.03599995 -0.05799996 -0.05849999 -0.03599995 -0.0576173 -0.05842387 -0.02699995 -0.0576173 -0.05842387 -0.03599995 -0.05729287 -0.05820709 -0.02699995 -0.05729287 -0.05820709 -0.03599995 -0.05707609 -0.05788266 -0.02699995 -0.05707609 -0.05788266 -0.03599995 -0.05699998 -0.0575 -0.02699995 -0.05699998 -0.0575 -0.03599995 -0.05699998 -0.03099995 -0.03473794 -0.05699998 -0.03120428 -0.03499996 -0.05699998 -0.03887295 -0.03382909 -0.05699998 -0.03835964 -0.03288 -0.05699998 -0.03750312 -0.03224956 -0.05699998 -0.0363909 -0.03200232 -0.05699998 -0.03513658 -0.03216338 -0.05699998 -0.03386831 -0.03271639 -0.05699998 -0.03271561 -0.03360486 -0.05699998 -0.03179633 -0.03499996 -0.05599999 -0.03887295 -0.03382909 -0.05599999 -0.03835964 -0.03288 -0.05599999 -0.03750312 -0.03224956 -0.05599999 -0.0363909 -0.03200232 -0.05599999 -0.03513658 -0.03216338 -0.05599999 -0.03386831 -0.03271639 -0.05599999 -0.03271561 -0.03360486 -0.05599999 -0.03179633 -0.03473794 -0.05599999 -0.03120428 -0.03599995 -0.05599999 -0.03099995 -0.03599995 -0.05599999 -0.03799998 -0.03599995 -0.05849999 -0.03799998 -0.03507292 -0.05599999 -0.03785312 -0.03507292 -0.05849999 -0.03785312 -0.0342366 -0.05599999 -0.037427 -0.0342366 -0.05849999 -0.037427 -0.03357291 -0.05599999 -0.03676331 -0.03357291 -0.05849999 -0.03676331 -0.03314679 -0.05599999 -0.03592699 -0.03314679 -0.05849999 -0.03592699 -0.03299999 -0.05599999 -0.03499996 -0.03299999 -0.05849999 -0.03499996 -0.03299999 -0.05599999 -0.04499995 -0.03299999 -0.05849999 -0.04499995 -0.03314679 -0.05599999 -0.04407292 -0.03314679 -0.05849999 -0.04407292 -0.03357291 -0.05599999 -0.04323661 -0.03357291 -0.05849999 -0.04323661 -0.0342366 -0.05599999 -0.04257291 -0.0342366 -0.05849999 -0.04257291 -0.03507292 -0.05599999 -0.0421468 -0.03507292 -0.05849999 -0.0421468 -0.03599995 -0.05599999 -0.04199999 -0.03599995 -0.05849999 -0.04199999 -0.03599995 -0.05599999 -0.04799997 -0.03599995 -0.05849999 -0.04799997 -0.03507292 -0.05599999 -0.04785317 -0.03507292 -0.05849999 -0.04785317 -0.0342366 -0.05599999 -0.04742699 -0.0342366 -0.05849999 -0.04742699 -0.03357291 -0.05599999 -0.04676336 -0.03357291 -0.05849999 -0.04676336 -0.03314679 -0.05599999 -0.04592704 -0.03314679 -0.05849999 -0.04592704 -0.03599995 -0.05599999 -0.032 -0.03507292 -0.05599999 -0.03214681 -0.0342366 -0.05599999 -0.03257292 -0.03357291 -0.05599999 -0.03323662 -0.03314679 -0.05599999 -0.03407293 -0.03314679 -0.05849999 -0.03407293 -0.03357291 -0.05849999 -0.03323662 -0.0342366 -0.05849999 -0.03257292 -0.03507292 -0.05849999 -0.03214681 -0.03599995 -0.05849999 -0.032 -0.03730159 -0.05849999 -0.0477029 -0.03730159 -0.05599999 -0.0477029 -0.03834545 -0.05849999 -0.04687047 -0.03834545 -0.05599999 -0.04687047 -0.03892475 -0.05849999 -0.04566752 -0.03892475 -0.05599999 -0.04566752 -0.03892475 -0.05849999 -0.04433238 -0.03892475 -0.05599999 -0.04433238 -0.03834545 -0.05849999 -0.0431295 -0.03834545 -0.05599999 -0.0431295 -0.03730159 -0.05849999 -0.04229706 -0.03730159 -0.05599999 -0.04229706 -0.03730159 -0.05849999 -0.03770285 -0.03730159 -0.05599999 -0.03770285 -0.03834545 -0.05849999 -0.03687041 -0.03834545 -0.05599999 -0.03687041 -0.03892475 -0.05849999 -0.03566753 -0.03892475 -0.05599999 -0.03566753 -0.03892475 -0.05849999 -0.03433239 -0.03892475 -0.05599999 -0.03433239 -0.03834545 -0.05849999 -0.03312951 -0.03834545 -0.05599999 -0.03312951 -0.03730159 -0.05849999 -0.03229707 -0.03730159 -0.05599999 -0.03229707 -0.04970705 -0.07629287 -0.023 -0.04946792 -0.0761162 -0.023 -0.04946792 -0.07601004 -0.02380651 -0.04992383 -0.0766173 -0.023 -0.04982483 -0.07643461 -0.023 -0.04982483 -0.0763176 -0.02388894 -0.04999995 -0.0767669 -0.02434557 -0.04999995 -0.07686406 -0.02403533 -0.04999119 -0.07673579 -0.024001 -0.04999995 -0.07699996 -0.023 -0.04999119 -0.07686758 -0.023 -0.04999995 -0.07646411 -0.02499997 -0.04999119 -0.07634943 -0.02493381 -0.04999995 -0.0761463 -0.02547001 -0.04999119 -0.07573479 -0.02573478 -0.04999995 -0.07582843 -0.02582842 -0.04999995 -0.07512986 -0.02638578 -0.04999119 -0.07493376 -0.02634942 -0.04999995 -0.07499998 -0.0264641 -0.04999119 -0.07400101 -0.02673578 -0.04999995 -0.07392781 -0.02689146 -0.04999119 -0.07299995 -0.02686756 -0.04999995 -0.07299995 -0.02699995 -0.04982483 -0.07597446 -0.02471733 -0.04982483 -0.07542866 -0.02542865 -0.04982483 -0.07471728 -0.02597445 -0.04982483 -0.07388895 -0.02631759 -0.04946792 -0.07299995 -0.02611625 -0.04970705 -0.07299995 -0.02629286 -0.04982483 -0.07299995 -0.02643465 -0.04992383 -0.07299995 -0.02661728 -0.04899996 -0.07599997 -0.023 -0.04899996 -0.07589775 -0.02377641 -0.04946792 -0.07569873 -0.02455812 -0.04899996 -0.07577162 -0.02414804 -0.04899996 -0.07559806 -0.02449995 -0.04946792 -0.07520347 -0.02520346 -0.04899996 -0.07512128 -0.02512127 -0.04946792 -0.07455807 -0.02569872 -0.04899996 -0.07377642 -0.02589774 -0.04946792 -0.07380652 -0.02601003 -0.04899996 -0.07414805 -0.02577161 -0.04899996 -0.07449996 -0.02559804 -0.04899996 -0.07299995 -0.02599996 -0.04999995 -0.06999999 -0.02699995 -0.04992383 -0.06999999 -0.02661728 -0.04970705 -0.06999999 -0.02629286 -0.04938268 -0.06999999 -0.02607607 -0.04899996 -0.06999999 -0.02599996 -0.046 -0.06999999 -0.02599996 -0.046 -0.07299995 -0.02599996 -0.046 -0.07599997 -0.023 -0.046 -0.07577162 -0.02414804 -0.046 -0.07512128 -0.02512127 -0.046 -0.07414805 -0.02577161 -0.046 -0.07599997 -0.01999998 -0.04899996 -0.07599997 -0.01999998 -0.04599523 -0.07600474 -0.01990258 -0.04899996 -0.07607609 -0.01961731 -0.0458939 -0.07610607 -0.01955175 -0.04899996 -0.07629287 -0.01929289 -0.04562699 -0.07637298 -0.01922094 -0.04899996 -0.0766173 -0.0190761 -0.04537361 -0.0766263 -0.01907241 -0.04899996 -0.07699996 -0.01899999 -0.04499995 -0.07699996 -0.01899999 -0.04999995 -0.07699996 -0.01999998 -0.04992383 -0.0766173 -0.01999998 -0.04970705 -0.07629287 -0.01999998 -0.04938268 -0.07607609 -0.01999998 -0.04986602 -0.07699996 -0.01949995 -0.04970705 -0.07699996 -0.01929289 -0.04965323 -0.07672935 -0.01929289 -0.04949998 -0.07699996 -0.01913392 -0.04938268 -0.07699996 -0.0190761 -0.04935353 -0.07685351 -0.0190761 -0.04914641 -0.07664644 -0.0190761 -0.04927057 -0.07672935 -0.0190761 -0.04949998 -0.07649999 -0.01929289 -0.04927057 -0.07634669 -0.01929289 -0.04992383 -0.07699996 -0.01961731 -0.0498535 -0.07664644 -0.01961731 -0.04965323 -0.07634669 -0.01961731 -0.04935353 -0.07614642 -0.01961731 -0.04999995 -0.103 -0.01999998 -0.04992383 -0.103 -0.01961731 -0.04986602 -0.103 -0.01949995 -0.04970705 -0.103 -0.01929289 -0.04949998 -0.103 -0.01913392 -0.04938268 -0.103 -0.0190761 -0.04899996 -0.103 -0.01899999 -0.02599996 -0.1055 -0.01899999 -0.046 -0.1055 -0.01899999 -0.046 -0.1071996 -0.01926916 -0.02599996 -0.1071996 -0.01926916 -0.046 -0.1087328 -0.0200504 -0.02599996 -0.1087328 -0.0200504 -0.046 -0.1099496 -0.02126717 -0.02599996 -0.1099496 -0.02126717 -0.046 -0.1107308 -0.02280038 -0.02599996 -0.1107308 -0.02280038 -0.046 -0.111 -0.02449995 -0.02599996 -0.111 -0.02449995 -0.046 -0.1109238 -0.02661728 -0.046 -0.111 -0.02699995 -0.046 -0.1062 -0.02161431 -0.046 -0.1039239 -0.01961731 -0.046 -0.1056143 -0.02219998 -0.046 -0.104 -0.01999998 -0.046 -0.1054 -0.023 -0.046 -0.104 -0.023 -0.046 -0.1056143 -0.02379995 -0.046 -0.1037071 -0.01929289 -0.046 -0.1033827 -0.0190761 -0.046 -0.103 -0.01899999 -0.046 -0.1107071 -0.02629286 -0.046 -0.1085599 -0.02335602 -0.046 -0.1085599 -0.02264392 -0.046 -0.1082509 -0.02200239 -0.046 -0.1076942 -0.0215584 -0.046 -0.107 -0.02139997 -0.046 -0.107 -0.02599996 -0.046 -0.11 -0.02599996 -0.046 -0.1103827 -0.02607607 -0.046 -0.1042283 -0.02414804 -0.046 -0.1048787 -0.02512127 -0.046 -0.1062 -0.02438563 -0.046 -0.1058519 -0.02577161 -0.046 -0.107 -0.02459996 -0.046 -0.1076942 -0.02444154 -0.046 -0.1082509 -0.02399754 -0.04899996 -0.107 -0.02599996 -0.04899996 -0.1062235 -0.02589774 -0.04899996 -0.1058519 -0.02577161 -0.04899996 -0.1055 -0.02559804 -0.04899996 -0.1048787 -0.02512127 -0.04899996 -0.1044019 -0.02449995 -0.04899996 -0.1042283 -0.02414804 -0.04899996 -0.1041022 -0.02377641 -0.04899996 -0.104 -0.023 -0.04899996 -0.104 -0.01999998 -0.04999995 -0.103 -0.023 -0.04999119 -0.1031324 -0.023 -0.04992383 -0.1033827 -0.01999998 -0.04992383 -0.1033827 -0.023 -0.04982483 -0.1035653 -0.023 -0.04970705 -0.1037071 -0.01999998 -0.04970705 -0.1037071 -0.023 -0.04946792 -0.1038838 -0.023 -0.04938268 -0.1039239 -0.01999998 -0.04899996 -0.1039239 -0.01961731 -0.04935353 -0.1038535 -0.01961731 -0.04899996 -0.1037071 -0.01929289 -0.04899996 -0.1033827 -0.0190761 -0.04914641 -0.1033535 -0.0190761 -0.04935353 -0.1031464 -0.0190761 -0.04927057 -0.1032706 -0.0190761 -0.04927057 -0.1036533 -0.01929289 -0.04949998 -0.1035 -0.01929289 -0.04965323 -0.1032706 -0.01929289 -0.04965323 -0.1036533 -0.01961731 -0.0498535 -0.1033535 -0.01961731 -0.02599996 -0.07449996 -0.01899999 -0.04499995 -0.07449996 -0.01899999 -0.04538267 -0.07449996 -0.0190761 -0.0457071 -0.07449996 -0.01929289 -0.04592382 -0.07449996 -0.01961731 -0.046 -0.07449996 -0.01999998 -0.046 -0.05799996 -0.0575 -0.046 -0.05799996 -0.02249997 -0.04592382 -0.0576173 -0.02249997 -0.04586601 -0.0575 -0.02249997 -0.0457071 -0.05729287 -0.02249997 -0.0457071 -0.05729287 -0.0575 -0.04549998 -0.05713397 -0.02249997 -0.04549998 -0.05713397 -0.0575 -0.04499995 -0.05699998 -0.02249997 -0.04499995 -0.05699998 -0.0575 -0.04586601 -0.0575 -0.0575 -0.04499995 -0.05707609 -0.02211731 -0.04499995 -0.05713397 -0.02199995 -0.04499995 -0.05729287 -0.02179288 -0.04499995 -0.05799996 -0.02149999 -0.04499995 -0.0576173 -0.0215761 -0.04499995 -0.0575 -0.02163392 -0.04580008 -0.05753803 -0.02211731 -0.04592382 -0.05799996 -0.02211731 -0.04519128 -0.05766856 -0.0215761 -0.04535353 -0.05738759 -0.02179288 -0.04561233 -0.05764639 -0.02179288 -0.0457071 -0.05799996 -0.02179288 -0.04533141 -0.05780863 -0.0215761 -0.04538267 -0.05799996 -0.0215761 -0.04546189 -0.05719989 -0.02211731 -0.04499995 -0.06937652 -0.02149999 -0.04538267 -0.06937652 -0.0215761 -0.0457071 -0.06937652 -0.02179288 -0.04592382 -0.06937652 -0.02211731 -0.046 -0.06937652 -0.02249997 -0.04499995 -0.06981503 -0.02139872 -0.04499995 -0.06969344 -0.02144843 -0.04537051 -0.06971603 -0.0215159 -0.046 -0.07025355 -0.02229738 -0.046 -0.07066506 -0.02203011 -0.04593265 -0.07043248 -0.02175384 -0.046 -0.07095295 -0.02173072 -0.04593265 -0.0698961 -0.02205473 -0.046 -0.07001054 -0.02239733 -0.04593247 -0.07066822 -0.02150845 -0.04571068 -0.07039844 -0.02129781 -0.04571098 -0.07021182 -0.02149188 -0.04537034 -0.07022076 -0.02115911 -0.04537051 -0.07006651 -0.02131932 -0.04499995 -0.07016474 -0.02111536 -0.04499995 -0.07002067 -0.02126485 -0.04571098 -0.0697875 -0.02172988 -0.04593247 -0.07377558 -0.01969301 -0.046 -0.07382941 -0.02005022 -0.04593247 -0.07305115 -0.01985967 -0.046 -0.07305461 -0.02023839 -0.04593247 -0.0723682 -0.02013111 -0.046 -0.07252657 -0.02045577 -0.04593247 -0.07173395 -0.02050238 -0.046 -0.07177162 -0.0209214 -0.04593247 -0.07115679 -0.02097088 -0.046 -0.07101488 -0.02165323 -0.04537034 -0.07369101 -0.01913172 -0.04499995 -0.0736804 -0.01906138 -0.04537034 -0.07288193 -0.0193178 -0.04499995 -0.07286077 -0.01924991 -0.04537034 -0.07211923 -0.01962095 -0.04499995 -0.07208806 -0.01955705 -0.04537034 -0.07141095 -0.02003556 -0.04499995 -0.07137054 -0.01997709 -0.04537034 -0.07076638 -0.02055877 -0.04499995 -0.07071745 -0.02050715 -0.04571068 -0.07372462 -0.01935458 -0.04571068 -0.07294911 -0.01953297 -0.04571068 -0.07221812 -0.01982355 -0.04571068 -0.07153922 -0.02022093 -0.04571068 -0.07092142 -0.02072238 -0.02599996 -0.07016474 -0.02111536 -0.02599996 -0.07137054 -0.01997709 -0.02599996 -0.07286077 -0.01924991 -0.02599996 -0.06981503 -0.02139872 -0.02599996 -0.06937652 -0.02149999 -0.02599996 -0.0692085 -0.02149999 -0.03599995 -0.0692085 -0.02149999 -0.04499995 -0.06981503 -0.05860126 -0.04499995 -0.06992906 -0.05866646 -0.04537051 -0.0699684 -0.05860716 -0.046 -0.07025355 -0.05770254 -0.046 -0.06978958 -0.05754268 -0.04593265 -0.06971502 -0.05789601 -0.046 -0.06937652 -0.0575 -0.04593265 -0.07028228 -0.05813366 -0.046 -0.07048189 -0.05783265 -0.04593265 -0.07066863 -0.05849117 -0.046 -0.07095295 -0.0582692 -0.04592382 -0.06937652 -0.05788266 -0.0457071 -0.06937652 -0.05820709 -0.04571098 -0.06964427 -0.05823111 -0.04538267 -0.06937652 -0.05842387 -0.04537051 -0.06959772 -0.05845189 -0.04499995 -0.06937652 -0.05849999 -0.04499995 -0.06958299 -0.0585215 -0.04571098 -0.07009303 -0.0584191 -0.04571098 -0.07039868 -0.05870193 -0.04537051 -0.07022082 -0.05884081 -0.04499995 -0.07016474 -0.05888462 -0.04999995 -0.11 -0.05299997 -0.04999995 -0.107 -0.05299997 -0.04999119 -0.107 -0.05313235 -0.04992383 -0.11 -0.05338263 -0.04992383 -0.107 -0.05338263 -0.04982483 -0.107 -0.05356532 -0.04970705 -0.11 -0.05370706 -0.04970705 -0.107 -0.05370706 -0.04946792 -0.107 -0.05388373 -0.04938268 -0.11 -0.05392384 -0.04899996 -0.107 -0.05399996 -0.04899996 -0.11 -0.05399996 -0.04899996 -0.111 -0.05299997 -0.04938268 -0.1109238 -0.05299997 -0.04899996 -0.1109238 -0.05338263 -0.04935353 -0.1108535 -0.05338263 -0.04899996 -0.1107071 -0.05370706 -0.04927057 -0.1106532 -0.05370706 -0.04899996 -0.1103827 -0.05392384 -0.04914641 -0.1103535 -0.05392384 -0.04970705 -0.1107071 -0.05299997 -0.04992383 -0.1103827 -0.05299997 -0.04965323 -0.1106532 -0.05338263 -0.0498535 -0.1103535 -0.05338263 -0.04949998 -0.1105 -0.05370706 -0.04965323 -0.1102706 -0.05370706 -0.04927057 -0.1102706 -0.05392384 -0.04935353 -0.1101464 -0.05392384 -0.046 -0.111 -0.05299997 -0.046 -0.1109238 -0.05338263 -0.046 -0.1107071 -0.05370706 -0.046 -0.1103827 -0.05392384 -0.046 -0.11 -0.05399996 -0.046 -0.107 -0.05399996 -0.04899996 -0.104 -0.05699998 -0.046 -0.104 -0.05699998 -0.04899996 -0.1041022 -0.05622351 -0.046 -0.1042283 -0.05585193 -0.04899996 -0.1042283 -0.05585193 -0.04899996 -0.1044019 -0.05549997 -0.046 -0.1048787 -0.05487865 -0.04899996 -0.1048787 -0.05487865 -0.04899996 -0.1055 -0.05440187 -0.046 -0.1058519 -0.05422836 -0.04899996 -0.1058519 -0.05422836 -0.04899996 -0.1062235 -0.05410218 -0.04970705 -0.1037071 -0.05699998 -0.04946792 -0.1038838 -0.05699998 -0.04946792 -0.1039899 -0.05619341 -0.04992383 -0.1033827 -0.05699998 -0.04982483 -0.1035653 -0.05699998 -0.04982483 -0.1036823 -0.05611103 -0.04999995 -0.1032333 -0.05565363 -0.04999995 -0.103136 -0.05596464 -0.04999119 -0.1032642 -0.05599898 -0.04999995 -0.103 -0.05699998 -0.04999119 -0.1031324 -0.05699998 -0.04999995 -0.1035358 -0.05499994 -0.04999119 -0.1036505 -0.05506616 -0.04999995 -0.103854 -0.05452954 -0.04999119 -0.1042652 -0.05426514 -0.04999995 -0.1041715 -0.05417156 -0.04999995 -0.1048701 -0.05361413 -0.04999119 -0.1050662 -0.05365049 -0.04999995 -0.105 -0.05353581 -0.04999119 -0.1059989 -0.05326414 -0.04999995 -0.106072 -0.05310857 -0.04982483 -0.1040255 -0.05528265 -0.04982483 -0.1045713 -0.05457133 -0.04982483 -0.1052827 -0.05402547 -0.04982483 -0.106111 -0.05368232 -0.04946792 -0.1043012 -0.05544185 -0.04946792 -0.1047965 -0.05479645 -0.04946792 -0.1054419 -0.0543012 -0.04946792 -0.1061934 -0.05398988 -0.04999995 -0.103 -0.06 -0.04992383 -0.1033827 -0.06 -0.04970705 -0.1037071 -0.06 -0.04938268 -0.1039239 -0.06 -0.04899996 -0.104 -0.06 -0.04935353 -0.1031464 -0.06092387 -0.04938268 -0.103 -0.06092387 -0.04899996 -0.103 -0.06099998 -0.04949998 -0.103 -0.06086599 -0.0498535 -0.1033535 -0.06038266 -0.04965323 -0.1036533 -0.06038266 -0.04949998 -0.1035 -0.06070709 -0.04965323 -0.1032706 -0.06070709 -0.04927057 -0.1032706 -0.06092387 -0.04970705 -0.103 -0.06070709 -0.04986602 -0.103 -0.06049996 -0.04992383 -0.103 -0.06038266 -0.04899996 -0.1039239 -0.06038266 -0.04935353 -0.1038535 -0.06038266 -0.04899996 -0.1037071 -0.06070709 -0.04927057 -0.1036533 -0.06070709 -0.04899996 -0.1033827 -0.06092387 -0.04914641 -0.1033535 -0.06092387 -0.04999995 -0.07699996 -0.06 -0.04992383 -0.07699996 -0.06038266 -0.04986602 -0.07699996 -0.06049996 -0.04970705 -0.07699996 -0.06070709 -0.04949998 -0.07699996 -0.06086599 -0.04938268 -0.07699996 -0.06092387 -0.04899996 -0.07699996 -0.06099998 -0.04914641 -0.07664644 -0.06092387 -0.04899996 -0.0766173 -0.06092387 -0.04935353 -0.07685351 -0.06092387 -0.04899996 -0.07649999 -0.06086599 -0.04935353 -0.07614642 -0.06038266 -0.04938268 -0.07607609 -0.06 -0.04899996 -0.07599997 -0.06 -0.04992383 -0.0766173 -0.06 -0.0498535 -0.07664644 -0.06038266 -0.04965323 -0.07672935 -0.06070709 -0.04970705 -0.07629287 -0.06 -0.04965323 -0.07634669 -0.06038266 -0.04949998 -0.07649999 -0.06070709 -0.04927057 -0.07634669 -0.06070709 -0.04927057 -0.07672935 -0.06092387 -0.04899996 -0.07629287 -0.06070709 -0.04899996 -0.07613396 -0.06049996 -0.04899996 -0.07607609 -0.06038266 -0.04999995 -0.07699996 -0.05699998 -0.04999119 -0.07686758 -0.05699998 -0.04992383 -0.0766173 -0.05699998 -0.04982483 -0.07643461 -0.05699998 -0.04970705 -0.07629287 -0.05699998 -0.04946792 -0.0761162 -0.05699998 -0.04899996 -0.07599997 -0.05699998 -0.04970705 -0.07299995 -0.05370706 -0.04946792 -0.07299995 -0.05388373 -0.04946792 -0.07380652 -0.05398988 -0.04992383 -0.07299995 -0.05338263 -0.04982483 -0.07299995 -0.05356532 -0.04982483 -0.07388895 -0.05368232 -0.04999995 -0.07434558 -0.05323302 -0.04999995 -0.07403534 -0.05313587 -0.04999119 -0.07400101 -0.05326414 -0.04999995 -0.07299995 -0.05299997 -0.04999119 -0.07299995 -0.05313235 -0.04999995 -0.07499998 -0.05353587 -0.04999119 -0.07493376 -0.05365049 -0.04999995 -0.07547003 -0.05385369 -0.04999119 -0.07573479 -0.05426514 -0.04999995 -0.07582843 -0.05417156 -0.04999995 -0.07638579 -0.05487006 -0.04999119 -0.07634943 -0.05506616 -0.04999995 -0.07646411 -0.05499994 -0.04999119 -0.07673579 -0.05599898 -0.04999995 -0.07689142 -0.05607211 -0.04982483 -0.07471728 -0.05402547 -0.04982483 -0.07542866 -0.05457133 -0.04982483 -0.07597446 -0.05528265 -0.04982483 -0.0763176 -0.05611103 -0.04899996 -0.07299995 -0.05399996 -0.04899996 -0.07377642 -0.05410218 -0.04946792 -0.07455807 -0.0543012 -0.04899996 -0.07414805 -0.05422836 -0.04899996 -0.07449996 -0.05440187 -0.04946792 -0.07520347 -0.05479645 -0.04899996 -0.07512128 -0.05487865 -0.04946792 -0.07569873 -0.05544185 -0.04899996 -0.07589775 -0.05622351 -0.04946792 -0.07601004 -0.05619341 -0.04899996 -0.07577162 -0.05585193 -0.04899996 -0.07559806 -0.05549997 -0.04999995 -0.06999999 -0.05299997 -0.04992383 -0.06999999 -0.05338263 -0.04970705 -0.06999999 -0.05370706 -0.04938268 -0.06999999 -0.05392384 -0.04899996 -0.06999999 -0.05399996 -0.04986602 -0.06949996 -0.05299997 -0.04949998 -0.06913393 -0.05299997 -0.04980009 -0.06953805 -0.05338263 -0.0494619 -0.06919986 -0.05338263 -0.04961234 -0.06964641 -0.05370706 -0.04935353 -0.06938761 -0.05370706 -0.04933136 -0.06980866 -0.05392384 -0.04919129 -0.06966859 -0.05392384 -0.04899996 -0.069 -0.05299997 -0.04899996 -0.06907612 -0.05338263 -0.04899996 -0.0692929 -0.05370706 -0.04899996 -0.06961727 -0.05392384 -0.046 -0.06999999 -0.05399996 -0.046 -0.06961727 -0.05392384 -0.046 -0.0692929 -0.05370706 -0.046 -0.06907612 -0.05338263 -0.046 -0.069 -0.05299997 -0.046 -0.07299995 -0.05399996 -0.046 -0.07414805 -0.05422836 -0.046 -0.07512128 -0.05487865 -0.046 -0.07577162 -0.05585193 -0.046 -0.07599997 -0.05699998 -0.046 -0.07599997 -0.06 -0.04599523 -0.07600474 -0.06009739 -0.04499995 -0.07699996 -0.06099998 -0.04537361 -0.0766263 -0.06092756 -0.04549288 -0.07650703 -0.06087005 -0.04562699 -0.07637298 -0.06077897 -0.04586386 -0.07613605 -0.0605036 -0.0458939 -0.07610607 -0.06044816 -0.046 -0.07449996 -0.06 -0.04592382 -0.07449996 -0.06038266 -0.0457071 -0.07449996 -0.06070709 -0.04538267 -0.07449996 -0.06092387 -0.04499995 -0.07449996 -0.06099998 -0.04593247 -0.07115679 -0.0590291 -0.046 -0.07140523 -0.05876684 -0.04593247 -0.07173395 -0.05949759 -0.046 -0.07203036 -0.05926179 -0.04593247 -0.0723682 -0.05986887 -0.046 -0.07252657 -0.0595442 -0.04593247 -0.07305115 -0.06014031 -0.046 -0.07335823 -0.05985271 -0.04593247 -0.07377558 -0.06030696 -0.046 -0.07440078 -0.05999886 -0.04499995 -0.0736804 -0.06093859 -0.04537034 -0.07369101 -0.06086826 -0.04499995 -0.07286077 -0.06075 -0.04537034 -0.07288193 -0.06068211 -0.04499995 -0.07208806 -0.06044292 -0.04537034 -0.07211923 -0.06037902 -0.04499995 -0.07137054 -0.06002283 -0.04537034 -0.07141095 -0.05996435 -0.04499995 -0.07071745 -0.05949282 -0.04537034 -0.07076638 -0.05944114 -0.04571068 -0.07372462 -0.06064534 -0.04571068 -0.07294911 -0.06046694 -0.04571068 -0.07221812 -0.06017643 -0.04571068 -0.07153922 -0.05977898 -0.04571068 -0.07092142 -0.05927753 -0.02599996 -0.07449996 -0.06099998 -0.02599996 -0.07286077 -0.06075 -0.02599996 -0.07137054 -0.06002283 -0.02599996 -0.07016474 -0.05888462 -0.02599996 -0.0692085 -0.05699998 -0.02599996 -0.0692085 -0.05849999 -0.03599995 -0.0692085 -0.05699998 -0.03599995 -0.0692085 -0.05849999 -0.02599996 -0.06937652 -0.05849999 -0.04499995 -0.05799996 -0.05849999 -0.02599996 -0.06981503 -0.05860126 -0.02599996 -0.1086819 -0.05868196 -0.02599996 -0.1087328 -0.05994957 -0.02599996 -0.107222 -0.05965745 -0.02599996 -0.1071996 -0.06073081 -0.02599996 -0.1055 -0.06 -0.02599996 -0.1055 -0.06099998 -0.02599996 -0.07449996 -0.06 -0.02599996 -0.07318502 -0.05980354 -0.02599996 -0.07198482 -0.05923146 -0.02599996 -0.07100421 -0.05833363 -0.02599996 -0.07032877 -0.05718845 -0.02599996 -0.06937652 -0.05699998 -0.02599996 -0.1086819 -0.02131801 -0.02599996 -0.1096574 -0.02277791 -0.02599996 -0.11 -0.02449995 -0.02599996 -0.11 -0.05549997 -0.02599996 -0.111 -0.05549997 -0.02599996 -0.1096574 -0.05722206 -0.02599996 -0.1107308 -0.05719959 -0.02599996 -0.1099496 -0.0587328 -0.02599996 -0.0692085 -0.023 -0.02599996 -0.06937652 -0.023 -0.02599996 -0.07032877 -0.02281153 -0.02599996 -0.07100421 -0.02166634 -0.02599996 -0.07198482 -0.02076846 -0.02599996 -0.07318502 -0.02019637 -0.02599996 -0.07449996 -0.01999998 -0.02599996 -0.1055 -0.01999998 -0.02599996 -0.107222 -0.02034252 -0.046 -0.111 -0.05549997 -0.046 -0.1107308 -0.05719959 -0.046 -0.1099496 -0.0587328 -0.046 -0.1087328 -0.05994957 -0.046 -0.1071996 -0.06073081 -0.046 -0.1055 -0.06099998 -0.046 -0.103 -0.06099998 -0.046 -0.1033827 -0.06092387 -0.046 -0.1037071 -0.06070709 -0.046 -0.1039239 -0.06038266 -0.046 -0.104 -0.06 -0.046 -0.107 -0.05859994 -0.046 -0.1076942 -0.05844151 -0.046 -0.1082509 -0.05799758 -0.046 -0.1085599 -0.05735599 -0.046 -0.1085599 -0.05664396 -0.046 -0.1082509 -0.05600237 -0.046 -0.1076942 -0.05555844 -0.046 -0.107 -0.05539995 -0.046 -0.1062 -0.05561435 -0.046 -0.1056143 -0.05619996 -0.046 -0.1054 -0.05699998 -0.046 -0.1056143 -0.05779999 -0.046 -0.1062 -0.05838561 -0.04899996 -0.111 -0.02699995 -0.04938268 -0.1109238 -0.02699995 -0.04970705 -0.1107071 -0.02699995 -0.04992383 -0.1103827 -0.02699995 -0.04999995 -0.11 -0.02699995 -0.04899996 -0.1109238 -0.02661728 -0.04935353 -0.1108535 -0.02661728 -0.04899996 -0.1107071 -0.02629286 -0.04899996 -0.1103827 -0.02607607 -0.04914641 -0.1103535 -0.02607607 -0.04899996 -0.11 -0.02599996 -0.04938268 -0.11 -0.02607607 -0.04935353 -0.1101464 -0.02607607 -0.04927057 -0.1106532 -0.02629286 -0.04927057 -0.1102706 -0.02607607 -0.04949998 -0.1105 -0.02629286 -0.04965323 -0.1102706 -0.02629286 -0.04970705 -0.11 -0.02629286 -0.04965323 -0.1106532 -0.02661728 -0.0498535 -0.1103535 -0.02661728 -0.04992383 -0.11 -0.02661728 -0.04999995 -0.107 -0.02699995 -0.04999119 -0.107 -0.02686756 -0.04992383 -0.107 -0.02661728 -0.04982483 -0.107 -0.02643465 -0.04970705 -0.107 -0.02629286 -0.04946792 -0.107 -0.02611625 -0.04946792 -0.1061934 -0.02601003 -0.04982483 -0.106111 -0.02631759 -0.04999995 -0.1056536 -0.02676659 -0.04999995 -0.1059646 -0.02686405 -0.04999119 -0.1059989 -0.02673578 -0.04999995 -0.105 -0.0264641 -0.04999119 -0.1050662 -0.02634942 -0.04999995 -0.1045296 -0.02614593 -0.04999119 -0.1042652 -0.02573478 -0.04999995 -0.1041715 -0.02582842 -0.04999995 -0.1036142 -0.02512985 -0.04999119 -0.1036505 -0.02493381 -0.04999995 -0.1035358 -0.02499997 -0.04999119 -0.1032642 -0.024001 -0.04999995 -0.1031085 -0.02392798 -0.04982483 -0.1052827 -0.02597445 -0.04982483 -0.1045713 -0.02542865 -0.04982483 -0.1040255 -0.02471733 -0.04982483 -0.1036823 -0.02388894 -0.04946792 -0.1054419 -0.02569872 -0.04946792 -0.1047965 -0.02520346 -0.04946792 -0.1043012 -0.02455812 -0.04946792 -0.1039899 -0.02380651 -0.04992383 -0.06961727 -0.02699995 -0.04986602 -0.06949996 -0.02699995 -0.04970705 -0.0692929 -0.02699995 -0.04949998 -0.06913393 -0.02699995 -0.04938268 -0.06907612 -0.02699995 -0.04899996 -0.069 -0.02699995 -0.04965323 -0.06934672 -0.02661728 -0.0498535 -0.06964641 -0.02661728 -0.04935353 -0.06985354 -0.02607607 -0.04965323 -0.06972938 -0.02629286 -0.04949998 -0.06949996 -0.02629286 -0.04927057 -0.06972938 -0.02607607 -0.04935353 -0.06914645 -0.02661728 -0.04927057 -0.06934672 -0.02629286 -0.04914641 -0.06964641 -0.02607607 -0.04899996 -0.06907612 -0.02661728 -0.04899996 -0.0692929 -0.02629286 -0.04899996 -0.06961727 -0.02607607 -0.046 -0.06961727 -0.02607607 -0.046 -0.0692929 -0.02629286 -0.046 -0.06907612 -0.02661728 -0.046 -0.069 -0.02699995 -0.046 -0.07161432 -0.05619996 -0.046 -0.0722 -0.05561435 -0.046 -0.0722 -0.05838561 -0.046 -0.07161432 -0.05779999 -0.046 -0.07139998 -0.023 -0.046 -0.07161432 -0.02379995 -0.046 -0.0722 -0.02438563 -0.046 -0.07299995 -0.02459996 -0.046 -0.07379996 -0.02438563 -0.046 -0.07155841 -0.02230578 -0.046 -0.07299995 -0.05859994 -0.046 -0.07369416 -0.05844151 -0.046 -0.07139998 -0.05699998 -0.046 -0.07425093 -0.05799758 -0.046 -0.07455986 -0.05735599 -0.046 -0.07455986 -0.05664396 -0.046 -0.07425093 -0.05600237 -0.046 -0.07369416 -0.05555844 -0.046 -0.07299995 -0.05539995 -0.046 -0.07335603 -0.02144008 -0.046 -0.07264393 -0.02144008 -0.046 -0.07200241 -0.02174901 -0.046 -0.07438564 -0.02379995 -0.046 -0.07459998 -0.023 -0.046 -0.07444155 -0.02230578 -0.046 -0.07399755 -0.02174901 -0.04538267 -0.05799996 -0.05842387 -0.0457071 -0.05799996 -0.05820709 -0.04592382 -0.05799996 -0.05788266 -0.04519128 -0.05766856 -0.05842387 -0.04499995 -0.0576173 -0.05842387 -0.04533141 -0.05780863 -0.05842387 -0.04546189 -0.05719989 -0.05788266 -0.04580008 -0.05753803 -0.05788266 -0.04561233 -0.05764639 -0.05820709 -0.04535353 -0.05738759 -0.05820709 -0.04499995 -0.05707609 -0.05788266 -0.04499995 -0.05713397 -0.05799996 -0.04499995 -0.05729287 -0.05820709 -0.04499995 -0.0575 -0.058366 -0.03599995 -0.0575 -0.058366 -0.03599995 -0.05713397 -0.05799996 -0.037 -0.05699998 -0.04112696 -0.037 -0.05699998 -0.03887295 -0.037 -0.05599999 -0.04112696 -0.037 -0.05599999 -0.03887295 -0.03999996 -0.05699998 -0.03499996 -0.03999996 -0.05599999 -0.03499996 -0.03978472 -0.05599999 -0.03629434 -0.03978472 -0.05699998 -0.03629434 -0.03916227 -0.05599999 -0.03744947 -0.03916227 -0.05699998 -0.03744947 -0.03819948 -0.05599999 -0.03834098 -0.03819948 -0.05699998 -0.03834098 -0.03753072 -0.05599999 -0.03130447 -0.03753072 -0.05699998 -0.03130447 -0.03882843 -0.05599999 -0.03217154 -0.03882843 -0.05699998 -0.03217154 -0.0396955 -0.05599999 -0.03346925 -0.0396955 -0.05699998 -0.03346925 -0.03753072 -0.05699998 -0.0486955 -0.03882843 -0.05699998 -0.04782837 -0.0396955 -0.05699998 -0.04653072 -0.03819948 -0.05699998 -0.04165899 -0.03916227 -0.05699998 -0.0425505 -0.03978472 -0.05699998 -0.04370558 -0.03999996 -0.05699998 -0.04499995 -0.03999996 -0.05599999 -0.04499995 -0.0396955 -0.05599999 -0.04653072 -0.03882843 -0.05599999 -0.04782837 -0.03753072 -0.05599999 -0.0486955 -0.03819948 -0.05599999 -0.04165899 -0.03916227 -0.05599999 -0.0425505 -0.03978472 -0.05599999 -0.04370558 -0.01399999 -0.111 -0.02623361 0.023 -0.111 -0.02623361 0.023 -0.1089271 -0.02349919 -0.01399999 -0.1089271 -0.02349919 0.023 -0.1065008 -0.02107286 -0.01399999 -0.1065008 -0.02107286 0.023 -0.1037663 -0.01899999 -0.01399999 -0.1037663 -0.01899999 0.023 -0.111 -0.02302938 0.023 -0.1090919 -0.02090811 0.023 -0.1069706 -0.01899999 0.03399997 -0.1069706 -0.01899999 0.03399997 -0.1090919 -0.02090811 0.03399997 -0.111 -0.02302938 -0.01399999 -0.1037663 -0.06099998 0.023 -0.1037663 -0.06099998 0.023 -0.1065008 -0.05892711 -0.01399999 -0.1065008 -0.05892711 0.023 -0.1089271 -0.05650079 -0.01399999 -0.1089271 -0.05650079 0.023 -0.111 -0.05376631 -0.01399999 -0.111 -0.05376631 0.023 -0.1069706 -0.06099998 0.023 -0.1090919 -0.05909186 0.023 -0.111 -0.05697053 0.03399997 -0.111 -0.05697053 0.03399997 -0.1090919 -0.05909186 0.03399997 -0.1069706 -0.06099998 -0.01399999 -0.07623362 -0.01899999 0.023 -0.07623362 -0.01899999 0.023 -0.0734992 -0.02107286 -0.01399999 -0.0734992 -0.02107286 0.023 -0.07107287 -0.02349919 -0.01399999 -0.07107287 -0.02349919 0.023 -0.069 -0.02623361 -0.01399999 -0.069 -0.02623361 0.03399997 -0.069 -0.05697053 0.023 -0.069 -0.05697053 0.03399997 -0.069 -0.02302938 0.023 -0.069 -0.05376631 -0.02599996 -0.069 -0.04434996 -0.01399999 -0.069 -0.05376631 -0.02599996 -0.069 -0.05014997 -0.01399999 -0.069 -0.05697053 -0.02599996 -0.069 -0.05697053 -0.02599996 -0.069 -0.02302938 -0.01399999 -0.069 -0.02302938 -0.02599996 -0.069 -0.02985 -0.02599996 -0.069 -0.03564995 0.023 -0.069 -0.02302938 0.023 -0.07107287 -0.05650079 -0.01399999 -0.07107287 -0.05650079 0.023 -0.0734992 -0.05892711 -0.01399999 -0.0734992 -0.05892711 0.023 -0.07623362 -0.06099998 -0.01399999 -0.07623362 -0.06099998 0.023 -0.07302939 -0.06099998 0.03399997 -0.07302939 -0.06099998 -0.02599996 -0.07302939 -0.06099998 -0.01399999 -0.07302939 -0.06099998 -0.02599996 -0.07676213 -0.06099998 -0.01399999 -0.1069706 -0.06099998 -0.02599996 -0.1069706 -0.06099998 -0.02599996 -0.09749996 -0.06099998 -0.02599996 -0.08249998 -0.06099998 -0.01399999 -0.111 -0.05697053 -0.01399999 -0.1090919 -0.05909186 -0.02599996 -0.111 -0.05697053 -0.02599996 -0.1090919 -0.05909186 -0.02599996 -0.08249998 -0.03564995 -0.02599996 -0.08249998 -0.02985 -0.02599996 -0.07676213 -0.02985 -0.02599996 -0.09749996 -0.05014997 -0.02599996 -0.09749996 -0.04434996 -0.02599996 -0.08249998 -0.04434996 -0.02599996 -0.1069706 -0.01899999 -0.02599996 -0.1070379 -0.02024996 -0.02599996 -0.1090919 -0.02090811 -0.02599996 -0.07580161 -0.05820286 -0.02599996 -0.07449996 -0.05849999 -0.02599996 -0.07319831 -0.05820286 -0.02599996 -0.07090806 -0.05909186 -0.02599996 -0.07215446 -0.05737042 -0.02599996 -0.07157522 -0.05616754 -0.02599996 -0.07157522 -0.05483239 -0.02599996 -0.07319831 -0.0272029 -0.02599996 -0.07215446 -0.02637046 -0.02599996 -0.07157522 -0.02516752 -0.02599996 -0.07157522 -0.02383244 -0.02599996 -0.07090806 -0.02090811 -0.02599996 -0.09749996 -0.02024996 -0.02599996 -0.111 -0.03564995 -0.02599996 -0.111 -0.02985 -0.02599996 -0.1070379 -0.02985 -0.02599996 -0.1078455 -0.02637046 -0.02599996 -0.1068016 -0.02179706 -0.02599996 -0.1078455 -0.02262949 -0.02599996 -0.111 -0.02302938 -0.02599996 -0.1084247 -0.02383244 -0.02599996 -0.1084247 -0.02516752 -0.02599996 -0.1068016 -0.05279707 -0.02599996 -0.1078455 -0.05362951 -0.02599996 -0.111 -0.05014997 -0.02599996 -0.1084247 -0.05483239 -0.02599996 -0.1084247 -0.05616754 -0.02599996 -0.1078455 -0.05737042 -0.02599996 -0.1041983 -0.05279707 -0.02599996 -0.1055 -0.05249994 -0.02599996 -0.1070379 -0.05014997 -0.02599996 -0.1025752 -0.05616754 -0.02599996 -0.1025752 -0.05483239 -0.02599996 -0.1031545 -0.05362951 -0.02599996 -0.1068016 -0.05820286 -0.02599996 -0.1055 -0.05849999 -0.02599996 -0.1041983 -0.05820286 -0.02599996 -0.1031545 -0.05737042 -0.02599996 -0.07742476 -0.05616754 -0.02599996 -0.07684546 -0.05737042 -0.02599996 -0.07215446 -0.05362951 -0.02599996 -0.07319831 -0.05279707 -0.02599996 -0.0729621 -0.05014997 -0.02599996 -0.07449996 -0.05249994 -0.02599996 -0.07676213 -0.05014997 -0.02599996 -0.07580161 -0.05279707 -0.02599996 -0.07684546 -0.05362951 -0.02599996 -0.07580161 -0.0272029 -0.02599996 -0.0729621 -0.02985 -0.02599996 -0.07449996 -0.02749997 -0.02599996 -0.07676213 -0.02024996 -0.02599996 -0.07684546 -0.02262949 -0.02599996 -0.08249998 -0.02024996 -0.02599996 -0.07742476 -0.02383244 -0.02599996 -0.07742476 -0.02516752 -0.02599996 -0.07684546 -0.02637046 -0.02599996 -0.07215446 -0.02262949 -0.02599996 -0.07319831 -0.02179706 -0.02599996 -0.0729621 -0.02024996 -0.02599996 -0.07449996 -0.02149999 -0.02599996 -0.07580161 -0.02179706 -0.02599996 -0.1041983 -0.0272029 -0.02599996 -0.09749996 -0.02985 -0.02599996 -0.1055 -0.02749997 -0.02599996 -0.1068016 -0.0272029 -0.02599996 -0.1031545 -0.02637046 -0.02599996 -0.1025752 -0.02516752 -0.02599996 -0.1025752 -0.02383244 -0.02599996 -0.1031545 -0.02262949 -0.02599996 -0.1041983 -0.02179706 -0.02599996 -0.1055 -0.02149999 -0.02599996 -0.111 -0.04434996 -0.02599996 -0.1070379 -0.04434996 -0.02599996 -0.1051757 -0.04630714 -0.02599996 -0.1054685 -0.04659998 -0.02599996 -0.1055757 -0.04699999 -0.02599996 -0.1054685 -0.04739999 -0.02599996 -0.1051757 -0.04769277 -0.02599996 -0.1047757 -0.0478 -0.02599996 -0.1043757 -0.04769277 -0.02599996 -0.1040829 -0.04739999 -0.02599996 -0.1039757 -0.04699999 -0.02599996 -0.1040829 -0.04659998 -0.02599996 -0.1043757 -0.04630714 -0.02599996 -0.1047757 -0.04619997 -0.02599996 -0.1070379 -0.03564995 -0.02599996 -0.1055757 -0.03299999 -0.02599996 -0.1054685 -0.03339999 -0.02599996 -0.1051757 -0.03230714 -0.02599996 -0.1054685 -0.03259998 -0.02599996 -0.1051757 -0.03369277 -0.02599996 -0.1047757 -0.03379994 -0.02599996 -0.09749996 -0.03564995 -0.02599996 -0.1043757 -0.03369277 -0.02599996 -0.1040829 -0.03339999 -0.02599996 -0.1039757 -0.03299999 -0.02599996 -0.1040829 -0.03259998 -0.02599996 -0.1043757 -0.03230714 -0.02599996 -0.1047757 -0.03219997 -0.02599996 -0.08249998 -0.05014997 -0.02599996 -0.07742476 -0.05483239 -0.02599996 -0.08999997 -0.03749996 -0.02599996 -0.09125 -0.03783488 -0.02599996 -0.09216505 -0.03874999 -0.02599996 -0.09249997 -0.03999996 -0.02599996 -0.08749997 -0.03999996 -0.02599996 -0.08783489 -0.03874999 -0.02599996 -0.08875 -0.03783488 -0.02599996 -0.09216505 -0.04124999 -0.02599996 -0.09125 -0.04216504 -0.02599996 -0.08999997 -0.04249995 -0.02599996 -0.08875 -0.04216504 -0.02599996 -0.08783489 -0.04124999 -0.02599996 -0.07302939 -0.01899999 -0.02599996 -0.07676213 -0.01899999 -0.02599996 -0.08249998 -0.01899999 -0.02599996 -0.09749996 -0.01899999 -0.02599996 -0.07602423 -0.04699999 -0.02599996 -0.07591706 -0.04739999 -0.02599996 -0.07482421 -0.04630714 -0.02599996 -0.07522422 -0.04619997 -0.02599996 -0.07676213 -0.04434996 -0.02599996 -0.07562422 -0.04630714 -0.02599996 -0.07591706 -0.04659998 -0.02599996 -0.07562422 -0.04769277 -0.02599996 -0.07522422 -0.0478 -0.02599996 -0.07482421 -0.04769277 -0.02599996 -0.07453143 -0.04739999 -0.02599996 -0.07442426 -0.04699999 -0.02599996 -0.0729621 -0.04434996 -0.02599996 -0.07453143 -0.04659998 -0.02599996 -0.0729621 -0.03564995 -0.02599996 -0.07602423 -0.03299999 -0.02599996 -0.07591706 -0.03339999 -0.02599996 -0.07676213 -0.03564995 -0.02599996 -0.07562422 -0.03369277 -0.02599996 -0.07522422 -0.03379994 -0.02599996 -0.07482421 -0.03369277 -0.02599996 -0.07453143 -0.03339999 -0.02599996 -0.07442426 -0.03299999 -0.02599996 -0.07562422 -0.03230714 -0.02599996 -0.07591706 -0.03259998 -0.02599996 -0.07453143 -0.03259998 -0.02599996 -0.07482421 -0.03230714 -0.02599996 -0.07522422 -0.03219997 -0.01399999 -0.111 -0.02302938 -0.01399999 -0.1069706 -0.01899999 -0.01399999 -0.1090919 -0.02090811</float_array>
          <technique_common>
            <accessor source="#link_3-mesh-positions-array" count="1771" stride="3">
              <param name="X" type="float" />
              <param name="Y" type="float" />
              <param name="Z" type="float" />
            </accessor>
          </technique_common>
        </source>
        <source id="link_3-mesh-normals">
          <float_array id="link_3-mesh-normals-array" count="8925">-1 0 0 -1 0 0 -1 0 0 -1 0 0 -1 0 0 0 0.7026366 -0.7115489 0 0.7026366 -0.7115489 0 0.844321 -0.5358379 0 0.844321 -0.5358379 0 0.942988 -0.3328268 0 0.942988 -0.3328268 0 0.993611 -0.1128587 0 0.993611 -0.1128587 0 0.993611 0.1128587 0 0.993611 0.1128587 0 0.9429879 0.3328269 0 0.9429879 0.3328269 0 0.844321 0.5358379 0 0.844321 0.5358379 0 0.7026366 0.7115488 0 0.7026366 0.7115488 0 0 1 0 0 1 0 -0.7026366 0.7115488 0 -0.869724 0.4935386 0.00604695 -0.8572503 0.5148643 0.04766207 -0.8075492 0.5878713 0 -0.844321 0.5358379 0 -0.7026366 0.7115488 0 -0.7026366 -0.7115489 0 -0.8883275 -0.4592106 0.00604695 -0.8572502 -0.5148646 0 -0.8697237 -0.4935389 0.02085041 -0.8441374 -0.5357214 0 -0.8084684 -0.5885396 0 -0.7026366 -0.7115489 0 -0.8883274 -0.4592105 0 -0.9429879 -0.3328272 0 -0.9429879 -0.3328272 0 -0.9936112 -0.1128579 0 -0.9936112 -0.1128579 0 -0.9936112 0.1128579 0 -0.9936112 0.1128579 0 -0.9429878 0.3328273 0 -0.9429878 0.3328273 0 -0.8883277 0.4592102 0 -0.8883276 0.4592102 0 0 -1 0 0 -1 1 0 0 1 0 0 1 0 0 1 0 0 1 0 0 1 0 0 1 0 0 1 0 0 1 0 0 1 0 0 1 0 0 1 0 0 1 0 0 1 0 0 1 0 0 1 0 0 1 0 0 1 0 0 1 0 0 1 0 0 1 0 0 1 0 0 1 0 0 1 0 0 1 0 0 1 0 0 1 0 0 1 0 0 1 0 0 1 0 0 1 0 0 1 0 0 1 0 0 1 0 0 1 0 0 1 0 0 1 0 0 1 0 0 1 0 0 1 0 0 0 -0.9898214 0.1423152 0 -0.9096321 0.4154148 0 -0.9096321 0.4154148 0 -0.7557494 0.6548609 0 -0.7557494 0.6548609 0 -0.5406409 0.8412534 0 -0.5406409 0.8412534 0 -0.2817325 0.9594931 0 -0.2817325 0.9594931 0 0 1 0 0 1 0 0.2817325 0.9594931 0 0.2817325 0.9594931 0 0.5406409 0.8412534 0 0.5406409 0.8412534 0 0.7557494 0.6548609 0 0.7557494 0.6548609 0 0.9096321 0.4154148 0 0.9096321 0.4154148 0 0.9898215 0.1423147 0 0.9898215 0.1423147 0 0.9898215 -0.1423146 0 0.9898215 -0.1423146 0 0.909632 -0.415415 0 0.909632 -0.415415 0 0.7557496 -0.6548607 0 0.7557496 -0.6548607 0 0.5406406 -0.8412536 0 0.5406406 -0.8412536 0 0.2817325 -0.9594931 0 0.2817325 -0.9594931 0 0 -1 0 0 -1 0 -0.2817325 -0.9594931 0 -0.2817325 -0.9594931 0 -0.5406406 -0.8412536 0 -0.5406406 -0.8412536 0 -0.7557496 -0.6548607 0 -0.7557496 -0.6548607 0 -0.909632 -0.415415 0 -0.909632 -0.415415 0 -0.9898214 -0.142315 0 -0.9898214 -0.142315 0 -0.9898214 0.1423152 1 0 0 1 0 0 1 0 0 1 0 0 1 0 0 1 0 0 1 0 0 1 0 0 1 0 0 1 0 0 1 0 0 1 0 0 1 0 0 1 0 0 1 0 0 1 0 0 1 0 0 1 0 0 1 0 0 1 0 0 1 0 0 1 0 0 0 1 0 0 1 0 0 -1 0 0 -1 0 0 0 -1 0 0 -1 0 0 -1 0 0 -1 0 0 1 0 0 1 0 0 1 0 0 1 0 -1 0 0 -1 0 1 0 0 1 0 0 1 0 0 1 0 0 1 0 0 1 0 0 1 0 0 1 0 0 1 0 0 1 0 0 1 0 0 1 0 0 1 0 0 1 0 0 1 0 0 1 0 0 1 0 0 1 0 0 1 0 0 1 0 0 1 0 0 1 0 0 1 0 0 1 0 0 1 0 0 1 0 0 1 0 0 -1 0 0 -1 0 0 -1 0 0 -1 0 0 -1 0 0 -1 0 0 -1 0 0 -1 0 0 -1 0 0 -1 0 0 -1 0 0 -1 0 0 -1 0 0 -1 0 0 -1 0 0 -1 0 0 -1 0 0 -1 0 0 -1 0 0 -1 0 0 -1 0 0 -1 0 0 -0.9951848 -0.09801727 0 -0.9951848 -0.09801727 0 -0.9569403 -0.2902846 0 -0.9569403 -0.2902846 0 -0.8819214 -0.4713967 0 -0.8819214 -0.4713967 0 -0.7730104 -0.6343933 0 -0.7730104 -0.6343933 0 -0.6343933 -0.7730105 0 -0.6343933 -0.7730105 0 -0.4713965 -0.8819215 0 -0.4713965 -0.8819215 0 -0.2902846 -0.9569403 0 -0.2902846 -0.9569403 0 -0.09801727 -0.9951848 0 -0.09801727 -0.9951848 0 0 -1 0 0 -1 0 0 1 0 0 1 0 0.19509 0.9807854 0 0.19509 0.9807854 0 0.5555704 0.8314695 0 0.5555704 0.8314695 0 0.8314695 0.5555704 0 0.8314695 0.5555704 0 0.9807854 0.19509 0 0.9807854 0.19509 0 1 0 0 1 0 0 0.9945219 0.1045284 0 0.9945219 0.1045284 0 0.9510565 0.3090169 0 0.9510565 0.3090169 0 0.8660253 0.5000002 0 0.8660253 0.5000002 0 0.7431449 0.6691306 0 0.7431449 0.6691306 0 0.5877853 0.809017 0 0.5877853 0.809017 0 0.4067366 0.9135455 0 0.4067366 0.9135455 0 0.2079119 0.9781475 0 0.2079119 0.9781475 0 0 1 0 0 1 0 -0.2079119 0.9781475 0 -0.2079119 0.9781475 0 -0.4067366 0.9135455 0 -0.4067366 0.9135455 0 -0.5877853 0.809017 0 -0.5877853 0.809017 0 -0.7431449 0.6691306 0 -0.7431449 0.6691306 0 -0.8660253 0.5000002 0 -0.8660253 0.5000002 0 -0.9510565 0.3090169 0 -0.9510565 0.3090169 0 -0.9945219 0.1045284 0 -0.9945219 0.1045284 0 -1 0 0 -1 0 0 0 0 1 0 0 1 0 0 1 0 0 1 0 0 1 0 0 1 0 0 1 0 0 1 0 0 1 0 0 1 0 0 1 0 0 1 0 0 1 0 0 1 0 0 1 0 0 1 0 0 1 0 0 1 0 0 1 0 0 1 0 0 1 0 0 1 0 0 1 0 0 1 0 0 1 0 0 1 0 0 1 0 0 1 0 0 1 0 0 1 0 0 -1 0 0 -1 0 0 -1 0 0 -1 0 0 -1 0 0 -1 0 0 -1 0 0 -1 0 0 -1 0 0 -1 0 0 -1 0 0 -1 0 0 -1 0 0 -1 0 0 -1 0 0 -1 0 0 -1 0 0 -1 0 0 -1 0 0 -1 0 0 -1 0 0 -1 0 0 -1 0 0 -1 0 0 -1 0 0 -1 0 0 -1 0 0 -1 0 0 -1 0 0 -1 0 0 -1 0 0 -1 0 0 -1 0 0 -1 0 0 -1 0 0 -1 0 0 -1 0 0 -1 0 0 -1 0 0 -1 0 0 -1 0 0 -1 0 0 -1 0 0 -1 0 0 -1 0 0 -1 0 0 -1 0 0 -1 0 0 -1 0 0 -1 0 0 -1 0 0 -1 0 0 -1 0 0 -1 0 0 -1 0 0 -1 0 0 -1 0 0 -1 0 0 -1 0 0 -1 0 0 -1 0 0 -1 0 0 -1 0 0 -1 -0.9937122 0.1119646 0 -0.9438834 0.3302789 0 -0.9438834 0.3302789 0 -0.8467242 0.532032 0 -0.8467242 0.532032 0 -0.7071068 0.7071068 0 -0.7071068 0.7071068 0 -0.532032 0.8467242 0 -0.532032 0.8467242 0 -0.3302789 0.9438834 0 -0.3302789 0.9438834 0 -0.1119646 0.9937122 0 -0.1119646 0.9937122 0 0.1119646 0.9937122 0 0.1119646 0.9937122 0 0.3302789 0.9438834 0 0.3302789 0.9438834 0 0.532032 0.8467242 0 0.532032 0.8467242 0 0.7071068 0.7071068 0 0.7071068 0.7071068 0 0.8467242 0.532032 0 0.8467242 0.532032 0 0.9438834 0.3302789 0 0.9438834 0.3302789 0 0.9937122 0.1119646 0 0.9937122 0.1119646 0 0.9937122 -0.1119646 0 0.9937122 -0.1119646 0 0.9438834 -0.3302789 0 0.9438834 -0.3302789 0 0.8467242 -0.532032 0 0.8467242 -0.532032 0 0.7071068 -0.7071068 0 0.7071068 -0.7071068 0 0.532032 -0.8467242 0 0.532032 -0.8467242 0 0.3302789 -0.9438834 0 0.3302789 -0.9438834 0 0.1119646 -0.9937122 0 0.1119646 -0.9937122 0 -0.1119646 -0.9937122 0 -0.1119646 -0.9937122 0 -0.3302789 -0.9438834 0 -0.3302789 -0.9438834 0 -0.532032 -0.8467242 0 -0.532032 -0.8467242 0 -0.7071068 -0.7071068 0 -0.7071068 -0.7071068 0 -0.8467242 -0.532032 0 -0.8467242 -0.532032 0 -0.9438834 -0.3302789 0 -0.9438834 -0.3302789 0 -0.9937122 -0.1119646 0 -0.9937122 -0.1119646 0 -0.9937122 0.1119646 0 0.9807853 0.19509 0 0.9807853 0.19509 0 0.8314695 0.5555704 0 0.8314695 0.5555704 0 0.5555704 0.8314695 0 0.5555704 0.8314695 0 0.19509 0.9807853 0 0.19509 0.9807853 0 0 1 0 0 1 0 0 -1 0 0 -1 0 -0.09801727 -0.9951847 0 -0.09801727 -0.9951847 0 -0.2902847 -0.9569404 0 -0.2902847 -0.9569404 0 -0.4713964 -0.8819214 0 -0.4713964 -0.8819214 0 -0.6343933 -0.7730105 0 -0.6343933 -0.7730105 0 -0.7730104 -0.6343933 0 -0.7730104 -0.6343933 0 -0.8819212 -0.4713966 0 -0.8819212 -0.4713966 0 -0.9569404 -0.2902847 0 -0.9569404 -0.2902847 0 -0.9951847 -0.09801727 0 -0.9951847 -0.09801727 0 -1 0 0 -1 0 0 -0.9945219 0.1045284 0 -0.9945219 0.1045284 0 -0.9510566 0.3090169 0 -0.9510566 0.3090169 0 -0.8660253 0.5000002 0 -0.8660253 0.5000002 0 -0.7431449 0.6691306 0 -0.7431449 0.6691306 0 -0.5877853 0.809017 0 -0.5877853 0.809017 0 -0.4067366 0.9135456 0 -0.4067366 0.9135456 0 -0.2079119 0.9781476 0 -0.2079119 0.9781476 0 0 1 0 0 1 0 0.2079119 0.9781476 0 0.2079119 0.9781476 0 0.4067366 0.9135456 0 0.4067366 0.9135456 0 0.5877853 0.809017 0 0.5877853 0.809017 0 0.7431449 0.6691306 0 0.7431449 0.6691306 0 0.8660253 0.5000002 0 0.8660253 0.5000002 0 0.9510566 0.3090169 0 0.9510566 0.3090169 0 0.9945219 0.1045284 0 0.9945219 0.1045284 0 1 0 0 1 0 0 0 0 -1 0 0 -1 0 0 -1 0 0 -1 0 0 -1 0 0 -1 0 0 -1 0 0 -1 0 0 -1 0 0 -1 0 0 -1 0 0 -1 0 0 -1 0 0 -1 0 0 -1 0 0 -1 0 0 -1 0 0 -1 0 0 -1 0 0 -1 0 0 -1 0 0 -1 0 0 -1 0 0 -1 0 0 -1 0 0 -1 0 0 -1 0 0 -1 0 0 -1 0 0 -1 0 0 1 0 0 1 0 0 1 0 0 1 0 0 1 0 0 1 0 0 1 0 0 1 0 0 1 0 0 1 0 0 1 0 0 1 0 0 1 0 0 1 0 0 1 0 0 1 0 0 1 0 0 1 0 0 1 0 0 1 0 0 1 0 0 1 0 0 1 0 0 1 0 0 1 0 0 1 0 0 1 0 0 1 0 0 1 0 0 1 0 0 1 0 0 1 0 0 1 0 0 1 0 0 1 0 0 1 0 0 1 0 0 1 0 0 1 0 0 1 0 0 1 0 0 1 0 0 1 0 0 1 0 0 1 0 0 1 0 0 1 0 0 1 0 0 1 0 0 1 0 0 1 0 0 1 0 0 1 0 0 1 0 0 1 0 0 1 0 0 1 0 0 1 0 0 1 0 0 1 0 0 1 0 0 1 0 0 1 0 0 1 1 0 0 1 0 0 0 -1 0 0 -1 0 0 -1 0 0 -1 0 0 -1 0 0 -1 0 0 -1 0 0 -1 0 0 -1 0 0 -1 0 0 0.2588194 -0.9659258 0 0.2588194 -0.9659258 0 0.7071061 -0.7071074 0 0.7071061 -0.7071074 0 0.9659259 -0.2588191 0 0.9659259 -0.2588191 0 1 0 0 1 0 0 0.9659257 0.2588195 0 0.9659257 0.2588195 0 0.7071068 0.7071068 0 0.7071068 0.7071068 0 0.258819 0.9659258 0 0.258819 0.9659258 0 0 1 0 0 1 0 -0.2588194 0.9659257 0 -0.2588194 0.9659257 0 -0.7071061 0.7071076 0 -0.7071061 0.7071076 0 -0.9659257 0.2588195 0 -0.9659257 0.2588195 0 -0.9659259 -0.2588191 0 -0.9659259 -0.2588191 0 -0.7071053 -0.7071082 0 -0.7071053 -0.7071082 0 -0.2588198 -0.9659257 0 -0.2588198 -0.9659257 0 0 -1 0 0 -1 -1 0 0 -1 0 0 -1 0 0 -1 0 0 -1 0 0 -1 0 0 -1 0 0 -1 0 0 -1 0 0 -1 0 0 -1 0 0 -1 0 0 -1 0 0 -1 0 0 -0.9945219 -0.1045286 0 -0.9510566 -0.3090168 0 -0.9510566 -0.3090168 0 -0.8660254 -0.5 0 -0.8660254 -0.5 0 -0.7431448 -0.6691307 0 -0.7431448 -0.6691307 0 -0.5877853 -0.809017 0 -0.5877853 -0.809017 0 -0.4067366 -0.9135455 0 -0.4067366 -0.9135455 0 -0.2079117 -0.9781476 0 -0.2079117 -0.9781476 0 0 -1 0 0 -1 0 0.2079117 -0.9781476 0 0.2079117 -0.9781476 0 0.4067366 -0.9135455 0 0.4067366 -0.9135455 0 0.5877853 -0.809017 0 0.5877853 -0.809017 0 0.7431448 -0.6691307 0 0.7431448 -0.6691307 0 0.8660254 -0.5 0 0.8660254 -0.5 0 0.9510566 -0.3090168 0 0.9510566 -0.3090168 0 0.9945219 -0.1045286 0 0.9945219 -0.1045286 0 0.9945219 0.1045286 0 0.9945219 0.1045286 0 0.9510566 0.3090168 0 0.9510566 0.3090168 0 0.8660254 0.5 0 0.8660254 0.5 0 0.7431448 0.6691307 0 0.7431448 0.6691307 0 0.5877853 0.809017 0 0.5877853 0.809017 0 0.4067366 0.9135455 0 0.4067366 0.9135455 0 0.2079117 0.9781476 0 0.2079117 0.9781476 0 0 1 0 0 1 0 -0.2079117 0.9781476 0 -0.2079117 0.9781476 0 -0.4067366 0.9135455 0 -0.4067366 0.9135455 0 -0.5877853 0.809017 0 -0.5877853 0.809017 0 -0.7431448 0.6691307 0 -0.7431448 0.6691307 0 -0.8660254 0.5 0 -0.8660254 0.5 0 -0.9510566 0.3090168 0 -0.9510566 0.3090168 0 -0.9945219 0.1045286 0 -0.9945219 0.1045286 0 -0.9945219 -0.1045286 0 0 0 -1 0 0 -1 0 0 -1 0 0 -1 0 0 -1 0 0 -1 0 0 -1 0 0 -1 0 0 -1 0 0 -1 0 0 -1 0 0 -1 0 0 -1 0 0 -1 0 0 -1 0 0 -1 0 0 -1 0 0 -1 0 0 -1 0 0 -1 0 0 -1 0 0 -1 0 0 -1 0 0 -1 0 0 -1 0 0 -1 0 0 -1 0 0 -1 0 0 -1 0 0 -1 0 0 -1 0 0 -1 0 0 -1 0 0 -1 0 0 -1 0 0 -1 0 0 -1 0 0 -1 0 0 -1 0 0 -1 0 0 -1 0 0 -1 0 0 -1 0 0 -1 0 0 -1 0 0 -1 0 0 -1 0 0 -1 0 0 -1 0 0 -1 0 0 -1 0 0 -1 0 0 -1 0 0 -1 0 0 -1 0 0 -1 0 0 -1 0 0 -1 0.9937122 0.1119646 0 0.9937122 0.1119646 0 0.9438833 0.3302789 0 0.9438833 0.3302789 0 0.8467241 0.5320322 0 0.8467241 0.5320322 0 0.7071068 0.7071068 0 0.7071068 0.7071068 0 0.5320322 0.8467241 0 0.5320322 0.8467241 0 0.3302789 0.9438833 0 0.3302789 0.9438833 0 0.1119646 0.9937122 0 0.1119646 0.9937122 0 -0.1119646 0.9937122 0 -0.1119646 0.9937122 0 -0.3302789 0.9438833 0 -0.3302789 0.9438833 0 -0.5320322 0.8467241 0 -0.5320322 0.8467241 0 -0.7071068 0.7071068 0 -0.7071068 0.7071068 0 -0.8467241 0.5320322 0 -0.8467241 0.5320322 0 -0.9438833 0.3302789 0 -0.9438833 0.3302789 0 -0.9937122 0.1119646 0 -0.9937122 0.1119646 0 -0.9937122 -0.1119646 0 -0.9937122 -0.1119646 0 -0.9438833 -0.3302789 0 -0.9438833 -0.3302789 0 -0.8467241 -0.5320322 0 -0.8467241 -0.5320322 0 -0.7071068 -0.7071068 0 -0.7071068 -0.7071068 0 -0.5320322 -0.8467241 0 -0.5320322 -0.8467241 0 -0.3302789 -0.9438833 0 -0.3302789 -0.9438833 0 -0.1119646 -0.9937122 0 -0.1119646 -0.9937122 0 0.1119646 -0.9937122 0 0.1119646 -0.9937122 0 0.3302789 -0.9438833 0 0.3302789 -0.9438833 0 0.5320322 -0.8467241 0 0.5320322 -0.8467241 0 0.7071068 -0.7071068 0 0.7071068 -0.7071068 0 0.8467241 -0.5320322 0 0.8467241 -0.5320322 0 0.9438833 -0.3302789 0 0.9438833 -0.3302789 0 0.9937122 -0.1119646 0 0.9937122 -0.1119646 0 0.9659257 0.2588195 0 0.9659257 0.2588195 0 0.7071056 0.7071079 0 0.7071056 0.7071079 0 0.258818 0.9659261 0 0.258818 0.9659261 0 -0.258818 0.9659261 0 -0.258818 0.9659261 0 -0.7071056 0.7071079 0 -0.7071056 0.7071079 0 -0.9659268 0.2588154 0 -0.9659268 0.2588154 0 -0.9659267 -0.258816 0 -0.9659267 -0.258816 0 -0.7071056 -0.7071079 0 -0.7071056 -0.7071079 0 -0.25882 -0.9659256 0 -0.25882 -0.9659256 0 0.25882 -0.9659256 0 0.25882 -0.9659256 0 0.7071056 -0.7071079 0 0.7071056 -0.7071079 0 0.9659256 -0.25882 0 0.9659256 -0.25882 0 0 0 1 0 0 1 0 0 1 0 0 1 0 0 1 0 0 1 0 0 1 0 0 1 0 0 1 0 0 1 0 0 1 0 0 1 0 0 1 0 0 1 0 0 1 0 0 1 0 0 1 0 0 1 0 0 1 0 0 1 0 0 1 0 0 1 0 0 1 0 0 1 0 0 1 0 0 1 0 0 1 0 0 1 0 0 1 0 0 1 0 0 1 0 0 1 0 0 1 0 0 1 0 0 1 0 0 1 0 0 1 0 0 1 0 0 1 0 0 1 0 0 1 0 0 1 0 0 1 0 0 1 0 0 1 0 0 1 0 0 1 0 0 1 0 0 1 0 0 1 0 0 1 0 0 1 0 0 1 0 0 1 0 0 1 0 0 1 0 0 1 0 0 1 0 0 1 0 0 1 0 0 1 0 0 1 0 0 1 0 0 1 0 0 1 0 0 1 0 0 1 0 0 1 0 0 1 0 0 1 0 0 1 0 0 1 0 0 1 0 0 1 0 0 1 0 0 1 0 0 1 0 0 1 0 0 1 0 0 1 0 0 1 0 0 1 0 0 1 0 0 1 0 0 1 0 0 1 0 0 1 0 0 1 0 0 1 0 0 1 0 0 1 0 0 1 0 0 1 0 0 1 0 0 1 0 0 1 0 0 1 0 0 1 0 0 1 0 0 1 0 0 1 0 0 1 0 0 1 0 0 1 0 0 1 0 0 1 0 0 1 0 0 1 0 0 1 0 0 1 0 0 1 0 0 1 0 0 1 0 0 1 0 0 1 0 0 1 0 0 1 0 0 1 0 0 1 0 0 1 0 0 1 0 0 1 0 0 1 0 0 1 0 0 1 0 0 1 0 0 1 0 0 1 0 0 1 0 0 1 0 0 1 0 0 1 0 0 1 0 0 1 0 0 1 0 0 1 0 0 1 0 0 1 0 0 1 0 0 1 0 0 1 0 0 1 0 0 1 0 0 1 0 0 1 0 0 1 0 0 1 0 0 1 0 0 1 0 0 1 0 0 1 0 0 1 0 0 1 0 0 1 0 0 1 0 0 1 0 0 1 0 0 1 0 0 1 0 0 1 0 0 1 0 0 1 0 0 1 0 0 1 0 0 1 0 0 1 0 0 1 0 0 1 0 0 1 0 0 1 0 0 1 0 0 1 0 0 1 0 0 1 0 0 1 0 0 1 0 0 1 0 0 1 0 0 1 0 0 1 0 0 1 0 0 1 0 0 1 0 0 1 0 0 1 0 0 1 0 0 1 0 0 1 0 0.195097 -0.9807839 0 0.195097 -0.9807839 0 0.5555658 -0.8314726 0 0.5555658 -0.8314726 0 0.8314682 -0.5555724 0 0.8314682 -0.5555724 0 0.9807862 -0.195086 0 0.9807862 -0.195086 0.9807853 0.1950901 0 0.9814686 0.191623 5.51512e-5 0.8347259 0.5506657 -5.44823e-5 0.8314704 0.5555691 3.62894e-5 0.55851 0.8294979 -3.66165e-5 0.5555735 0.8314675 1.82403e-5 0.1962439 0.9805551 -1.8428e-5 0.195086 0.9807862 0 0.03877437 0.1949456 0.9800473 0.08763152 0.4405841 0.893424 0.1914762 0.9626381 0.19148 0.545293 0.8160818 0.1914838 0.5452961 0.8160804 0.1914806 0.4646821 0.6954348 0.548125 0.4646743 0.6954362 0.5481299 0.312802 0.4681425 0.8264366 0.1558832 0.7836587 0.6013148 0.2116097 0.8065404 0.5520091 0.1756235 0.8829206 0.4354394 0.1914803 0.9626381 0.1914762 0.9626376 0.1914784 0.1914808 0.9626375 0.1914787 0.191481 0.8203254 0.1631713 0.5481254 0.8203265 0.1631697 0.5481243 0.5522096 0.109839 0.8264382 0.5522076 0.1098417 0.8264391 0.1949443 0.03877711 0.9800475 0.8160854 0.5452892 0.1914791 0.8160824 0.5452924 0.1914831 0.6954374 0.4646794 0.5481239 0.6954356 0.4646806 0.5481253 0.4681375 0.3128031 0.826439 0.4681446 0.3127987 0.8264366 0.1652668 0.1104258 0.9800475 0.1202148 0.6043462 0.7876001 0.1929044 0.521308 0.8312797 0.3127999 0.4681428 0.8264373 0.1104264 0.1652664 0.9800475 0 0.9807862 0.195086 -0.001823008 0.9659233 0.2588222 0 0.8968602 0.4423142 0 0.7933571 0.6087566 -0.002433896 0.7071065 0.7071029 0 0.6087611 0.7933537 0 0.4422856 0.8968743 -0.00182271 0.2588197 0.9659239 0 0.1950924 0.9807848 0 0.9659252 0.2588217 0 0.9659252 0.2588217 0 0.7071068 0.7071068 0 0.7071068 0.7071068 0 0.2588201 0.9659256 0 0.2588201 0.9659256 0.1598071 0 -0.9871482 0.1598071 0 -0.9871482 0.4630943 0 -0.886309 0.4630943 0 -0.886309 0.7190803 0 -0.694927 0.7190803 0 -0.694927 0.901604 0 -0.4325625 0.901604 0 -0.4325625 0.9920299 0 -0.1260026 0.9920299 0 -0.1260026 0.9811158 0 0.1934217 0.9811158 0 0.1934217 0.8699766 0 0.493093 0.8699766 0 0.493093 0.6699681 0 0.7423899 0.6699681 0 0.7423899 0.4015206 0 0.9158499 0.4015206 0 0.9158499 0 0 1 0 0 1 0 0 1 0 0 1 0 0 -1 0 0 -1 0 0 -1 0 0 -1 0 -1 0 0 -1 0 0 -1 0 0 -1 0 0 -1 0 0 -1 0 0 -1 0 0 -1 0 0 -1 0 0 -1 0 0 -1 0 0 -1 0 0 -1 0 0 0 -1 0 0 -1 0 0 -1 0 0 -1 0 0.1950878 -0.9807858 0 0.1950878 -0.9807858 0 0.5555724 -0.8314682 0 0.5555724 -0.8314682 0 0.8314653 -0.5555768 0 0.8314653 -0.5555768 0 0.9807862 -0.195086 0 0.9807862 -0.195086 0 1 0 0 1 0 0 1 0 0 1 0 0 1 0 0 1 0 0 1 0 0 1 0 0 1 0 0 1 0 0 1 0 0 1 0 0 1 0 0 1 0 0 1 0 0 1 0 0 1 0 0 1 0 0 1 0 0 1 0 0 1 0 0 1 0 0 1 0 0 1 0 0 1 0 0 1 0 0.4015206 0 -0.9158499 0.4015206 0 -0.9158499 0.6699665 0 -0.7423914 0.6699665 0 -0.7423914 0.8699766 0 -0.493093 0.8699766 0 -0.493093 0.9811158 0 -0.1934211 0.9811158 0 -0.1934211 0.9920299 0 0.126003 0.9920299 0 0.126003 0.9016045 0 0.4325613 0.9016045 0 0.4325613 0.7190789 0 0.6949284 0.7190789 0 0.6949284 0.4630966 0 0.8863078 0.4630966 0 0.8863078 0.1598071 0 0.9871482 0.1598071 0 0.9871482 -0.1564327 0 0.9876887 -0.1564327 0 0.9876887 -0.4539924 0 0.8910056 -0.4539924 0 0.8910056 -0.7071068 0 0.7071068 -0.7071068 0 0.7071068 -0.8910071 0 0.4539892 -0.8910071 0 0.4539892 -0.987688 0 0.1564366 -0.987688 0 0.1564366 -0.9876881 0 -0.156436 -0.9876881 0 -0.156436 -0.8910071 0 -0.4539892 -0.8910071 0 -0.4539892 -0.7071068 0 -0.7071068 -0.7071068 0 -0.7071068 -0.4539892 0 -0.8910071 -0.4539892 0 -0.8910071 -0.1564366 0 -0.987688 -0.1564366 0 -0.987688 -0.1564366 0 0.987688 -0.1564366 0 0.987688 -0.4539892 0 0.8910071 -0.4539892 0 0.8910071 -0.7071068 0 0.7071068 -0.7071068 0 0.7071068 -0.8910071 0 0.4539892 -0.8910071 0 0.4539892 -0.987688 0 0.1564366 -0.987688 0 0.1564366 0 1 0 0 1 0 0 1 0 0 1 0 0 1 0 0 1 0 0 1 0 0 1 0 0 1 0 0 1 0 0 1 0 0 1 0 0 1 0 0 1 0 0 1 0 0 1 0 0 1 0 0 1 0 0 1 0 0 1 0 0 1 0 0 1 0 0 1 0 0 1 0 0 1 0 0 1 0 0 1 0 0 1 0 0 1 0 0 1 0 0 1 0 0 1 0 0 1 0 0 1 0 0 1 0 0 1 0 0 1 0 0 1 0 0 1 0 0 1 0 -0.987688 0 -0.1564366 -0.987688 0 -0.1564366 -0.8910071 0 -0.4539892 -0.8910071 0 -0.4539892 -0.7071088 0 -0.7071048 -0.7071088 0 -0.7071048 -0.4539892 0 -0.8910071 -0.4539892 0 -0.8910071 -0.1564327 0 -0.9876887 -0.1564327 0 -0.9876887 0.2225221 0 0.9749277 0.2225221 0 0.9749277 0.6234894 0 0.7818318 0.6234894 0 0.7818318 0.9009687 0 0.433884 0.9009687 0 0.433884 1 0 0 1 0 0 0.9009687 0 -0.433884 0.9009687 0 -0.433884 0.6234894 0 -0.7818318 0.6234894 0 -0.7818318 0.2225221 0 -0.9749277 0.2225221 0 -0.9749277 0.2225195 0 0.9749283 0.2225195 0 0.9749283 0.6234911 0 0.7818304 0.6234911 0 0.7818304 0.9009687 0 0.433884 0.9009687 0 0.433884 1 0 0 1 0 0 0.9009682 0 -0.4338851 0.9009682 0 -0.4338851 0.6234911 0 -0.7818304 0.6234911 0 -0.7818304 0.2225195 0 -0.9749283 0.2225195 0 -0.9749283 -0.5908224 0.7998992 0.1053108 -0.8774013 0.4756527 0.06262117 -0.9978059 0.0631808 0.01978772 -0.9977719 0.0661509 0.008682847 -0.9977584 0.06634688 0.008734703 -0.9987069 0.046139 0.02134919 -0.9977591 0.06181597 0.02560466 -0.9977861 0.05509305 0.03725296 -0.9985843 0.04220074 0.03238171 -0.9977884 0.04972916 0.04410701 -0.9977685 0.04164385 0.05219012 -0.9982406 0.03609567 0.04704087 -0.997797 0.03426587 0.05680805 -0.9977596 0.02560156 0.06180787 -0.997205 0.02766269 0.06940448 -0.9981561 0.007922828 0.06018036 -0.9977663 0.007760643 0.06634831 -0.965119 0.2595723 0.0341733 -0.9307944 0.3650291 0.01937925 -0.9324383 0.3338254 0.1382731 -0.9324392 0.3338228 0.1382733 -0.9324393 0.2866598 0.2199614 -0.9324411 0.2866549 0.2199605 -0.9324406 0.2199594 0.286657 -0.9324398 0.219962 0.2866582 -0.9324396 0.1382728 0.3338216 -0.9324389 0.1382744 0.3338229 -0.5931901 0.05623227 0.8030962 -0.7665437 0.08382296 0.6366981 -0.9324392 0.04716265 0.3582358 -0.8791255 0.002695977 0.4765826 -0.9651194 0.03417301 0.2595705 -0.2391532 0.9626746 0.1267411 -0.2391481 0.9626763 0.1267381 -0.239148 0.8970711 0.37158 -0.1329923 0.9385193 0.3185822 -0.2406017 0.8705267 0.4292948 -0.239144 0.7703316 0.5911002 -0.2391375 0.7703353 0.591098 -0.2391389 0.5911003 0.7703331 -0.240606 0.3119918 0.9191136 -0.1880285 0.3758593 0.9074002 -0.2405968 0.4292935 0.8705287 -0.2391389 0.5911002 0.7703331 -0.7665437 0.6366982 0.08382332 -0.6601307 0.7481901 0.06662666 -0.6625291 0.6920197 0.2866427 -0.6625314 0.6920171 0.2866436 -0.6625306 0.5942469 0.4559869 -0.6625282 0.5942496 0.4559868 -0.6625282 0.4559866 0.5942496 -0.6625289 0.4559859 0.5942494 -0.6625294 0.2866445 0.6920186 -0.6625288 0.286645 0.6920189 -0.6625288 0.09776866 0.7426284 -0.2391459 0.1267386 0.9626768 -0.2391423 0.1267408 0.9626774 -0.9977964 0 0.06635034 -0.9807682 0.005730867 0.1950919 -0.9656834 0 0.2597222 -0.8791288 0 0.4765844 -0.8314542 0.006381928 0.5555567 -0.7692509 0 0.6389468 -0.5941302 0 0.804369 -0.555563 0.004669785 0.8314613 -0.241082 -0.006128072 0.9704855 -0.1950905 0 0.9807852 0 0 1 0 0 1 0 0.991445 0.1305255 -0.017071 0.9806425 0.1950609 0 0.9469308 0.3214376 0 0.8968733 0.4422875 -0.01707112 0.831349 0.5554885 0 0.7933539 0.6087607 0 0.6087633 0.7933519 -0.01707166 0.5554896 0.8313483 0 0.4422856 0.8968743 0 0.3214347 0.9469317 -0.01707065 0.1950621 0.9806423 0 0.1305282 0.9914447 0 0.9988111 0.04874759 -0.004772186 0.980773 0.1950938 0.003431141 0.9609943 0.2765471 -0.003702998 0.8314625 0.5555686 0.005197644 0.7802772 0.6254122 -0.004532098 0.5555678 0.8314589 3.83106e-4 0.5060982 0.8624759 -5.11668e-4 0.1950905 0.9807851 0 0.1903069 0.9817246 0 1 0 0 1 0 -0.9977964 0.06634938 0 -0.9807682 0.195092 0.005730986 -0.9656829 0.259724 0 -0.8791267 0.4765881 0 -0.8314527 0.5555589 0.006381809 -0.7692509 0.6389468 0 -0.5555724 0.8314682 0 -0.5941149 0.8043569 0.006127059 -0.1950896 0.9807562 -0.007573843 -0.2410974 0.970501 0 -0.7836586 0.1558837 0.6013147 -0.4405841 0.08763039 0.893424 -0.03877848 0.1949438 0.9800475 -0.1949439 0.03877353 0.9800477 -0.4681397 0.3127976 0.8264399 -0.3128022 0.4681357 0.8264404 -0.3127987 0.4681413 0.8264386 -0.1098456 0.552206 0.8264396 -0.1098372 0.5522121 0.8264367 -0.9626362 0.1914804 0.1914861 -0.882934 0.1756267 0.435411 -0.8065434 0.211619 0.5520009 -0.695442 0.4646745 0.5481224 -0.6954417 0.4646765 0.5481211 -0.464675 0.6954427 0.5481209 -0.4646789 0.6954365 0.5481255 -0.1631666 0.8203279 0.548123 -0.1631712 0.8203247 0.5481265 -0.9626361 0.1914851 0.1914817 -0.8160855 0.5452877 0.1914832 -0.8160845 0.5452902 0.1914807 -0.5452929 0.8160831 0.1914783 -0.5452926 0.8160834 0.1914779 -0.1914787 0.9626377 0.1914797 -0.191485 0.9626353 0.1914859 -0.110428 0.1652652 0.9800475 -0.6043462 0.1202152 0.7876001 -0.5213094 0.1929038 0.8312789 -0.4681366 0.3128169 0.8264343 -0.1652622 0.110431 0.9800477 -0.9807842 0 0.1950961 -0.9807842 0 0.1950961 -0.8968743 0 0.4422855 -0.8968743 0 0.4422855 -0.7933571 0 0.6087566 -0.7933571 0 0.6087566 -0.608761 0 0.7933536 -0.608761 0 0.7933536 -0.4422855 0 0.8968743 -0.4422855 0 0.8968743 -0.1950905 0 0.9807853 -0.1950905 0 0.9807853 0 -0.1564344 0.9876884 0 -0.1564344 0.9876884 0 -0.4539906 0.8910065 0 -0.4539906 0.8910065 0 -0.7071062 0.7071074 0 -0.7071062 0.7071074 0 -0.8910069 0.4539899 0 -0.8910069 0.4539899 0 -0.9876883 0.1564347 0 -0.9876883 0.1564347 -1 0 0 -1 0 0 -1 0 0 -1 0 0 -1 0 0 -1 0 0 -1 0 0 -1 0 0 -1 0 0 -1 0 0 -1 0 0 -1 0 0 -1 0 0 -1 0 0 -1 0 0 -1 0 0 -1 0 0 -1 0 0 -1 0 0 -1 0 0 -1 0 0 -1 0 0 -1 0 0 -1 0 0 -1 0 0 -1 0 0 -1 0 0 -1 0 0 -1 0 0 -1 0 0 -1 0 0 -1 0 0 -1 0 0 -1 0 0 0 -0.1305282 0.9914447 -0.01707065 -0.1950621 0.9806423 0 -0.3214347 0.9469317 0 -0.4422856 0.8968743 -0.01707166 -0.5554896 0.8313483 0 -0.6087633 0.7933519 0 -0.7933539 0.6087607 -0.01707112 -0.831349 0.5554885 0 -0.8968733 0.4422875 0 -0.9469308 0.3214376 -0.017071 -0.9806425 0.1950609 0 -0.991445 0.1305255 0 -1 0 0 -1 0 -0.9977964 -0.06634938 0 -0.9807682 -0.195092 0.005730986 -0.9656829 -0.259724 0 -0.8791267 -0.4765881 0 -0.8314527 -0.5555588 0.006381809 -0.7692509 -0.6389468 0 -0.5941262 -0.8043719 0 -0.5555664 -0.8314592 0.004668831 -0.2410929 -0.9704827 -0.006128907 -0.1950951 -0.9807843 0 -0.1914785 -0.9626365 0.1914862 -0.1098467 -0.5522115 0.8264358 -0.1652622 -0.110431 0.9800477 -0.1949439 -0.03877353 0.9800477 -0.03877848 -0.1949438 0.9800475 -0.3127976 -0.4681397 0.8264399 -0.4681279 -0.312811 0.8264415 -0.4681444 -0.3128008 0.826436 -0.5522149 -0.1098333 0.8264353 -0.1631661 -0.8203253 0.5481269 -0.1098366 -0.5522091 0.8264387 -0.3128042 -0.4681386 0.826438 -0.110428 -0.1652652 0.9800475 -0.4263241 -0.2662231 0.8645073 -0.6043462 -0.1202152 0.7876001 -0.7836586 -0.1558837 0.6013147 -0.1631715 -0.8203266 0.5481235 -0.4646731 -0.6954399 0.5481261 -0.4646803 -0.6954388 0.5481215 -0.6954427 -0.464675 0.5481209 -0.695441 -0.4646761 0.5481222 -0.8065434 -0.211619 0.5520009 -0.882934 -0.1756267 0.435411 -0.1914852 -0.9626364 0.1914799 -0.545293 -0.8160832 0.1914779 -0.5452926 -0.8160834 0.1914783 -0.8160859 -0.545288 0.1914806 -0.8160841 -0.5452899 0.1914831 -0.962637 -0.1914806 0.1914815 -0.9626353 -0.191485 0.1914859 0 -0.1950905 0.9807852 0 -0.1950905 0.9807852 0 -0.5555735 0.8314674 0 -0.5555735 0.8314674 0 -0.8314682 0.5555724 0 -0.8314682 0.5555724 0 -0.9807841 0.195096 0 -0.9807841 0.195096 0 0 1 0 0 1 0 0 1 0 0 1 0 0 1 0 0 1 -0.1950924 0 0.9807848 -0.1894426 8.98522e-4 0.9818914 -0.5555689 -9.17233e-4 0.8314701 -0.4967596 0.01207238 0.8678042 -0.831384 -0.01422965 0.5555161 -0.7736743 0.01141536 0.6334807 -0.980786 0 0.1950869 -0.9980079 0.03774833 0.05055075 -0.9612272 -0.006677806 0.2756767 -0.9807857 0.1950878 0 -0.7933571 0.6087566 0 -0.6087566 0.7933571 0 -0.6087566 0.7933571 0 -0.2588235 0.9659246 0 -0.2588235 0.9659246 0 -0.896862 0.442308 -0.001454889 -0.7933569 0.6087564 7.29021e-4 -0.9659245 0.2588234 -7.29189e-4 0 0.9807862 0.195086 0.00283569 0.9659212 0.2588207 0 0.896863 0.4423085 0 0.7933571 0.6087566 0.003786146 0.7071017 0.7071017 0 0.1950878 0.9807859 0.002835571 0.2588191 0.9659217 0 0.4422971 0.8968687 0 0.6087566 0.7933571 -0.778367 0.5972544 0.1934734 -0.9626385 0.1914781 0.1914763 -0.05220079 0.1948218 0.9794486 -0.117686 0.4392234 0.8906362 -0.207332 0.519742 0.8287833 -0.8797035 0.4338459 0.1946783 -0.9351136 0.2505632 0.2505607 -0.8115706 0.2174599 0.5422771 -0.8115705 0.2174597 0.5422771 -0.5495154 0.1472423 0.8224065 -0.5495141 0.1472375 0.8224084 -0.1948218 0.05220079 0.9794486 -0.5972544 0.778367 0.1934734 -0.6807117 0.6807117 0.2706718 -0.594111 0.594111 0.5422771 -0.594111 0.594111 0.542277 -0.4022721 0.4022721 0.8224077 -0.4022721 0.4022721 0.8224077 -0.1426194 0.1426194 0.9794485 -0.1609883 0.6008161 0.7830088 -0.2079331 0.7760168 0.5954509 -0.2527207 0.7984437 0.5464614 -0.2336615 0.872036 0.4300645 -0.2541708 0.9485776 0.1886736 -0.2541747 0.9485754 0.188679 -0.1950878 0 0.9807858 -0.1950878 0 0.9807858 -0.5555691 0 0.8314704 -0.5555691 0 0.8314704 -0.8314681 0 0.5555724 -0.8314681 0 0.5555724 -0.9807861 0 0.195086 -0.9807861 0 0.195086 -0.1882763 0.3717758 0.9090296 -0.9828071 0.1005795 0.1548351 -0.9828794 0.1328033 0.1277162 -0.9829916 0.06982475 0.1698591 -0.9802972 0.03157258 0.1949887 -0.9827861 0.1328222 0.1284127 -0.8378981 0.3932644 0.3785101 -0.8381516 0.3925538 0.3786864 -0.5501105 0.6015335 0.5792548 -0.5503296 0.6011273 0.5794681 -0.1875792 0.7074245 0.6814431 -0.1876854 0.7072781 0.6815657 -0.9851679 0.08395063 0.1496547 -0.8350002 0.2692053 0.479899 -0.8350009 0.269204 0.4798985 -0.5455344 0.4100271 0.7309378 -0.5455345 0.410027 0.7309377 -0.1854342 0.4807557 0.8570228 -0.1185914 0.5416172 0.8322181 -0.9828552 0.03834611 0.1803478 -0.8355399 0.0795958 0.5436337 -0.8278989 0.09255778 0.5531875 -0.5471981 0.1317773 0.8265646 -0.551109 0.1264573 0.8247954 -0.186517 0.1649519 0.9685052 -0.1926511 0.1575577 0.9685355 -0.9807484 0.008759975 0.1950794 -0.9828793 0.01376581 0.1837353 -0.9828749 0.0413115 0.1795833 -0.9836494 0.042499 0.1750075 -0.9822106 0.06935572 0.1745052 -0.9829055 0.07008957 0.1702474 -0.982877 0.09309089 0.1590179 -0.9842869 0.0926975 0.150288 -0.9817991 0.11969 0.147461 -0.9854758 0.1180514 0.1220704 -0.982281 0.1386951 0.1260466 -0.9829705 0.143565 0.1147085 -0.1946109 0.07021433 0.9783642 -0.1880639 0.07338237 0.9794116 -0.1880416 0.2201833 0.9571623 -0.1880391 0.2201846 0.9571625 -0.1880514 0.3627527 0.9127141 -0.188051 0.362753 0.9127141 -0.1880513 0.4961915 0.8476029 -0.1880485 0.4961929 0.8476027 -0.1880359 0.6189633 0.7625792 -0.1880303 0.6189659 0.7625785 -0.1880534 0.7268422 0.6605577 -0.18805 0.7268437 0.6605569 -0.5544488 0.06347447 0.8297937 -0.551207 0.06556248 0.8317887 -0.5510474 0.1870744 0.8132342 -0.5510473 0.1870745 0.8132343 -0.5510733 0.308201 0.7754551 -0.5510749 0.3081997 0.7754544 -0.5510748 0.4215701 0.7201355 -0.5510731 0.4215717 0.720136 -0.5510472 0.5258934 0.6479067 -0.5510556 0.5258859 0.6479057 -0.5511077 0.6175166 0.5612072 -0.5511016 0.6175221 0.5612071 -0.8305036 0.04815512 0.5549279 -0.8384855 0.03935945 0.5435005 -0.8384991 0.1221594 0.5310332 -0.838501 0.122157 0.5310308 -0.8385174 0.2012444 0.506349 -0.8385159 0.2012467 0.5063506 -0.8385155 0.275277 0.4702279 -0.8385187 0.2752718 0.4702253 -0.8385027 0.3433973 0.4230739 -0.8384999 0.3434023 0.4230756 -0.8385328 0.4032149 0.3664432 -0.8385356 0.4032098 0.3664423 0 0.7400465 0.6725557 0.003307342 0.6864516 0.727168 0 0.6302068 0.7764275 0 0.4385288 0.8987171 0.006596565 0.5051949 0.8629801 0 0.3693423 0.9292935 0 0.1507444 0.9885728 0.00652033 0.2241789 0.9745262 0 0.07471555 0.9972049 0 0.2250384 0.9743499 -0.001555562 0.1605654 0.987024 0 0.3785456 0.9255827 0 0.6295226 0.7769822 -0.00245893 0.5454648 0.8381301 0 0.7200745 0.6938968 0 0 1 0 0 1 0 0 1 0 0 1 -0.1882662 0.4877289 -0.8524532 -0.9828069 0.06015014 -0.1745637 -0.9828792 0.0189439 -0.1832745 -0.9829914 0.09091895 -0.1595671 -0.9825909 0.1262822 -0.1362648 -0.9802467 0.03316116 -0.1949787 -0.8306781 0.04350203 -0.5550509 -0.83833 0.06081247 -0.5417608 -0.5536811 0.08244317 -0.8286377 -0.549741 0.07523572 -0.8319402 -0.1938422 0.11282 -0.974524 -0.1876775 0.1019713 -0.9769232 -0.9851678 0.06630033 -0.1582677 -0.8349994 0.2126058 -0.5075182 -0.8349983 0.2126051 -0.5075204 -0.5455403 0.3238169 -0.7729996 -0.5455436 0.3238193 -0.7729962 -0.1854277 0.3796806 -0.9063439 -0.1185857 0.3226764 -0.9390513 -0.9826313 0.1260377 -0.1361995 -0.8362215 0.3724656 -0.402496 -0.8362222 0.3724657 -0.4024944 -0.5474048 0.5683988 -0.6142238 -0.5473955 0.5683942 -0.6142362 -0.1862965 0.6672972 -0.721116 -0.1863026 0.6673015 -0.7211102 -0.9977963 0 -0.06635123 -0.9807682 -0.005730748 -0.1950919 -0.9656839 0 -0.2597204 -0.8791308 0 -0.4765806 -0.8314556 -0.006382107 -0.5555545 -0.7692509 0 -0.6389468 -0.5941261 0 -0.8043719 -0.5555597 -0.004669666 -0.8314635 -0.2410856 0.006127953 -0.9704846 -0.1950951 0 -0.9807843 -0.191485 -0.9626355 -0.191485 -0.1914787 -0.9626379 -0.1914787 -0.1631712 -0.8203247 -0.5481265 -0.1631666 -0.8203279 -0.548123 -0.1098366 -0.5522089 -0.826439 -0.1098449 -0.5522028 -0.8264419 -0.03877937 -0.1949484 -0.9800466 -0.8160846 -0.5452902 -0.1914798 -0.8160857 -0.5452878 -0.1914823 -0.6954417 -0.4646765 -0.5481211 -0.695442 -0.4646745 -0.5481224 -0.468137 -0.3127958 -0.8264421 -0.4681338 -0.312815 -0.8264366 -0.165266 -0.1104336 -0.9800468 -0.9626362 -0.1914852 -0.1914808 -0.9626364 -0.1914805 -0.1914852 -0.8203271 -0.1631734 -0.5481224 -0.8203281 -0.1631779 -0.5481193 -0.5522077 -0.109844 -0.8264387 -0.5522047 -0.1098312 -0.8264424 -0.1949484 -0.03877443 -0.9800468 -0.5452927 -0.8160836 -0.191477 -0.545293 -0.8160833 -0.1914774 -0.4646789 -0.6954365 -0.5481255 -0.464675 -0.6954427 -0.5481209 -0.3127968 -0.4681386 -0.8264408 -0.3128004 -0.4681329 -0.8264427 -0.1104306 -0.165269 -0.9800466 0 -0.9807843 -0.1950951 0 -0.9807843 -0.1950951 0 -0.8314682 -0.5555724 0 -0.8314682 -0.5555724 0 -0.5555703 -0.8314697 0 -0.5555703 -0.8314697 0 -0.1950951 -0.9807843 0 -0.1950951 -0.9807843 0 0 -1 0 0 -1 0 -0.9914451 -0.1305252 -0.01707124 -0.9806424 -0.1950612 0 -0.9469298 -0.3214405 0 -0.8968743 -0.4422856 -0.01707124 -0.83135 -0.555487 0 -0.7933548 -0.6087596 0 -0.6087619 -0.793353 -0.01707148 -0.5554885 -0.831349 0 -0.4422856 -0.8968743 0 -0.3214347 -0.9469317 -0.01707082 -0.1950606 -0.9806426 0 -0.1305258 -0.991445 -0.5908224 -0.7998992 -0.1053108 -0.8774013 -0.4756527 -0.06262117 -0.9978042 -0.06320571 -0.01979541 -0.9977702 -0.06617653 -0.008689641 -0.9977584 -0.06634688 -0.008734703 -0.9987079 -0.04611998 -0.02134269 -0.9977599 -0.06180322 -0.02559947 -0.9977869 -0.05507606 -0.03725445 -0.9985837 -0.04220879 -0.03238785 -0.9977884 -0.04972851 -0.04410767 -0.9977685 -0.04164415 -0.05218988 -0.9982408 -0.03609395 -0.04703873 -0.9977972 -0.03426277 -0.05680531 -0.9977599 -0.02560007 -0.06180375 -0.997206 -0.02765887 -0.06939184 -0.9981555 -0.007923901 -0.06018835 -0.9977662 -0.007762134 -0.06634926 -0.9651189 -0.2595723 -0.03417325 -0.9307945 -0.365029 -0.01937919 -0.9324385 -0.3338248 -0.1382734 -0.9324387 -0.3338239 -0.1382734 -0.9324387 -0.2866613 -0.2199621 -0.9324407 -0.2866556 -0.2199611 -0.9324402 -0.2199597 -0.2866582 -0.9324393 -0.2199621 -0.2866594 -0.9324392 -0.1382744 -0.3338221 -0.9324389 -0.1382751 -0.3338227 -0.5931862 -0.05622828 -0.8030994 -0.7665438 -0.08382028 -0.6366983 -0.9324391 -0.04716122 -0.3582361 -0.8791276 -0.002695679 -0.4765788 -0.9651198 -0.03417277 -0.2595687 -0.2391532 -0.9626746 -0.1267411 -0.2391476 -0.9626765 -0.1267378 -0.2391466 -0.8970711 -0.3715808 -0.1329949 -0.9385179 -0.318585 -0.2406001 -0.870528 -0.4292931 -0.2391418 -0.770332 -0.5911006 -0.239133 -0.7703371 -0.5910975 -0.2391332 -0.591104 -0.770332 -0.2406026 -0.3119921 -0.9191144 -0.1880285 -0.3758555 -0.9074018 -0.2406001 -0.4292931 -0.870528 -0.2391419 -0.5910984 -0.7703336 -0.7665437 -0.6366982 -0.08382332 -0.6601307 -0.7481901 -0.06662666 -0.6625291 -0.6920199 -0.2866421 -0.6625332 -0.6920154 -0.2866436 -0.6625332 -0.594245 -0.4559854 -0.6625309 -0.5942476 -0.4559853 -0.6625316 -0.4559839 -0.5942479 -0.662527 -0.4559891 -0.5942491 -0.6625275 -0.2866465 -0.6920197 -0.6625332 -0.2866407 -0.6920166 -0.6625332 -0.09776985 -0.7426242 -0.2391424 -0.1267408 -0.9626774 -0.239146 -0.1267384 -0.9626768 -0.9977964 -0.06634938 0 -0.9807682 -0.1950919 -0.005730986 -0.9656829 -0.259724 0 -0.8791267 -0.4765881 0 -0.8314527 -0.5555589 -0.006381809 -0.7692509 -0.6389468 0 -0.5555724 -0.8314682 0 -0.5941149 -0.8043569 -0.006127059 -0.1950895 -0.9807562 0.007573843 -0.2410974 -0.970501 0 -0.1949484 -0.03877443 -0.9800468 -0.4405841 -0.08763039 -0.893424 -0.9626362 -0.1914852 -0.1914808 -0.8160846 -0.5452902 -0.1914798 -0.8160857 -0.5452878 -0.1914823 -0.6954417 -0.4646765 -0.5481211 -0.695442 -0.4646745 -0.5481224 -0.468137 -0.3127958 -0.8264421 -0.7836586 -0.1558837 -0.6013147 -0.8065434 -0.211619 -0.5520009 -0.882934 -0.1756267 -0.435411 -0.9626364 -0.1914805 -0.1914852 -0.191485 -0.9626355 -0.191485 -0.1914787 -0.9626379 -0.1914787 -0.1631712 -0.8203247 -0.5481265 -0.1631666 -0.8203279 -0.548123 -0.1098366 -0.5522089 -0.826439 -0.1098449 -0.5522028 -0.8264419 -0.03877937 -0.1949484 -0.9800466 -0.5452927 -0.8160836 -0.191477 -0.545293 -0.8160833 -0.1914774 -0.4646789 -0.6954365 -0.5481255 -0.464675 -0.6954427 -0.5481209 -0.3127968 -0.4681386 -0.8264408 -0.3128004 -0.4681329 -0.8264427 -0.1104306 -0.165269 -0.9800466 -0.6043418 -0.1202144 -0.7876036 -0.5213071 -0.1929006 -0.8312811 -0.4681339 -0.312815 -0.8264366 -0.165266 -0.1104336 -0.9800468 -0.9807844 0 -0.1950951 -0.9807844 0 -0.1950951 -0.8968743 0 -0.4422855 -0.8968743 0 -0.4422855 -0.7933571 0 -0.6087566 -0.7933571 0 -0.6087566 -0.6087566 0 -0.7933571 -0.6087566 0 -0.7933571 -0.4422855 0 -0.8968743 -0.4422855 0 -0.8968743 -0.1950951 0 -0.9807844 -0.1950951 0 -0.9807844 -0.03877937 0.1949484 -0.9800466 -0.1949484 0.03877443 -0.9800468 -0.08764153 0.4405837 -0.8934231 -0.1914852 0.9626366 -0.191479 -0.9626355 0.191485 -0.191485 -0.9626372 0.1914806 -0.1914806 -0.882934 0.1756267 -0.435411 -0.8065434 0.211619 -0.5520009 -0.7836586 0.1558837 -0.6013147 -0.5452926 0.8160835 -0.1914774 -0.545293 0.8160834 -0.191477 -0.4646803 0.6954387 -0.5481215 -0.4646731 0.6954399 -0.5481261 -0.3127958 0.468137 -0.8264421 -0.1558719 0.7836533 -0.6013247 -0.2116173 0.8065428 -0.5520026 -0.1756249 0.8829343 -0.4354112 -0.1914785 0.9626367 -0.1914852 -0.5522117 0.1098327 -0.8264376 -0.4263248 0.2662177 -0.8645088 -0.6043418 0.1202144 -0.7876036 -0.8160842 0.5452899 -0.1914822 -0.8160861 0.5452881 -0.1914798 -0.695441 0.4646761 -0.5481222 -0.6954427 0.464675 -0.5481209 -0.4681417 0.3127989 -0.8264383 -0.4681251 0.3128092 -0.8264438 -0.165266 0.1104336 -0.9800468 -0.1202076 0.6043492 -0.787599 -0.1929061 0.5213004 -0.831284 -0.3128023 0.4681359 -0.8264402 -0.1104306 0.165269 -0.9800466 -0.9977964 0.06634938 0 -0.9807682 0.1950919 -0.005730986 -0.9656829 0.259724 0 -0.8791267 0.4765881 0 -0.8314527 0.5555589 -0.006381809 -0.7692509 0.6389468 0 -0.5941261 0.8043719 0 -0.5555663 0.8314592 -0.004668831 -0.2410929 0.9704827 0.006128907 -0.1950951 0.9807843 0 -0.5908225 0.1053103 -0.7998991 -0.8774055 0.06261795 -0.4756453 -0.9978057 0.01978886 -0.06318444 -0.9977716 0.008683621 -0.06615465 -0.9977583 0.008734941 -0.06634873 -0.9987068 0.02135008 -0.04614102 -0.9977591 0.0256052 -0.06181609 -0.9977861 0.03725302 -0.05509358 -0.9985843 0.03238159 -0.04220068 -0.9977883 0.0441069 -0.0497291 -0.9977685 0.05219042 -0.04164397 -0.9982406 0.04704093 -0.03609567 -0.997797 0.05680578 -0.03426629 -0.9977597 0.06180649 -0.02560079 -0.997205 0.06940424 -0.02766221 -0.9981561 0.06018036 -0.007922828 -0.9977663 0.06634742 -0.007760643 -0.9651198 0.03417277 -0.2595687 -0.9307954 0.01937818 -0.3650265 -0.932439 0.1382747 -0.3338229 -0.9324392 0.1382748 -0.333822 -0.9324394 0.2199611 -0.28666 -0.9324403 0.2199606 -0.2866574 -0.9324406 0.2866575 -0.2199591 -0.9324386 0.28666 -0.2199644 -0.9324387 0.3338241 -0.1382731 -0.9324384 0.3338247 -0.1382738 -0.593186 0.8030991 -0.05623185 -0.7665437 0.6366982 -0.08382332 -0.9324383 0.358238 -0.04716312 -0.8791235 0.4765864 -0.002696275 -0.9651189 0.2595723 -0.03417325 -0.2391459 0.1267407 -0.9626765 -0.2391422 0.1267386 -0.9626777 -0.2391456 0.3715772 -0.897073 -0.1329897 0.3185795 -0.9385205 -0.2406001 0.4292931 -0.870528 -0.2391417 0.5911027 -0.7703303 -0.2391331 0.5910997 -0.7703353 -0.2391331 0.7703337 -0.5911018 -0.2406047 0.919112 -0.3119975 -0.1880319 0.9073996 -0.3758591 -0.2406001 0.870528 -0.4292931 -0.239142 0.7703353 -0.5910961 -0.7665438 0.08382028 -0.6366983 -0.6601349 0.06662392 -0.7481865 -0.6625328 0.2866446 -0.6920152 -0.6625272 0.2866427 -0.6920215 -0.6625272 0.4559862 -0.594251 -0.6625319 0.4559864 -0.5942457 -0.662531 0.5942465 -0.4559866 -0.6625333 0.5942459 -0.455984 -0.662533 0.6920167 -0.2866408 -0.6625289 0.6920189 -0.2866451 -0.662529 0.742628 -0.09777081 -0.2391477 0.962676 -0.1267412 -0.2391533 0.9626752 -0.1267377 -0.9977963 0 -0.06635123 -0.9807682 0.005730748 -0.1950919 -0.9656839 0 -0.2597204 -0.8791308 0 -0.4765806 -0.8314556 0.006382107 -0.5555545 -0.7692509 0 -0.6389468 -0.5555658 0 -0.8314726 -0.5941149 0.006128013 -0.8043569 -0.1950895 -0.00757265 -0.9807562 -0.2410901 0 -0.9705027 -0.6944063 0.6944063 -0.1886793 -0.6944015 0.6944091 -0.188686 -0.5941079 0.5941145 -0.5422765 -0.5941132 0.5941132 -0.5422723 -0.4022674 0.4022674 -0.8224122 -0.4022846 0.4022632 -0.8224059 -0.1426289 0.1426213 -0.9794468 -0.2541726 0.9485749 -0.1886851 -0.2541701 0.9485749 -0.1886881 -0.2174602 0.8115717 -0.5422753 -0.2174575 0.811571 -0.5422774 -0.1472412 0.5495172 -0.8224055 -0.147235 0.5495153 -0.8224079 -0.05220174 0.1948291 -0.9794471 -0.9485743 0.2541725 -0.188688 -0.9485765 0.2541685 -0.1886824 -0.8115749 0.2174593 -0.5422708 -0.8115736 0.2174606 -0.5422723 -0.5495105 0.1472409 -0.8224101 -0.5495054 0.1472458 -0.8224127 -0.1948291 0.05220651 -0.9794468 0 0.1950951 -0.9807843 0 0.1950951 -0.9807843 0 0.5555703 -0.8314697 0 0.5555703 -0.8314697 0 0.8314682 -0.5555724 0 0.8314682 -0.5555724 0 0.9807843 -0.1950951 0 0.9807843 -0.1950951 0 0 -1 0 0 -1 0 0.1305258 -0.991445 -0.01707082 0.1950606 -0.9806426 0 0.3214347 -0.9469317 0 0.4422856 -0.8968743 -0.01707148 0.5554885 -0.831349 0 0.6087619 -0.793353 0 0.7933548 -0.6087596 -0.01707124 0.83135 -0.555487 0 0.8968743 -0.4422856 0 0.9469298 -0.3214405 -0.01707124 0.9806424 -0.1950612 0 0.9914451 -0.1305252 0 1 0 0 1 0 0 0.9807843 -0.1950951 -0.01900315 0.9985852 -0.04966312 0.02068579 0.8966824 -0.442191 0 0.1903021 -0.9817256 -5.12663e-4 0.1950951 -0.9807842 1.64692e-4 0.4343814 -0.900729 -1.42919e-4 0.4422855 -0.8968743 1.78737e-4 0.5619475 -0.8271729 -0.002456247 0.6087616 -0.7933494 0.004185557 0.7598317 -0.6501063 -1.72231e-4 0.7933502 -0.6087655 4.04569e-5 0.8793321 -0.4762091 -0.003984987 0.9604212 -0.2785234 -0.9988112 0 -0.0487467 -0.9807416 0.009528577 -0.1950771 -0.9612272 -0.006677806 -0.2756767 -0.8786661 0.003091692 -0.4774267 -0.8314215 0.01059919 -0.5555412 -0.7612849 -0.007666349 -0.6483722 -0.5562297 0.008115351 -0.8309891 -0.555547 0.008225142 -0.8314445 -0.4344761 -2.81354e-4 -0.9006832 -0.1950969 8.74306e-4 -0.9807835 -0.190304 0 -0.9817252 -0.9829295 0.1360592 -0.1238442 -0.9828791 0.136355 -0.123919 -0.9828746 0.1161309 -0.1430767 -0.9836493 0.1117927 -0.1411964 -0.9822105 0.09487032 -0.1620558 -0.9829056 0.09106123 -0.1600133 -0.9828773 0.06805491 -0.1712334 -0.9842869 0.06141692 -0.1655519 -0.9817991 0.04257786 -0.1850881 -0.985476 0.02357178 -0.1681708 -0.9804121 0.008939027 -0.1967542 -0.9807838 0.002197682 -0.1950855 -0.1945723 0.0732854 -0.9781466 -0.1880235 0.07020044 -0.9796525 -0.1880462 0.2201843 -0.9571611 -0.188039 0.2201814 -0.9571632 -0.1880514 0.3627548 -0.9127134 -0.188051 0.3627547 -0.9127135 -0.1880513 0.4961926 -0.8476023 -0.1880485 0.4961917 -0.8476034 -0.1880359 0.6189652 -0.7625775 -0.1880303 0.6189638 -0.76258 -0.1880534 0.7268422 -0.6605576 -0.1881564 0.7268602 -0.6605085 -0.554374 0.06546443 -0.829689 -0.551147 0.06366556 -0.8319758 -0.5510505 0.1870722 -0.8132327 -0.5510535 0.1870735 -0.8132304 -0.5510792 0.3082002 -0.775451 -0.5510749 0.3081989 -0.7754547 -0.5510748 0.4215711 -0.720135 -0.5510703 0.4215703 -0.720139 -0.551045 0.5258904 -0.6479111 -0.5510533 0.5258908 -0.6479036 -0.5511069 0.6174917 -0.5612354 -0.5513346 0.6174746 -0.5610306 -0.830792 0.0403217 -0.5551205 -0.8387246 0.04676324 -0.5425444 -0.8384979 0.1221581 -0.5310355 -0.8384998 0.1221592 -0.5310323 -0.8385161 0.2012454 -0.5063507 -0.8385145 0.2012448 -0.5063535 -0.8385145 0.275274 -0.4702315 -0.8385213 0.2752745 -0.4702191 -0.8385047 0.3433975 -0.4230697 -0.8385007 0.3433984 -0.4230768 -0.8385372 0.4031404 -0.366515 -0.8387928 0.4030198 -0.3660625 0 0.07471328 -0.997205 0.003307402 0.1507424 -0.9885676 0 0.2241837 -0.9745469 0 0.3693442 -0.9292927 0.003307759 0.4385273 -0.8987118 0 0.7400455 -0.6725569 0.003307282 0.686451 -0.7271686 0 0.6302068 -0.7764275 0 0.5052059 -0.8629988 0 1 0 0 1 0 0 0 -1 0 0 -1 0 0 -1 0 0 -1 0 0.6295251 -0.7769801 -0.001555621 0.6791918 -0.7339591 0 0.4966092 -0.8679742 0 0.2250384 -0.9743499 -0.002458989 0.3249685 -0.9457217 0 0.1038161 -0.9945965 1 0 0 1 0 0 1 0 0 1 0 0 1 0 0 1 0 0 1 0 0 1 0 0 1 0 0 1 0 0 1 0 0 1 0 0 1 0 0 1 0 0 1 0 0 1 0 0 1 0 0 1 0 0 1 0 0 1 0 0 1 0 0 1 0 0 1 0 0 1 0 0 1 0 0 1 0 0 1 0 0 1 0 0 1 0 0 1 0 0 1 0 0 1 0 0 1 0 0 1 0 0 1 0 0 1 0 0 1 0 0 1 0 0 1 0 0 1 0 0 1 0 0 1 0 0 1 0 0 1 0 0 1 0 0 1 0 0 1 0 0 1 0 0 0 -0.9876883 -0.1564347 0 -0.9876883 -0.1564347 0 -0.8910069 -0.4539899 0 -0.8910069 -0.4539899 0 -0.7071057 -0.7071079 0 -0.7071057 -0.7071079 0 -0.4539915 -0.891006 0 -0.4539915 -0.891006 0 -0.1564344 -0.9876884 0 -0.1564344 -0.9876884 0 0 -1 0 0 -1 0 0 -1 0 0 -1 0 0 -1 0 0 -1 0 -0.1950951 -0.9807843 0 -0.1950951 -0.9807843 0 -0.5555703 -0.8314697 0 -0.5555703 -0.8314697 0 -0.8314682 -0.5555724 0 -0.8314682 -0.5555724 0 -0.9807843 -0.1950951 0 -0.9807843 -0.1950951 0 -1 0 0 -1 0 -1 0 0 -1 0 0 -1 0 0 -1 0 0 -1 0 0 -1 0 0 -1 0 0 -1 0 0 -1 0 0 -1 0 0 -1 0 0 -1 0 0 -1 0 0 -1 0 0 -1 0 0 -1 0 0 -1 0 0 -1 0 0 -1 0 0 -1 0 0 -1 0 0 -1 0 0 -1 0 0 -1 0 0 -1 0 0 -1 0 0 -1 0 0 -1 0 0 -1 0 0 -1 0 0 -1 0 0 -1 0 0 -1 0 0 -1 0 0 0 -1 0 0 -1 0 0 -1 0 0 -1 0 0 -1 0 0 -1 0 -0.1950951 -0.9807844 0 -0.1950951 -0.9807844 0 -0.5555724 -0.8314682 0 -0.5555724 -0.8314682 0 -0.8314696 -0.5555702 0 -0.8314696 -0.5555702 0 -0.9807844 -0.1950951 0 -0.9807844 -0.1950951 0 -0.1914785 -0.9626367 0.1914852 -0.1098467 -0.5522115 0.8264358 -0.1949439 -0.03877353 0.9800477 -0.03877848 -0.1949438 0.9800475 -0.3127976 -0.4681397 0.8264399 -0.4681279 -0.312811 0.8264415 -0.4681444 -0.3128008 0.826436 -0.5522149 -0.1098333 0.8264353 -0.5522072 -0.1098439 0.826439 -0.1631713 -0.8203252 0.5481256 -0.4646723 -0.6954388 0.5481283 -0.4646795 -0.6954376 0.5481237 -0.6954416 -0.4646742 0.5481231 -0.6954398 -0.4646753 0.5481244 -0.8203245 -0.1631772 0.5481249 -0.8203272 -0.1631734 0.548122 -0.1914852 -0.9626366 0.191479 -0.545293 -0.8160834 0.191477 -0.5452926 -0.8160835 0.1914774 -0.8160861 -0.5452881 0.1914798 -0.8160842 -0.54529 0.1914822 -0.9626372 -0.1914806 0.1914806 -0.9626355 -0.191485 0.191485 -0.1652622 -0.110431 0.9800477 -0.1631658 -0.820324 0.5481292 -0.1098366 -0.5522091 0.8264387 -0.3128042 -0.4681386 0.826438 -0.110428 -0.1652652 0.9800475 0 -0.9807843 0.1950951 0 -0.9807843 0.1950951 0 -0.8314667 0.5555746 0 -0.8314667 0.5555746 0 -0.5555735 0.8314674 0 -0.5555735 0.8314674 0 -0.1950905 0.9807852 0 -0.1950905 0.9807852 0 0 1 0 0 1 -0.9977964 0 0.06635034 -0.9807682 -0.005730867 0.1950919 -0.9656834 0 0.2597222 -0.8791288 0 0.4765844 -0.8314542 -0.006381928 0.5555567 -0.7692509 0 0.6389468 -0.5555691 0 0.8314704 -0.594119 -0.006128191 0.8043539 -0.1950849 0.00757277 0.9807571 -0.2410865 0 0.9705036 -0.5908265 -0.1053081 0.7998963 -0.8774034 -0.0626204 0.475649 -0.9978042 -0.01979583 0.06320655 -0.99777 -0.008689761 0.06617742 -0.9977583 -0.008734822 0.06634777 -0.9987079 -0.02134287 0.0461207 -0.9977601 -0.02559924 0.06180226 -0.9977869 -0.03725433 0.05507552 -0.9985837 -0.03238791 0.04220879 -0.9977884 -0.04410755 0.04972839 -0.9977685 -0.05219018 0.04164427 -0.9982408 -0.04703956 0.03609466 -0.9977973 -0.05680334 0.0342642 -0.9977599 -0.06180328 0.02559942 -0.9972061 -0.06938999 0.02765774 -0.9981557 -0.06018692 0.007923722 -0.9977664 -0.06634742 0.007761955 -0.9651194 -0.03417301 0.2595705 -0.9307954 -0.0193789 0.3650264 -0.932439 -0.1382735 0.3338232 -0.9324397 -0.1382737 0.3338211 -0.9324398 -0.2199609 0.2866589 -0.9324408 -0.2199604 0.2866562 -0.932441 -0.2866565 0.2199589 -0.9324392 -0.2866586 0.2199634 -0.9324391 -0.3338234 0.1382722 -0.9324383 -0.3338251 0.1382743 -0.593186 -0.8030991 0.05623185 -0.7665437 -0.6366982 0.08382332 -0.9324382 -0.3582382 0.04716318 -0.8791235 -0.4765864 0.002696275 -0.965119 -0.2595723 0.0341733 -0.2391424 -0.1267386 0.9626777 -0.239146 -0.1267408 0.9626765 -0.2391488 -0.3715807 0.8970706 -0.132986 -0.3185797 0.938521 -0.2405968 -0.4292935 0.8705287 -0.239139 -0.5911003 0.7703331 -0.2391389 -0.5911003 0.7703331 -0.2391376 -0.7703328 0.5911011 -0.240606 -0.9191127 0.3119947 -0.1880312 -0.9074 0.3758583 -0.2406017 -0.8705267 0.4292948 -0.2391442 -0.770334 0.5910969 -0.7665437 -0.08382296 0.6366981 -0.6601307 -0.06662636 0.7481901 -0.6625289 -0.2866446 0.692019 -0.6625294 -0.2866448 0.6920184 -0.6625289 -0.4559863 0.5942491 -0.6625282 -0.4559863 0.5942499 -0.6625283 -0.5942484 0.455988 -0.6625306 -0.5942478 0.4559854 -0.6625313 -0.6920178 0.286642 -0.6625289 -0.6920192 0.2866444 -0.662529 -0.742628 0.09777081 -0.2391482 -0.9626759 0.1267412 -0.2391533 -0.962675 0.126738 -1 0 0 -1 0 0 -1 0 0 -1 0 0 -1 0 0 -1 0 0 -1 0 0 -1 0 0 -1 0 0 -1 0 0 -1 0 0 -1 0 0 -1 0 0 -1 0 0 -1 0 0 -1 0 0 -1 0 0 -1 0 0 -1 0 0 -1 0 0 -1 0 0 -1 0 0 -1 0 0 -1 0 0 -1 0 0 -1 0 0 -1 0 0 -1 0 0 -1 0 0 -1 0 0 -1 0 0 -1 0 0 -1 0 0 -1 0 0 -1 0 0 -1 0 0 -1 0 0 -1 0 0 -1 0 0 -1 0 0 -1 0 0 -1 0 0 -1 0 0 -1 0 0 -1 0 0 -1 0 0 -0.9659251 0.2588217 0 -0.9807835 0.195095 -0.001302063 -0.8968743 0.4422856 0 -0.7933518 0.6087635 0 -0.7071062 0.7071062 -0.001310467 -0.6087655 0.7933502 0 -0.2588217 0.9659251 0 -0.4422823 0.8968675 -0.003883898 -0.1950951 0.9807844 0 -0.5972623 0.778359 0.1934814 -0.8797125 0.4338224 0.1946898 -0.552208 0.1098319 0.8264401 -0.1949439 0.03877353 0.9800477 -0.9626362 0.1914852 0.1914808 -0.9626364 0.1914805 0.1914852 -0.8203256 0.1631731 0.5481245 -0.7783603 0.59726 0.193483 -0.8085655 0.540263 0.2331045 -0.6954404 0.4646757 0.5481233 -0.6954408 0.4646737 0.5481246 -0.4681397 0.3127976 0.8264399 -0.4338228 0.8797132 0.1946857 -0.5402681 0.8085631 0.2331011 -0.4646781 0.6954354 0.5481277 -0.4646742 0.6954416 0.5481231 -0.3127987 0.4681413 0.8264386 -0.3128021 0.4681358 0.8264404 -0.191485 0.9626355 0.191485 -0.1914787 0.9626379 0.1914787 -0.1631709 0.8203232 0.5481287 -0.1631663 0.8203265 0.5481252 -0.1098372 0.5522121 0.8264367 -0.1098456 0.552206 0.8264396 -0.03877848 0.1949438 0.9800475 -0.110428 0.1652652 0.9800475 -0.8203266 0.1631776 0.5481216 -0.5522109 0.1098446 0.8264364 -0.4681366 0.3128169 0.8264343 -0.1652622 0.110431 0.9800477 0 0.1950905 0.9807852 0 0.1950905 0.9807852 0 0.5555735 0.8314674 0 0.5555735 0.8314674 0 0.8314667 0.5555746 0 0.8314667 0.5555746 0 0.9807843 0.1950951 0 0.9807843 0.1950951 0 1 0 0 1 0 -1 0 0 -1 0 0 -1 0 0 -1 0 0 -1 0 0 -1 0 0 -1 0 0 -1 0 0 -1 0 0 -1 0 0 -1 0 0 -1 0 0 -1 0 0 -1 0 0 -1 0 0 -1 0 0 -1 0 0 -1 0 0 -1 0 0 -1 0 0 -1 0 0 -1 0 0 -1 0 0 -1 0 0 -1 0 0 -1 0 0 -1 0 0 -1 0 0 -1 0 0 -1 0 0 -1 0 0 -1 0 0 -1 0 0 -1 0 0 -1 0 0 -1 0 0 -1 0 0 -1 0 0 -1 0 0 -1 0 0 -1 0 0 -1 0 0 -1 0 0 -1 0 0 -1 0 0 -1 0 0 -1 0 0 -1 0 0 -1 0 0 -1 0 0 -1 0 0 -1 0 0 -1 0 0 -1 0 0 -1 0 0 -1 0 0 -1 0 0 -1 0 0 -1 0 0 -1 0 0 -1 0 0 -1 0 0 -1 0 0 -1 0 0 -1 0 0 -1 0 0 -1 0 0 -1 0 0 -1 0 0 -1 0 0 -1 0 0 -1 0 0 -1 0 0 -1 0 0 -0.1950878 0 -0.9807858 -0.1950878 0 -0.9807858 -0.5555724 0 -0.8314681 -0.5555724 0 -0.8314681 -0.8314653 0 -0.5555768 -0.8314653 0 -0.5555768 -0.9807861 0 -0.195086 -0.9807861 0 -0.195086 -0.05220079 0.1948218 -0.9794486 -0.1426194 0.1426194 -0.9794485 -0.1948218 0.05220079 -0.9794486 -0.254175 0.9485764 -0.1886738 -0.5972544 0.778367 -0.1934734 -0.9485754 0.2541747 -0.188679 -0.9485776 0.2541708 -0.1886736 -0.8115678 0.2174592 -0.5422816 -0.8115679 0.2174591 -0.5422815 -0.5495169 0.1472427 -0.8224055 -0.778367 0.5972544 -0.1934734 -0.6807117 0.6807117 -0.2706718 -0.5941089 0.5941089 -0.5422815 -0.5941089 0.5941089 -0.5422815 -0.2541705 0.9485766 -0.1886792 -0.2336602 0.872031 -0.4300757 -0.2527171 0.798442 -0.5464655 -0.2079331 0.7760168 -0.5954509 -0.1609905 0.6008248 -0.7830017 -0.5495205 0.1472392 -0.8224037 -0.4022744 0.4022744 -0.8224054 -0.4022744 0.4022744 -0.8224054 -0.2073401 0.5197415 -0.8287816 -0.1176831 0.4392122 -0.8906421 0 0.1950878 -0.9807859 0.002835392 0.2588158 -0.9659225 0 0.4422856 -0.8968743 0 0.6087656 -0.7933502 0.003785967 0.7071053 -0.7070981 0 0.9807862 -0.195086 0.00283581 0.9659208 -0.2588225 0 0.8968575 -0.4423198 0 0.7933571 -0.6087566 -1 0 0 -1 0 0 -0.9864569 0 -0.1640205 -0.9864569 0 -0.1640205 -0.8803048 0 -0.4744084 -0.8803048 0 -0.4744084 -0.6794208 0 -0.7337488 -0.6794208 0 -0.7337488 -0.4054258 0 -0.914128 -0.4054258 0 -0.914128 -0.1950905 0 0.9807853 -0.1950905 0 0.9807853 -0.5555702 0 0.8314697 -0.5555702 0 0.8314697 -0.8314697 0 0.5555702 -0.8314697 0 0.5555702 -0.9807856 0 0.1950887 -0.9807856 0 0.1950887 0 1 0 0 1 0 0 1 0 0 1 0 0 1 0 0 1 0 0 1 0 0 1 0 0 1 0 0 1 0 0 1 0 0 1 0 0 1 0 0 1 0 0 1 0 0 1 0 0 1 0 0 1 0 0 1 0 0 1 0 -0.9807856 0 -0.1950887 -0.9807856 0 -0.1950887 -0.8314697 0 -0.5555702 -0.8314697 0 -0.5555702 -0.5555702 0 -0.8314697 -0.5555702 0 -0.8314697 -0.1950883 0 -0.9807857 -0.1950883 0 -0.9807857 -0.4054282 0 0.9141269 -0.4054282 0 0.9141269 -0.6794208 0 0.7337488 -0.6794208 0 0.7337488 -0.8803043 0 0.4744096 -0.8803043 0 0.4744096 -0.986457 0 0.1640201 -0.986457 0 0.1640201 0 1 0 0 1 0 0 1 0 0 1 0 0 1 0 0 1 0 0 1 0 0 1 0 0 1 0 0 1 0 0 1 0 0 1 0 0 1 0 0 1 0 0 1 0 0 1 0 0 1 0 0 1 0 0 1 0 0 1 0 0 1 0 0 1 0 0 1 0 0 1 0 0 1 0 0 1 0 0 1 0 0 1 0 0 1 0 0 1 0 0 1 0 0 1 0 0 -0.7969059 0.6041036 0 -0.7969059 0.6041036 0 -0.7071073 0.7071062 0 -0.7071073 0.7071062 0 -0.6041023 0.7969068 0 -0.6041023 0.7969068 -1 0 0 -1 0 0 -1 0 0 -1 0 0 -1 0 0 0 -0.6687572 0.7434809 0 -0.6687572 0.7434809 0 -0.7434809 0.6687572 0 -0.7434809 0.6687572 0 -0.6041023 -0.7969068 0 -0.6041023 -0.7969068 0 -0.7071073 -0.7071062 0 -0.7071073 -0.7071062 0 -0.7969059 -0.6041036 0 -0.7969059 -0.6041036 -1 0 0 -1 0 0 -1 0 0 -1 0 0 -1 0 0 0 -0.7434812 -0.6687569 0 -0.7434812 -0.6687569 0 -0.6687569 -0.7434812 0 -0.6687569 -0.7434812 0 0.6041023 0.7969068 0 0.6041023 0.7969068 0 0.7071073 0.7071062 0 0.7071073 0.7071062 0 0.7969059 0.6041036 0 0.7969059 0.6041036 0 1 0 0 1 0 0 1 0 0 1 0 0 1 0 0 1 0 0 1 0 0 1 0 0 1 0 0 1 0 0 1 0 0 1 0 0 1 0 0 1 0 0 0.7969059 -0.6041036 0 0.7969059 -0.6041036 0 0.7071073 -0.7071062 0 0.7071073 -0.7071062 0 0.6041023 -0.7969068 0 0.6041023 -0.7969068 0 0 -1 0 0 -1 0 0 -1 0 0 -1 0 0 -1 0 0 -1 0 0 -1 0 0 -1 0 0 -1 0 0 -1 0 0 -1 0 0 -1 0 0 -1 1 0 0 1 0 0 1 0 0 1 0 0 1 0 0 0 -0.7434812 -0.6687569 0 -0.7434812 -0.6687569 0 -0.6687569 -0.7434812 0 -0.6687569 -0.7434812 -1 0 0 -1 0 0 -1 0 0 -1 0 0 -1 0 0 -1 0 0 -1 0 0 -1 0 0 -1 0 0 -1 0 0 -1 0 0 -1 0 0 -1 0 0 -1 0 0 -1 0 0 -1 0 0 -1 0 0 -1 0 0 -1 0 0 -1 0 0 -1 0 0 -1 0 0 -1 0 0 -1 0 0 -1 0 0 -1 0 0 -1 0 0 -1 0 0 -1 0 0 -1 0 0 -1 0 0 -1 0 0 -1 0 0 -1 0 0 -1 0 0 -1 0 0 -1 0 0 -1 0 0 -1 0 0 -1 0 0 -1 0 0 -1 0 0 -1 0 0 -1 0 0 -1 0 0 -1 0 0 -1 0 0 -1 0 0 -1 0 0 -1 0 0 -1 0 0 -1 0 0 -1 0 0 -1 0 0 -1 0 0 -1 0 0 -1 0 0 -1 0 0 -1 0 0 -1 0 0 -1 0 0 -1 0 0 -1 0 0 -1 0 0 -1 0 0 -1 0 0 -1 0 0 -1 0 0 -1 0 0 -1 0 0 -1 0 0 -1 0 0 -1 0 0 -1 0 0 -1 0 0 -1 0 0 -1 0 0 -1 0 0 -1 0 0 -1 0 0 -1 0 0 -1 0 0 -1 0 0 -1 0 0 -1 0 0 -1 0 0 -1 0 0 -1 0 0 -1 0 0 -1 0 0 -1 0 0 -1 0 0 -1 0 0 -1 0 0 -1 0 0 -1 0 0 -1 0 0 -1 0 0 -1 0 0 -1 0 0 -1 0 0 -1 0 0 -1 0 0 -1 0 0 -1 0 0 -1 0 0 -1 0 0 -1 0 0 -1 0 0 -1 0 0 -1 0 0 -1 0 0 -1 0 0 -1 0 0 -1 0 0 -1 0 0 -1 0 0 -1 0 0 -1 0 0 -1 0 0 -1 0 0 -1 0 0 -1 0 0 -1 0 0 -1 0 0 -1 0 0 -1 0 0 -1 0 0 -1 0 0 -1 0 0 -1 0 0 -1 0 0 -1 0 0 -1 0 0 -1 0 0 -1 0 0 -1 0 0 -1 0 0 -1 0 0 -1 0 0 -1 0 0 -1 0 0 -1 0 0 -1 0 0 -1 0 0 -1 0 0 -1 0 0 -1 0 0 -1 0 0 -1 0 0 -1 0 0 -1 0 0 -1 0 0 -1 0 0 -1 0 0 -1 0 0 -1 0 0 -1 0 0 -1 0 0 -1 0 0 -1 0 0 -1 0 0 -1 0 0 -1 0 0 -1 0 0 -1 0 0 -1 0 0 -1 0 0 -1 0 0 -1 0 0 -1 0 0 -1 0 0 -1 0 0 -1 0 0 -1 0 0 -1 0 0 -1 0 0 -1 0 0 -1 0 0 -1 0 0 -1 0 0 -1 0 0 -1 0 0 -1 0 0 -1 0 0 -1 0 0 -1 0 0 -1 0 0 -1 0 0 -1 0 0 -1 0 0 -1 0 0 -1 0 0 -1 0 0 -1 0 0 -1 0 0 -1 0 0 -1 0 0 -1 0 0 -1 0 0 -1 0 0 -1 0 0 -1 0 0 -1 0 0 -1 0 0 -1 0 0 -1 0 0 -1 0 0 0 -1 0 0 -1 0 0 -1 0 0 -1 0 0 -1 0 0 -1 0 0 -1 0 0 -1 0 0 -1 0 0 -1 0 0 -1 0 0 -1 0 0 -1 0 0 -1 0 1 0 0 1 0 0 1 0 0 1 0 0 1 0 0 0 -0.6687572 0.7434809 0 -0.6687572 0.7434809 0 -0.743481 0.6687572 0 -0.743481 0.6687572</float_array>
          <technique_common>
            <accessor source="#link_3-mesh-normals-array" count="2975" stride="3">
              <param name="X" type="float" />
              <param name="Y" type="float" />
              <param name="Z" type="float" />
            </accessor>
          </technique_common>
        </source>
        <vertices id="link_3-mesh-vertices">
          <input semantic="POSITION" source="#link_3-mesh-positions" />
        </vertices>
        <triangles count="2975">
          <input semantic="VERTEX" source="#link_3-mesh-vertices" offset="0" />
          <input semantic="NORMAL" source="#link_3-mesh-normals" offset="1" />
          <p>0 0 1 0 2 0 3 1 4 1 5 1 0 2 2 2 5 2 5 3 2 3 6 3 5 4 6 4 3 4 7 5 8 5 9 5 7 6 9 6 10 6 10 7 9 7 11 7 10 8 11 8 12 8 12 9 11 9 13 9 12 10 13 10 14 10 14 11 13 11 15 11 14 12 15 12 16 12 16 13 15 13 17 13 16 14 17 14 18 14 18 15 17 15 19 15 18 16 19 16 20 16 20 17 19 17 21 17 20 18 21 18 22 18 22 19 21 19 23 19 22 20 23 20 24 20 25 21 24 21 26 21 26 22 24 22 23 22 25 23 26 23 27 23 28 24 29 24 30 24 30 25 29 25 31 25 28 26 30 26 27 26 27 27 30 27 32 27 27 28 32 28 25 28 33 29 34 29 35 29 2 30 1 30 36 30 36 31 37 31 38 31 38 32 37 32 39 32 38 33 39 33 35 33 35 34 39 34 40 34 35 35 40 35 33 35 36 36 38 36 2 36 2 37 38 37 41 37 2 38 41 38 6 38 6 39 41 39 42 39 6 40 42 40 3 40 3 41 42 41 43 41 3 42 43 42 4 42 4 43 43 43 30 43 4 44 30 44 5 44 5 45 30 45 31 45 5 46 31 46 0 46 7 47 34 47 8 47 8 48 34 48 33 48 44 49 45 49 16 49 16 50 45 50 14 50 14 51 45 51 46 51 14 52 46 52 12 52 12 53 46 53 47 53 12 54 47 54 10 54 10 55 47 55 7 55 7 56 47 56 48 56 7 57 48 57 49 57 50 58 38 58 51 58 51 59 38 59 35 59 51 60 35 60 52 60 52 61 35 61 34 61 53 62 54 62 25 62 49 63 55 63 7 63 7 64 55 64 56 64 7 65 56 65 34 65 34 66 56 66 57 66 34 67 57 67 52 67 58 68 24 68 59 68 59 69 24 69 25 69 59 70 25 70 60 70 60 71 25 71 54 71 16 72 18 72 44 72 44 73 18 73 20 73 44 74 20 74 61 74 61 75 20 75 22 75 61 76 22 76 62 76 62 77 22 77 24 77 62 78 24 78 63 78 63 79 24 79 58 79 25 80 32 80 53 80 53 81 32 81 30 81 53 82 30 82 64 82 64 83 30 83 43 83 64 84 43 84 65 84 65 85 43 85 42 85 65 86 42 86 50 86 50 87 42 87 41 87 50 88 41 88 38 88 65 89 66 89 64 89 64 90 66 90 67 90 64 91 67 91 53 91 53 92 67 92 68 92 53 93 68 93 54 93 54 94 68 94 69 94 54 95 69 95 60 95 60 96 69 96 70 96 60 97 70 97 59 97 59 98 70 98 71 98 59 99 71 99 58 99 58 100 71 100 72 100 58 101 72 101 63 101 63 102 72 102 73 102 63 103 73 103 62 103 62 104 73 104 74 104 62 105 74 105 61 105 61 106 74 106 75 106 61 107 75 107 44 107 44 108 75 108 76 108 44 109 76 109 45 109 45 110 76 110 77 110 45 111 77 111 46 111 46 112 77 112 78 112 46 113 78 113 47 113 47 114 78 114 79 114 47 115 79 115 48 115 48 116 79 116 80 116 48 117 80 117 49 117 49 118 80 118 81 118 49 119 81 119 55 119 55 120 81 120 82 120 55 121 82 121 56 121 56 122 82 122 83 122 56 123 83 123 57 123 57 124 83 124 84 124 57 125 84 125 52 125 52 126 84 126 85 126 52 127 85 127 51 127 51 128 85 128 86 128 51 129 86 129 50 129 50 130 86 130 87 130 50 131 87 131 65 131 65 132 87 132 66 132 76 133 75 133 88 133 79 134 78 134 88 134 88 135 78 135 77 135 88 136 77 136 76 136 82 137 81 137 88 137 88 138 81 138 80 138 88 139 80 139 79 139 85 140 84 140 88 140 88 141 84 141 83 141 88 142 83 142 82 142 66 143 87 143 88 143 88 144 87 144 86 144 88 145 86 145 85 145 69 146 68 146 88 146 88 147 68 147 67 147 88 148 67 148 66 148 72 149 71 149 88 149 88 150 71 150 70 150 88 151 70 151 69 151 75 152 74 152 88 152 88 153 74 153 73 153 88 154 73 154 72 154 89 155 90 155 91 155 91 156 90 156 92 156 93 157 94 157 95 157 95 158 94 158 96 158 29 159 28 159 97 159 97 160 28 160 94 160 97 161 94 161 98 161 98 162 94 162 93 162 99 163 100 163 101 163 101 164 100 164 102 164 101 165 102 165 37 165 37 166 102 166 39 166 102 167 100 167 103 167 103 168 100 168 104 168 105 169 106 169 89 169 105 170 89 170 107 170 107 171 89 171 103 171 107 172 103 172 108 172 109 173 110 173 91 173 91 174 110 174 111 174 91 175 111 175 96 175 96 176 111 176 112 176 94 177 28 177 96 177 96 178 28 178 27 178 11 179 9 179 89 179 89 180 9 180 8 180 89 181 8 181 103 181 39 182 102 182 40 182 40 183 102 183 103 183 40 184 103 184 33 184 33 185 103 185 8 185 27 186 26 186 96 186 96 187 26 187 23 187 96 188 23 188 91 188 91 189 23 189 21 189 91 190 21 190 19 190 19 191 17 191 91 191 91 192 17 192 15 192 91 193 15 193 89 193 89 194 15 194 13 194 89 195 13 195 11 195 98 196 93 196 113 196 113 197 93 197 95 197 113 198 95 198 114 198 115 199 104 199 116 199 116 200 104 200 100 200 116 201 100 201 99 201 117 202 118 202 92 202 115 203 119 203 104 203 104 204 119 204 120 204 104 205 120 205 90 205 90 206 120 206 121 206 90 207 121 207 122 207 122 208 123 208 90 208 90 209 123 209 124 209 90 210 124 210 92 210 92 211 124 211 125 211 92 212 125 212 117 212 118 213 126 213 92 213 92 214 126 214 127 214 92 215 127 215 95 215 95 216 127 216 128 216 95 217 128 217 114 217 129 218 130 218 131 218 129 219 131 219 132 219 132 220 131 220 133 220 132 221 133 221 134 221 134 222 133 222 135 222 134 223 135 223 136 223 136 224 135 224 137 224 136 225 137 225 138 225 138 226 137 226 139 226 138 227 139 227 140 227 140 228 139 228 141 228 140 229 141 229 142 229 142 230 141 230 143 230 142 231 143 231 144 231 144 232 143 232 145 232 144 233 145 233 146 233 147 234 148 234 112 234 112 235 148 235 149 235 150 236 151 236 152 236 152 237 151 237 109 237 153 238 152 238 154 238 154 239 152 239 155 239 154 240 155 240 156 240 156 241 155 241 157 241 156 242 157 242 158 242 158 243 157 243 159 243 158 244 159 244 160 244 160 245 159 245 161 245 162 246 160 246 163 246 163 247 160 247 161 247 164 248 165 248 166 248 164 249 166 249 167 249 167 250 166 250 168 250 167 251 168 251 169 251 169 252 168 252 170 252 169 253 170 253 171 253 171 254 170 254 172 254 171 255 172 255 173 255 173 256 172 256 174 256 173 257 174 257 175 257 175 258 174 258 176 258 175 259 176 259 177 259 177 260 176 260 178 260 177 261 178 261 179 261 179 262 178 262 180 262 179 263 180 263 181 263 181 264 180 264 182 264 181 265 182 265 183 265 183 266 182 266 184 266 183 267 184 267 185 267 185 268 184 268 186 268 185 269 186 269 187 269 187 270 186 270 188 270 187 271 188 271 189 271 189 272 188 272 190 272 189 273 190 273 191 273 191 274 190 274 192 274 191 275 192 275 193 275 193 276 192 276 194 276 193 277 194 277 195 277 196 278 197 278 130 278 130 279 197 279 198 279 199 280 200 280 201 280 199 281 201 281 202 281 202 282 201 282 203 282 202 283 203 283 204 283 204 284 203 284 205 284 204 285 205 285 206 285 207 286 208 286 209 286 209 287 208 287 210 287 209 288 210 288 211 288 211 289 210 289 212 289 211 290 212 290 213 290 207 291 214 291 208 291 208 292 214 292 215 292 208 293 215 293 216 293 213 294 217 294 211 294 211 295 217 295 218 295 211 296 218 296 205 296 205 297 218 297 219 297 205 298 219 298 206 298 216 299 220 299 208 299 208 300 220 300 221 300 208 301 221 301 222 301 222 302 223 302 208 302 208 303 223 303 224 303 208 304 224 304 225 304 226 305 225 305 227 305 227 306 225 306 228 306 226 307 229 307 225 307 225 308 229 308 230 308 225 309 230 309 208 309 159 310 231 310 232 310 233 311 234 311 182 311 235 312 137 312 135 312 96 313 112 313 95 313 95 314 112 314 145 314 95 315 145 315 92 315 92 316 145 316 231 316 109 317 91 317 152 317 152 318 91 318 92 318 152 319 92 319 155 319 155 320 92 320 231 320 155 321 231 321 157 321 157 322 231 322 159 322 235 323 135 323 236 323 145 324 143 324 231 324 231 325 143 325 141 325 231 326 141 326 235 326 235 327 141 327 139 327 235 328 139 328 137 328 182 329 234 329 184 329 184 330 234 330 237 330 184 331 237 331 186 331 186 332 237 332 238 332 186 333 238 333 188 333 188 334 238 334 239 334 188 335 239 335 190 335 190 336 239 336 240 336 190 337 240 337 192 337 192 338 240 338 241 338 192 339 241 339 198 339 232 340 242 340 159 340 159 341 242 341 243 341 159 342 243 342 161 342 161 343 243 343 244 343 245 344 130 344 246 344 246 345 130 345 198 345 246 346 198 346 247 346 247 347 198 347 241 347 245 348 248 348 130 348 130 349 248 349 249 349 130 350 249 350 131 350 131 351 249 351 236 351 131 352 236 352 133 352 133 353 236 353 135 353 182 354 180 354 233 354 233 355 180 355 178 355 233 356 178 356 250 356 250 357 178 357 176 357 250 358 176 358 251 358 251 359 176 359 174 359 251 360 174 360 252 360 252 361 174 361 172 361 252 362 172 362 253 362 253 363 172 363 170 363 253 364 170 364 254 364 254 365 170 365 168 365 254 366 168 366 255 366 255 367 168 367 166 367 255 368 166 368 256 368 256 369 166 369 257 369 256 370 257 370 258 370 258 371 257 371 161 371 258 372 161 372 259 372 259 373 161 373 244 373 260 374 241 374 261 374 261 375 241 375 240 375 261 376 240 376 262 376 262 377 240 377 239 377 262 378 239 378 263 378 263 379 239 379 238 379 263 380 238 380 264 380 264 381 238 381 237 381 264 382 237 382 265 382 265 383 237 383 234 383 265 384 234 384 266 384 266 385 234 385 233 385 266 386 233 386 267 386 267 387 233 387 250 387 267 388 250 388 268 388 268 389 250 389 251 389 268 390 251 390 269 390 269 391 251 391 252 391 269 392 252 392 270 392 270 393 252 393 253 393 270 394 253 394 271 394 271 395 253 395 254 395 271 396 254 396 272 396 272 397 254 397 255 397 272 398 255 398 273 398 273 399 255 399 274 399 273 400 274 400 275 400 275 401 274 401 258 401 275 402 258 402 276 402 276 403 258 403 259 403 276 404 259 404 277 404 277 405 259 405 244 405 277 406 244 406 278 406 278 407 244 407 243 407 278 408 243 408 279 408 279 409 243 409 242 409 279 410 242 410 280 410 280 411 242 411 232 411 280 412 232 412 281 412 281 413 232 413 231 413 281 414 231 414 282 414 282 415 231 415 235 415 282 416 235 416 283 416 283 417 235 417 236 417 283 418 236 418 284 418 284 419 236 419 249 419 284 420 249 420 285 420 285 421 249 421 248 421 285 422 248 422 286 422 286 423 248 423 245 423 286 424 245 424 287 424 287 425 245 425 246 425 287 426 246 426 288 426 288 427 246 427 289 427 288 428 289 428 260 428 260 429 289 429 241 429 290 430 291 430 292 430 292 431 291 431 293 431 292 432 293 432 294 432 294 433 293 433 295 433 294 434 295 434 296 434 296 435 295 435 297 435 296 436 297 436 298 436 298 437 297 437 299 437 105 438 298 438 106 438 106 439 298 439 299 439 300 440 107 440 301 440 301 441 107 441 108 441 302 442 301 442 303 442 302 443 303 443 304 443 304 444 303 444 305 444 304 445 305 445 306 445 306 446 305 446 307 446 306 447 307 447 308 447 308 448 307 448 309 448 308 449 309 449 310 449 310 450 309 450 311 450 310 451 311 451 312 451 312 452 311 452 313 452 312 453 313 453 314 453 314 454 313 454 315 454 314 455 315 455 316 455 316 456 315 456 317 456 316 457 317 457 318 457 319 458 318 458 320 458 320 459 318 459 317 459 321 460 320 460 322 460 321 461 322 461 323 461 323 462 322 462 324 462 323 463 324 463 325 463 325 464 324 464 326 464 325 465 326 465 327 465 327 466 326 466 328 466 327 467 328 467 329 467 329 468 328 468 330 468 329 469 330 469 331 469 331 470 330 470 332 470 331 471 332 471 333 471 333 472 332 472 334 472 333 473 334 473 335 473 335 474 334 474 336 474 335 475 336 475 337 475 337 476 336 476 338 476 337 477 338 477 339 477 339 478 338 478 340 478 339 479 340 479 341 479 341 480 340 480 342 480 341 481 342 481 343 481 343 482 342 482 344 482 343 483 344 483 345 483 345 484 344 484 346 484 345 485 346 485 347 485 347 486 346 486 348 486 347 487 348 487 349 487 349 488 348 488 350 488 349 489 350 489 351 489 290 490 352 490 291 490 291 491 352 491 353 491 294 492 310 492 312 492 318 493 292 493 316 493 316 494 292 494 294 494 316 495 294 495 314 495 314 496 294 496 312 496 304 497 306 497 294 497 294 498 306 498 308 498 294 499 308 499 310 499 304 500 294 500 354 500 354 501 294 501 296 501 354 502 296 502 107 502 107 503 296 503 298 503 107 504 298 504 105 504 327 505 337 505 325 505 325 506 337 506 323 506 323 507 337 507 355 507 355 508 337 508 339 508 355 509 339 509 341 509 341 510 343 510 355 510 355 511 343 511 345 511 355 512 345 512 347 512 347 513 349 513 355 513 355 514 349 514 352 514 355 515 352 515 318 515 318 516 352 516 290 516 318 517 290 517 292 517 327 518 329 518 337 518 337 519 329 519 331 519 337 520 331 520 335 520 335 521 331 521 333 521 356 522 108 522 104 522 104 523 108 523 103 523 309 524 307 524 295 524 89 525 106 525 90 525 90 526 106 526 299 526 90 527 299 527 297 527 293 528 317 528 315 528 309 529 295 529 311 529 104 530 90 530 356 530 356 531 90 531 297 531 356 532 297 532 303 532 303 533 297 533 295 533 303 534 295 534 305 534 305 535 295 535 307 535 293 536 315 536 295 536 295 537 315 537 313 537 295 538 313 538 311 538 283 539 284 539 317 539 317 540 284 540 285 540 317 541 285 541 286 541 276 542 291 542 357 542 357 543 291 543 353 543 357 544 353 544 273 544 273 545 353 545 348 545 273 546 348 546 272 546 272 547 348 547 346 547 272 548 346 548 271 548 271 549 346 549 344 549 271 550 344 550 270 550 270 551 344 551 342 551 270 552 342 552 269 552 269 553 342 553 340 553 269 554 340 554 268 554 268 555 340 555 338 555 268 556 338 556 358 556 286 557 287 557 317 557 317 558 287 558 288 558 317 559 288 559 359 559 359 560 288 560 360 560 359 561 360 561 322 561 322 562 360 562 261 562 322 563 261 563 324 563 324 564 261 564 262 564 324 565 262 565 326 565 326 566 262 566 263 566 326 567 263 567 328 567 328 568 263 568 264 568 328 569 264 569 330 569 330 570 264 570 265 570 330 571 265 571 332 571 332 572 265 572 266 572 332 573 266 573 334 573 334 574 266 574 358 574 334 575 358 575 336 575 336 576 358 576 338 576 279 577 293 577 278 577 278 578 293 578 291 578 278 579 291 579 277 579 277 580 291 580 276 580 279 581 280 581 293 581 293 582 280 582 281 582 293 583 281 583 317 583 317 584 281 584 361 584 317 585 361 585 283 585 31 586 29 586 97 586 37 587 36 587 101 587 98 588 113 588 362 588 0 589 31 589 97 589 363 590 116 590 362 590 362 591 116 591 99 591 97 592 98 592 0 592 0 593 98 593 362 593 0 594 362 594 1 594 1 595 362 595 99 595 1 596 99 596 36 596 36 597 99 597 101 597 121 598 364 598 365 598 121 599 365 599 122 599 122 600 365 600 366 600 122 601 366 601 123 601 123 602 366 602 367 602 123 603 367 603 124 603 124 604 367 604 125 604 125 605 367 605 368 605 125 606 368 606 369 606 125 607 369 607 117 607 117 608 369 608 370 608 117 609 370 609 118 609 118 610 370 610 371 610 118 611 371 611 126 611 126 612 371 612 127 612 127 613 371 613 372 613 127 614 372 614 373 614 127 615 373 615 128 615 128 616 373 616 374 616 128 617 374 617 114 617 114 618 374 618 362 618 114 619 362 619 113 619 116 620 363 620 375 620 116 621 375 621 115 621 115 622 375 622 376 622 115 623 376 623 119 623 119 624 376 624 377 624 119 625 377 625 120 625 120 626 377 626 121 626 121 627 377 627 364 627 377 628 372 628 364 628 364 629 372 629 371 629 374 630 373 630 362 630 362 631 373 631 372 631 362 632 372 632 363 632 363 633 372 633 377 633 363 634 377 634 375 634 375 635 377 635 376 635 366 636 365 636 367 636 367 637 365 637 364 637 367 638 364 638 368 638 368 639 364 639 371 639 368 640 371 640 369 640 369 641 371 641 370 641 378 642 379 642 380 642 380 643 379 643 381 643 380 644 381 644 382 644 382 645 381 645 383 645 382 646 383 646 384 646 384 647 383 647 385 647 384 648 385 648 386 648 386 649 385 649 387 649 386 650 387 650 388 650 388 651 387 651 389 651 388 652 389 652 390 652 390 653 389 653 391 653 390 654 391 654 392 654 392 655 391 655 393 655 392 656 393 656 394 656 394 657 393 657 395 657 394 658 395 658 396 658 396 659 395 659 397 659 396 660 397 660 398 660 398 661 397 661 399 661 398 662 399 662 400 662 400 663 399 663 401 663 400 664 401 664 402 664 402 665 401 665 403 665 402 666 403 666 404 666 404 667 403 667 405 667 404 668 405 668 406 668 406 669 405 669 407 669 406 670 407 670 408 670 408 671 407 671 409 671 408 672 409 672 410 672 410 673 409 673 411 673 410 674 411 674 412 674 412 675 411 675 413 675 412 676 413 676 414 676 414 677 413 677 415 677 414 678 415 678 416 678 416 679 415 679 417 679 416 680 417 680 418 680 418 681 417 681 419 681 418 682 419 682 420 682 420 683 419 683 421 683 420 684 421 684 422 684 422 685 421 685 423 685 422 686 423 686 424 686 424 687 423 687 425 687 424 688 425 688 426 688 426 689 425 689 427 689 426 690 427 690 428 690 428 691 427 691 429 691 428 692 429 692 430 692 430 693 429 693 431 693 430 694 431 694 432 694 432 695 431 695 433 695 432 696 433 696 434 696 434 697 433 697 435 697 434 698 435 698 436 698 436 699 435 699 437 699 436 700 437 700 378 700 378 701 437 701 379 701 438 702 391 702 439 702 439 703 391 703 389 703 439 704 389 704 440 704 440 705 389 705 387 705 440 706 387 706 441 706 441 707 387 707 385 707 441 708 385 708 442 708 442 709 385 709 383 709 442 710 383 710 443 710 443 711 383 711 381 711 443 712 381 712 444 712 444 713 381 713 379 713 444 714 379 714 445 714 445 715 379 715 437 715 445 716 437 716 446 716 446 717 437 717 435 717 446 718 435 718 447 718 447 719 435 719 433 719 447 720 433 720 448 720 448 721 433 721 431 721 448 722 431 722 449 722 449 723 431 723 429 723 449 724 429 724 450 724 450 725 429 725 427 725 450 726 427 726 451 726 451 727 427 727 425 727 451 728 425 728 452 728 425 729 423 729 452 729 452 730 423 730 421 730 452 731 421 731 453 731 453 732 421 732 419 732 453 733 419 733 454 733 454 734 419 734 417 734 454 735 417 735 455 735 455 736 417 736 415 736 455 737 415 737 456 737 456 738 415 738 413 738 456 739 413 739 457 739 457 740 413 740 411 740 457 741 411 741 458 741 458 742 411 742 409 742 458 743 409 743 459 743 459 744 409 744 407 744 459 745 407 745 460 745 460 746 407 746 405 746 460 747 405 747 461 747 461 748 405 748 403 748 461 749 403 749 462 749 462 750 403 750 401 750 462 751 401 751 463 751 463 752 401 752 399 752 463 753 399 753 464 753 464 754 399 754 397 754 464 755 397 755 465 755 465 756 397 756 395 756 465 757 395 757 438 757 438 758 395 758 393 758 438 759 393 759 391 759 445 760 466 760 444 760 444 761 466 761 467 761 444 762 467 762 443 762 443 763 467 763 468 763 443 764 468 764 442 764 442 765 468 765 469 765 442 766 469 766 441 766 441 767 469 767 470 767 441 768 470 768 440 768 440 769 470 769 471 769 440 770 471 770 439 770 439 771 471 771 472 771 439 772 472 772 473 772 473 773 472 773 474 773 473 774 474 774 465 774 465 775 474 775 475 775 465 776 475 776 464 776 464 777 475 777 476 777 464 778 476 778 463 778 463 779 476 779 477 779 463 780 477 780 462 780 462 781 477 781 478 781 462 782 478 782 461 782 461 783 478 783 479 783 461 784 479 784 460 784 460 785 479 785 480 785 460 786 480 786 459 786 459 787 480 787 481 787 459 788 481 788 458 788 458 789 481 789 482 789 458 790 482 790 457 790 457 791 482 791 483 791 457 792 483 792 456 792 456 793 483 793 484 793 456 794 484 794 455 794 455 795 484 795 485 795 455 796 485 796 454 796 454 797 485 797 486 797 454 798 486 798 453 798 453 799 486 799 487 799 453 800 487 800 488 800 488 801 487 801 489 801 488 802 489 802 451 802 451 803 489 803 490 803 451 804 490 804 450 804 450 805 490 805 491 805 450 806 491 806 449 806 449 807 491 807 492 807 449 808 492 808 448 808 448 809 492 809 493 809 448 810 493 810 447 810 447 811 493 811 494 811 447 812 494 812 446 812 446 813 494 813 495 813 446 814 495 814 445 814 445 815 495 815 466 815 496 816 497 816 498 816 498 817 497 817 499 817 498 818 499 818 500 818 500 819 499 819 501 819 500 820 501 820 502 820 502 821 501 821 503 821 502 822 503 822 504 822 504 823 503 823 505 823 504 824 505 824 506 824 506 825 505 825 507 825 506 826 507 826 508 826 508 827 507 827 509 827 508 828 509 828 510 828 510 829 509 829 511 829 510 830 511 830 512 830 512 831 511 831 513 831 512 832 513 832 514 832 514 833 513 833 515 833 514 834 515 834 516 834 516 835 515 835 517 835 516 836 517 836 518 836 518 837 517 837 519 837 518 838 519 838 496 838 496 839 519 839 497 839 520 840 521 840 522 840 523 841 524 841 525 841 526 842 527 842 528 842 491 843 490 843 529 843 476 844 475 844 530 844 470 845 469 845 531 845 531 846 469 846 468 846 531 847 468 847 532 847 532 848 468 848 467 848 533 849 472 849 534 849 534 850 472 850 471 850 535 851 481 851 480 851 535 852 480 852 536 852 480 853 479 853 536 853 536 854 479 854 478 854 536 855 478 855 530 855 530 856 478 856 477 856 530 857 477 857 476 857 485 858 484 858 537 858 537 859 484 859 483 859 537 860 483 860 535 860 535 861 483 861 482 861 535 862 482 862 481 862 538 863 487 863 539 863 539 864 487 864 486 864 467 865 540 865 532 865 532 866 540 866 495 866 532 867 495 867 541 867 495 868 494 868 541 868 541 869 494 869 493 869 541 870 493 870 529 870 529 871 493 871 492 871 529 872 492 872 491 872 542 873 543 873 544 873 545 874 546 874 541 874 547 875 526 875 548 875 548 876 526 876 549 876 548 877 549 877 550 877 546 878 551 878 541 878 541 879 551 879 552 879 541 880 552 880 532 880 532 881 552 881 553 881 532 882 553 882 554 882 550 883 549 883 555 883 555 884 549 884 556 884 555 885 556 885 543 885 543 886 556 886 557 886 543 887 557 887 544 887 528 888 527 888 558 888 558 889 527 889 559 889 558 890 559 890 560 890 559 891 538 891 561 891 561 892 538 892 562 892 563 893 564 893 565 893 565 894 564 894 566 894 565 895 566 895 567 895 567 896 566 896 568 896 567 897 568 897 538 897 538 898 568 898 569 898 538 899 569 899 562 899 561 900 570 900 559 900 559 901 570 901 571 901 559 902 571 902 560 902 560 903 571 903 572 903 560 904 572 904 573 904 573 905 572 905 574 905 573 906 574 906 575 906 575 907 574 907 576 907 575 908 576 908 563 908 563 909 576 909 577 909 563 910 577 910 564 910 578 911 579 911 580 911 580 912 579 912 537 912 580 913 537 913 581 913 582 914 583 914 524 914 524 915 583 915 584 915 524 916 584 916 525 916 525 917 584 917 585 917 525 918 585 918 535 918 535 919 585 919 586 919 587 920 537 920 588 920 588 921 537 921 535 921 588 922 535 922 589 922 589 923 535 923 586 923 581 924 590 924 582 924 582 925 590 925 591 925 582 926 591 926 583 926 587 927 592 927 537 927 537 928 592 928 593 928 537 929 593 929 581 929 581 930 593 930 594 930 581 931 594 931 590 931 595 932 596 932 525 932 525 933 596 933 597 933 525 934 597 934 523 934 598 935 520 935 599 935 599 936 520 936 600 936 601 937 602 937 536 937 602 938 603 938 536 938 536 939 603 939 604 939 536 940 604 940 535 940 535 941 604 941 605 941 605 942 606 942 535 942 535 943 606 943 607 943 535 944 607 944 525 944 525 945 607 945 608 945 525 946 608 946 595 946 595 947 608 947 609 947 595 948 609 948 600 948 600 949 609 949 610 949 600 950 610 950 599 950 522 951 521 951 611 951 611 952 521 952 612 952 611 953 612 953 613 953 612 954 533 954 614 954 614 955 533 955 615 955 614 956 616 956 612 956 612 957 616 957 617 957 612 958 617 958 613 958 613 959 617 959 618 959 613 960 618 960 619 960 619 961 618 961 620 961 619 962 620 962 621 962 621 963 620 963 622 963 621 964 622 964 623 964 622 965 624 965 623 965 623 966 624 966 625 966 623 967 625 967 626 967 626 968 625 968 627 968 626 969 627 969 628 969 628 970 627 970 629 970 628 971 629 971 533 971 533 972 629 972 630 972 533 973 630 973 615 973 631 974 632 974 633 974 633 975 632 975 531 975 633 976 531 976 634 976 635 977 634 977 501 977 517 978 515 978 532 978 509 979 531 979 511 979 511 980 531 980 532 980 511 981 532 981 513 981 513 982 532 982 515 982 509 983 507 983 531 983 531 984 507 984 505 984 531 985 505 985 634 985 634 986 505 986 503 986 634 987 503 987 501 987 501 988 499 988 635 988 635 989 499 989 497 989 635 990 497 990 636 990 636 991 497 991 519 991 636 992 519 992 637 992 637 993 519 993 517 993 637 994 517 994 544 994 544 995 517 995 532 995 544 996 532 996 542 996 542 997 532 997 554 997 631 998 628 998 632 998 632 999 628 999 533 999 632 1000 533 1000 531 1000 531 1001 533 1001 534 1001 531 1002 534 1002 470 1002 470 1003 534 1003 471 1003 598 1004 601 1004 520 1004 520 1005 601 1005 536 1005 520 1006 536 1006 521 1006 521 1007 536 1007 530 1007 521 1008 530 1008 612 1008 612 1009 530 1009 475 1009 612 1010 475 1010 533 1010 533 1011 475 1011 638 1011 533 1012 638 1012 472 1012 547 1013 545 1013 526 1013 526 1014 545 1014 541 1014 526 1015 541 1015 527 1015 527 1016 541 1016 529 1016 527 1017 529 1017 559 1017 559 1018 529 1018 490 1018 559 1019 490 1019 538 1019 538 1020 490 1020 639 1020 538 1021 639 1021 487 1021 486 1022 485 1022 539 1022 539 1023 485 1023 537 1023 539 1024 537 1024 538 1024 538 1025 537 1025 579 1025 538 1026 579 1026 567 1026 567 1027 579 1027 578 1027 640 1028 641 1028 642 1028 640 1029 642 1029 643 1029 643 1030 642 1030 644 1030 643 1031 644 1031 645 1031 645 1032 644 1032 646 1032 645 1033 646 1033 647 1033 647 1034 646 1034 648 1034 647 1035 648 1035 649 1035 650 1036 651 1036 652 1036 652 1037 653 1037 650 1037 650 1038 653 1038 654 1038 650 1039 654 1039 655 1039 655 1040 654 1040 656 1040 655 1041 656 1041 657 1041 657 1042 656 1042 649 1042 657 1043 649 1043 658 1043 659 1044 660 1044 661 1044 660 1045 659 1045 662 1045 663 1046 657 1046 658 1046 655 1047 657 1047 664 1047 664 1048 657 1048 663 1048 664 1049 663 1049 665 1049 665 1050 663 1050 666 1050 665 1051 666 1051 667 1051 668 1052 666 1052 669 1052 669 1053 666 1053 663 1053 669 1054 663 1054 670 1054 670 1055 663 1055 658 1055 671 1056 650 1056 672 1056 672 1057 650 1057 673 1057 672 1058 673 1058 674 1058 674 1059 673 1059 675 1059 674 1060 675 1060 676 1060 676 1061 675 1061 677 1061 676 1062 677 1062 661 1062 650 1063 655 1063 673 1063 673 1064 655 1064 664 1064 673 1065 664 1065 675 1065 675 1066 664 1066 665 1066 675 1067 665 1067 677 1067 677 1068 665 1068 667 1068 677 1069 667 1069 661 1069 668 1070 662 1070 666 1070 666 1071 662 1071 659 1071 666 1072 659 1072 667 1072 667 1073 659 1073 661 1073 658 1074 678 1074 670 1074 670 1075 678 1075 679 1075 670 1076 679 1076 669 1076 669 1077 679 1077 668 1077 668 1078 679 1078 680 1078 668 1079 680 1079 662 1079 662 1080 680 1080 660 1080 660 1081 680 1081 681 1081 660 1082 681 1082 661 1082 682 1083 683 1083 684 1083 682 1084 684 1084 685 1084 685 1085 684 1085 686 1085 685 1086 686 1086 687 1086 687 1087 686 1087 688 1087 687 1088 688 1088 689 1088 690 1089 691 1089 692 1089 690 1090 692 1090 693 1090 693 1091 692 1091 694 1091 693 1092 694 1092 695 1092 695 1093 694 1093 696 1093 695 1094 696 1094 697 1094 697 1095 696 1095 698 1095 697 1096 698 1096 699 1096 699 1097 698 1097 700 1097 699 1098 700 1098 701 1098 701 1099 700 1099 702 1099 701 1100 702 1100 703 1100 703 1101 702 1101 704 1101 703 1102 704 1102 705 1102 705 1103 704 1103 706 1103 705 1104 706 1104 707 1104 707 1105 706 1105 708 1105 707 1106 708 1106 709 1106 710 1107 711 1107 712 1107 712 1108 711 1108 713 1108 712 1109 713 1109 714 1109 714 1110 713 1110 715 1110 716 1111 717 1111 718 1111 718 1112 717 1112 719 1112 718 1113 719 1113 720 1113 720 1114 719 1114 721 1114 722 1115 719 1115 723 1115 723 1116 719 1116 717 1116 723 1117 717 1117 724 1117 715 1118 725 1118 726 1118 726 1119 727 1119 715 1119 715 1120 727 1120 728 1120 715 1121 728 1121 717 1121 717 1122 728 1122 729 1122 717 1123 729 1123 724 1123 730 1124 725 1124 731 1124 731 1125 725 1125 715 1125 731 1126 715 1126 732 1126 732 1127 715 1127 713 1127 733 1128 731 1128 734 1128 734 1129 731 1129 732 1129 734 1130 732 1130 735 1130 735 1131 732 1131 736 1131 735 1132 736 1132 737 1132 735 1133 737 1133 738 1133 738 1134 737 1134 739 1134 738 1135 739 1135 740 1135 740 1136 739 1136 741 1136 740 1137 741 1137 742 1137 742 1138 741 1138 743 1138 742 1139 743 1139 744 1139 745 1140 683 1140 746 1140 746 1141 683 1141 682 1141 744 1142 743 1142 690 1142 658 1143 649 1143 701 1143 709 1144 747 1144 707 1144 707 1145 747 1145 748 1145 707 1146 748 1146 749 1146 690 1147 693 1147 744 1147 744 1148 693 1148 695 1148 744 1149 695 1149 648 1149 648 1150 695 1150 697 1150 648 1151 697 1151 649 1151 649 1152 697 1152 699 1152 649 1153 699 1153 701 1153 750 1154 751 1154 678 1154 751 1155 752 1155 678 1155 678 1156 752 1156 753 1156 678 1157 753 1157 682 1157 682 1158 753 1158 754 1158 682 1159 754 1159 746 1159 701 1160 703 1160 658 1160 658 1161 703 1161 705 1161 658 1162 705 1162 678 1162 678 1163 705 1163 707 1163 678 1164 707 1164 750 1164 750 1165 707 1165 749 1165 747 1166 755 1166 756 1166 747 1167 756 1167 748 1167 748 1168 756 1168 757 1168 748 1169 757 1169 749 1169 749 1170 757 1170 758 1170 749 1171 758 1171 750 1171 750 1172 758 1172 759 1172 750 1173 759 1173 751 1173 751 1174 759 1174 760 1174 751 1175 760 1175 752 1175 752 1176 760 1176 761 1176 752 1177 761 1177 753 1177 753 1178 761 1178 762 1178 753 1179 762 1179 754 1179 754 1180 762 1180 763 1180 754 1181 763 1181 746 1181 746 1182 763 1182 764 1182 746 1183 764 1183 745 1183 765 1184 766 1184 767 1184 767 1185 766 1185 768 1185 767 1186 768 1186 769 1186 769 1187 768 1187 770 1187 769 1188 770 1188 771 1188 771 1189 770 1189 772 1189 771 1190 772 1190 773 1190 773 1191 772 1191 774 1191 773 1192 774 1192 775 1192 775 1193 774 1193 776 1193 777 1194 778 1194 779 1194 779 1195 778 1195 780 1195 779 1196 780 1196 781 1196 781 1197 780 1197 782 1197 781 1198 782 1198 783 1198 783 1199 782 1199 784 1199 783 1200 784 1200 785 1200 785 1201 784 1201 786 1201 785 1202 786 1202 787 1202 787 1203 786 1203 788 1203 789 1204 790 1204 791 1204 791 1205 790 1205 792 1205 791 1206 792 1206 793 1206 793 1207 792 1207 794 1207 793 1208 794 1208 795 1208 795 1209 794 1209 796 1209 795 1210 796 1210 797 1210 797 1211 796 1211 798 1211 797 1212 798 1212 777 1212 777 1213 798 1213 778 1213 755 1214 708 1214 787 1214 691 1215 789 1215 692 1215 692 1216 789 1216 791 1216 692 1217 791 1217 694 1217 694 1218 791 1218 793 1218 694 1219 793 1219 696 1219 696 1220 793 1220 795 1220 696 1221 795 1221 698 1221 698 1222 795 1222 797 1222 698 1223 797 1223 700 1223 700 1224 797 1224 777 1224 700 1225 777 1225 702 1225 702 1226 777 1226 779 1226 702 1227 779 1227 704 1227 704 1228 779 1228 781 1228 704 1229 781 1229 706 1229 706 1230 781 1230 783 1230 706 1231 783 1231 708 1231 708 1232 783 1232 785 1232 708 1233 785 1233 787 1233 799 1234 764 1234 800 1234 800 1235 764 1235 763 1235 800 1236 763 1236 801 1236 801 1237 763 1237 762 1237 801 1238 762 1238 802 1238 802 1239 762 1239 761 1239 802 1240 761 1240 803 1240 803 1241 761 1241 760 1241 803 1242 760 1242 775 1242 775 1243 760 1243 759 1243 775 1244 759 1244 773 1244 773 1245 759 1245 758 1245 773 1246 758 1246 771 1246 771 1247 758 1247 757 1247 771 1248 757 1248 769 1248 769 1249 757 1249 756 1249 769 1250 756 1250 767 1250 767 1251 756 1251 755 1251 767 1252 755 1252 765 1252 765 1253 755 1253 787 1253 775 1254 776 1254 803 1254 803 1255 776 1255 804 1255 803 1256 804 1256 802 1256 802 1257 804 1257 805 1257 802 1258 805 1258 801 1258 801 1259 805 1259 806 1259 801 1260 806 1260 800 1260 800 1261 806 1261 807 1261 800 1262 807 1262 799 1262 799 1263 807 1263 808 1263 790 1264 789 1264 809 1264 809 1265 789 1265 810 1265 809 1266 810 1266 811 1266 811 1267 810 1267 812 1267 811 1268 812 1268 813 1268 813 1269 812 1269 814 1269 813 1270 814 1270 815 1270 815 1271 814 1271 816 1271 815 1272 816 1272 817 1272 817 1273 816 1273 818 1273 817 1274 818 1274 819 1274 819 1275 818 1275 820 1275 819 1276 820 1276 788 1276 788 1277 820 1277 787 1277 766 1278 765 1278 821 1278 821 1279 765 1279 822 1279 821 1280 822 1280 823 1280 823 1281 822 1281 824 1281 823 1282 824 1282 825 1282 825 1283 824 1283 826 1283 825 1284 826 1284 827 1284 827 1285 826 1285 828 1285 827 1286 828 1286 829 1286 829 1287 828 1287 830 1287 829 1288 830 1288 831 1288 831 1289 830 1289 832 1289 831 1290 832 1290 808 1290 808 1291 832 1291 799 1291 833 1292 834 1292 835 1292 836 1293 837 1293 838 1293 839 1294 840 1294 841 1294 841 1295 840 1295 842 1295 841 1296 842 1296 843 1296 839 1297 841 1297 844 1297 844 1298 841 1298 845 1298 844 1299 845 1299 846 1299 846 1300 845 1300 847 1300 846 1301 847 1301 848 1301 848 1302 847 1302 849 1302 849 1303 847 1303 850 1303 849 1304 850 1304 851 1304 851 1305 850 1305 852 1305 851 1306 852 1306 853 1306 853 1307 852 1307 854 1307 853 1308 854 1308 855 1308 843 1309 836 1309 841 1309 841 1310 836 1310 838 1310 841 1311 838 1311 845 1311 845 1312 838 1312 856 1312 845 1313 856 1313 847 1313 847 1314 856 1314 857 1314 847 1315 857 1315 850 1315 850 1316 857 1316 858 1316 850 1317 858 1317 852 1317 852 1318 858 1318 859 1318 860 1319 861 1319 859 1319 859 1320 861 1320 862 1320 859 1321 862 1321 852 1321 852 1322 862 1322 863 1322 852 1323 863 1323 854 1323 834 1324 864 1324 835 1324 835 1325 864 1325 865 1325 835 1326 865 1326 866 1326 865 1327 867 1327 866 1327 866 1328 867 1328 868 1328 866 1329 868 1329 869 1329 869 1330 868 1330 870 1330 869 1331 870 1331 871 1331 872 1332 873 1332 874 1332 874 1333 873 1333 871 1333 874 1334 871 1334 875 1334 875 1335 871 1335 870 1335 837 1336 833 1336 838 1336 838 1337 833 1337 835 1337 838 1338 835 1338 856 1338 856 1339 835 1339 866 1339 856 1340 866 1340 857 1340 857 1341 866 1341 869 1341 857 1342 869 1342 858 1342 858 1343 869 1343 871 1343 858 1344 871 1344 859 1344 859 1345 871 1345 873 1345 859 1346 873 1346 860 1346 860 1347 873 1347 872 1347 860 1348 872 1348 876 1348 877 1349 855 1349 854 1349 877 1350 854 1350 878 1350 854 1351 863 1351 878 1351 878 1352 863 1352 862 1352 878 1353 862 1353 879 1353 862 1354 861 1354 879 1354 879 1355 861 1355 860 1355 879 1356 860 1356 880 1356 880 1357 860 1357 876 1357 880 1358 876 1358 881 1358 882 1359 881 1359 883 1359 883 1360 881 1360 876 1360 864 1361 884 1361 865 1361 865 1362 884 1362 885 1362 865 1363 885 1363 867 1363 867 1364 885 1364 868 1364 868 1365 885 1365 886 1365 868 1366 886 1366 870 1366 870 1367 886 1367 875 1367 875 1368 886 1368 887 1368 875 1369 887 1369 874 1369 874 1370 887 1370 872 1370 872 1371 887 1371 883 1371 872 1372 883 1372 876 1372 888 1373 889 1373 890 1373 890 1374 889 1374 891 1374 890 1375 891 1375 892 1375 892 1376 891 1376 893 1376 892 1377 893 1377 894 1377 894 1378 893 1378 895 1378 894 1379 895 1379 896 1379 896 1380 895 1380 897 1380 896 1381 897 1381 898 1381 884 1382 864 1382 888 1382 888 1383 864 1383 889 1383 842 1384 899 1384 843 1384 843 1385 899 1385 900 1385 843 1386 900 1386 836 1386 836 1387 900 1387 837 1387 837 1388 900 1388 901 1388 837 1389 901 1389 833 1389 833 1390 901 1390 902 1390 833 1391 902 1391 834 1391 834 1392 902 1392 889 1392 834 1393 889 1393 864 1393 903 1394 904 1394 905 1394 906 1395 907 1395 908 1395 897 1396 895 1396 909 1396 908 1397 907 1397 897 1397 905 1398 910 1398 911 1398 911 1399 910 1399 909 1399 911 1400 909 1400 912 1400 912 1401 909 1401 895 1401 912 1402 895 1402 893 1402 899 1403 913 1403 914 1403 914 1404 913 1404 903 1404 903 1405 905 1405 914 1405 914 1406 905 1406 911 1406 914 1407 911 1407 915 1407 915 1408 911 1408 912 1408 915 1409 912 1409 916 1409 916 1410 912 1410 893 1410 916 1411 893 1411 891 1411 899 1412 914 1412 900 1412 900 1413 914 1413 915 1413 900 1414 915 1414 901 1414 901 1415 915 1415 916 1415 901 1416 916 1416 902 1416 902 1417 916 1417 891 1417 902 1418 891 1418 889 1418 910 1419 897 1419 909 1419 904 1420 906 1420 905 1420 905 1421 906 1421 908 1421 905 1422 908 1422 910 1422 910 1423 908 1423 897 1423 899 1424 917 1424 913 1424 913 1425 917 1425 918 1425 913 1426 918 1426 903 1426 903 1427 918 1427 919 1427 903 1428 919 1428 904 1428 904 1429 919 1429 920 1429 904 1430 920 1430 906 1430 906 1431 920 1431 921 1431 906 1432 921 1432 907 1432 907 1433 921 1433 922 1433 907 1434 922 1434 897 1434 897 1435 922 1435 923 1435 924 1436 925 1436 926 1436 924 1437 926 1437 927 1437 927 1438 926 1438 928 1438 927 1439 928 1439 929 1439 929 1440 928 1440 930 1440 929 1441 930 1441 931 1441 931 1442 930 1442 932 1442 931 1443 932 1443 933 1443 933 1444 932 1444 934 1444 933 1445 934 1445 935 1445 936 1446 937 1446 934 1446 938 1447 939 1447 940 1447 940 1448 939 1448 941 1448 940 1449 941 1449 942 1449 942 1450 941 1450 943 1450 942 1451 943 1451 944 1451 945 1452 925 1452 946 1452 946 1453 925 1453 947 1453 936 1454 934 1454 948 1454 949 1455 934 1455 950 1455 950 1456 934 1456 932 1456 950 1457 932 1457 951 1457 951 1458 932 1458 930 1458 951 1459 930 1459 952 1459 952 1460 930 1460 928 1460 952 1461 928 1461 953 1461 953 1462 928 1462 926 1462 953 1463 926 1463 938 1463 938 1464 926 1464 925 1464 938 1465 925 1465 939 1465 939 1466 925 1466 945 1466 954 1467 955 1467 934 1467 934 1468 955 1468 956 1468 934 1469 956 1469 948 1469 943 1470 957 1470 944 1470 944 1471 957 1471 958 1471 944 1472 958 1472 959 1472 959 1473 958 1473 960 1473 959 1474 960 1474 961 1474 961 1475 960 1475 954 1475 961 1476 954 1476 962 1476 962 1477 954 1477 934 1477 962 1478 934 1478 963 1478 963 1479 934 1479 949 1479 964 1480 954 1480 965 1480 965 1481 954 1481 960 1481 965 1482 960 1482 966 1482 966 1483 960 1483 967 1483 967 1484 960 1484 958 1484 967 1485 958 1485 968 1485 968 1486 958 1486 969 1486 969 1487 958 1487 957 1487 969 1488 957 1488 970 1488 970 1489 957 1489 971 1489 971 1490 957 1490 943 1490 971 1491 943 1491 972 1491 941 1492 973 1492 943 1492 943 1493 973 1493 972 1493 917 1494 974 1494 975 1494 917 1495 975 1495 976 1495 975 1496 977 1496 976 1496 976 1497 977 1497 978 1497 976 1498 978 1498 979 1498 978 1499 980 1499 979 1499 979 1500 980 1500 981 1500 979 1501 981 1501 982 1501 982 1502 981 1502 972 1502 982 1503 972 1503 973 1503 973 1504 983 1504 984 1504 985 1505 986 1505 987 1505 923 1506 988 1506 989 1506 922 1507 988 1507 923 1507 987 1508 986 1508 923 1508 990 1509 989 1509 991 1509 991 1510 989 1510 988 1510 991 1511 988 1511 992 1511 992 1512 988 1512 922 1512 983 1513 985 1513 990 1513 990 1514 985 1514 987 1514 990 1515 987 1515 989 1515 989 1516 987 1516 923 1516 922 1517 921 1517 992 1517 992 1518 921 1518 920 1518 992 1519 920 1519 919 1519 983 1520 990 1520 984 1520 984 1521 990 1521 991 1521 984 1522 991 1522 993 1522 993 1523 991 1523 992 1523 993 1524 992 1524 994 1524 994 1525 992 1525 919 1525 994 1526 919 1526 918 1526 973 1527 984 1527 982 1527 982 1528 984 1528 993 1528 982 1529 993 1529 979 1529 979 1530 993 1530 994 1530 979 1531 994 1531 976 1531 976 1532 994 1532 918 1532 976 1533 918 1533 917 1533 947 1534 923 1534 986 1534 947 1535 986 1535 946 1535 946 1536 986 1536 985 1536 946 1537 985 1537 945 1537 945 1538 985 1538 983 1538 945 1539 983 1539 939 1539 939 1540 983 1540 973 1540 939 1541 973 1541 941 1541 947 1542 925 1542 924 1542 995 1543 996 1543 898 1543 897 1544 923 1544 898 1544 898 1545 923 1545 947 1545 898 1546 947 1546 995 1546 995 1547 947 1547 924 1547 898 1548 996 1548 997 1548 898 1549 997 1549 896 1549 896 1550 997 1550 998 1550 896 1551 998 1551 894 1551 894 1552 998 1552 999 1552 894 1553 999 1553 892 1553 1000 1554 888 1554 999 1554 999 1555 888 1555 890 1555 999 1556 890 1556 892 1556 1001 1557 1002 1557 1003 1557 1004 1558 1005 1558 1006 1558 1006 1559 1005 1559 1007 1559 1006 1560 1007 1560 1008 1560 1008 1561 1007 1561 1009 1561 1008 1562 1009 1562 1010 1562 1004 1563 1006 1563 1003 1563 1003 1564 1006 1564 1011 1564 1003 1565 1011 1565 1001 1565 1009 1566 1012 1566 683 1566 683 1567 1012 1567 684 1567 1012 1568 1013 1568 684 1568 684 1569 1013 1569 1014 1569 684 1570 1014 1570 686 1570 1015 1571 688 1571 1016 1571 1016 1572 688 1572 686 1572 1016 1573 686 1573 1017 1573 1017 1574 686 1574 1014 1574 1005 1575 1004 1575 1018 1575 1003 1576 1002 1576 1019 1576 1015 1577 1016 1577 1020 1577 1020 1578 1016 1578 1017 1578 1020 1579 1017 1579 1021 1579 1004 1580 1003 1580 1018 1580 1018 1581 1003 1581 1019 1581 1018 1582 1019 1582 1022 1582 1022 1583 1019 1583 1023 1583 1022 1584 1023 1584 1024 1584 1024 1585 1023 1585 1025 1585 1024 1586 1025 1586 1015 1586 1007 1587 1005 1587 1026 1587 1026 1588 1005 1588 1018 1588 1026 1589 1018 1589 1021 1589 1021 1590 1018 1590 1022 1590 1021 1591 1022 1591 1020 1591 1020 1592 1022 1592 1024 1592 1020 1593 1024 1593 1015 1593 1017 1594 1014 1594 1021 1594 1021 1595 1014 1595 1013 1595 1021 1596 1013 1596 1026 1596 1026 1597 1013 1597 1012 1597 1026 1598 1012 1598 1007 1598 1007 1599 1012 1599 1009 1599 1027 1600 1015 1600 1025 1600 1027 1601 1025 1601 1028 1601 1028 1602 1025 1602 1023 1602 1028 1603 1023 1603 1029 1603 1029 1604 1023 1604 1019 1604 1029 1605 1019 1605 1030 1605 1030 1606 1019 1606 1002 1606 1030 1607 1002 1607 1031 1607 1032 1608 1033 1608 1034 1608 1035 1609 1036 1609 1037 1609 1037 1610 1036 1610 1038 1610 1039 1611 1040 1611 1035 1611 1030 1612 1031 1612 1040 1612 1038 1613 1041 1613 1037 1613 1037 1614 1041 1614 1042 1614 1037 1615 1042 1615 1043 1615 1043 1616 1042 1616 1044 1616 1043 1617 1044 1617 1045 1617 1045 1618 1044 1618 1046 1618 1045 1619 1046 1619 1047 1619 1035 1620 1037 1620 1039 1620 1039 1621 1037 1621 1043 1621 1039 1622 1043 1622 1048 1622 1048 1623 1043 1623 1045 1623 1048 1624 1045 1624 1034 1624 1034 1625 1045 1625 1047 1625 1034 1626 1047 1626 1032 1626 1040 1627 1039 1627 1030 1627 1030 1628 1039 1628 1048 1628 1030 1629 1048 1629 1029 1629 1029 1630 1048 1630 1034 1630 1029 1631 1034 1631 1028 1631 1028 1632 1034 1632 1033 1632 1028 1633 1033 1633 1027 1633 1000 1634 999 1634 1049 1634 1000 1635 1049 1635 1050 1635 1050 1636 1049 1636 1051 1636 1050 1637 1051 1637 1052 1637 1052 1638 1051 1638 1053 1638 1052 1639 1053 1639 1054 1639 1054 1640 1053 1640 1055 1640 1054 1641 1055 1641 1056 1641 1056 1642 1055 1642 1057 1642 1056 1643 1057 1643 1058 1643 1058 1644 1057 1644 1041 1644 1058 1645 1041 1645 1038 1645 997 1646 996 1646 1059 1646 1059 1647 996 1647 1060 1647 1059 1648 1060 1648 1061 1648 1061 1649 1060 1649 1062 1649 1061 1650 1062 1650 1063 1650 1063 1651 1062 1651 1064 1651 1063 1652 1064 1652 1065 1652 1065 1653 1064 1653 1066 1653 1065 1654 1066 1654 1067 1654 1067 1655 1066 1655 1068 1655 1067 1656 1068 1656 1044 1656 1044 1657 1068 1657 1046 1657 998 1658 997 1658 1069 1658 1069 1659 997 1659 1059 1659 1069 1660 1059 1660 1070 1660 1070 1661 1059 1661 1061 1661 1070 1662 1061 1662 1071 1662 1071 1663 1061 1663 1063 1663 1071 1664 1063 1664 1072 1664 1072 1665 1063 1665 1065 1665 1072 1666 1065 1666 1073 1666 1073 1667 1065 1667 1067 1667 1073 1668 1067 1668 1042 1668 1042 1669 1067 1669 1044 1669 999 1670 998 1670 1049 1670 1049 1671 998 1671 1069 1671 1049 1672 1069 1672 1051 1672 1051 1673 1069 1673 1070 1673 1051 1674 1070 1674 1053 1674 1053 1675 1070 1675 1071 1675 1053 1676 1071 1676 1055 1676 1055 1677 1071 1677 1072 1677 1055 1678 1072 1678 1057 1678 1057 1679 1072 1679 1073 1679 1057 1680 1073 1680 1041 1680 1041 1681 1073 1681 1042 1681 1074 1682 1046 1682 1068 1682 1074 1683 1068 1683 1075 1683 1075 1684 1068 1684 1066 1684 1075 1685 1066 1685 1076 1685 1066 1686 1064 1686 1076 1686 1076 1687 1064 1687 1062 1687 1076 1688 1062 1688 995 1688 995 1689 1062 1689 1060 1689 995 1690 1060 1690 996 1690 1077 1691 1078 1691 1027 1691 1027 1692 1033 1692 1077 1692 1077 1693 1033 1693 1032 1693 1077 1694 1032 1694 1074 1694 1074 1695 1032 1695 1047 1695 1074 1696 1047 1696 1046 1696 1078 1697 1079 1697 1080 1697 688 1698 1015 1698 1080 1698 1080 1699 1015 1699 1027 1699 1080 1700 1027 1700 1078 1700 1081 1701 1082 1701 1083 1701 1084 1702 1085 1702 1086 1702 1086 1703 1085 1703 1087 1703 1088 1704 1089 1704 1084 1704 1090 1705 1091 1705 1089 1705 1087 1706 1092 1706 1086 1706 1086 1707 1092 1707 1093 1707 1086 1708 1093 1708 1094 1708 1094 1709 1093 1709 1095 1709 1094 1710 1095 1710 1096 1710 1096 1711 1095 1711 1097 1711 1096 1712 1097 1712 1098 1712 1084 1713 1086 1713 1088 1713 1088 1714 1086 1714 1094 1714 1088 1715 1094 1715 1099 1715 1099 1716 1094 1716 1096 1716 1099 1717 1096 1717 1083 1717 1083 1718 1096 1718 1098 1718 1083 1719 1098 1719 1081 1719 1089 1720 1088 1720 1090 1720 1090 1721 1088 1721 1099 1721 1090 1722 1099 1722 1100 1722 1100 1723 1099 1723 1083 1723 1100 1724 1083 1724 1101 1724 1101 1725 1083 1725 1082 1725 1101 1726 1082 1726 1102 1726 1103 1727 1104 1727 1105 1727 1103 1728 1105 1728 1106 1728 1105 1729 1107 1729 1106 1729 1106 1730 1107 1730 1108 1730 1106 1731 1108 1731 1109 1731 1108 1732 1110 1732 1109 1732 1109 1733 1110 1733 1111 1733 1109 1734 1111 1734 1112 1734 1112 1735 1111 1735 1113 1735 1112 1736 1113 1736 1114 1736 1115 1737 1116 1737 1117 1737 1117 1738 1116 1738 1118 1738 1117 1739 1118 1739 1119 1739 1119 1740 1118 1740 1120 1740 1119 1741 1120 1741 1121 1741 1121 1742 1120 1742 1122 1742 1121 1743 1122 1743 1114 1743 1123 1744 1124 1744 1125 1744 1125 1745 1124 1745 1126 1745 1125 1746 1126 1746 1127 1746 1127 1747 1126 1747 1128 1747 1127 1748 1128 1748 1129 1748 1129 1749 1128 1749 1130 1749 1129 1750 1130 1750 1114 1750 1124 1751 1103 1751 1126 1751 1126 1752 1103 1752 1106 1752 1126 1753 1106 1753 1128 1753 1128 1754 1106 1754 1109 1754 1128 1755 1109 1755 1130 1755 1130 1756 1109 1756 1112 1756 1130 1757 1112 1757 1114 1757 1116 1758 1123 1758 1118 1758 1118 1759 1123 1759 1125 1759 1118 1760 1125 1760 1120 1760 1120 1761 1125 1761 1127 1761 1120 1762 1127 1762 1122 1762 1122 1763 1127 1763 1129 1763 1122 1764 1129 1764 1114 1764 1131 1765 1115 1765 1117 1765 1131 1766 1117 1766 1132 1766 1132 1767 1117 1767 1119 1767 1132 1768 1119 1768 1133 1768 1133 1769 1119 1769 1121 1769 1133 1770 1121 1770 1134 1770 1134 1771 1121 1771 1114 1771 1134 1772 1114 1772 1135 1772 1135 1773 1114 1773 1136 1773 1136 1774 1114 1774 1113 1774 1137 1775 1138 1775 1139 1775 1139 1776 1138 1776 1140 1776 1139 1777 1140 1777 1141 1777 1141 1778 1140 1778 1142 1778 1142 1779 1140 1779 1143 1779 1142 1780 1143 1780 1144 1780 1144 1781 1143 1781 1145 1781 1145 1782 1143 1782 1146 1782 1145 1783 1146 1783 1147 1783 1147 1784 1146 1784 1148 1784 1148 1785 1146 1785 1136 1785 1148 1786 1136 1786 1113 1786 1149 1787 1150 1787 1151 1787 1152 1788 1153 1788 1154 1788 1155 1789 1156 1789 1157 1789 1157 1790 1156 1790 1158 1790 1157 1791 1158 1791 1159 1791 1155 1792 1157 1792 1160 1792 1160 1793 1157 1793 1161 1793 1160 1794 1161 1794 1162 1794 1162 1795 1161 1795 1163 1795 1162 1796 1163 1796 1164 1796 1164 1797 1163 1797 1165 1797 1165 1798 1163 1798 1166 1798 1165 1799 1166 1799 1167 1799 1167 1800 1166 1800 1168 1800 1167 1801 1168 1801 1169 1801 1169 1802 1168 1802 1105 1802 1169 1803 1105 1803 1104 1803 1159 1804 1152 1804 1157 1804 1157 1805 1152 1805 1154 1805 1157 1806 1154 1806 1161 1806 1161 1807 1154 1807 1170 1807 1161 1808 1170 1808 1163 1808 1163 1809 1170 1809 1171 1809 1163 1810 1171 1810 1166 1810 1166 1811 1171 1811 1172 1811 1166 1812 1172 1812 1168 1812 1168 1813 1172 1813 1173 1813 1111 1814 1110 1814 1173 1814 1173 1815 1110 1815 1108 1815 1173 1816 1108 1816 1168 1816 1168 1817 1108 1817 1107 1817 1168 1818 1107 1818 1105 1818 1150 1819 1137 1819 1151 1819 1151 1820 1137 1820 1139 1820 1151 1821 1139 1821 1174 1821 1139 1822 1141 1822 1174 1822 1174 1823 1141 1823 1142 1823 1174 1824 1142 1824 1175 1824 1175 1825 1142 1825 1144 1825 1175 1826 1144 1826 1176 1826 1148 1827 1177 1827 1147 1827 1147 1828 1177 1828 1176 1828 1147 1829 1176 1829 1145 1829 1145 1830 1176 1830 1144 1830 1153 1831 1149 1831 1154 1831 1154 1832 1149 1832 1151 1832 1154 1833 1151 1833 1170 1833 1170 1834 1151 1834 1174 1834 1170 1835 1174 1835 1171 1835 1171 1836 1174 1836 1175 1836 1171 1837 1175 1837 1172 1837 1172 1838 1175 1838 1176 1838 1172 1839 1176 1839 1173 1839 1173 1840 1176 1840 1177 1840 1173 1841 1177 1841 1111 1841 1111 1842 1177 1842 1148 1842 1111 1843 1148 1843 1113 1843 1158 1844 1178 1844 1159 1844 1159 1845 1178 1845 1179 1845 1159 1846 1179 1846 1152 1846 1152 1847 1179 1847 1153 1847 1153 1848 1179 1848 1180 1848 1153 1849 1180 1849 1149 1849 1149 1850 1180 1850 1181 1850 1149 1851 1181 1851 1150 1851 1150 1852 1181 1852 1182 1852 1150 1853 1182 1853 1137 1853 1183 1854 1184 1854 1185 1854 1184 1855 1183 1855 1186 1855 1187 1856 1179 1856 1178 1856 1180 1857 1179 1857 1188 1857 1188 1858 1179 1858 1187 1858 1188 1859 1187 1859 1189 1859 1189 1860 1187 1860 1190 1860 1189 1861 1190 1861 1191 1861 1192 1862 1190 1862 1193 1862 1193 1863 1190 1863 1187 1863 1193 1864 1187 1864 1194 1864 1194 1865 1187 1865 1178 1865 1182 1866 1181 1866 1195 1866 1195 1867 1181 1867 1196 1867 1195 1868 1196 1868 1197 1868 1197 1869 1196 1869 1198 1869 1197 1870 1198 1870 1199 1870 1199 1871 1198 1871 1200 1871 1199 1872 1200 1872 1185 1872 1181 1873 1180 1873 1196 1873 1196 1874 1180 1874 1188 1874 1196 1875 1188 1875 1198 1875 1198 1876 1188 1876 1189 1876 1198 1877 1189 1877 1200 1877 1200 1878 1189 1878 1191 1878 1200 1879 1191 1879 1185 1879 1192 1880 1186 1880 1190 1880 1190 1881 1186 1881 1183 1881 1190 1882 1183 1882 1191 1882 1191 1883 1183 1883 1185 1883 1178 1884 1201 1884 1194 1884 1194 1885 1201 1885 1202 1885 1194 1886 1202 1886 1193 1886 1193 1887 1202 1887 1203 1887 1193 1888 1203 1888 1192 1888 1192 1889 1203 1889 1204 1889 1192 1890 1204 1890 1186 1890 1186 1891 1204 1891 1205 1891 1186 1892 1205 1892 1184 1892 1184 1893 1205 1893 1206 1893 1184 1894 1206 1894 1185 1894 1185 1895 1206 1895 1207 1895 1208 1896 1209 1896 1207 1896 1206 1897 1210 1897 1207 1897 1209 1898 1208 1898 1211 1898 1212 1899 1213 1899 1214 1899 1201 1900 1215 1900 1202 1900 1202 1901 1215 1901 1216 1901 1202 1902 1216 1902 1203 1902 1203 1903 1216 1903 1217 1903 1203 1904 1217 1904 1204 1904 1218 1905 1213 1905 1219 1905 1219 1906 1213 1906 1212 1906 1219 1907 1212 1907 1220 1907 1220 1908 1212 1908 1221 1908 1220 1909 1221 1909 1222 1909 1223 1910 1221 1910 1224 1910 1224 1911 1221 1911 1212 1911 1224 1912 1212 1912 1225 1912 1225 1913 1212 1913 1214 1913 1210 1914 1206 1914 1217 1914 1217 1915 1206 1915 1205 1915 1217 1916 1205 1916 1204 1916 1215 1917 1218 1917 1216 1917 1216 1918 1218 1918 1219 1918 1216 1919 1219 1919 1217 1919 1217 1920 1219 1920 1220 1920 1217 1921 1220 1921 1210 1921 1210 1922 1220 1922 1222 1922 1210 1923 1222 1923 1207 1923 1223 1924 1211 1924 1221 1924 1221 1925 1211 1925 1208 1925 1221 1926 1208 1926 1222 1926 1222 1927 1208 1927 1207 1927 1201 1928 1226 1928 1227 1928 1201 1929 1227 1929 1215 1929 1227 1930 1228 1930 1215 1930 1215 1931 1228 1931 1229 1931 1215 1932 1229 1932 1218 1932 1229 1933 1230 1933 1218 1933 1218 1934 1230 1934 1231 1934 1218 1935 1231 1935 1213 1935 1213 1936 1231 1936 1232 1936 1213 1937 1232 1937 1214 1937 1233 1938 1234 1938 1235 1938 1236 1939 1237 1939 1238 1939 1239 1940 1240 1940 1241 1940 1241 1941 1240 1941 1242 1941 1241 1942 1242 1942 1243 1942 1239 1943 1241 1943 1244 1943 1244 1944 1241 1944 1245 1944 1244 1945 1245 1945 1246 1945 1246 1946 1245 1946 1247 1946 1246 1947 1247 1947 1248 1947 1248 1948 1247 1948 1249 1948 1249 1949 1247 1949 1250 1949 1249 1950 1250 1950 1251 1950 1251 1951 1250 1951 1252 1951 1251 1952 1252 1952 1253 1952 1253 1953 1252 1953 1227 1953 1253 1954 1227 1954 1226 1954 1243 1955 1236 1955 1241 1955 1241 1956 1236 1956 1238 1956 1241 1957 1238 1957 1245 1957 1245 1958 1238 1958 1254 1958 1245 1959 1254 1959 1247 1959 1247 1960 1254 1960 1255 1960 1247 1961 1255 1961 1250 1961 1250 1962 1255 1962 1256 1962 1250 1963 1256 1963 1252 1963 1252 1964 1256 1964 1257 1964 1231 1965 1230 1965 1257 1965 1257 1966 1230 1966 1229 1966 1257 1967 1229 1967 1252 1967 1252 1968 1229 1968 1228 1968 1252 1969 1228 1969 1227 1969 1234 1970 1258 1970 1235 1970 1235 1971 1258 1971 1259 1971 1235 1972 1259 1972 1260 1972 1259 1973 1261 1973 1260 1973 1260 1974 1261 1974 1262 1974 1260 1975 1262 1975 1263 1975 1263 1976 1262 1976 1264 1976 1263 1977 1264 1977 1265 1977 1266 1978 1267 1978 1268 1978 1268 1979 1267 1979 1265 1979 1268 1980 1265 1980 1269 1980 1269 1981 1265 1981 1264 1981 1237 1982 1233 1982 1238 1982 1238 1983 1233 1983 1235 1983 1238 1984 1235 1984 1254 1984 1254 1985 1235 1985 1260 1985 1254 1986 1260 1986 1255 1986 1255 1987 1260 1987 1263 1987 1255 1988 1263 1988 1256 1988 1256 1989 1263 1989 1265 1989 1256 1990 1265 1990 1257 1990 1257 1991 1265 1991 1267 1991 1257 1992 1267 1992 1231 1992 1231 1993 1267 1993 1266 1993 1231 1994 1266 1994 1232 1994 1242 1995 1270 1995 1243 1995 1243 1996 1270 1996 1271 1996 1243 1997 1271 1997 1236 1997 1236 1998 1271 1998 1237 1998 1237 1999 1271 1999 1272 1999 1237 2000 1272 2000 1233 2000 1233 2001 1272 2001 1273 2001 1233 2002 1273 2002 1234 2002 1234 2003 1273 2003 1274 2003 1234 2004 1274 2004 1258 2004 1275 2005 1276 2005 1277 2005 1277 2006 1276 2006 1278 2006 1277 2007 1278 2007 1279 2007 1279 2008 1278 2008 1280 2008 1279 2009 1280 2009 1281 2009 1281 2010 1280 2010 1282 2010 1281 2011 1282 2011 1274 2011 1276 2012 1283 2012 1278 2012 1278 2013 1283 2013 1284 2013 1278 2014 1284 2014 1280 2014 1280 2015 1284 2015 1285 2015 1280 2016 1285 2016 1282 2016 1282 2017 1285 2017 1286 2017 1282 2018 1286 2018 1274 2018 1270 2019 1275 2019 1271 2019 1271 2020 1275 2020 1277 2020 1271 2021 1277 2021 1272 2021 1272 2022 1277 2022 1279 2022 1272 2023 1279 2023 1273 2023 1273 2024 1279 2024 1281 2024 1273 2025 1281 2025 1274 2025 1287 2026 1274 2026 1286 2026 1287 2027 1286 2027 1288 2027 1288 2028 1286 2028 1285 2028 1288 2029 1285 2029 1289 2029 1289 2030 1285 2030 1284 2030 1289 2031 1284 2031 1290 2031 1290 2032 1284 2032 1283 2032 1290 2033 1283 2033 1291 2033 1292 2034 1258 2034 1287 2034 1287 2035 1258 2035 1274 2035 1258 2036 1292 2036 1259 2036 1259 2037 1292 2037 1293 2037 1259 2038 1293 2038 1261 2038 1261 2039 1293 2039 1262 2039 1262 2040 1293 2040 1294 2040 1262 2041 1294 2041 1264 2041 1264 2042 1294 2042 1269 2042 1269 2043 1294 2043 1295 2043 1269 2044 1295 2044 1268 2044 1268 2045 1295 2045 1266 2045 1266 2046 1295 2046 1296 2046 1266 2047 1296 2047 1232 2047 1297 2048 1214 2048 1296 2048 1296 2049 1214 2049 1232 2049 1214 2050 1297 2050 1225 2050 1225 2051 1297 2051 1298 2051 1225 2052 1298 2052 1224 2052 1299 2053 1207 2053 1300 2053 1300 2054 1207 2054 1209 2054 1300 2055 1209 2055 1301 2055 1301 2056 1209 2056 1211 2056 1301 2057 1211 2057 1302 2057 1302 2058 1211 2058 1223 2058 1302 2059 1223 2059 1303 2059 1303 2060 1223 2060 1224 2060 1303 2061 1224 2061 1304 2061 1304 2062 1224 2062 1298 2062 1297 2063 1305 2063 1298 2063 1298 2064 1305 2064 1306 2064 1298 2065 1306 2065 1304 2065 1304 2066 1306 2066 1303 2066 1303 2067 1306 2067 1307 2067 1303 2068 1307 2068 1302 2068 1302 2069 1307 2069 1301 2069 1301 2070 1307 2070 1308 2070 1301 2071 1308 2071 1300 2071 1300 2072 1308 2072 1309 2072 1300 2073 1309 2073 1299 2073 1091 2074 1090 2074 1310 2074 1091 2075 1310 2075 1311 2075 1311 2076 1310 2076 1312 2076 1311 2077 1312 2077 1313 2077 1313 2078 1312 2078 1314 2078 1313 2079 1314 2079 1315 2079 1315 2080 1314 2080 1316 2080 1315 2081 1316 2081 1317 2081 1317 2082 1316 2082 1318 2082 1317 2083 1318 2083 1319 2083 1319 2084 1318 2084 1306 2084 1319 2085 1306 2085 1305 2085 1309 2086 1308 2086 1320 2086 1320 2087 1308 2087 1321 2087 1320 2088 1321 2088 1322 2088 1322 2089 1321 2089 1323 2089 1322 2090 1323 2090 1324 2090 1324 2091 1323 2091 1325 2091 1324 2092 1325 2092 1326 2092 1326 2093 1325 2093 1327 2093 1326 2094 1327 2094 1328 2094 1328 2095 1327 2095 1329 2095 1328 2096 1329 2096 1102 2096 1102 2097 1329 2097 1101 2097 1308 2098 1307 2098 1321 2098 1321 2099 1307 2099 1330 2099 1321 2100 1330 2100 1323 2100 1323 2101 1330 2101 1331 2101 1323 2102 1331 2102 1325 2102 1325 2103 1331 2103 1332 2103 1325 2104 1332 2104 1327 2104 1327 2105 1332 2105 1333 2105 1327 2106 1333 2106 1329 2106 1329 2107 1333 2107 1334 2107 1329 2108 1334 2108 1101 2108 1101 2109 1334 2109 1100 2109 1307 2110 1306 2110 1330 2110 1330 2111 1306 2111 1318 2111 1330 2112 1318 2112 1331 2112 1331 2113 1318 2113 1316 2113 1331 2114 1316 2114 1332 2114 1332 2115 1316 2115 1314 2115 1332 2116 1314 2116 1333 2116 1333 2117 1314 2117 1312 2117 1333 2118 1312 2118 1334 2118 1334 2119 1312 2119 1310 2119 1334 2120 1310 2120 1100 2120 1100 2121 1310 2121 1090 2121 1335 2122 1309 2122 1320 2122 1335 2123 1320 2123 1336 2123 1320 2124 1322 2124 1336 2124 1336 2125 1322 2125 1324 2125 1336 2126 1324 2126 1337 2126 1102 2127 1338 2127 1328 2127 1328 2128 1338 2128 1337 2128 1328 2129 1337 2129 1326 2129 1326 2130 1337 2130 1324 2130 1339 2131 1340 2131 1341 2131 1341 2132 1340 2132 1342 2132 1340 2133 1343 2133 1342 2133 1342 2134 1343 2134 1097 2134 1342 2135 1097 2135 736 2135 736 2136 1097 2136 1344 2136 1345 2137 1338 2137 1102 2137 1102 2138 1082 2138 1345 2138 1345 2139 1082 2139 1081 2139 1345 2140 1081 2140 1343 2140 1343 2141 1081 2141 1098 2141 1343 2142 1098 2142 1097 2142 1346 2143 1347 2143 1348 2143 1348 2144 1347 2144 1349 2144 1348 2145 1349 2145 1350 2145 1350 2146 1349 2146 1351 2146 1350 2147 1351 2147 1352 2147 1352 2148 1351 2148 1335 2148 1352 2149 1335 2149 1353 2149 1353 2150 1335 2150 1336 2150 1353 2151 1336 2151 1354 2151 1354 2152 1336 2152 1337 2152 1354 2153 1337 2153 1355 2153 1355 2154 1337 2154 1338 2154 1355 2155 1338 2155 1356 2155 1356 2156 1338 2156 1345 2156 1356 2157 1345 2157 1357 2157 1357 2158 1345 2158 1343 2158 1357 2159 1343 2159 1339 2159 1339 2160 1343 2160 1340 2160 1358 2161 931 2161 1359 2161 1359 2162 931 2162 933 2162 1359 2163 933 2163 1360 2163 1360 2164 933 2164 935 2164 1360 2165 935 2165 1361 2165 1361 2166 935 2166 1362 2166 1361 2167 1362 2167 1363 2167 1363 2168 1362 2168 1364 2168 1363 2169 1364 2169 1346 2169 1346 2170 1364 2170 1365 2170 1346 2171 1365 2171 1347 2171 1366 2172 1079 2172 1367 2172 1367 2173 1079 2173 1078 2173 1367 2174 1078 2174 1368 2174 1368 2175 1078 2175 1077 2175 1368 2176 1077 2176 1369 2176 1369 2177 1077 2177 1074 2177 1369 2178 1074 2178 1370 2178 1370 2179 1074 2179 1075 2179 1370 2180 1075 2180 1371 2180 1371 2181 1075 2181 1076 2181 1371 2182 1076 2182 1372 2182 1372 2183 1076 2183 995 2183 1372 2184 995 2184 1373 2184 1373 2185 995 2185 924 2185 1373 2186 924 2186 1374 2186 1374 2187 924 2187 927 2187 1374 2188 927 2188 1358 2188 1358 2189 927 2189 929 2189 1358 2190 929 2190 931 2190 1362 2191 1375 2191 1376 2191 1362 2192 1376 2192 1364 2192 1364 2193 1376 2193 1377 2193 1364 2194 1377 2194 1365 2194 1365 2195 1377 2195 1378 2195 1365 2196 1378 2196 1347 2196 1347 2197 1378 2197 1379 2197 1347 2198 1379 2198 1349 2198 1349 2199 1379 2199 1380 2199 1349 2200 1380 2200 1351 2200 1299 2201 1309 2201 1335 2201 1351 2202 1380 2202 1381 2202 1185 2203 1207 2203 1381 2203 1381 2204 1207 2204 1299 2204 1381 2205 1299 2205 1351 2205 1351 2206 1299 2206 1335 2206 1185 2207 1381 2207 1382 2207 1185 2208 1382 2208 1199 2208 1199 2209 1382 2209 1383 2209 1199 2210 1383 2210 1197 2210 1197 2211 1383 2211 1384 2211 1197 2212 1384 2212 1195 2212 1195 2213 1384 2213 1385 2213 1195 2214 1385 2214 1182 2214 1138 2215 1137 2215 1385 2215 1385 2216 1137 2216 1182 2216 1380 2217 1379 2217 1386 2217 1381 2218 1380 2218 1382 2218 1382 2219 1380 2219 1383 2219 1131 2220 1132 2220 1375 2220 1375 2221 1132 2221 1133 2221 1386 2222 1379 2222 1387 2222 1387 2223 1379 2223 1378 2223 1387 2224 1378 2224 1388 2224 1388 2225 1378 2225 1377 2225 1388 2226 1377 2226 1389 2226 1389 2227 1377 2227 1376 2227 1389 2228 1376 2228 1390 2228 1138 2229 1385 2229 1380 2229 1380 2230 1385 2230 1384 2230 1380 2231 1384 2231 1383 2231 1376 2232 1375 2232 1390 2232 1390 2233 1375 2233 1133 2233 1390 2234 1133 2234 1391 2234 1391 2235 1133 2235 1134 2235 1391 2236 1134 2236 1392 2236 1392 2237 1134 2237 1135 2237 1392 2238 1135 2238 1393 2238 1393 2239 1135 2239 1136 2239 1393 2240 1136 2240 1394 2240 1394 2241 1136 2241 1146 2241 1394 2242 1146 2242 1395 2242 1146 2243 1143 2243 1395 2243 1395 2244 1143 2244 1140 2244 1395 2245 1140 2245 1396 2245 1396 2246 1140 2246 1138 2246 1396 2247 1138 2247 1397 2247 1397 2248 1138 2248 1380 2248 1397 2249 1380 2249 1398 2249 1398 2250 1380 2250 1386 2250 1131 2251 1375 2251 1362 2251 935 2252 934 2252 937 2252 1399 2253 1115 2253 937 2253 937 2254 1115 2254 1131 2254 937 2255 1131 2255 935 2255 935 2256 1131 2256 1362 2256 1115 2257 1399 2257 1400 2257 1115 2258 1400 2258 1116 2258 1116 2259 1400 2259 1401 2259 1116 2260 1401 2260 1123 2260 1123 2261 1401 2261 1402 2261 1123 2262 1402 2262 1124 2262 1124 2263 1402 2263 1403 2263 1124 2264 1403 2264 1103 2264 1399 2265 1404 2265 1405 2265 1406 2266 1407 2266 1408 2266 1409 2267 1410 2267 1411 2267 1408 2268 1407 2268 1409 2268 1412 2269 1413 2269 1414 2269 1414 2270 1413 2270 1411 2270 1414 2271 1411 2271 1415 2271 1415 2272 1411 2272 1410 2272 1415 2273 1410 2273 1416 2273 1404 2274 1412 2274 1405 2274 1405 2275 1412 2275 1414 2275 1405 2276 1414 2276 1417 2276 1417 2277 1414 2277 1415 2277 1417 2278 1415 2278 1418 2278 1418 2279 1415 2279 1416 2279 1418 2280 1416 2280 1419 2280 1399 2281 1405 2281 1400 2281 1400 2282 1405 2282 1417 2282 1400 2283 1417 2283 1401 2283 1401 2284 1417 2284 1418 2284 1401 2285 1418 2285 1402 2285 1402 2286 1418 2286 1419 2286 1402 2287 1419 2287 1403 2287 1413 2288 1409 2288 1411 2288 1404 2289 1406 2289 1412 2289 1412 2290 1406 2290 1408 2290 1412 2291 1408 2291 1413 2291 1413 2292 1408 2292 1409 2292 1399 2293 937 2293 936 2293 1399 2294 936 2294 1404 2294 1404 2295 936 2295 948 2295 1404 2296 948 2296 1406 2296 1406 2297 948 2297 956 2297 1406 2298 956 2298 1407 2298 1407 2299 956 2299 955 2299 1407 2300 955 2300 1409 2300 954 2301 964 2301 955 2301 955 2302 964 2302 1409 2302 1420 2303 1403 2303 1421 2303 1421 2304 1403 2304 1419 2304 1421 2305 1419 2305 1422 2305 1422 2306 1419 2306 1423 2306 1423 2307 1419 2307 1416 2307 1423 2308 1416 2308 1424 2308 1424 2309 1416 2309 1410 2309 1424 2310 1410 2310 1425 2310 1425 2311 1410 2311 1409 2311 1425 2312 1409 2312 964 2312 1424 2313 1425 2313 1426 2313 1422 2314 1423 2314 1427 2314 1428 2315 1429 2315 1430 2315 1430 2316 1429 2316 1420 2316 1430 2317 1420 2317 1421 2317 1428 2318 1430 2318 1431 2318 1431 2319 1430 2319 1432 2319 1431 2320 1432 2320 1433 2320 1433 2321 1432 2321 1434 2321 1433 2322 1434 2322 1435 2322 1435 2323 1434 2323 1436 2323 1436 2324 1434 2324 1437 2324 1436 2325 1437 2325 1438 2325 1438 2326 1437 2326 1439 2326 1438 2327 1439 2327 1440 2327 1440 2328 1439 2328 975 2328 1440 2329 975 2329 974 2329 1421 2330 1422 2330 1430 2330 1430 2331 1422 2331 1427 2331 1430 2332 1427 2332 1432 2332 1432 2333 1427 2333 1441 2333 1432 2334 1441 2334 1434 2334 1434 2335 1441 2335 1442 2335 1434 2336 1442 2336 1437 2336 1437 2337 1442 2337 1443 2337 1437 2338 1443 2338 1439 2338 1439 2339 1443 2339 1444 2339 981 2340 980 2340 1444 2340 1444 2341 980 2341 978 2341 1444 2342 978 2342 1439 2342 1439 2343 978 2343 977 2343 1439 2344 977 2344 975 2344 1425 2345 964 2345 1426 2345 1426 2346 964 2346 965 2346 1426 2347 965 2347 1445 2347 965 2348 966 2348 1445 2348 1445 2349 966 2349 967 2349 1445 2350 967 2350 1446 2350 1446 2351 967 2351 968 2351 1446 2352 968 2352 1447 2352 971 2353 1448 2353 970 2353 970 2354 1448 2354 1447 2354 970 2355 1447 2355 969 2355 969 2356 1447 2356 968 2356 1423 2357 1424 2357 1427 2357 1427 2358 1424 2358 1426 2358 1427 2359 1426 2359 1441 2359 1441 2360 1426 2360 1445 2360 1441 2361 1445 2361 1442 2361 1442 2362 1445 2362 1446 2362 1442 2363 1446 2363 1443 2363 1443 2364 1446 2364 1447 2364 1443 2365 1447 2365 1444 2365 1444 2366 1447 2366 1448 2366 1444 2367 1448 2367 981 2367 981 2368 1448 2368 971 2368 981 2369 971 2369 972 2369 917 2370 899 2370 974 2370 974 2371 899 2371 842 2371 974 2372 842 2372 840 2372 1201 2373 1178 2373 1226 2373 1226 2374 1178 2374 1158 2374 1226 2375 1158 2375 1156 2375 877 2376 1270 2376 855 2376 855 2377 1270 2377 1242 2377 855 2378 1242 2378 853 2378 853 2379 1242 2379 1240 2379 1240 2380 1239 2380 853 2380 853 2381 1239 2381 1244 2381 853 2382 1244 2382 1246 2382 1246 2383 1248 2383 853 2383 853 2384 1248 2384 1249 2384 853 2385 1249 2385 1251 2385 1103 2386 1403 2386 1104 2386 1104 2387 1403 2387 1420 2387 1104 2388 1420 2388 1169 2388 1169 2389 1420 2389 1429 2389 1429 2390 1428 2390 1169 2390 1169 2391 1428 2391 1431 2391 1169 2392 1431 2392 1433 2392 1433 2393 1435 2393 1169 2393 1169 2394 1435 2394 1436 2394 1169 2395 1436 2395 1438 2395 1164 2396 846 2396 1162 2396 1162 2397 846 2397 848 2397 1251 2398 1253 2398 853 2398 853 2399 1253 2399 1226 2399 853 2400 1226 2400 851 2400 851 2401 1226 2401 1156 2401 851 2402 1156 2402 849 2402 849 2403 1156 2403 1155 2403 849 2404 1155 2404 848 2404 848 2405 1155 2405 1160 2405 848 2406 1160 2406 1162 2406 1438 2407 1440 2407 1169 2407 1169 2408 1440 2408 974 2408 1169 2409 974 2409 1167 2409 1167 2410 974 2410 840 2410 1167 2411 840 2411 1165 2411 1165 2412 840 2412 839 2412 1165 2413 839 2413 1164 2413 1164 2414 839 2414 844 2414 1164 2415 844 2415 846 2415 1270 2416 877 2416 1275 2416 1275 2417 877 2417 1449 2417 1449 2418 1450 2418 1275 2418 1275 2419 1450 2419 1451 2419 1275 2420 1451 2420 1276 2420 1276 2421 1451 2421 1452 2421 1276 2422 1452 2422 1283 2422 1283 2423 1452 2423 1453 2423 1283 2424 1453 2424 1454 2424 1452 2425 1451 2425 1455 2425 1450 2426 1449 2426 1456 2426 879 2427 880 2427 1457 2427 1457 2428 880 2428 881 2428 1449 2429 877 2429 1456 2429 1456 2430 877 2430 878 2430 1456 2431 878 2431 1458 2431 1451 2432 1450 2432 1455 2432 1455 2433 1450 2433 1456 2433 1455 2434 1456 2434 1459 2434 1459 2435 1456 2435 1458 2435 1459 2436 1458 2436 1460 2436 1453 2437 1452 2437 1461 2437 1461 2438 1452 2438 1455 2438 1461 2439 1455 2439 1462 2439 1462 2440 1455 2440 1459 2440 1462 2441 1459 2441 1463 2441 1463 2442 1459 2442 1460 2442 1454 2443 1453 2443 1464 2443 1464 2444 1453 2444 1461 2444 1464 2445 1461 2445 1465 2445 1465 2446 1461 2446 1462 2446 1465 2447 1462 2447 1466 2447 1466 2448 1462 2448 1463 2448 1466 2449 1463 2449 881 2449 1460 2450 881 2450 1463 2450 878 2451 879 2451 1458 2451 1458 2452 879 2452 1457 2452 1458 2453 1457 2453 1460 2453 1460 2454 1457 2454 881 2454 881 2455 882 2455 1467 2455 881 2456 1467 2456 1466 2456 1466 2457 1467 2457 1468 2457 1466 2458 1468 2458 1465 2458 1465 2459 1468 2459 1469 2459 1465 2460 1469 2460 1464 2460 1464 2461 1469 2461 1470 2461 1464 2462 1470 2462 1454 2462 1291 2463 1283 2463 1470 2463 1470 2464 1283 2464 1454 2464 1471 2465 1472 2465 1001 2465 1311 2466 1473 2466 1474 2466 1475 2467 1468 2467 1476 2467 1476 2468 1468 2468 1467 2468 1476 2469 1467 2469 1477 2469 1477 2470 1467 2470 882 2470 1477 2471 882 2471 1478 2471 1478 2472 882 2472 883 2472 1478 2473 883 2473 1479 2473 1038 2474 1036 2474 1480 2474 1311 2475 1313 2475 1473 2475 1473 2476 1313 2476 1315 2476 1473 2477 1315 2477 1481 2477 1481 2478 1315 2478 1317 2478 1481 2479 1317 2479 1482 2479 1471 2480 1001 2480 1483 2480 1483 2481 1001 2481 1087 2481 1483 2482 1087 2482 1085 2482 1085 2483 1084 2483 1483 2483 1483 2484 1084 2484 1089 2484 1483 2485 1089 2485 1474 2485 1474 2486 1089 2486 1091 2486 1474 2487 1091 2487 1311 2487 1469 2488 1468 2488 1002 2488 1002 2489 1468 2489 1475 2489 1002 2490 1475 2490 1031 2490 1031 2491 1475 2491 1040 2491 1317 2492 1319 2492 1482 2492 1482 2493 1319 2493 1305 2493 1482 2494 1305 2494 1484 2494 1484 2495 1305 2495 1297 2495 1484 2496 1297 2496 1485 2496 1485 2497 1297 2497 1296 2497 1485 2498 1296 2498 1486 2498 1486 2499 1296 2499 1295 2499 1486 2500 1295 2500 1487 2500 1487 2501 1295 2501 1294 2501 1487 2502 1294 2502 1488 2502 1488 2503 1294 2503 1293 2503 1488 2504 1293 2504 1489 2504 1489 2505 1293 2505 1292 2505 1489 2506 1292 2506 1472 2506 1472 2507 1292 2507 1287 2507 1472 2508 1287 2508 1001 2508 1001 2509 1287 2509 1288 2509 1001 2510 1288 2510 1289 2510 1480 2511 1036 2511 1475 2511 1475 2512 1036 2512 1035 2512 1475 2513 1035 2513 1040 2513 1490 2514 1052 2514 1491 2514 1491 2515 1052 2515 1054 2515 1491 2516 1054 2516 1492 2516 1492 2517 1054 2517 1056 2517 1492 2518 1056 2518 1480 2518 1480 2519 1056 2519 1058 2519 1480 2520 1058 2520 1038 2520 883 2521 887 2521 1479 2521 1479 2522 887 2522 886 2522 1479 2523 886 2523 1493 2523 1493 2524 886 2524 885 2524 1493 2525 885 2525 1494 2525 1494 2526 885 2526 884 2526 1494 2527 884 2527 1495 2527 1495 2528 884 2528 888 2528 1495 2529 888 2529 1496 2529 1496 2530 888 2530 1000 2530 1496 2531 1000 2531 1490 2531 1490 2532 1000 2532 1050 2532 1490 2533 1050 2533 1052 2533 1289 2534 1290 2534 1001 2534 1001 2535 1290 2535 1291 2535 1001 2536 1291 2536 1002 2536 1002 2537 1291 2537 1470 2537 1002 2538 1470 2538 1469 2538 1344 2539 1097 2539 1095 2539 1344 2540 1095 2540 1497 2540 1497 2541 1095 2541 1093 2541 1497 2542 1093 2542 1498 2542 1498 2543 1093 2543 1092 2543 1498 2544 1092 2544 1499 2544 1499 2545 1092 2545 1087 2545 1499 2546 1087 2546 1001 2546 1500 2547 1501 2547 1344 2547 1500 2548 1344 2548 1502 2548 1497 2549 1502 2549 1344 2549 1503 2550 1008 2550 1010 2550 1008 2551 1503 2551 1006 2551 1001 2552 1011 2552 1499 2552 1499 2553 1011 2553 1504 2553 1499 2554 1504 2554 1498 2554 1498 2555 1504 2555 1505 2555 1498 2556 1505 2556 1497 2556 1011 2557 1006 2557 1504 2557 1504 2558 1006 2558 1503 2558 1504 2559 1503 2559 1505 2559 1505 2560 1503 2560 1506 2560 1010 2561 1507 2561 1503 2561 1503 2562 1507 2562 1508 2562 1503 2563 1508 2563 1506 2563 1506 2564 1508 2564 1509 2564 1506 2565 1509 2565 1510 2565 1497 2566 1505 2566 1502 2566 1502 2567 1505 2567 1506 2567 1502 2568 1506 2568 1500 2568 1500 2569 1506 2569 1510 2569 1500 2570 1510 2570 1501 2570 1344 2571 1501 2571 736 2571 736 2572 1501 2572 1511 2572 1501 2573 1510 2573 1511 2573 1511 2574 1510 2574 1509 2574 1511 2575 1509 2575 1512 2575 1010 2576 743 2576 1507 2576 1507 2577 743 2577 1512 2577 1507 2578 1512 2578 1508 2578 1508 2579 1512 2579 1509 2579 1513 2580 1514 2580 1515 2580 1515 2581 1514 2581 1516 2581 1517 2582 1518 2582 1519 2582 1517 2583 1519 2583 1520 2583 1520 2584 1519 2584 1521 2584 1520 2585 1521 2585 1522 2585 1522 2586 1521 2586 1523 2586 1522 2587 1523 2587 1524 2587 1524 2588 1523 2588 1516 2588 1524 2589 1516 2589 1514 2589 745 2590 764 2590 1525 2590 745 2591 1525 2591 1526 2591 1526 2592 1525 2592 1527 2592 1526 2593 1527 2593 1528 2593 1528 2594 1527 2594 1529 2594 1528 2595 1529 2595 1530 2595 1530 2596 1529 2596 1518 2596 1530 2597 1518 2597 1517 2597 690 2598 743 2598 1531 2598 1531 2599 743 2599 1010 2599 1531 2600 1010 2600 1532 2600 1532 2601 1010 2601 1533 2601 683 2602 745 2602 1009 2602 1009 2603 745 2603 1526 2603 1009 2604 1526 2604 1528 2604 1522 2605 1524 2605 1010 2605 1514 2606 1513 2606 1524 2606 1524 2607 1513 2607 1534 2607 1528 2608 1530 2608 1009 2608 1009 2609 1530 2609 1517 2609 1009 2610 1517 2610 1010 2610 1010 2611 1517 2611 1520 2611 1010 2612 1520 2612 1522 2612 1534 2613 1535 2613 1524 2613 1524 2614 1535 2614 1536 2614 1524 2615 1536 2615 1010 2615 1010 2616 1536 2616 1537 2616 1010 2617 1537 2617 1533 2617 1537 2618 1538 2618 1539 2618 1537 2619 1539 2619 1533 2619 1533 2620 1539 2620 1540 2620 1533 2621 1540 2621 1532 2621 1532 2622 1540 2622 1541 2622 1532 2623 1541 2623 1531 2623 1531 2624 1541 2624 691 2624 1531 2625 691 2625 690 2625 1513 2626 1515 2626 1542 2626 1513 2627 1542 2627 1534 2627 1534 2628 1542 2628 1543 2628 1534 2629 1543 2629 1535 2629 1535 2630 1543 2630 1544 2630 1535 2631 1544 2631 1536 2631 1536 2632 1544 2632 1538 2632 1536 2633 1538 2633 1537 2633 789 2634 691 2634 810 2634 810 2635 691 2635 1541 2635 810 2636 1541 2636 812 2636 812 2637 1541 2637 1540 2637 812 2638 1540 2638 814 2638 814 2639 1540 2639 1539 2639 814 2640 1539 2640 816 2640 1539 2641 1538 2641 816 2641 816 2642 1538 2642 1544 2642 816 2643 1544 2643 818 2643 818 2644 1544 2644 1543 2644 818 2645 1543 2645 820 2645 820 2646 1543 2646 1542 2646 820 2647 1542 2647 787 2647 787 2648 1542 2648 1515 2648 787 2649 1515 2649 765 2649 765 2650 1515 2650 1516 2650 765 2651 1516 2651 822 2651 822 2652 1516 2652 1523 2652 822 2653 1523 2653 824 2653 824 2654 1523 2654 1521 2654 824 2655 1521 2655 826 2655 764 2656 799 2656 1525 2656 1525 2657 799 2657 832 2657 1525 2658 832 2658 1527 2658 1527 2659 832 2659 830 2659 1527 2660 830 2660 1529 2660 1529 2661 830 2661 828 2661 1529 2662 828 2662 1518 2662 1518 2663 828 2663 826 2663 1518 2664 826 2664 1519 2664 1519 2665 826 2665 1521 2665 1545 2666 1546 2666 1547 2666 1545 2667 1547 2667 1548 2667 1548 2668 1547 2668 1549 2668 1548 2669 1549 2669 1550 2669 1550 2670 1549 2670 1551 2670 1550 2671 1551 2671 1552 2671 1546 2672 1553 2672 1547 2672 1547 2673 1553 2673 1554 2673 1547 2674 1554 2674 1549 2674 1549 2675 1554 2675 1555 2675 1549 2676 1555 2676 1551 2676 1556 2677 1555 2677 1554 2677 1556 2678 1554 2678 1557 2678 1557 2679 1554 2679 1553 2679 1557 2680 1553 2680 1558 2680 1559 2681 1560 2681 1561 2681 1559 2682 1561 2682 1562 2682 1562 2683 1561 2683 1563 2683 1562 2684 1563 2684 1564 2684 1564 2685 1563 2685 1565 2685 1564 2686 1565 2686 1566 2686 1560 2687 1567 2687 1561 2687 1561 2688 1567 2688 1568 2688 1561 2689 1568 2689 1563 2689 1563 2690 1568 2690 1569 2690 1563 2691 1569 2691 1565 2691 1570 2692 1569 2692 1568 2692 1570 2693 1568 2693 1571 2693 1571 2694 1568 2694 1567 2694 1571 2695 1567 2695 1572 2695 1573 2696 1574 2696 1575 2696 1573 2697 1575 2697 1576 2697 1576 2698 1575 2698 1577 2698 1576 2699 1577 2699 1578 2699 1578 2700 1577 2700 1579 2700 1578 2701 1579 2701 1580 2701 1581 2702 1582 2702 1583 2702 1583 2703 1582 2703 1584 2703 1585 2704 1586 2704 1587 2704 1587 2705 1586 2705 1588 2705 1587 2706 1588 2706 1589 2706 1590 2707 1591 2707 1592 2707 1592 2708 1591 2708 1580 2708 1592 2709 1580 2709 1593 2709 1594 2710 1583 2710 1579 2710 1579 2711 1583 2711 1584 2711 1579 2712 1584 2712 1580 2712 1580 2713 1584 2713 1586 2713 1580 2714 1586 2714 1593 2714 1593 2715 1586 2715 1585 2715 1586 2716 1584 2716 1595 2716 1586 2717 1595 2717 1596 2717 1596 2718 1595 2718 1597 2718 1596 2719 1597 2719 1598 2719 1598 2720 1597 2720 1599 2720 1598 2721 1599 2721 1600 2721 1599 2722 1601 2722 1602 2722 1603 2723 1604 2723 1605 2723 1605 2724 1604 2724 1600 2724 1572 2725 1567 2725 1602 2725 1602 2726 1567 2726 1560 2726 1602 2727 1560 2727 1599 2727 1599 2728 1560 2728 1559 2728 1599 2729 1559 2729 1600 2729 1606 2730 1607 2730 1559 2730 1559 2731 1607 2731 1608 2731 1559 2732 1608 2732 1600 2732 1600 2733 1608 2733 1609 2733 1600 2734 1609 2734 1605 2734 1564 2735 1566 2735 1610 2735 1606 2736 1559 2736 1562 2736 1564 2737 1610 2737 1562 2737 1562 2738 1610 2738 1611 2738 1562 2739 1611 2739 1606 2739 1610 2740 1612 2740 1613 2740 1610 2741 1613 2741 1611 2741 1611 2742 1613 2742 1607 2742 1611 2743 1607 2743 1606 2743 1614 2744 1615 2744 1616 2744 1617 2745 1618 2745 1619 2745 1620 2746 1621 2746 1622 2746 1603 2747 1605 2747 1623 2747 1623 2748 1624 2748 1603 2748 1603 2749 1624 2749 1625 2749 1603 2750 1625 2750 1626 2750 1626 2751 1625 2751 1627 2751 1626 2752 1627 2752 1589 2752 1589 2753 1627 2753 1628 2753 1589 2754 1628 2754 1587 2754 1587 2755 1628 2755 1629 2755 1630 2756 1631 2756 1592 2756 1592 2757 1631 2757 1632 2757 1592 2758 1632 2758 1590 2758 1590 2759 1632 2759 1633 2759 1590 2760 1633 2760 1634 2760 1621 2761 1620 2761 1635 2761 1636 2762 1637 2762 1638 2762 1638 2763 1637 2763 1639 2763 1621 2764 1640 2764 1622 2764 1622 2765 1640 2765 1641 2765 1622 2766 1641 2766 1642 2766 1642 2767 1641 2767 1643 2767 1642 2768 1643 2768 1637 2768 1637 2769 1643 2769 1644 2769 1637 2770 1644 2770 1639 2770 1645 2771 1646 2771 1647 2771 1647 2772 1646 2772 1648 2772 1647 2773 1648 2773 1612 2773 1612 2774 1648 2774 1649 2774 1612 2775 1649 2775 1613 2775 1613 2776 1649 2776 1650 2776 1613 2777 1650 2777 1607 2777 1651 2778 1652 2778 1653 2778 1654 2779 1655 2779 1617 2779 1617 2780 1655 2780 1656 2780 1650 2781 1657 2781 1607 2781 1607 2782 1657 2782 1658 2782 1607 2783 1658 2783 1608 2783 1608 2784 1658 2784 1659 2784 1608 2785 1659 2785 1660 2785 1609 2786 1661 2786 1605 2786 1605 2787 1661 2787 1662 2787 1605 2788 1662 2788 1623 2788 1663 2789 1664 2789 1665 2789 1665 2790 1664 2790 1666 2790 1665 2791 1666 2791 1667 2791 1667 2792 1666 2792 1668 2792 1667 2793 1668 2793 1669 2793 1616 2794 1670 2794 1671 2794 1671 2795 1670 2795 1672 2795 1673 2796 1674 2796 1675 2796 1675 2797 1674 2797 1676 2797 1675 2798 1676 2798 1615 2798 1615 2799 1676 2799 1677 2799 1615 2800 1677 2800 1616 2800 1616 2801 1677 2801 1678 2801 1616 2802 1678 2802 1670 2802 1679 2803 1680 2803 1681 2803 1681 2804 1680 2804 1682 2804 1681 2805 1682 2805 1673 2805 1673 2806 1682 2806 1683 2806 1673 2807 1683 2807 1674 2807 1684 2808 1685 2808 1686 2808 1686 2809 1685 2809 1638 2809 1686 2810 1638 2810 1687 2810 1687 2811 1638 2811 1639 2811 1684 2812 1688 2812 1685 2812 1685 2813 1688 2813 1689 2813 1685 2814 1689 2814 1635 2814 1635 2815 1689 2815 1690 2815 1690 2816 1691 2816 1635 2816 1635 2817 1691 2817 1692 2817 1635 2818 1692 2818 1621 2818 1621 2819 1692 2819 1693 2819 1621 2820 1693 2820 1640 2820 1694 2821 1695 2821 1647 2821 1647 2822 1695 2822 1653 2822 1647 2823 1653 2823 1645 2823 1645 2824 1653 2824 1652 2824 1696 2825 1697 2825 1695 2825 1695 2826 1697 2826 1698 2826 1695 2827 1698 2827 1653 2827 1653 2828 1698 2828 1699 2828 1653 2829 1699 2829 1700 2829 1700 2830 1701 2830 1653 2830 1653 2831 1701 2831 1617 2831 1653 2832 1617 2832 1651 2832 1651 2833 1617 2833 1656 2833 1701 2834 1702 2834 1617 2834 1617 2835 1702 2835 1703 2835 1617 2836 1703 2836 1618 2836 1618 2837 1703 2837 1704 2837 1704 2838 1705 2838 1618 2838 1618 2839 1705 2839 1706 2839 1618 2840 1706 2840 1695 2840 1695 2841 1706 2841 1707 2841 1695 2842 1707 2842 1696 2842 1708 2843 1709 2843 1710 2843 1711 2844 1712 2844 1638 2844 1694 2845 1636 2845 1708 2845 1708 2846 1636 2846 1638 2846 1708 2847 1638 2847 1709 2847 1709 2848 1638 2848 1712 2848 1710 2849 1713 2849 1708 2849 1708 2850 1713 2850 1714 2850 1708 2851 1714 2851 1715 2851 1715 2852 1714 2852 1716 2852 1716 2853 1717 2853 1715 2853 1715 2854 1717 2854 1718 2854 1715 2855 1718 2855 1685 2855 1718 2856 1719 2856 1685 2856 1685 2857 1719 2857 1720 2857 1685 2858 1720 2858 1638 2858 1638 2859 1720 2859 1721 2859 1638 2860 1721 2860 1711 2860 1608 2861 1722 2861 1609 2861 1609 2862 1722 2862 1723 2862 1609 2863 1723 2863 1661 2863 1724 2864 1725 2864 1715 2864 1715 2865 1725 2865 1726 2865 1715 2866 1726 2866 1727 2866 1728 2867 1729 2867 1614 2867 1614 2868 1729 2868 1730 2868 1694 2869 1708 2869 1695 2869 1695 2870 1708 2870 1715 2870 1695 2871 1715 2871 1618 2871 1618 2872 1715 2872 1727 2872 1618 2873 1727 2873 1731 2873 1731 2874 1732 2874 1618 2874 1618 2875 1732 2875 1733 2875 1618 2876 1733 2876 1619 2876 1619 2877 1733 2877 1734 2877 1619 2878 1734 2878 1735 2878 1635 2879 1675 2879 1685 2879 1685 2880 1675 2880 1615 2880 1685 2881 1615 2881 1715 2881 1715 2882 1615 2882 1614 2882 1715 2883 1614 2883 1724 2883 1724 2884 1614 2884 1730 2884 1633 2885 1679 2885 1634 2885 1634 2886 1679 2886 1681 2886 1634 2887 1681 2887 1736 2887 1736 2888 1681 2888 1673 2888 1736 2889 1673 2889 1737 2889 1737 2890 1673 2890 1675 2890 1737 2891 1675 2891 1738 2891 1738 2892 1675 2892 1635 2892 1738 2893 1635 2893 1739 2893 1739 2894 1635 2894 1620 2894 1740 2895 1741 2895 1667 2895 1742 2896 1743 2896 1744 2896 1744 2897 1743 2897 1745 2897 1744 2898 1745 2898 1746 2898 1746 2899 1740 2899 1744 2899 1744 2900 1740 2900 1667 2900 1744 2901 1667 2901 1722 2901 1722 2902 1667 2902 1669 2902 1722 2903 1669 2903 1723 2903 1741 2904 1747 2904 1667 2904 1667 2905 1747 2905 1748 2905 1667 2906 1748 2906 1665 2906 1665 2907 1748 2907 1749 2907 1749 2908 1750 2908 1665 2908 1665 2909 1750 2909 1751 2909 1665 2910 1751 2910 1752 2910 1752 2911 1751 2911 1753 2911 1753 2912 1742 2912 1752 2912 1752 2913 1742 2913 1744 2913 1752 2914 1744 2914 1754 2914 1755 2915 1756 2915 1757 2915 1757 2916 1756 2916 1758 2916 1757 2917 1758 2917 1759 2917 1660 2918 1654 2918 1608 2918 1608 2919 1654 2919 1617 2919 1608 2920 1617 2920 1722 2920 1722 2921 1617 2921 1619 2921 1722 2922 1619 2922 1744 2922 1744 2923 1619 2923 1757 2923 1744 2924 1757 2924 1754 2924 1754 2925 1757 2925 1759 2925 1754 2926 1759 2926 1760 2926 1760 2927 1761 2927 1754 2927 1754 2928 1761 2928 1762 2928 1754 2929 1762 2929 1671 2929 1763 2930 1764 2930 1616 2930 1762 2931 1765 2931 1671 2931 1671 2932 1765 2932 1766 2932 1671 2933 1766 2933 1616 2933 1616 2934 1766 2934 1767 2934 1616 2935 1767 2935 1763 2935 1735 2936 1728 2936 1619 2936 1619 2937 1728 2937 1614 2937 1619 2938 1614 2938 1757 2938 1757 2939 1614 2939 1616 2939 1757 2940 1616 2940 1755 2940 1755 2941 1616 2941 1764 2941 1672 2942 1630 2942 1671 2942 1671 2943 1630 2943 1592 2943 1671 2944 1592 2944 1754 2944 1754 2945 1592 2945 1593 2945 1754 2946 1593 2946 1752 2946 1752 2947 1593 2947 1585 2947 1752 2948 1585 2948 1665 2948 1665 2949 1585 2949 1587 2949 1665 2950 1587 2950 1663 2950 1663 2951 1587 2951 1629 2951 1558 2952 1553 2952 1570 2952 1570 2953 1553 2953 1546 2953 1612 2954 1610 2954 1647 2954 1647 2955 1610 2955 1566 2955 1647 2956 1566 2956 1694 2956 1636 2957 1545 2957 1637 2957 1637 2958 1545 2958 1768 2958 1637 2959 1768 2959 1642 2959 1569 2960 1570 2960 1565 2960 1565 2961 1570 2961 1546 2961 1565 2962 1546 2962 1566 2962 1566 2963 1546 2963 1545 2963 1566 2964 1545 2964 1694 2964 1694 2965 1545 2965 1636 2965 1550 2966 1552 2966 1769 2966 1768 2967 1545 2967 1548 2967 1550 2968 1769 2968 1548 2968 1548 2969 1769 2969 1770 2969 1548 2970 1770 2970 1768 2970 1769 2971 1620 2971 1622 2971 1769 2972 1622 2972 1770 2972 1770 2973 1622 2973 1642 2973 1770 2974 1642 2974 1768 2974</p>
        </triangles>
      </mesh>
    </geometry>
    </library_geometries>
  <library_visual_scenes>
    <visual_scene id="Scene" name="Scene">
      <node id="link_3" name="link_3" type="NODE">
        <matrix sid="transform">1 0 0 0 0 1 0 0 0 0 1 0 0 0 0 1</matrix>
        <instance_geometry url="#link_3-mesh" name="link_3" />
      </node>
      </visual_scene>
  </library_visual_scenes>
  <scene>
    <instance_visual_scene url="#Scene" />
  </scene>
</COLLADA>