<?xml version='1.0' encoding='utf-8'?>
<COLLADA xmlns="http://www.collada.org/2005/11/COLLADASchema" version="1.4.1">
  <asset>
    <contributor>
      <author>Blender User</author>
      <authoring_tool>Blender 4.5.7 LTS commit date:2026-02-16, commit time:13:34, hash:a9874eeece8d</authoring_tool>
    </contributor>
    <created>2026-06-15T02:29:36</created>
    <modified>2026-06-16T00:38:35</modified>
    <unit name="meter" meter="1" />
    <up_axis>Z_UP</up_axis>
  </asset>
  <library_cameras>
    <camera id="Camera-camera" name="Camera">
      <optics>
        <technique_common>
          <perspective>
            <xfov sid="xfov">39.59775</xfov>
            <aspect_ratio>1.777778</aspect_ratio>
            <znear sid="znear">0.1</znear>
            <zfar sid="zfar">100</zfar>
          </perspective>
        </technique_common>
      </optics>
      <extra>
        <technique profile="blender">
          <shiftx sid="shiftx" type="float">0</shiftx>
          <shifty sid="shifty" type="float">0</shifty>
          <dof_distance sid="dof_distance" type="float">10</dof_distance>
        </technique>
      </extra>
    </camera>
  </library_cameras>
  <library_lights>
    <light id="Light-light" name="Light">
      <technique_common>
        <point>
          <color sid="color">1000 1000 1000</color>
          <constant_attenuation>1</constant_attenuation>
          <linear_attenuation>0</linear_attenuation>
          <quadratic_attenuation>0</quadratic_attenuation>
        </point>
      </technique_common>
      <extra>
        <technique profile="blender">
          <type sid="type" type="int">0</type>
          <flag sid="flag" type="int">0</flag>
          <mode sid="mode" type="int">2097153</mode>
          <red sid="red" type="float">1</red>
          <green sid="green" type="float">1</green>
          <blue sid="blue" type="float">1</blue>
          <energy sid="blender_energy" type="float">1000</energy>
          <spotsize sid="spotsize" type="float">75</spotsize>
          <spotblend sid="spotblend" type="float">0.15</spotblend>
          <clipsta sid="clipsta" type="float">0.04999995</clipsta>
          <clipend sid="clipend" type="float">40</clipend>
          <radius sid="radius" type="float">0.1</radius>
          <area_shape sid="area_shape" type="int">1</area_shape>
          <area_size sid="area_size" type="float">0.1</area_size>
          <area_sizey sid="area_sizey" type="float">0.1</area_sizey>
          <area_sizez sid="area_sizez" type="float">1</area_sizez>
        </technique>
      </extra>
    </light>
  </library_lights>
  <library_geometries>
    <geometry id="link_4-mesh" name="link_4">
      <mesh>
        <source id="link_4-mesh-positions">
          <float_array id="link_4-mesh-positions-array" count="7998">-0.01899999 -0.03420466 0.04935061 -0.01992243 -0.01420837 0.04895031 -0.01992243 -0.03420627 0.04924279 -0.02079516 -0.01421302 0.04863274 -0.02079516 -0.03421086 0.04892516 -0.02157109 -0.01422047 0.0481224 -0.02157109 -0.03421837 0.04841488 -0.02220845 -0.01423037 0.04744696 -0.02220845 -0.0342282 0.04773938 -0.02267283 -0.01424211 0.04664272 -0.02267283 -0.03424 0.0469352 -0.0229392 -0.01425516 0.04575306 -0.0229392 -0.034253 0.04604554 -0.0229932 -0.01426869 0.04482603 -0.0229932 -0.03426653 0.04511845 -0.02283191 -0.01428204 0.04391145 -0.02283191 -0.03427994 0.04420393 -0.02246409 -0.01429456 0.04305875 -0.02246409 -0.03429239 0.04335123 -0.02190947 -0.01430541 0.04231387 -0.02190947 -0.0343033 0.04260635 -0.02119803 -0.01431417 0.04171699 -0.02119803 -0.034312 0.04200941 -0.02036803 -0.01432025 0.04130017 -0.02036803 -0.03431814 0.04159265 -0.01946437 -0.01432341 0.04108601 -0.01946437 -0.03432124 0.04137849 -0.01853561 -0.01432341 0.04108601 -0.01853561 -0.03432124 0.04137849 -0.01763188 -0.01432025 0.04130017 -0.01763188 -0.03431814 0.04159265 -0.01680195 -0.01431417 0.04171699 -0.01680195 -0.034312 0.04200941 -0.01609045 -0.01430541 0.04231387 -0.01609045 -0.0343033 0.04260635 -0.01553589 -0.01429456 0.04305875 -0.01553589 -0.03429239 0.04335123 -0.01516801 -0.01428204 0.04391145 -0.01516801 -0.03427994 0.04420393 -0.01500672 -0.01426869 0.04482603 -0.01500672 -0.03426653 0.04511845 -0.01506072 -0.01425516 0.04575306 -0.01506072 -0.034253 0.04604554 -0.01532709 -0.01424211 0.04664272 -0.01532709 -0.03424 0.0469352 -0.01579147 -0.01423037 0.04744696 -0.01579147 -0.0342282 0.04773938 -0.01642882 -0.01422047 0.0481224 -0.01642882 -0.03421837 0.04841488 -0.01720476 -0.01421302 0.04863274 -0.01720476 -0.03421086 0.04892516 -0.01807749 -0.01420837 0.04895031 -0.01807749 -0.03420627 0.04924279 -0.01899999 -0.01420682 0.04905813 -0.01899999 -0.01426529 0.04505854 -0.01899999 -0.03426313 0.04535102 -0.01899999 -0.03405845 0.05934953 -0.01992243 -0.01406216 0.05894923 -0.01992243 -0.03406 0.05924171 -0.02079516 -0.01406681 0.05863165 -0.02079516 -0.03406465 0.05892407 -0.02157109 -0.01407426 0.05812132 -0.02157109 -0.0340721 0.0584138 -0.02220845 -0.01408416 0.05744588 -0.02220845 -0.03408199 0.05773836 -0.02267283 -0.0140959 0.05664163 -0.02267283 -0.03409373 0.05693411 -0.0229392 -0.01410889 0.05575203 -0.0229392 -0.03410679 0.05604445 -0.0229932 -0.01412248 0.05482494 -0.0229932 -0.03412032 0.05511742 -0.02283191 -0.01413583 0.05391043 -0.02283191 -0.03413373 0.05420285 -0.02246409 -0.01414829 0.05305773 -0.02246409 -0.03414618 0.05335015 -0.02190947 -0.0141592 0.05231285 -0.02190947 -0.03415709 0.05260527 -0.02119803 -0.01416796 0.05171591 -0.02119803 -0.03416579 0.05200839 -0.02036803 -0.01417404 0.05129915 -0.02036803 -0.03417187 0.05159157 -0.01946437 -0.01417714 0.05108499 -0.01946437 -0.03417503 0.05137741 -0.01853561 -0.01417714 0.05108499 -0.01853561 -0.03417503 0.05137741 -0.01763188 -0.01417404 0.05129915 -0.01763188 -0.03417187 0.05159157 -0.01680195 -0.01416796 0.05171591 -0.01680195 -0.03416579 0.05200839 -0.01609045 -0.0141592 0.05231285 -0.01609045 -0.03415709 0.05260527 -0.01553589 -0.01414829 0.05305773 -0.01553589 -0.03414618 0.05335015 -0.01516801 -0.01413583 0.05391043 -0.01516801 -0.03413373 0.05420285 -0.01500672 -0.01412248 0.05482494 -0.01500672 -0.03412032 0.05511742 -0.01506072 -0.01410889 0.05575203 -0.01506072 -0.03410679 0.05604445 -0.01532709 -0.0140959 0.05664163 -0.01532709 -0.03409373 0.05693411 -0.01579147 -0.01408416 0.05744588 -0.01579147 -0.03408199 0.05773836 -0.01642882 -0.01407426 0.05812132 -0.01642882 -0.0340721 0.0584138 -0.01720476 -0.01406681 0.05863165 -0.01720476 -0.03406465 0.05892407 -0.01807749 -0.01406216 0.05894923 -0.01807749 -0.03406 0.05924171 -0.01899999 -0.01406055 0.05905705 -0.01899999 -0.01411908 0.05505752 -0.01899999 -0.03411692 0.05534994 0.02799999 -0.02707105 0.1492152 0.02799999 -0.02828425 0.1482843 0.02799999 -0.02676522 0.1497257 0.02799999 0.02414208 0.15 0.02799999 -0.004181087 0.1597809 0.02799999 0.004181087 0.1597809 0.02799999 -0.02414208 0.15 0.02799999 -0.01999998 0.154641 0.02799999 -0.01236063 0.1580423 0.02799999 0.01236063 0.1580423 0.02799999 0.01999998 0.154641 0.02799999 0.02707105 0.1492152 0.02799999 0.02676522 0.1497257 0.02799999 0.02828425 0.1482843 0.02799999 0.02921515 0.147071 0.02799999 0.03236067 0.1435114 0.02799999 0.02999997 0.1441421 0.02799999 -0.02921515 0.09292888 0.02799999 -0.03999996 0.00999999 0.02799999 -0.02999997 0.09585785 0.02799999 -0.03999996 0.12 0.02799999 0 0.05916994 0.02799999 -0.002040505 0.05894005 0.02799999 -0.02707105 0.09078478 0.02799999 -0.005717396 0.05716937 0.02799999 -0.008261859 0.05397868 0.02799999 -0.009169995 0.04999995 0.02799999 -0.008261859 0.04602128 0.02799999 -0.005717396 0.04283058 0.02799999 -0.002040505 0.04105991 0.02799999 0.03999996 0.00999999 0.02799999 0.002040505 0.04105991 0.02799999 0.005717396 0.04283058 0.02799999 0.008261859 0.04602128 0.02799999 0.009169995 0.04999995 0.02799999 0.02707105 0.09078478 0.02799999 0.008261859 0.05397868 0.02799999 0.02414208 0.08999997 0.02799999 0.005717396 0.05716937 0.02799999 -0.02414208 0.08999997 0.02799999 0.02921515 0.09292888 0.02799999 0.02999997 0.09585785 0.02799999 0.03999996 0.12 0.02799999 0.03912585 0.1283164 0.02799999 -0.02921515 0.147071 0.02799999 -0.03236067 0.1435114 0.02799999 -0.02999997 0.1441421 0.02799999 -0.03654181 0.1362695 0.02799999 -0.03912585 0.1283164 0.02799999 0.002040505 0.05894005 0.02799999 0.03654181 0.1362695 -0.007799983 -0.01350998 0.00999999 -0.01195025 -0.01002746 0.00999999 -0.03499996 -0.03999996 0.00999999 -0.01195025 0.01002746 0.00999999 -0.007799983 0.01350998 0.00999999 -0.03499996 0.03999996 0.00999999 -0.002708911 0.01536297 0.00999999 0.002708911 0.01536297 0.00999999 0.007799983 0.01350998 0.00999999 0.01559996 0 0.00999999 0.01465916 -0.005335509 0.00999999 0.01195025 -0.01002746 0.00999999 0.007799983 -0.01350998 0.00999999 0.002708911 -0.01536297 0.00999999 -0.002708911 -0.01536297 0.00999999 -0.01465916 -0.005335509 0.00999999 -0.01559996 0 0.00999999 -0.01465916 0.005335509 0.00999999 0.01195025 0.01002746 0.00999999 0.01465916 0.005335509 0.00999999 -0.03499996 -0.03999996 0 0.03799998 -0.03999996 0 0.03799998 -0.03999996 0.12 0.03799998 0.03999996 0.12 0.03799998 0.03999996 0 -0.03499996 0.03999996 0 0.03799998 0.03999996 0 0.01465916 0.005335509 0 0.01195025 0.01002746 0 0.007799983 0.01350998 0 0.002708911 0.01536297 0 -0.002708911 0.01536297 0 -0.007799983 0.01350998 0 -0.01195025 0.01002746 0 -0.01465916 0.005335509 0 -0.01559996 0 0 -0.01465916 -0.005335509 0 -0.01195025 -0.01002746 0 -0.007799983 -0.01350998 0 -0.002708911 -0.01536297 0 0.03799998 -0.03999996 0 0.002708911 -0.01536297 0 0.007799983 -0.01350998 0 0.01195025 -0.01002746 0 0.01465916 -0.005335509 0 0.01559996 0 0 0.01559996 0 0 0.03799998 -0.03912585 0.1283164 0.03799998 -0.03654181 0.1362695 0.03799998 -0.03236067 0.1435114 0.03799998 -0.02676522 0.1497257 0.03799998 -0.01999998 0.154641 0.03799998 -0.01236063 0.1580423 0.03799998 -0.004181087 0.1597809 0.03799998 0.004181087 0.1597809 0.03799998 0.01236063 0.1580423 0.03799998 0.01999998 0.154641 0.03799998 0.02676522 0.1497257 0.03799998 0.03236067 0.1435114 0.03799998 0.03654181 0.1362695 0.03799998 0.03912585 0.1283164 0.03799998 0.009526252 0.1255 0.03799998 0.006465613 0.1288992 0.03799998 0.00228697 0.1307596 0.03799998 -0.009526252 0.1255 0.03799998 -0.006465613 0.1288992 0.03799998 0.01093971 0.1211498 0.03799998 -0.00228697 0.1307596 0.03799998 0 0.131 0.03799998 0.008174538 0.1126396 0.03799998 0 0.06099998 0.03799998 0.01046156 0.1166008 0.03799998 0.00228697 0.0607596 0.03799998 0.006465613 0.05889916 0.03799998 0.009526252 0.05549997 0.03799998 0.01093971 0.05114978 0.03799998 0.03999996 0 0.03799998 0.01046156 0.04660081 0.03799998 0.008174538 0.04263955 0.03799998 0.004474103 0.03995096 0.03799998 0 0.03899997 0.03799998 -0.03999996 0 0.03799998 -0.004474103 0.03995096 0.03799998 -0.008174538 0.04263955 0.03799998 -0.01046156 0.04660081 0.03799998 -0.01093971 0.05114978 0.03799998 -0.009526252 0.05549997 0.03799998 -0.006465613 0.05889916 0.03799998 -0.01093971 0.1211498 0.03799998 0.004474103 0.109951 0.03799998 0 0.109 0.03799998 -0.00228697 0.0607596 0.03799998 -0.004474103 0.109951 0.03799998 -0.008174538 0.1126396 0.03799998 -0.01046156 0.1166008 0.02799999 0 0.05916994 0.01499998 0.002040505 0.05894005 0.01499998 0.005717396 0.05716937 0.01499998 0.008261859 0.05397868 0.01499998 0.009169995 0.04999995 0.01499998 0.008261859 0.04602128 0.01499998 0.005717396 0.04283058 0.01499998 0.002040505 0.04105991 0.01499998 -0.002040505 0.04105991 0.01499998 -0.005717396 0.04283058 0.01499998 -0.008261859 0.04602128 0.01499998 -0.009169995 0.04999995 0.01499998 -0.008261859 0.05397868 0.01499998 -0.005717396 0.05716937 0.01499998 -0.002040505 0.05894005 0.01499998 0 0.04999995 0.04299998 -0.00228697 0.1307596 0.04299998 0 0.131 0.03799998 0 0.131 0.04299998 0.00228697 0.1307596 0.04299998 0.006465613 0.1288992 0.04299998 0.009526252 0.1255 0.04299998 0.01093971 0.1211498 0.04299998 0.01046156 0.1166008 0.04299998 0.008174538 0.1126396 0.04299998 0.004474103 0.109951 0.04299998 0 0.109 0.04299998 -0.004474103 0.109951 0.04299998 -0.008174538 0.1126396 0.04299998 -0.01046156 0.1166008 0.04299998 -0.01093971 0.1211498 0.04299998 -0.009526252 0.1255 0.04299998 -0.006465613 0.1288992 0.04299998 -0.007445275 0.1190959 0.04299998 -0.006172358 0.1157395 0.04299998 -0.003485381 0.113359 0.04299998 0 0.1125 0.04299998 0.003485381 0.113359 0.04299998 0.006172358 0.1157395 0.04299998 0.007445275 0.1190959 0.04299998 0.007012605 0.1226595 0.04299998 0.004973411 0.1256138 0.04299998 0.001794815 0.127282 0.04299998 0 0.1274999 0.04299998 0 0.131 0.04299998 -0.001794815 0.127282 0.04299998 -0.004973411 0.1256138 0.04299998 -0.007012605 0.1226595 0.06 0 0.1125 0.06 0.003485381 0.113359 0.06 0 0.12 0.06 -0.007445275 0.1190959 0.06 -0.006172358 0.1157395 0.06 -0.003485381 0.113359 0.06 -0.001794815 0.127282 0.06 -0.004973411 0.1256138 0.06 -0.007012605 0.1226595 0.06 0.007012605 0.1226595 0.06 0.004973411 0.1256138 0.06 0.001794815 0.127282 0.06 0.006172358 0.1157395 0.06 0.007445275 0.1190959 0.04299998 0 0.1274999 0.04299998 0 0.1125 0.04299998 -0.00228697 0.0607596 0.04299998 0 0.06099998 0.03799998 0 0.06099998 0.04299998 0.00228697 0.0607596 0.04299998 0.006465613 0.05889916 0.04299998 0.009526252 0.05549997 0.04299998 0.01093971 0.05114978 0.04299998 0.01046156 0.04660081 0.04299998 0.008174538 0.04263955 0.04299998 0.004474103 0.03995096 0.04299998 0 0.03899997 0.04299998 -0.004474103 0.03995096 0.04299998 -0.008174538 0.04263955 0.04299998 -0.01046156 0.04660081 0.04299998 -0.01093971 0.05114978 0.04299998 -0.009526252 0.05549997 0.04299998 -0.006465613 0.05889916 0.04299998 0.002040505 0.04105991 0.04299998 0.005717396 0.04283058 0.04299998 0.008261859 0.04602128 0.04299998 0.009169995 0.04999995 0.04299998 0.008261859 0.05397868 0.04299998 0.005717396 0.05716937 0.04299998 0.002040505 0.05894005 0.04299998 0 0.05916994 0.04299998 0 0.06099998 0.04299998 -0.002040505 0.05894005 0.04299998 -0.005717396 0.05716937 0.04299998 -0.008261859 0.05397868 0.04299998 -0.009169995 0.04999995 0.04299998 -0.008261859 0.04602128 0.04299998 -0.005717396 0.04283058 0.04299998 -0.002040505 0.04105991 0.06 0.009169995 0.04999995 0.06 0.008261859 0.05397868 0.06 0 0.04999995 0.06 0.008261859 0.04602128 0.06 -0.002040505 0.04105991 0.06 0.002040505 0.04105991 0.06 0.005717396 0.04283058 0.06 -0.009169995 0.04999995 0.06 -0.008261859 0.04602128 0.06 -0.005717396 0.04283058 0.06 -0.002040505 0.05894005 0.06 -0.005717396 0.05716937 0.06 -0.008261859 0.05397868 0.06 0.005717396 0.05716937 0.06 0.002040505 0.05894005 0.04299998 0 0.05916994 -0.00999999 0.02414208 0.15 -0.00999999 0.02707105 0.1492152 -0.00999999 0.02921515 0.147071 -0.00999999 0.02999997 0.1441421 -0.00999999 0.02999997 0.09585785 -0.00999999 0.02921515 0.09292888 -0.00999999 0.02707105 0.09078478 -0.00999999 0.02414208 0.08999997 -0.00999999 -0.02414208 0.08999997 -0.00999999 -0.02707105 0.09078478 -0.00999999 -0.02921515 0.09292888 -0.00999999 -0.02999997 0.09585785 -0.00999999 -0.02999997 0.1441421 -0.00999999 -0.02921515 0.147071 -0.00999999 -0.02707105 0.1492152 -0.00999999 -0.02414208 0.15 -0.00999999 0 0.092 -0.00999999 0.01399999 0.1442487 -0.00999999 0.007246911 0.1470459 -0.00999999 0 0.148 -0.00999999 0.01979899 0.1397989 -0.00999999 0.02424865 0.134 -0.00999999 -0.01979899 0.1397989 -0.00999999 -0.02424865 0.134 -0.00999999 -0.0270459 0.1272469 -0.00999999 -0.02799999 0.12 -0.00999999 0.01979899 0.100201 -0.00999999 0.02424865 0.106 -0.00999999 0.0270459 0.112753 -0.00999999 0.02799999 0.12 -0.00999999 0.0270459 0.1272469 -0.00999999 0.007246911 0.09295403 -0.00999999 0.01399999 0.09575128 -0.00999999 -0.01979899 0.100201 -0.00999999 -0.01399999 0.09575128 -0.00999999 -0.007246911 0.09295403 -0.00999999 -0.007246911 0.1470459 -0.00999999 -0.01399999 0.1442487 -0.00999999 -0.0270459 0.112753 -0.00999999 -0.02424865 0.106 -0.01699995 0 0.1125 -0.01699995 -0.003485381 0.113359 -0.01699995 0 0.12 -0.01699995 0.007445275 0.1190959 -0.01699995 0.006172358 0.1157395 -0.01699995 0.003485381 0.113359 -0.01699995 0.001794815 0.127282 -0.01699995 0.004973411 0.1256138 -0.01699995 0.007012605 0.1226595 -0.01699995 -0.007012605 0.1226595 -0.01699995 -0.004973411 0.1256138 -0.01699995 -0.001794815 0.127282 -0.01699995 -0.006172358 0.1157395 -0.01699995 -0.007445275 0.1190959 -0.01699995 0 0.1125 -0.01499998 -0.003485381 0.113359 -0.01499998 -0.006172358 0.1157395 -0.01499998 -0.007445275 0.1190959 -0.01499998 -0.007012605 0.1226595 -0.01499998 -0.004973411 0.1256138 -0.01499998 -0.001794815 0.127282 -0.01499998 0.001794815 0.127282 -0.01499998 0.004973411 0.1256138 -0.01499998 0.007012605 0.1226595 -0.01499998 0.007445275 0.1190959 -0.01499998 0.006172358 0.1157395 -0.01499998 0.003485381 0.113359 -0.01499998 0 0.1125 -0.01499998 -0.007246911 0.09295403 -0.01499998 0.007246911 0.09295403 -0.01499998 0 0.092 -0.01499998 0 0.148 -0.01499998 0.01979899 0.100201 -0.01499998 0.01399999 0.09575128 -0.01499998 0.0270459 0.112753 -0.01499998 0.02424865 0.106 -0.01499998 0.02424865 0.134 -0.01499998 0.0270459 0.1272469 -0.01499998 0.02799999 0.12 -0.01499998 0.007246911 0.1470459 -0.01499998 0.01399999 0.1442487 -0.01499998 0.01979899 0.1397989 -0.01499998 -0.01399999 0.1442487 -0.01499998 -0.007246911 0.1470459 -0.01499998 -0.02424865 0.134 -0.01499998 -0.01979899 0.1397989 -0.01499998 -0.01399999 0.09575128 -0.01499998 -0.01979899 0.100201 -0.01499998 -0.02424865 0.106 -0.01499998 -0.0270459 0.112753 -0.01499998 -0.02799999 0.12 -0.01499998 -0.0270459 0.1272469 -0.00999999 0 0.148 -0.01499998 0 0.092 -0.00999999 0 0.092 0.003999948 -0.02894723 0.03583097 0.003999948 -0.02913093 0.03604274 -0.00999999 -0.02913093 0.03604274 0.003999948 -0.03088784 0.03680074 -0.00999999 -0.03088784 0.03680074 0.003999948 -0.0303325 0.03672993 -0.00999999 -0.02993398 0.03659647 0.003999948 -0.02933722 0.03623259 0.003999948 -0.02980685 0.03653734 0.003999948 -0.02993398 0.03659647 0.003999948 -0.02865636 0.0353527 -0.00999999 -0.02860093 0.03522384 0.003999948 -0.02860093 0.03522384 0.003999948 -0.02847921 0.03482162 -0.00999999 -0.02842468 0.03426444 0.003999948 -0.02842468 0.03426444 0.004377305 -0.02977383 0.03660345 0.00499916 -0.02778577 0.03575634 0.004999995 -0.02771085 0.03568798 0.004999995 -0.02815592 0.03644329 0.004999995 -0.02986907 0.0376383 0.004999995 -0.03009569 0.0377019 0.00499916 -0.03010529 0.03766226 0.004999995 -0.03087317 0.03780066 0.00499916 -0.02937787 0.03739571 0.004999995 -0.02935969 0.03743207 0.004999995 -0.02824497 0.03655332 0.004999995 -0.02870213 0.03700554 0.00499916 -0.02872806 0.03697401 0.004999995 -0.02900677 0.03722971 0.00499916 -0.02818828 0.03641825 0.004999995 -0.02745604 0.03477418 0.004999995 -0.02750062 0.03503 0.00499916 -0.02754062 0.03502142 0.00499916 -0.02746516 0.03425043 0.004999995 -0.02742475 0.03424984 0.004920899 -0.02894985 0.03670406 0.004920899 -0.02846461 0.03620445 0.004707098 -0.02915132 0.0364589 0.004707098 -0.02871561 0.03601026 0.004377305 -0.02929031 0.03628969 0.004377305 -0.02888876 0.03587621 0.004920899 -0.02810269 0.03560936 0.004707098 -0.02839064 0.0354759 0.004377305 -0.0285893 0.03538376 0.00499916 -0.03087377 0.03776025 0.004920899 -0.0308789 0.03741091 0.004920899 -0.03018802 0.03732281 0.004707098 -0.03088355 0.03709363 0.004707098 -0.03026318 0.03701448 0.004377305 -0.03088676 0.03687465 0.004377305 -0.03031498 0.03680175 0.004920899 -0.02953404 0.0370832 0.004707098 -0.02967596 0.03679937 0.004920899 -0.02788233 0.0349487 0.004707098 -0.02819269 0.0348826 0.004377305 -0.02840691 0.034837 0.004920899 -0.02781444 0.03425556 0.004707098 -0.02813178 0.03426015 0.004377305 -0.02835071 0.03426337 0.004999995 -0.02744668 0.03275001 0.00492388 -0.02782934 0.03275561 0.004707098 -0.02815371 0.03276032 0.004382669 -0.02837049 0.03276354 0.003999948 -0.02844661 0.03276461 0.003999948 -0.02831995 0.03226274 0.003999948 -0.02816408 0.03205329 0.004270553 -0.02811026 0.03205251 0.003999948 -0.02795928 0.0318914 0.003999948 -0.02784281 0.0318318 0.004146397 -0.02781373 0.03183138 0.003999948 -0.02746129 0.03175008 0.004353523 -0.02760666 0.03182834 0.004270553 -0.02773076 0.03183019 0.004382669 -0.02746021 0.03182619 0.004499971 -0.02795696 0.03205031 0.004653275 -0.0277276 0.03204691 0.003999948 -0.0283761 0.03238087 0.004353523 -0.02830576 0.03237986 0.004499971 -0.02745938 0.03188407 0.004707098 -0.02745705 0.03204298 0.004866003 -0.02745401 0.03225004 0.004653275 -0.02810549 0.03237688 0.004853546 -0.0278058 0.03237253 0.00492388 -0.02745229 0.03236734 0.004999995 -0.02144736 0.03266227 0.004866003 -0.02145463 0.0321623 0.004499971 -0.02145999 0.03179633 0.003999948 -0.02146196 0.03166234 0.004926502 -0.02692937 0.06812238 0.004999995 -0.02693486 0.06774628 0.004999995 -0.02093553 0.06765854 0.004926502 -0.02093005 0.06803464 0.004710376 -0.02092522 0.06836223 0.004710376 -0.02692461 0.06844997 0.004384815 -0.02092206 0.0685814 0.004384815 -0.02692139 0.06866914 0.003999948 -0.02092093 0.06865841 0.003999948 -0.02692025 0.06874614 0.003999948 -0.02793478 0.06776088 0.004382669 -0.02785867 0.06775975 0.003999948 -0.02785587 0.06813591 0.004354536 -0.0277853 0.0681349 0.003999948 -0.02763497 0.06846034 0.004271864 -0.02758085 0.06845957 0.003999948 -0.02730619 0.06867474 0.004147231 -0.02727693 0.06867432 0.004707098 -0.02764195 0.06775659 0.00492388 -0.02731752 0.06775188 0.004655122 -0.02758449 0.06813192 0.00485599 -0.0272839 0.06812757 0.004502296 -0.02742689 0.0684573 0.004656314 -0.02719646 0.0684539 0.004272103 -0.02719348 0.06867313 0.004355549 -0.02706867 0.06867128 0.004999995 -0.02695679 0.06624644 0.00499916 -0.0269972 0.06624704 0.004920899 -0.02734655 0.06625211 0.004707098 -0.02766388 0.06625676 0.004377305 -0.02788281 0.06625998 0.003999948 -0.02795672 0.06626105 0.004999995 -0.03200745 0.06281989 0.004999995 -0.03050762 0.06279796 0.00499916 -0.03050702 0.06283837 0.00492388 -0.03200185 0.06320255 0.004920899 -0.03050196 0.06318771 0.004707098 -0.03049731 0.06350499 0.004707098 -0.03199714 0.06352692 0.004377305 -0.03049409 0.06372398 0.004382669 -0.03199398 0.06374371 0.003999948 -0.03049302 0.06379789 0.003999948 -0.03199285 0.06381982 0.003999948 -0.02816098 0.06530719 0.003999948 -0.02822011 0.06518006 0.004377305 -0.02815401 0.06514704 0.00499916 -0.02900111 0.06315898 0.004999995 -0.02906817 0.0630846 0.004999995 -0.02831417 0.06352913 0.004999995 -0.02711886 0.065243 0.004999995 -0.0270555 0.0654689 0.00499916 -0.02709519 0.06547856 0.004999995 -0.02752745 0.06438034 0.004999995 -0.02732539 0.06473296 0.00499916 -0.02736175 0.06475114 0.00499916 -0.02778345 0.06410127 0.004999995 -0.02775192 0.06407535 0.00499916 -0.0283392 0.06356155 0.004999995 -0.02820348 0.06361877 0.004999995 -0.02998226 0.06282937 0.004999995 -0.02972751 0.06287384 0.00499916 -0.02973604 0.06291383 0.004920899 -0.028553 0.06383782 0.004920899 -0.0291481 0.06347596 0.004707098 -0.0287472 0.06408882 0.004707098 -0.02928155 0.06376385 0.004377305 -0.02888125 0.06426197 0.004377305 -0.0293737 0.06396251 0.004920899 -0.02743464 0.06556123 0.004707098 -0.02774298 0.06563639 0.004377305 -0.02795571 0.06568819 0.003999948 -0.02802753 0.06570571 0.004920899 -0.02767425 0.06490731 0.004707098 -0.02795815 0.06504917 0.004920899 -0.0280534 0.06432306 0.004707098 -0.02829855 0.06452453 0.004377305 -0.02846777 0.06466352 0.003999948 -0.02852487 0.06471043 0.003999948 -0.02871471 0.0645042 0.003999948 -0.02892649 0.06432044 0.003999948 -0.02940481 0.06402957 0.003999948 -0.02953362 0.06397414 0.004920899 -0.02980875 0.06325554 0.004707098 -0.02987486 0.06356596 0.004377305 -0.02992045 0.06378012 0.003999948 -0.02993583 0.06385242 -0.00999999 -0.02871471 0.0645042 -0.00999999 -0.02795672 0.06626105 -0.00999999 -0.02816098 0.06530719 -0.00999999 -0.02953362 0.06397414 -0.00999999 -0.03049302 0.06379789 -0.00999999 -0.02793478 0.06776088 -0.00999999 -0.02692025 0.06874614 -0.00999999 -0.02730405 0.06867563 -0.00999999 -0.02763158 0.06846362 -0.00999999 -0.02785307 0.06814241 -0.01899999 -0.02092093 0.06865841 -0.00999999 -0.03191971 0.06881928 -0.01899999 -0.03191971 0.06881928 -0.0115 -0.02853876 0.06726968 -0.01899999 -0.02853876 0.06726968 -0.0115 -0.02644222 0.06723898 -0.01899999 -0.02094286 0.06715857 0.003499984 -0.02644222 0.06723898 0.003499984 -0.02094286 0.06715857 0.003499984 -0.02693945 0.03324264 0.003499984 -0.02144002 0.03316223 -0.0115 -0.02693945 0.03324264 -0.01899999 -0.02144002 0.03316223 -0.0115 -0.02903592 0.03327327 -0.01899999 -0.02903592 0.03327327 -0.01899999 -0.02146196 0.03166234 -0.00999999 -0.03344607 0.03283774 -0.01899999 -0.03344607 0.03283774 -0.01899999 -0.03337556 0.03245401 -0.00999999 -0.03337556 0.03245401 -0.01899999 -0.03316354 0.03212642 -0.00999999 -0.03316354 0.03212642 -0.01899999 -0.03284233 0.03190493 -0.00999999 -0.03284233 0.03190493 -0.01899999 -0.0324608 0.03182321 -0.00999999 -0.0324608 0.03182321 -0.00999999 -0.02746129 0.03175008 -0.00999999 -0.02844661 0.03276461 -0.00999999 -0.02831995 0.03226274 -0.00999999 -0.02795928 0.0318914 -0.00999999 -0.03227424 0.03432077 -0.00999999 -0.03210324 0.03364318 -0.00999999 -0.03208351 0.03499305 -0.00999999 -0.03324627 0.03733527 -0.00999999 -0.03337293 0.0378372 -0.00999999 -0.03023236 0.03546017 -0.00999999 -0.03090465 0.03565084 -0.00999999 -0.03158223 0.0354799 -0.00999999 -0.03238767 0.03682267 -0.00999999 -0.03288567 0.03696393 -0.00999999 -0.03161638 0.03314191 -0.00999999 -0.0309441 0.03295117 -0.00999999 -0.03026658 0.03312212 -0.00999999 -0.02976524 0.03360897 -0.00999999 -0.02957451 0.03428125 -0.00999999 -0.02974551 0.03495883 0.003999948 -0.03238767 0.03682267 0.003999948 -0.03337293 0.0378372 0.003999948 -0.03330242 0.03745347 0.003999948 -0.03324627 0.03733527 0.003999948 -0.03309041 0.03712588 0.003999948 -0.03288567 0.03696393 0.003999948 -0.0327692 0.03690439 0.004146397 -0.03274005 0.03690397 0.004353523 -0.03323209 0.03745239 0.004382669 -0.03329682 0.03783607 0.004707098 -0.0330801 0.03783291 0.004653275 -0.03303188 0.03744947 0.004499971 -0.03288334 0.03712284 0.004270553 -0.03303658 0.03712511 0.004270553 -0.03265714 0.03690278 0.004999995 -0.03237307 0.0378226 0.00492388 -0.03275567 0.0378282 0.00492388 -0.03237861 0.03743994 0.004853546 -0.03273212 0.03744512 0.004707098 -0.03238338 0.03711557 0.004653275 -0.03265392 0.0371195 0.004382669 -0.03238654 0.03689879 0.004353523 -0.03253298 0.03690093 0.004382669 -0.03238654 0.03689879 0.004926502 -0.03238356 0.06282544 0.00492388 -0.03239011 0.0628255 0.004710376 -0.03271114 0.0628302 0.004707098 -0.03271448 0.06283026 0.003999948 -0.03300738 0.06283456 0.004382669 -0.03293126 0.06283342 0.004384815 -0.03293037 0.06283342 0.004853546 -0.03235536 0.06320774 0.004653275 -0.03265506 0.06321209 0.003999948 -0.03292566 0.06321609 0.004353523 -0.03285533 0.06321501 0.003999948 -0.03270417 0.06353729 0.004270553 -0.03265035 0.06353652 0.003999948 -0.03237658 0.06374931 0.004146397 -0.0323475 0.06374883 0.004499971 -0.03249704 0.06353425 0.004653275 -0.03226768 0.06353092 0.004270553 -0.03226453 0.06374764 0.004353523 -0.03214037 0.06374585 -0.00999999 -0.03199285 0.06381982 -0.00999999 -0.03237658 0.06374931 -0.00999999 -0.03270417 0.06353729 -0.00999999 -0.03292566 0.06321609 -0.00999999 -0.03300738 0.06283456 -0.00999999 -0.03111428 0.06747651 -0.00999999 -0.03043669 0.06764745 -0.00999999 -0.02976441 0.06745672 -0.00999999 -0.02929729 0.06560558 -0.00999999 -0.02910661 0.06627786 -0.00999999 -0.02927756 0.06695544 -0.00999999 -0.03293424 0.06783401 -0.00999999 -0.03242164 0.06869262 -0.00999999 -0.03279298 0.06833201 -0.00999999 -0.03161561 0.0669896 -0.00999999 -0.03180629 0.06631731 -0.00999999 -0.03163534 0.06563979 -0.00999999 -0.03114849 0.06513845 -0.00999999 -0.03047621 0.06494772 -0.00999999 -0.02979862 0.06511873 -0.01899999 -0.03242164 0.06869262 -0.01899999 -0.03279298 0.06833201 -0.01899999 -0.03293424 0.06783401 -0.01899999 -0.03332173 0.04133683 -0.01773792 -0.03331875 0.04154109 -0.01899999 -0.03305852 0.05933493 -0.0152496 -0.03324294 0.04672718 -0.01500231 -0.03326129 0.04547297 -0.01773792 -0.0330615 0.0591306 -0.01660484 -0.0330702 0.05853861 -0.01571643 -0.03308361 0.05761945 -0.01516342 -0.03327983 0.04420483 -0.01571643 -0.03329664 0.04305231 -0.01660484 -0.03331011 0.04213309 -0.01516342 -0.03310048 0.05646687 -0.01500231 -0.03311902 0.05519872 -0.01799994 -0.03317368 0.05146276 -0.01799994 -0.03320664 0.04920899 -0.01682907 -0.03316617 0.05197602 -0.01682907 -0.03321415 0.04869568 -0.01587998 -0.03322666 0.04783928 -0.0152496 -0.03313738 0.05394458 -0.01587998 -0.03315365 0.05283248 -0.01799994 -0.0342065 0.0492236 -0.01682907 -0.03421401 0.04871034 -0.01587998 -0.03422653 0.04785388 -0.0152496 -0.0342428 0.04674178 -0.01500231 -0.03426116 0.04548758 -0.01516342 -0.0342797 0.04421949 -0.01571643 -0.03429657 0.04306691 -0.01660484 -0.03430998 0.04214769 -0.01773792 -0.03431868 0.04155576 -0.01899999 -0.03432166 0.04135143 -0.01599997 -0.03426313 0.04535102 -0.01599997 -0.03176343 0.04531449 -0.01614677 -0.03427672 0.04442405 -0.01614677 -0.03177696 0.04438751 -0.01657295 -0.03428894 0.04358786 -0.01657295 -0.03178918 0.04355132 -0.01723664 -0.03429865 0.04292422 -0.01723664 -0.03179889 0.04288768 -0.0180729 -0.03430485 0.04249817 -0.0180729 -0.03180515 0.04246163 -0.01899999 -0.034307 0.04235136 -0.01899999 -0.0318073 0.04231476 -0.01899999 -0.03421926 0.04835069 -0.01899999 -0.03171956 0.04831415 -0.0180729 -0.03422141 0.04820388 -0.0180729 -0.03172171 0.04816734 -0.01723664 -0.03422766 0.04777783 -0.01723664 -0.03172791 0.04774123 -0.01657295 -0.03423738 0.04711419 -0.01657295 -0.03173762 0.04707765 -0.01614677 -0.0342496 0.04627799 -0.01614677 -0.03174984 0.0462414 -0.01599997 -0.03411692 0.05534994 -0.01599997 -0.03161722 0.0553134 -0.01614677 -0.03413051 0.05442303 -0.01614677 -0.03163075 0.05438643 -0.01657295 -0.03414273 0.05358678 -0.01657295 -0.03164297 0.05355024 -0.01723664 -0.03415244 0.05292314 -0.01723664 -0.03165268 0.0528866 -0.0180729 -0.03415864 0.05249708 -0.0180729 -0.03165894 0.05246055 -0.01899999 -0.03416079 0.05235028 -0.01899999 -0.03166109 0.05231374 -0.01899999 -0.03407305 0.0583496 -0.01899999 -0.03157335 0.05831307 -0.0180729 -0.0340752 0.0582028 -0.0180729 -0.0315755 0.05816626 -0.01723664 -0.03408145 0.05777674 -0.01723664 -0.03158169 0.05774021 -0.01657295 -0.03409111 0.05711311 -0.01657295 -0.03159141 0.05707657 -0.01614677 -0.03410339 0.05627691 -0.01614677 -0.03160363 0.05624037 -0.01799994 -0.03417354 0.05147737 -0.01773792 -0.03406143 0.05914527 -0.01660484 -0.03407007 0.05855327 -0.01571643 -0.03408354 0.05763405 -0.01516342 -0.03410035 0.05648148 -0.01500231 -0.03411895 0.05521339 -0.0152496 -0.03413724 0.05395919 -0.01587998 -0.03415352 0.05284708 -0.01682907 -0.03416603 0.05199062 -0.008999943 -0.02073436 0.06715553 -0.008999943 -0.02071243 0.06865537 -0.01899999 -0.02073436 0.06715553 -0.01899999 -0.02071243 0.06865537 -0.03270709 -0.01699143 0.06380754 -0.03246951 -0.01698887 0.06398332 -0.03246951 -0.01618063 0.06407773 -0.03292387 -0.01699614 0.06348317 -0.03282576 -0.01699352 0.06366443 -0.03282576 -0.01610261 0.0637685 -0.03299999 -0.01564812 0.06331551 -0.03299999 -0.01596456 0.06322127 -0.03299158 -0.01599621 0.06334698 -0.03299999 -0.01700174 0.06310051 -0.03299158 -0.0169999 0.06322973 -0.03299999 -0.01499414 0.06360709 -0.03299158 -0.01505714 0.06371998 -0.03299999 -0.01451152 0.06392407 -0.03299158 -0.01424658 0.0643233 -0.03299999 -0.01415652 0.06423062 -0.03299158 -0.01361978 0.06511592 -0.03299999 -0.01358091 0.0649333 -0.03299158 -0.01321947 0.06604367 -0.03299999 -0.01309466 0.06600832 -0.03299158 -0.0130729 0.06704348 -0.03299999 -0.01294368 0.06704157 -0.03299999 -0.01306128 0.06613337 -0.03282576 -0.01526892 0.0640996 -0.03282576 -0.01454943 0.06463515 -0.03282576 -0.01399302 0.06533873 -0.03282576 -0.01363766 0.06616234 -0.03246951 -0.01382654 0.06705451 -0.03270709 -0.01365071 0.06705194 -0.03282576 -0.0135076 0.06704986 -0.03292387 -0.01332634 0.06704717 -0.032 -0.01698714 0.06410038 -0.032 -0.01620924 0.06419128 -0.03246951 -0.01542437 0.06437814 -0.032 -0.01583588 0.06431198 -0.032 -0.01548141 0.06448036 -0.03246951 -0.01477164 0.06486397 -0.032 -0.01485317 0.06494796 -0.03246951 -0.0142669 0.06550222 -0.032 -0.01405715 0.06628131 -0.03246951 -0.0139445 0.06624937 -0.032 -0.0141887 0.06591165 -0.032 -0.0143674 0.06556224 -0.032 -0.01394361 0.06705623 -0.03299999 -0.01289981 0.07004129 -0.03292387 -0.01328247 0.07004684 -0.03270709 -0.01360684 0.07005161 -0.03238266 -0.01382362 0.07005476 -0.032 -0.01389974 0.0700559 -0.03299999 0.01999425 0.06255948 -0.03299999 0.01699453 0.06260335 -0.03299158 0.01699644 0.06273257 -0.03292387 0.0199998 0.06294208 -0.03292387 0.01700013 0.06298595 -0.03282576 0.01700282 0.06316721 -0.03270709 0.02000457 0.06326651 -0.03270709 0.0170049 0.06331038 -0.03246951 0.01700747 0.06348615 -0.03238266 0.02000772 0.06348323 -0.032 0.01700919 0.06360322 -0.032 0.02000886 0.06355935 -0.032 0.02099412 0.06254482 -0.03238266 0.02091801 0.06254595 -0.032 0.02092361 0.06292861 -0.03235352 0.02085328 0.06292963 -0.032 0.0207116 0.06325614 -0.03227055 0.02065777 0.06325691 -0.032 0.02039039 0.06347763 -0.03214639 0.02036124 0.06347805 -0.03270709 0.02070128 0.06254911 -0.03292387 0.02037686 0.06255388 -0.03265327 0.02065306 0.06293255 -0.03285354 0.02035331 0.06293696 -0.03249996 0.02050453 0.06325918 -0.03265327 0.02027511 0.06326252 -0.03227055 0.02027833 0.0634793 -0.03235352 0.02015417 0.06348109 -0.02899998 0.02099412 0.06254482 -0.02899998 0.02092361 0.06292861 -0.02899998 0.0207116 0.06325614 -0.02899998 0.02039039 0.06347763 -0.02899998 0.02000886 0.06355935 -0.02899998 0.01700919 0.06360322 -0.032 0.01405334 0.06664675 -0.02899998 0.01405334 0.06664675 -0.032 0.01414424 0.06586891 -0.02899998 0.01426494 0.06549549 -0.032 0.01426494 0.06549549 -0.032 0.01443332 0.06514108 -0.02899998 0.01490092 0.06451284 -0.032 0.01490092 0.06451284 -0.032 0.0155152 0.06402707 -0.02899998 0.01586461 0.06384837 -0.032 0.01586461 0.06384837 -0.032 0.01623427 0.06371676 -0.03270709 0.0137605 0.06665104 -0.03246951 0.01393628 0.06664848 -0.03246951 0.01403069 0.06584024 -0.03292387 0.01343613 0.06665581 -0.03282576 0.01361739 0.06665313 -0.03282576 0.0137214 0.06576222 -0.03299999 0.01326876 0.06530702 -0.03299999 0.01317429 0.06562417 -0.03299158 0.01329994 0.06565588 -0.03299999 0.01305347 0.06666141 -0.03299158 0.01318269 0.06665951 -0.03299999 0.01355999 0.06465375 -0.03299158 0.01367294 0.06471675 -0.03299999 0.01387745 0.06417071 -0.03299158 0.01427626 0.06390619 -0.03299999 0.01418358 0.06381613 -0.03299158 0.01506882 0.06327939 -0.03299999 0.01488631 0.06324052 -0.03299158 0.01599663 0.06287908 -0.03299999 0.01596122 0.06275427 -0.03299999 0.01608616 0.06272095 -0.03282576 0.01405256 0.06492859 -0.03282576 0.01458811 0.06420904 -0.03282576 0.01529169 0.06365263 -0.03282576 0.0161153 0.06329733 -0.03246951 0.01433104 0.06508398 -0.03246951 0.01481693 0.06443125 -0.03246951 0.01545518 0.06392651 -0.03246951 0.01620233 0.06360417 -0.03299999 0.01309734 0.06966108 -0.03292387 0.01348 0.06965547 -0.03270709 0.01380437 0.0696507 -0.03238266 0.01402109 0.06964755 -0.032 0.01409721 0.06964647 -0.03235352 0.01325726 0.07058268 -0.03238266 0.01311087 0.07058483 -0.032 0.01311194 0.07066094 -0.03249996 0.01310998 0.07052701 -0.03285354 0.01345646 0.07003855 -0.03265327 0.01375615 0.07003414 -0.03249996 0.01360762 0.07036077 -0.03265327 0.01337826 0.07036417 -0.03227055 0.01338142 0.07058089 -0.03270709 0.01310765 0.07036811 -0.032866 0.01310467 0.07016104 -0.03292387 0.01310294 0.07004374 -0.032 0.0140267 0.07003021 -0.03235352 0.01395642 0.07003122 -0.032 0.01381468 0.07035773 -0.03227055 0.01376086 0.07035857 -0.032 0.01349347 0.07057929 -0.03214639 0.01346439 0.0705797 -0.03292387 -0.01289421 0.0704239 -0.032866 -0.01289254 0.0705412 -0.03270709 -0.0128895 0.07074832 -0.03249996 -0.01288717 0.07090723 -0.03238266 -0.01288634 0.07096505 -0.032 -0.01288521 0.07104116 -0.03214639 -0.01323986 0.07097023 -0.032 -0.01326894 0.07097065 -0.03235352 -0.01303273 0.07096719 -0.032 -0.01338708 0.0709145 -0.03235352 -0.01374769 0.07043641 -0.03285354 -0.01324772 0.07042908 -0.03265327 -0.01316004 0.07075226 -0.03265327 -0.01354742 0.07043349 -0.03249996 -0.0133894 0.0707556 -0.03227055 -0.01354271 0.07075786 -0.03227055 -0.01315689 0.07096898 -0.032 -0.01359653 0.07075864 -0.032 -0.01375842 0.07055389 -0.032 -0.01381802 0.07043743 -0.008999943 -0.01538491 0.0710777 -0.02799999 -0.01538491 0.0710777 -0.02799999 -0.01620531 0.07102829 -0.008999943 -0.01702767 0.07085174 -0.02799999 -0.01702767 0.07085174 -0.02799999 -0.01780474 0.07055598 -0.008999943 -0.01852834 0.0701465 -0.02799999 -0.01975065 0.06902593 -0.008999943 -0.01975065 0.06902593 -0.02799999 -0.01918905 0.06962603 -0.02799999 -0.01852834 0.0701465 -0.02799999 -0.02010446 0.06874775 -0.02799999 -0.0199905 0.0688107 -0.02837049 -0.01995211 0.06875073 -0.02899998 -0.01967912 0.06784272 -0.02899998 -0.02014768 0.06768923 -0.02893263 -0.0202167 0.0680437 -0.02899998 -0.02055907 0.067653 -0.02893263 -0.01964575 0.06827235 -0.02899998 -0.0194509 0.06796818 -0.02893263 -0.01925259 0.06862521 -0.02899998 -0.0189715 0.06839913 -0.02892386 -0.02055346 0.06803566 -0.02870708 -0.0205487 0.06836003 -0.02871096 -0.02028208 0.06837987 -0.02838265 -0.02054554 0.06857681 -0.02837049 -0.02032518 0.06860136 -0.02799999 -0.0205444 0.06865292 -0.02799999 -0.02033877 0.06867122 -0.02871096 -0.0198304 0.06856077 -0.02871096 -0.01951938 0.0688399 -0.02837049 -0.01969522 0.06898134 -0.02893245 -0.01875662 0.06915593 -0.02899998 -0.01851207 0.06889009 -0.02893245 -0.01817262 0.06961596 -0.02899998 -0.01787507 0.06937879 -0.02893245 -0.01753306 0.06997787 -0.02899998 -0.0173794 0.06965094 -0.02893245 -0.01684623 0.0702393 -0.02899998 -0.01653271 0.06994986 -0.02893245 -0.01611936 0.07039535 -0.02899998 -0.0155307 0.07007783 -0.02892386 -0.01539397 0.07046049 -0.02899998 -0.01539957 0.07007783 -0.02838265 -0.01538604 0.07100158 -0.02837038 -0.01619571 0.07095783 -0.02837038 -0.01700747 0.07078355 -0.02837038 -0.01777446 0.07049161 -0.02837038 -0.01848876 0.07008743 -0.02837038 -0.01914089 0.0695737 -0.02870708 -0.0153892 0.07078486 -0.02871072 -0.01616543 0.0707345 -0.02871072 -0.01694339 0.07056742 -0.02871072 -0.01767861 0.07028764 -0.02871072 -0.01836323 0.06990021 -0.02871072 -0.01898831 0.06940782 -0.02899998 -0.01389974 0.0700559 -0.02899527 -0.0138936 0.07015269 -0.02889418 -0.01378744 0.07050192 -0.02886384 -0.01375627 0.07055753 -0.02862679 -0.01351517 0.07082951 -0.02849292 -0.01337999 0.07091844 -0.02837365 -0.01325988 0.07097423 -0.02799999 -0.01288521 0.07104116 -0.02899998 -0.01394361 0.06705623 -0.02899998 -0.01698714 0.06410038 -0.02899998 -0.01583588 0.06431198 -0.02899998 -0.01485317 0.06494796 -0.02899998 -0.0141887 0.06591165 -0.02899998 -0.0199868 0.06414425 -0.032 -0.0199868 0.06414425 -0.032 -0.0203706 0.06407374 -0.02899998 -0.0203706 0.06407374 -0.032 -0.02069813 0.06386172 -0.02899998 -0.02069813 0.06386172 -0.032 -0.02091962 0.06354051 -0.02899998 -0.02091962 0.06354051 -0.032 -0.02100133 0.06315898 -0.02899998 -0.02100133 0.06315898 -0.032866 -0.02050137 0.06315171 -0.03249996 -0.02086734 0.06315702 -0.03280007 -0.02045774 0.06353378 -0.03246194 -0.02079588 0.06353873 -0.03261232 -0.02034461 0.0638566 -0.03235352 -0.02060341 0.06386035 -0.0323314 -0.02017927 0.06407094 -0.03219133 -0.02031928 0.06407302 -0.03299999 -0.02000147 0.06314438 -0.03292387 -0.01999586 0.06352704 -0.03270709 -0.01999109 0.06385141 -0.03238266 -0.01998794 0.06406813 -0.03270709 -0.01414793 0.03305554 -0.03246951 -0.01432371 0.03305816 -0.03246951 -0.01441812 0.03386634 -0.03292387 -0.0138235 0.03305083 -0.03282576 -0.01400476 0.03305345 -0.03282576 -0.01410883 0.03394442 -0.03299999 -0.0136559 0.03439885 -0.03299999 -0.0135616 0.03408247 -0.03299158 -0.01368737 0.03405076 -0.03299999 -0.0134409 0.03304523 -0.03299158 -0.01357012 0.03304713 -0.03299999 -0.01394742 0.03505283 -0.03299158 -0.01406031 0.03498989 -0.03299999 -0.01426446 0.03553545 -0.03299158 -0.01466369 0.03580045 -0.03299999 -0.01457095 0.03589046 -0.03299158 -0.01545625 0.03642719 -0.03299999 -0.01527369 0.03646606 -0.03299158 -0.01638406 0.0368275 -0.03299999 -0.01634865 0.03695231 -0.03299158 -0.01738387 0.03697407 -0.03299999 -0.01738196 0.03710329 -0.03299999 -0.01647371 0.03698575 -0.03282576 -0.01443994 0.03477805 -0.03282576 -0.01497554 0.0354976 -0.03282576 -0.01567912 0.03605395 -0.03282576 -0.01650267 0.03640931 -0.03246951 -0.0173949 0.03622049 -0.03270709 -0.01739227 0.03639626 -0.03282576 -0.01739019 0.03653937 -0.03292387 -0.01738756 0.03672063 -0.032 -0.01444077 0.03305983 -0.032 -0.01453161 0.03383773 -0.03246951 -0.01471847 0.0346226 -0.032 -0.01465231 0.03421109 -0.032 -0.01482069 0.03456556 -0.03246951 -0.01520437 0.03527534 -0.032 -0.01528835 0.0351938 -0.03246951 -0.01584261 0.03578013 -0.032 -0.0166217 0.03598982 -0.03246951 -0.01658976 0.03610247 -0.032 -0.01625198 0.03585827 -0.032 -0.01590263 0.03567957 -0.032 -0.01739656 0.03610336 -0.03299999 -0.02038162 0.03714716 -0.03292387 -0.02038723 0.0367645 -0.03270709 -0.020392 0.03644013 -0.03238266 -0.02039515 0.03622335 -0.032 -0.02039629 0.03614723 -0.02899998 -0.02039629 0.03614723 -0.02899998 -0.01739656 0.03610336 -0.02899998 -0.01444077 0.03305983 -0.02899998 -0.01465231 0.03421109 -0.02899998 -0.01528835 0.0351938 -0.02899998 -0.01625198 0.03585827 -0.02030164 -0.03157764 0.058016 -0.02030164 -0.0340774 0.05805259 -0.02134549 -0.03158986 0.05718368 -0.02134549 -0.03408956 0.05722022 -0.02192473 -0.03160744 0.05598086 -0.02192473 -0.03410714 0.05601745 -0.02192473 -0.03162693 0.05464589 -0.02192473 -0.03412669 0.05468249 -0.02134549 -0.03164452 0.05344313 -0.02134549 -0.03414428 0.05347967 -0.02030164 -0.03165674 0.05261075 -0.02030164 -0.03415644 0.05264735 -0.02030164 -0.03172391 0.04801708 -0.02030164 -0.03422361 0.04805362 -0.02134549 -0.03173607 0.04718476 -0.02134549 -0.03423583 0.0472213 -0.02192473 -0.03175365 0.04598194 -0.02192473 -0.03425341 0.04601854 -0.02192473 -0.0317732 0.04464697 -0.02192473 -0.0342729 0.04468351 -0.02134549 -0.03179079 0.04344421 -0.02134549 -0.03429049 0.04348075 -0.02030164 -0.03180295 0.04261183 -0.02030164 -0.03430271 0.04264843 -0.01999998 -0.03317368 0.05146276 -0.01999998 -0.03320664 0.04920899 -0.01999998 -0.03417354 0.05147737 -0.01999998 -0.0342065 0.0492236 -0.023 -0.03311705 0.05533534 -0.023 -0.03411692 0.05534994 -0.02269548 -0.03409457 0.05688053 -0.02269548 -0.03309464 0.05686593 -0.02182841 -0.03407555 0.05817806 -0.02182841 -0.03307569 0.05816346 -0.0205307 -0.03406286 0.05904507 -0.0205307 -0.03306299 0.05903047 -0.02119946 -0.03416579 0.05200934 -0.02119946 -0.03316587 0.05199468 -0.02216225 -0.03415274 0.05290073 -0.02216225 -0.03315287 0.05288612 -0.02278476 -0.03413587 0.05405569 -0.02278476 -0.03313595 0.05404108 -0.0205307 -0.03431719 0.04165589 -0.02182841 -0.03430449 0.0425229 -0.02269548 -0.03428554 0.04382044 -0.023 -0.03426313 0.04535102 -0.02119946 -0.03421431 0.04869168 -0.02216225 -0.03422731 0.04780024 -0.02278476 -0.03424423 0.04664528 -0.023 -0.03326326 0.04533642 -0.02278476 -0.03324431 0.04663068 -0.02216225 -0.03322744 0.04778563 -0.02119946 -0.03321439 0.04867702 -0.0205307 -0.03331732 0.04164129 -0.02182841 -0.03330463 0.0425083 -0.02269548 -0.03328567 0.04380583 -0.02799999 -0.03344607 0.03283774 -0.02799999 -0.03293424 0.06783401 -0.02899998 -0.03193438 0.06781935 -0.02899998 -0.03244614 0.03282314 -0.02892386 -0.0328288 0.03282868 -0.02886599 -0.0329461 0.03283041 -0.02870708 -0.03315317 0.03283345 -0.02870708 -0.03264141 0.06782972 -0.02849996 -0.03331208 0.03283578 -0.02849996 -0.03280031 0.06783205 -0.02886599 -0.03243428 0.06782668 -0.02880007 -0.03291362 0.03244721 -0.02892386 -0.03245174 0.03244048 -0.02861237 -0.03281003 0.03212124 -0.02870708 -0.03245651 0.03211611 -0.02833139 -0.032651 0.03190213 -0.02846193 -0.03325176 0.03245216 -0.02835351 -0.03306883 0.03212505 -0.02819132 -0.03279107 0.03190416 -0.02799999 -0.03337556 0.03245401 -0.02799999 -0.03316354 0.03212642 -0.02799999 -0.03284233 0.03190493 -0.02799999 -0.0324608 0.03182321 -0.02838265 -0.03245967 0.03189933 -0.008999943 -0.02125346 0.0316593 -0.008999943 -0.02123153 0.03315913 -0.01899999 -0.02125346 0.0316593 -0.01899999 -0.02123153 0.03315913 -0.008999943 -0.02030295 0.03126078 -0.02799999 -0.02030295 0.03126078 -0.02799999 -0.01975917 0.03064453 -0.008999943 -0.01911395 0.03010499 -0.02799999 -0.01911395 0.03010499 -0.008999943 -0.01763451 0.02935612 -0.02799999 -0.01840263 0.02967447 -0.02799999 -0.01763451 0.02935612 -0.008999943 -0.01599907 0.02908223 -0.02799999 -0.01681768 0.02915561 -0.02799999 -0.01599907 0.02908223 -0.008999943 -0.02064847 0.03154915 -0.008999943 -0.0210855 0.03165686 -0.02799999 -0.0210855 0.03165686 -0.02799999 -0.02076822 0.03160029 -0.02799999 -0.02064847 0.03154915 -0.02799999 -0.02044391 0.03141158 -0.02838265 -0.02108436 0.03173297 -0.02870708 -0.0210812 0.03194969 -0.02892386 -0.02107644 0.03227412 -0.02899998 -0.02107083 0.03265672 -0.02837049 -0.02074456 0.03166741 -0.02899998 -0.02019685 0.03244137 -0.02899998 -0.01978749 0.03216654 -0.02893263 -0.02002447 0.03189396 -0.02899998 -0.01950579 0.03186458 -0.02893263 -0.02055603 0.03220331 -0.02899998 -0.02043616 0.03254407 -0.02893245 -0.01979374 0.03164643 -0.02871072 -0.02006655 0.03143978 -0.02871096 -0.02024918 0.03163558 -0.02837038 -0.02024626 0.0313037 -0.02837049 -0.02039724 0.03146529 -0.02871096 -0.02066969 0.03188025 -0.02899998 -0.01598447 0.0300821 -0.02892386 -0.01599007 0.02969944 -0.02893245 -0.01671326 0.02978575 -0.02899998 -0.01665425 0.03014212 -0.02893245 -0.01743525 0.02996301 -0.02899998 -0.01743137 0.03034347 -0.02893245 -0.01811414 0.03024441 -0.02899998 -0.01795101 0.03056669 -0.02893245 -0.01874285 0.03062492 -0.02899998 -0.01870763 0.03105008 -0.02893245 -0.01931315 0.03110176 -0.02899998 -0.01942509 0.03176122 -0.02838265 -0.015998 0.02915835 -0.02837038 -0.01680606 0.02922576 -0.02837038 -0.01761233 0.02942371 -0.02837038 -0.0183705 0.02973794 -0.02837038 -0.01907265 0.03016287 -0.02837038 -0.01970952 0.03069543 -0.02870708 -0.01599484 0.02937507 -0.02871072 -0.01676923 0.02944815 -0.02871072 -0.017542 0.02963781 -0.02871072 -0.0182687 0.02993905 -0.02871072 -0.0189417 0.03034633 -0.02871072 -0.01955211 0.03085678 -0.02799999 -0.01349937 0.02904564 -0.02837365 -0.0138719 0.02912354 -0.02862679 -0.0141229 0.02927565 -0.02889418 -0.0143854 0.02961105 -0.02899998 -0.01448464 0.03006017 -0.02899527 -0.01448136 0.02996325 -0.032 -0.01448464 0.03006017 -0.032 -0.01441413 0.02967643 -0.032 -0.01420211 0.02934885 -0.032 -0.0138809 0.02912735 -0.032 -0.01349937 0.02904564 -0.03299999 -0.01348477 0.03004556 -0.03292387 -0.01386737 0.03005117 -0.03270709 -0.0141918 0.03005588 -0.03238266 -0.01440852 0.03005903 -0.032866 -0.01349204 0.0295456 -0.03270709 -0.01349508 0.02933853 -0.03265327 -0.01376563 0.02934247 -0.03249996 -0.01349741 0.02917963 -0.03238266 -0.01349824 0.02912175 -0.03235352 -0.01364469 0.0291239 -0.03214639 -0.01385176 0.02912694 -0.03227055 -0.01376885 0.02912575 -0.03249996 -0.01399505 0.02934581 -0.03227055 -0.01414829 0.02934807 -0.03292387 -0.01349031 0.0296629 -0.03285354 -0.01384383 0.02966809 -0.03265327 -0.01414358 0.02967244 -0.03235352 -0.01434379 0.02967536 -0.03299999 0.01251244 0.02966535 -0.03292387 0.01250684 0.02928268 -0.032866 0.01250511 0.02916538 -0.03270709 0.01250207 0.02895832 -0.03249996 0.01249974 0.02879941 -0.03238266 0.01249891 0.02874159 -0.032 0.01249778 0.02866548 -0.032 0.01351231 0.02965074 -0.032 0.01343059 0.02926921 -0.03235352 0.01336026 0.02927023 -0.032 0.0132091 0.02894794 -0.032 0.01288157 0.02873599 -0.03214639 0.01285243 0.02873641 -0.03235352 0.01264536 0.02873945 -0.03227055 0.01276946 0.0287376 -0.03227055 0.01315528 0.02894878 -0.03249996 0.01300203 0.02895098 -0.03265327 0.01277267 0.02895438 -0.03265327 0.01316004 0.02927315 -0.03285354 0.01286035 0.02927756 -0.03238266 0.01343619 0.02965182 -0.03270709 0.01321947 0.02965497 -0.03292387 0.01289504 0.02965974 -0.02899998 0.01249778 0.02866548 -0.02899998 0.01288157 0.02873599 -0.02899998 0.0132091 0.02894794 -0.02899998 0.01343059 0.02926921 -0.02899998 0.01351231 0.02965074 -0.02899998 0.01499754 0.02862888 -0.008999943 0.01499754 0.02862888 -0.02899998 0.01670086 0.0288732 -0.008999943 0.01670086 0.0288732 -0.02899998 0.01824533 0.02963191 -0.008999943 0.01824533 0.02963191 -0.02899998 0.01947981 0.0308308 -0.008999943 0.01947981 0.0308308 -0.02899998 0.02028334 0.03235238 -0.008999943 0.02028334 0.03235238 -0.02899998 0.02057737 0.0340479 -0.008999943 0.02057737 0.0340479 -0.02899998 0.01573568 0.03123271 -0.02899998 0.01515865 0.03182685 -0.02899998 0.01495605 0.0326299 -0.02899998 0.01355618 0.03265041 -0.02899998 0.01518207 0.0334267 -0.02899998 0.01380133 0.03379499 -0.02899998 0.0144658 0.03475862 -0.02899998 0.01577621 0.03400373 -0.02899998 0.01544845 0.03539466 -0.02899998 0.01657927 0.03420639 -0.02899998 0.01659971 0.0356062 -0.02899998 0.0172711 0.03403776 -0.02899998 0.01959943 0.03556233 -0.02899998 0.01782125 0.03358572 -0.02899998 0.01653248 0.03100669 -0.02899998 0.0172289 0.03115499 -0.02899998 0.01779204 0.03159075 -0.02899998 0.01811039 0.03222775 -0.02899998 0.01812076 0.03293973 -0.02899998 0.01998317 0.03563284 -0.02899998 0.02031069 0.03584486 -0.02899998 0.02053219 0.03616607 -0.02899998 0.0206139 0.0365476 -0.032 0.01659971 0.0356062 -0.032 0.01582187 0.03551536 -0.032 0.01544845 0.03539466 -0.032 0.01509404 0.03522628 -0.032 0.0144658 0.03475862 -0.032 0.01397997 0.03414434 -0.032 0.01380133 0.03379499 -0.032 0.01366972 0.03342527 -0.032 0.01355618 0.03265041 -0.03299999 0.01255631 0.03266501 -0.03299158 0.01268553 0.03266316 -0.03292387 0.01293891 0.03265941 -0.03282576 0.01312017 0.03265678 -0.03270709 0.01326334 0.0326547 -0.03246951 0.01343911 0.03265213 -0.03299999 0.01319348 0.03477323 -0.03299999 0.01961404 0.03656226 -0.03299999 0.01460671 0.03609955 -0.03299999 0.01412367 0.03578215 -0.03299999 0.01376909 0.03547602 -0.03299999 0.01270723 0.03369832 -0.03299999 0.01267391 0.03357338 -0.03299999 0.01661437 0.03660613 -0.03299999 0.01557713 0.03648531 -0.03299999 0.01525998 0.03639084 -0.03292387 -0.02076429 0.03715276 -0.032866 -0.02088159 0.03715449 -0.03270709 -0.02108865 0.03715747 -0.03249996 -0.02124756 0.0371598 -0.03238266 -0.02130544 0.03716069 -0.032 -0.02138155 0.03716176 -0.03265327 -0.02104043 0.03677409 -0.03285354 -0.02074074 0.03676968 -0.03235352 -0.0205416 0.03622549 -0.03265327 -0.02066254 0.03644406 -0.03249996 -0.0208919 0.03644746 -0.03227055 -0.0206657 0.03622734 -0.03235352 -0.02124071 0.03677701 -0.03227055 -0.0210452 0.03644967 -0.03214639 -0.02074867 0.03622853 -0.032 -0.02131104 0.03677803 -0.032 -0.02109903 0.03645044 -0.032 -0.02077782 0.03622895 -0.02899998 -0.02077782 0.03622895 -0.02899998 -0.02109903 0.03645044 -0.02899998 -0.02131104 0.03677803 -0.02899998 -0.02138155 0.03716176 -0.02899998 -0.0177229 0.0684973 -0.02899998 -0.01831704 0.06792026 -0.02899998 -0.01662027 0.03447753 -0.02899998 -0.01604324 0.03388339 -0.02899998 -0.01584064 0.03308033 -0.02899998 -0.01600921 0.0323885 -0.02899998 -0.01646125 0.03183835 -0.02899998 -0.01710724 0.03153878 -0.02899998 -0.01691985 0.06869989 -0.02899998 -0.01834046 0.06632041 -0.02899998 -0.01854312 0.06712347 -0.02899998 -0.01889199 0.03243064 -0.02899998 -0.01904028 0.03312712 -0.02899998 -0.01781928 0.03154921 -0.02899998 -0.01845622 0.0318675 -0.02899998 -0.01881426 0.03392392 -0.02899998 -0.01822012 0.03450089 -0.02899998 -0.01741707 0.03470355 -0.02899998 -0.01776343 0.06572628 -0.02899998 -0.01696664 0.06550025 -0.02899998 -0.01622807 0.06853133 -0.02899998 -0.01567786 0.06807929 -0.02899998 -0.01537835 0.06743329 -0.02899998 -0.01538878 0.06672126 -0.02899998 -0.01570707 0.06608432 -0.02899998 -0.01627022 0.06564855 -0.02799999 -0.03191971 0.06881928 -0.02838265 -0.03192085 0.06874316 -0.02870708 -0.031924 0.06852638 -0.02892386 -0.03192877 0.06820201 -0.02819132 -0.03225225 0.06874799 -0.02799999 -0.03230351 0.06874877 -0.02833139 -0.03211218 0.06874597 -0.02846193 -0.03272879 0.0682137 -0.02880007 -0.03239065 0.06820875 -0.02861237 -0.03227752 0.06853157 -0.02835351 -0.03253632 0.06853538 -0.02799999 -0.03285253 0.06821554 -0.02799999 -0.03279298 0.06833201 -0.02799999 -0.03263103 0.06853675 -0.02799999 -0.03242164 0.06869262 -0.008999943 -0.0205444 0.06865292 -0.008999943 -0.02010446 0.06874775 -0.008999943 -0.02106356 0.03315669 -0.008999943 -0.02011412 0.03295433 -0.008999943 -0.01916366 0.03146392 -0.008999943 -0.02056634 0.06715309 -0.008999943 -0.01961147 0.06732761 -0.008999943 -0.0186178 0.06878954 -0.008999943 0.01875942 0.06826013 -0.008999943 0.0188288 0.06952685 -0.008999943 0.01731395 0.06925684 -0.008999943 0.01730716 0.07033038 -0.008999943 0.01559704 0.06962454 -0.008999943 0.0156117 0.07062441 -0.008999943 -0.01539957 0.07007783 -0.008999943 -0.0171377 0.06975603 -0.008999943 -0.01771247 0.03045457 -0.008999943 -0.01598447 0.0300821 -0.008999943 0.01501214 0.02962881 -0.008999943 0.01673907 0.02994608 -0.008999943 0.01821309 0.03090012 -0.008999943 0.0192098 0.03234565 -0.008999943 0.0195775 0.0340625 -0.008999943 0.02003079 0.06505918 -0.008999943 0.02103066 0.06504458 -0.008999943 0.01971346 0.06678611 -0.008999943 0.0207864 0.0667479 -0.008999943 0.02002763 0.06829237 -0.02899998 0.02103066 0.06504458 -0.02899998 0.0207864 0.0667479 -0.02899998 0.02002763 0.06829237 -0.02899998 0.0188288 0.06952685 -0.02899998 0.01730716 0.07033038 -0.02899998 0.0156117 0.07062441 -0.02899998 0.01311194 0.07066094 -0.02899998 0.01349347 0.07057929 -0.02899998 0.01381468 0.07035773 -0.02899998 0.0140267 0.07003021 -0.02899998 0.01409721 0.06964647 -0.02899998 0.01707643 0.06820273 -0.02899998 0.01776826 0.06803417 -0.02899998 0.01831841 0.06758207 -0.02899998 0.01861798 0.06693607 -0.02899998 0.01860755 0.06622409 -0.02899998 0.01565587 0.06582325 -0.02899998 0.01545321 0.06662631 -0.02899998 0.01567924 0.0674231 -0.02899998 0.01627337 0.06800007 -0.02899998 0.01828926 0.06558716 -0.02899998 0.01772612 0.06515133 -0.02899998 0.01702964 0.06500309 -0.02899998 0.01623284 0.06522911 -0.032 0.0206139 0.0365476 -0.03238266 0.02053779 0.03654873 -0.03270709 0.02032107 0.03655189 -0.03292387 0.0199967 0.03655666 -0.032 0.02053219 0.03616607 -0.03235352 0.02046191 0.03616708 -0.032 0.02031069 0.03584486 -0.032 0.01998317 0.03563284 -0.03214639 0.01995402 0.03563326 -0.032 0.01959943 0.03556233 -0.03238266 0.01960051 0.03563845 -0.03235352 0.01974695 0.0356363 -0.03227055 0.02025687 0.03584563 -0.03227055 0.01987111 0.03563451 -0.03249996 0.02010363 0.0358479 -0.03265327 0.01987427 0.03585124 -0.03270709 0.01960366 0.03585523 -0.03265327 0.02026164 0.03617006 -0.03285354 0.01996195 0.03617441 -0.03292387 0.01960843 0.0361796 -0.03299158 0.01661247 0.03647685 -0.03292387 0.01660877 0.03622347 -0.03282576 0.01660609 0.03604221 -0.03270709 0.016604 0.0358991 -0.03246951 0.01660144 0.03572326 -0.03246951 0.0157932 0.03562885 -0.03282576 0.01571518 0.03593814 -0.03299158 0.01560884 0.03635966 -0.03299158 0.01466971 0.03598666 -0.03299158 0.01385915 0.03538328 -0.03299158 0.01323235 0.03459072 -0.03299158 0.01283204 0.03366291 -0.03282576 0.01488155 0.03560703 -0.03282576 0.014162 0.03507143 -0.03282576 0.01360559 0.03436785 -0.03282576 0.01325023 0.0335443 -0.03246951 0.01503694 0.0353285 -0.03246951 0.01438421 0.03484261 -0.03246951 0.01387947 0.03420436 -0.03246951 0.01355713 0.03345721 -0.02749997 -0.02893477 0.03409761 -0.02749997 -0.02920717 0.03327578 -0.02749997 -0.01987439 0.03763979 -0.02749997 -0.01927733 0.06654143 -0.02749997 -0.01931494 0.06746786 -0.02749997 -0.01991999 0.06722831 -0.02749997 -0.03148168 0.06458038 -0.02749997 -0.03189897 0.03604751 -0.02749997 -0.03106951 0.03629577 -0.02749997 -0.02056634 0.06715309 -0.02749997 -0.02870994 0.06727218 -0.02749997 -0.01889145 0.06569844 -0.02749997 -0.01950877 0.06263715 -0.02749997 -0.01821476 0.0650646 -0.02749997 -0.01297748 0.0305382 -0.02749997 -0.01294094 0.0330379 -0.02749997 -0.01504784 0.03329223 -0.02749997 -0.01307719 0.03420472 -0.02749997 -0.01527732 0.03414332 -0.02749997 -0.01351088 0.03529649 -0.02749997 -0.01579856 0.03485423 -0.02749997 -0.01514118 0.03241568 -0.02749997 -0.01554465 0.031632 -0.02749997 -0.01597714 0.03058207 -0.02749997 -0.01620388 0.0310468 -0.02749997 -0.01702994 0.03073906 -0.02749997 -0.02856355 0.06565183 -0.02749997 -0.02898991 0.06493777 -0.02749997 -0.01734834 0.06473451 -0.02749997 -0.01700907 0.06260055 -0.02749997 -0.01642149 0.06475746 -0.02749997 -0.01584225 0.06273686 -0.02749997 -0.01557248 0.06513005 -0.02749997 -0.02041965 0.03306257 -0.02749997 -0.01982182 0.0328055 -0.02749997 -0.01978397 0.03362143 -0.02749997 -0.01421231 0.03623884 -0.02749997 -0.01513367 0.03696751 -0.02749997 -0.0165413 0.03532892 -0.02749997 -0.01621234 0.0374329 -0.02749997 -0.01740533 0.03550344 -0.02749997 -0.01737463 0.03760325 -0.02749997 -0.01821219 0.03537625 -0.02749997 -0.01892966 0.03498584 -0.02749997 -0.03021293 0.03617018 -0.02749997 -0.02948963 0.03569442 -0.02749997 -0.02903521 0.03495752 -0.02749997 -0.02846455 0.06647753 -0.02749997 -0.02966976 0.06445878 -0.02749997 -0.03048568 0.06429779 -0.02749997 -0.03100228 0.06437355 -0.02749997 -0.01475048 0.06317049 -0.02749997 -0.01380813 0.06387192 -0.02749997 -0.01492804 0.06579661 -0.02749997 -0.01307946 0.06479334 -0.02749997 -0.01458436 0.06665772 -0.02749997 -0.01261407 0.06587195 -0.02749997 -0.01459276 0.06758487 -0.02749997 -0.01244378 0.0670343 -0.02749997 -0.01495188 0.0684396 -0.02749997 -0.01240718 0.069534 -0.02749997 -0.01560819 0.06909447 -0.02749997 -0.01540684 0.06957787 -0.02749997 -0.01646381 0.06945168 -0.02749997 -0.01947462 0.03437739 -0.02749997 -0.02106356 0.03315669 -0.02989995 0.01527655 0.03225117 -0.03065073 0.01527655 0.03225117 -0.03066182 0.01527738 0.03230816 -0.03068459 0.01528018 0.03250306 -0.03068459 0.0152831 0.03269928 -0.02989995 0.01528674 0.03295111 -0.03066182 0.0152859 0.03289413 -0.03065073 0.01528674 0.03295111 -0.02989995 0.01568675 0.03294527 -0.03078067 0.01548004 0.03294831 -0.03088808 0.01568675 0.03294527 -0.03088808 0.01619398 0.0334379 -0.02989995 0.01619398 0.0334379 -0.03091984 0.01618689 0.03336089 -0.02989995 0.01616728 0.03328377 -0.03094577 0.01616728 0.03328377 -0.03096407 0.01613646 0.0332123 -0.02989995 0.0160942 0.03314542 -0.0309754 0.0160942 0.03314542 -0.03097915 0.01604241 0.03308653 -0.02989995 0.01598197 0.03303647 -0.0309754 0.01598197 0.03303647 -0.03096413 0.01591396 0.03299617 -0.02989995 0.0158416 0.0329675 -0.03094577 0.0158416 0.0329675 -0.03091996 0.01576417 0.03295016 -0.02902829 0.01862061 0.03279453 -0.02899998 0.01862066 0.03279614 -0.02899998 0.01863127 0.03255218 -0.02905619 0.01862055 0.03278958 -0.02908337 0.01862043 0.03278148 -0.02910941 0.01862025 0.03277021 -0.02913391 0.01862007 0.03275603 -0.02915668 0.01861983 0.0327391 -0.0291773 0.01861953 0.03271967 -0.02919554 0.01861923 0.03269797 -0.0292111 0.01861888 0.03267425 -0.02922385 0.01861852 0.03264892 -0.02923351 0.0186181 0.03262227 -0.02924007 0.01861768 0.03259474 -0.02924335 0.01861727 0.03256654 -0.02924335 0.01861691 0.03253823 -0.02924007 0.01861649 0.03251004 -0.02923351 0.01861608 0.03248244 -0.02922385 0.01861566 0.03245586 -0.0292111 0.0186153 0.03243052 -0.02919554 0.01861494 0.0324068 -0.0291773 0.01861464 0.03238511 -0.02915668 0.01861435 0.03236567 -0.02913391 0.01861411 0.03234875 -0.02910941 0.01861393 0.03233456 -0.02908337 0.01861375 0.0323233 -0.02905619 0.01861363 0.03231519 -0.02902829 0.01861357 0.03231024 -0.02899998 0.01861351 0.03230863 -0.02899998 0.01856762 0.03206878 -0.02905619 0.01856768 0.03207206 -0.02899998 0.01849412 0.03183585 -0.02908337 0.01849424 0.03184074 -0.02899998 0.01839417 0.03161305 -0.02910941 0.01839423 0.03161942 -0.02899998 0.018269 0.03140336 -0.02913391 0.01826906 0.03141117 -0.02899998 0.01812028 0.03120964 -0.02915668 0.0181204 0.03121876 -0.02899998 0.01795011 0.03103446 -0.0291773 0.01795029 0.03104484 -0.02899998 0.01776075 0.03088027 -0.02919554 0.01776093 0.03089165 -0.02948343 0.01448792 0.0325846 -0.02924335 0.01444572 0.03259921 -0.02924335 0.01444613 0.03262758 -0.02916562 0.01448166 0.03215771 -0.02908337 0.01444256 0.03238433 -0.02910941 0.01444274 0.03239554 -0.02899998 0.01443171 0.03261357 -0.02924007 0.0144453 0.03257107 -0.02905619 0.01444244 0.03237617 -0.03088808 0.01689392 0.03342765 -0.03089892 0.0169081 0.0333966 -0.03091996 0.01689881 0.03335022 -0.03065073 0.01619982 0.03383785 -0.03066086 0.01619964 0.03382438 -0.03065884 0.01618492 0.03382307 -0.03089892 0.01617884 0.03340727 -0.03084725 0.01570791 0.03314805 -0.03088808 0.01567649 0.03224533 -0.03084725 0.01569175 0.03204208 -0.03074222 0.01547402 0.03207671 -0.03091996 0.01729881 0.03221559 -0.03088808 0.0173763 0.03222048 -0.03084725 0.01735508 0.03201776 -0.03078067 0.01758295 0.0322175 -0.03074222 0.01757377 0.03204602 -0.03094577 0.01722145 0.0321983 -0.03092724 0.0171253 0.03199714 -0.03096413 0.01714903 0.03216958 -0.03096407 0.01692652 0.03195345 -0.0309754 0.01696884 0.03202033 -0.03097915 0.01702064 0.03207921 -0.0309754 0.01708102 0.03212928 -0.03094577 0.01689577 0.03188198 -0.03084725 0.01712208 0.03177732 -0.03091984 0.01687616 0.03180491 -0.03089892 0.01688414 0.03175848 -0.03088808 0.01686906 0.03172785 -0.03079098 0.01688098 0.03154361 -0.03079319 0.01686632 0.03154253 -0.03065884 0.01687806 0.03134268 -0.03052484 0.01663255 0.03114259 -0.03068089 0.0166614 0.03133088 -0.03050422 0.01687538 0.0311585 -0.03065073 0.01686322 0.0313279 -0.03066086 0.0168634 0.03134143 -0.03068089 0.01636511 0.03133517 -0.03068333 0.0163958 0.03133475 -0.03068161 0.01639109 0.03133291 -0.03068333 0.01663064 0.0313313 -0.03068161 0.01663529 0.03132933 -0.03091996 0.01616424 0.03181558 -0.03089892 0.01615488 0.03176915 -0.03094577 0.01614689 0.03189295 -0.03084725 0.01591765 0.03179496 -0.03096413 0.01611816 0.03196537 -0.0309754 0.01607793 0.03203338 -0.03092724 0.01592087 0.03201478 -0.03097915 0.01602786 0.03209376 -0.0309754 0.01596897 0.03214555 -0.03091984 0.0157535 0.03223824 -0.03094577 0.01583063 0.03221863 -0.03096407 0.01590204 0.03218787 -0.03065884 0.01528191 0.03289371 -0.03061366 0.01528465 0.03308427 -0.03092724 0.01593774 0.03316861 -0.03084725 0.01594096 0.03338843 -0.03050422 0.01618766 0.03400731 -0.03052484 0.01643043 0.03402316 -0.03068089 0.01640164 0.03383493 -0.03068089 0.01669794 0.03383058 -0.03068333 0.01666718 0.03383105 -0.03068161 0.01667189 0.0338329 -0.03068333 0.0164324 0.03383445 -0.03068161 0.01642775 0.03383642 -0.03094577 0.01691609 0.0332728 -0.03084725 0.01714539 0.03337079 -0.03096413 0.01694482 0.03320044 -0.0309754 0.01698511 0.03313243 -0.03092724 0.01714217 0.03315103 -0.03097915 0.01703518 0.03307199 -0.0309754 0.01709407 0.03302019 -0.03084725 0.01737129 0.03312367 -0.03094577 0.01723241 0.03294712 -0.03096407 0.01716095 0.03297793 -0.03065073 0.0177865 0.03291457 -0.03078067 0.0175932 0.03291738 -0.03074222 0.01758903 0.0330891 -0.03088808 0.01738655 0.03292042 -0.03091984 0.01730948 0.03292751 -0.03061366 0.01779246 0.03304761 -0.03065884 0.01778966 0.032857 -0.03066182 0.01778566 0.03285759 -0.03068161 0.01778686 0.03266251 -0.03068459 0.0177828 0.03266268 -0.03068161 0.01778399 0.03246659 -0.03068459 0.01777994 0.03246653 -0.03065884 0.01778113 0.0322721 -0.03066182 0.01777708 0.03227162 -0.03065073 0.01777625 0.03221464 -0.03061366 0.01777833 0.03208148 -0.02911168 0.01448142 0.03214156 -0.02916562 0.01454812 0.03191292 -0.02902829 0.01444238 0.03237128 -0.02947694 0.01448708 0.03252869 -0.02970731 0.01455652 0.03248703 -0.02923351 0.01444488 0.03254348 -0.02905619 0.0144813 0.03213179 -0.02908337 0.01454794 0.03189843 -0.02910941 0.0146414 0.03167432 -0.02899998 0.01444238 0.03236961 -0.02946394 0.01448631 0.03247386 -0.02968806 0.01455533 0.03240579 -0.02990287 0.01465111 0.03234004 -0.02899998 0.01448124 0.03212851 -0.02899998 0.01454788 0.03189355 -0.02899998 0.01464128 0.03166794 -0.02899998 0.01476031 0.03145468 -0.0302931 0.01491731 0.03221929 -0.03010547 0.01477235 0.03227764 -0.0301364 0.01477426 0.03240817 -0.02992814 0.01465266 0.03244668 -0.02994084 0.01465427 0.03255552 -0.02971702 0.01455777 0.03257 -0.02971702 0.01455897 0.03265351 -0.02948343 0.01448875 0.03264093 -0.02947694 0.01448959 0.03269684 -0.02924007 0.01444655 0.03265571 -0.02923351 0.01444697 0.03268331 -0.03046327 0.01508414 0.03216594 -0.03032934 0.01491957 0.03237205 -0.03015202 0.01477617 0.03254145 -0.02994084 0.01465588 0.03266513 -0.02970731 0.01456022 0.03273648 -0.02946394 0.01449036 0.03275167 -0.02922385 0.01444733 0.03270995 -0.03061366 0.01527053 0.03211814 -0.03050422 0.01508671 0.03233873 -0.03034752 0.01492184 0.03252792 -0.03015202 0.01477813 0.03267562 -0.02992814 0.01465749 0.03277397 -0.02968806 0.01456135 0.03281772 -0.02944463 0.01449114 0.03280454 -0.0292111 0.01444768 0.03273528 -0.02919554 0.01444804 0.03275895 -0.02941936 0.01449185 0.03285491 -0.02965945 0.01456254 0.03289622 -0.02990287 0.01465904 0.0328806 -0.0301364 0.0147801 0.03280889 -0.03034752 0.01492416 0.03268486 -0.03052484 0.01508927 0.03251516 -0.03065884 0.01527333 0.03230875 -0.03078067 0.01546984 0.03224837 -0.0291773 0.0144484 0.03278064 -0.02938842 0.01449257 0.03290194 -0.02962201 0.01456362 0.03297084 -0.02986538 0.01466053 0.0329836 -0.03010547 0.01478201 0.03293949 -0.03032934 0.01492643 0.03284078 -0.03052484 0.01509183 0.03269279 -0.03068161 0.01527619 0.0325033 -0.02915668 0.01444864 0.03280013 -0.02935224 0.01449322 0.03294509 -0.02957612 0.01456463 0.03304058 -0.02981621 0.01466196 0.03308153 -0.03005957 0.01478385 0.03306555 -0.0302931 0.01492863 0.03299349 -0.03050422 0.01509445 0.03286916 -0.03068161 0.01527905 0.03269916 -0.02913391 0.01444894 0.03281706 -0.02931129 0.01449376 0.03298372 -0.02952241 0.01456558 0.03310459 -0.02975594 0.01466333 0.03317308 -0.02999931 0.01478558 0.03318548 -0.03023946 0.01493078 0.03314101 -0.03046327 0.01509696 0.03304201 -0.02910941 0.01444911 0.03283125 -0.02926611 0.01449424 0.03301733 -0.02946168 0.01456642 0.03316187 -0.02968549 0.01466453 0.033257 -0.02992558 0.01478725 0.03329759 -0.03016901 0.01493287 0.03328126 -0.03040254 0.0150994 0.0332089 -0.02908337 0.01444929 0.03284245 -0.0292173 0.01449465 0.03304553 -0.02939468 0.01456713 0.03321176 -0.0296058 0.01466566 0.03333222 -0.02983933 0.01478874 0.03340035 -0.0300827 0.01493477 0.03341239 -0.03032279 0.01510173 0.03336763 -0.03054666 0.01528739 0.03326833 -0.03074222 0.01548928 0.03311979 -0.03077054 0.01568865 0.03183138 -0.03066986 0.0154711 0.03187799 -0.03054666 0.01526784 0.03193414 -0.03040254 0.0150817 0.03199899 -0.03023946 0.01491516 0.03207182 -0.03005957 0.0147705 0.03215152 -0.02986538 0.01464962 0.03223705 -0.02965945 0.0145542 0.03232729 -0.02944463 0.01448553 0.03242099 -0.02922385 0.01444453 0.03251683 -0.03077054 0.015711 0.03335869 -0.03066986 0.01549214 0.03331851 -0.03065884 0.0161488 0.03135335 -0.03050422 0.01614612 0.03116917 -0.03061366 0.01591169 0.03139048 -0.03046327 0.01590907 0.03121125 -0.03054666 0.01568299 0.03144371 -0.03040254 0.01568049 0.03127193 -0.03045874 0.01546573 0.03151232 -0.03032279 0.01546335 0.03135031 -0.0303511 0.0152629 0.03159546 -0.03022521 0.01526069 0.03144538 -0.03022521 0.01507723 0.0316919 -0.03011101 0.0150752 0.03155583 -0.0300827 0.01491123 0.03180044 -0.02998185 0.01490944 0.03168016 -0.02992558 0.01476711 0.03191953 -0.02983933 0.01476562 0.03181672 -0.02975594 0.01464682 0.03204756 -0.02968549 0.01464563 0.03196364 -0.02957612 0.01455211 0.03218287 -0.02952241 0.01455116 0.03211891 -0.02938842 0.0144841 0.03232359 -0.02935224 0.01448345 0.03228044 -0.02919554 0.01444381 0.03246784 -0.0292111 0.01444417 0.0324915 -0.02941936 0.01448482 0.03237062 -0.02962201 0.01455312 0.03225266 -0.02981621 0.01464819 0.03213912 -0.02999931 0.01476871 0.03203159 -0.03016901 0.01491314 0.03193157 -0.03032279 0.01507937 0.03184032 -0.03045874 0.01526528 0.03175908 -0.03057497 0.01546829 0.03168898 -0.03066986 0.01568573 0.03163105 -0.03074222 0.01591455 0.03158593 -0.03079098 0.01615178 0.03155428 -0.0291773 0.01444351 0.03244608 -0.03079319 0.01619666 0.03362321 -0.03079098 0.016182 0.03362214 -0.03074222 0.015944 0.03359746 -0.03066986 0.01571393 0.03355908 -0.03057497 0.01549494 0.03350746 -0.03045874 0.0152899 0.03344339 -0.03061366 0.01594686 0.03379291 -0.03054666 0.01571667 0.03374642 -0.03045874 0.0154975 0.03368413 -0.0303511 0.01529234 0.033607 -0.03022521 0.01510387 0.03351598 -0.03046327 0.01594948 0.03397214 -0.03040254 0.01571917 0.03391814 -0.03032279 0.01549988 0.03384613 -0.03022521 0.01529449 0.03375703 -0.03011101 0.0151059 0.03365206 -0.02998185 0.01493656 0.03353261 -0.03088808 0.01616913 0.0317381 -0.03079319 0.01616638 0.03155279 -0.03066086 0.01616346 0.03135162 -0.03065073 0.01616328 0.03133815 -0.03052484 0.01638835 0.03114616 -0.03052484 0.01667463 0.03401958 -0.03050422 0.01691687 0.03399664 -0.03065073 0.01689976 0.03382766 -0.02924007 0.01686608 0.03052365 -0.02899998 0.0168659 0.03050971 -0.02924335 0.01662313 0.03049904 -0.02899998 0.01662296 0.03048485 -0.02924335 0.01637899 0.03050261 -0.02899998 0.01637876 0.03048843 -0.02924007 0.01613688 0.03053432 -0.02899998 0.01613664 0.03052031 -0.02923351 0.01590007 0.03059375 -0.02899998 0.01589989 0.03058016 -0.02922385 0.01567184 0.03068006 -0.02899998 0.01567161 0.030667 -0.0292111 0.01545518 0.03079205 -0.02899998 0.015455 0.03077977 -0.02919554 0.01525312 0.03092831 -0.02899998 0.015253 0.03091692 -0.0291773 0.01506835 0.03108698 -0.02899998 0.01506823 0.03107666 -0.02915668 0.01490336 0.03126585 -0.02899998 0.01490324 0.03125667 -0.02913391 0.01476043 0.03146249 -0.02947694 0.01686668 0.03056544 -0.02948343 0.01662379 0.03054136 -0.02948343 0.01637959 0.03054493 -0.02947694 0.01613748 0.0305761 -0.02946394 0.01590067 0.03063434 -0.02944463 0.01567238 0.03071898 -0.02941936 0.01545572 0.03082877 -0.02938842 0.01525366 0.03096234 -0.02935224 0.01506882 0.03111779 -0.02931129 0.01490378 0.03129309 -0.02926611 0.01476073 0.03148579 -0.0292173 0.0146417 0.03169333 -0.02970731 0.01686769 0.0306344 -0.02971702 0.0166248 0.03061127 -0.02971702 0.0163806 0.03061485 -0.02970731 0.01613849 0.03064507 -0.02968806 0.01590162 0.03070145 -0.02965945 0.01567333 0.03078329 -0.02962201 0.01545661 0.03088945 -0.02957612 0.01525449 0.03101849 -0.02952241 0.01506954 0.03116875 -0.02946168 0.01490443 0.03133809 -0.02939468 0.01476132 0.0315243 -0.02932232 0.01464211 0.03172481 -0.02924561 0.01454848 0.03193688 -0.02992814 0.01686912 0.03072965 -0.02994084 0.01662623 0.03070783 -0.02994084 0.01638203 0.03071141 -0.02992814 0.01613986 0.03074032 -0.02990287 0.01590299 0.03079408 -0.02986538 0.01567465 0.0308721 -0.02981621 0.01545786 0.03097319 -0.02975594 0.01525563 0.0310961 -0.02968549 0.01507061 0.03123909 -0.0296058 0.01490533 0.03140026 -0.02951788 0.0147621 0.0315774 -0.02942293 0.01464277 0.0317682 -0.02932232 0.01454895 0.03196996 -0.0292173 0.01448202 0.03218001 -0.0301364 0.01687085 0.03084987 -0.03015202 0.01662796 0.03082972 -0.03015202 0.01638382 0.0308333 -0.0301364 0.01614165 0.03086054 -0.03010547 0.01590472 0.03091108 -0.03005957 0.01567625 0.03098416 -0.02999931 0.01545941 0.03107893 -0.02992558 0.01525706 0.03119403 -0.02983933 0.01507186 0.0313279 -0.0297417 0.01490652 0.03147876 -0.02963411 0.01476305 0.03164452 -0.02951788 0.01464354 0.03182297 -0.02939468 0.01454961 0.03201174 -0.02926611 0.01448243 0.0322082 -0.02913391 0.01444298 0.03240972 -0.02915668 0.01444321 0.03242665 -0.02931129 0.01448291 0.03224182 -0.02946168 0.01455032 0.03206157 -0.0296058 0.0146445 0.03188842 -0.0297417 0.01476424 0.03172463 -0.02986764 0.01490789 0.03157246 -0.02998185 0.01507347 0.03143393 -0.0300827 0.01525872 0.03131097 -0.03016901 0.01546126 0.03120523 -0.03023946 0.01567822 0.03111809 -0.0302931 0.01590675 0.03105074 -0.03032934 0.01614373 0.03100413 -0.03034752 0.01638591 0.03097885 -0.03034752 0.01663011 0.03097528 -0.03032934 0.01687294 0.03099346 -0.03074222 0.01711905 0.03156828 -0.03061366 0.01711618 0.03137284 -0.03046327 0.01711356 0.03119367 -0.0302931 0.01711118 0.03103315 -0.03010547 0.01710915 0.03089344 -0.02990287 0.01710742 0.0307765 -0.02968806 0.01710611 0.03068381 -0.02946394 0.0171051 0.03061676 -0.02923351 0.0171045 0.0305761 -0.02899998 0.01710432 0.03056252 -0.03077054 0.01735204 0.03180706 -0.03066986 0.01734912 0.03160667 -0.03054666 0.01734638 0.03141939 -0.03040254 0.01734381 0.03124761 -0.03023946 0.01734161 0.03109377 -0.03005957 0.01733964 0.03095984 -0.02986538 0.01733797 0.03084778 -0.02965945 0.01733672 0.03075897 -0.02944463 0.01733577 0.03069466 -0.02922385 0.01733517 0.03065574 -0.02899998 0.01733499 0.03064268 -0.03066986 0.01757085 0.03184729 -0.03057497 0.01756811 0.03165829 -0.03045874 0.01756554 0.03148162 -0.03032279 0.01756316 0.03131961 -0.03016901 0.01756101 0.03117454 -0.02999931 0.01755917 0.03104823 -0.02981621 0.01755762 0.03094249 -0.02962201 0.01755642 0.03085875 -0.02941936 0.01755553 0.03079807 -0.0292111 0.01755499 0.03076136 -0.02899998 0.01755481 0.03074908 -0.03054666 0.01777565 0.03189742 -0.03045874 0.01777309 0.03172242 -0.0303511 0.0177707 0.03155875 -0.03022521 0.0177685 0.03140872 -0.0300827 0.01776653 0.03127431 -0.02992558 0.0177648 0.03115737 -0.02975594 0.01776337 0.03105944 -0.02957612 0.01776224 0.03098183 -0.02938842 0.01776146 0.03092569 -0.03077054 0.01737433 0.03333437 -0.03066986 0.01759195 0.03328776 -0.03054666 0.01779514 0.03323167 -0.03079319 0.0168966 0.03361296 -0.03079098 0.01691126 0.03361147 -0.03074222 0.01714843 0.03357988 -0.03066986 0.01737731 0.03353476 -0.03057497 0.01759469 0.03347676 -0.03045874 0.0177977 0.03340667 -0.03066086 0.01689958 0.03381413 -0.03065884 0.01691418 0.0338124 -0.03061366 0.01715129 0.03377532 -0.03054666 0.01738005 0.0337221 -0.03045874 0.01759725 0.03365343 -0.0303511 0.01780015 0.03357034 -0.03046327 0.01715391 0.0339545 -0.03040254 0.01738256 0.03389382 -0.03032279 0.01759964 0.03381544 -0.03022521 0.01780229 0.03372037 -0.0300827 0.01780426 0.03385478 -0.03016901 0.01760178 0.03396058 -0.03023946 0.01738476 0.03404772 -0.0302931 0.01715624 0.03411501 -0.03032934 0.01691931 0.03416162 -0.03034752 0.01667708 0.03418689 -0.03034752 0.01643288 0.03419047 -0.03032934 0.01619005 0.03417229 -0.0302931 0.01595181 0.03413265 -0.03023946 0.01572144 0.03407204 -0.03016901 0.01550197 0.03399127 -0.0300827 0.01529645 0.03389143 -0.02998185 0.01510769 0.03377395 -0.02986764 0.01493811 0.03364032 -0.0297417 0.01479011 0.03349244 -0.02992558 0.01780599 0.03397172 -0.02999931 0.01760363 0.03408682 -0.03005957 0.01738673 0.03418159 -0.03010547 0.01715832 0.03425472 -0.0301364 0.0169214 0.03430521 -0.03015202 0.01667922 0.03433245 -0.03015202 0.01643502 0.03433603 -0.0301364 0.01619213 0.03431588 -0.03010547 0.01595389 0.03427231 -0.03005957 0.0157234 0.03420591 -0.02999931 0.01550382 0.03411751 -0.02992558 0.01529818 0.03400844 -0.02983933 0.01510924 0.03387999 -0.0297417 0.01493948 0.03373408 -0.02963411 0.01479125 0.03357255 -0.02951788 0.01466661 0.03339767 -0.02975594 0.01780742 0.03406965 -0.02981621 0.01760518 0.03419256 -0.02986538 0.0173884 0.03429371 -0.02990287 0.01715999 0.03437167 -0.02992814 0.01692318 0.03442549 -0.02994084 0.01668101 0.03445434 -0.02994084 0.01643681 0.03445792 -0.02992814 0.01619392 0.03443616 -0.02990287 0.01595556 0.03438931 -0.02986538 0.01572501 0.03431802 -0.02981621 0.01550537 0.03422325 -0.02975594 0.01529961 0.03410637 -0.02968549 0.01511049 0.0339688 -0.0296058 0.01494061 0.03381258 -0.02951788 0.01479226 0.03363966 -0.02942293 0.01466739 0.03345245 -0.02932232 0.01456773 0.03325355 -0.02957612 0.01780855 0.03414726 -0.02962201 0.01760637 0.0342763 -0.02965945 0.01738971 0.03438252 -0.02968806 0.01716136 0.03446435 -0.02970731 0.01692456 0.03452074 -0.02971702 0.01668238 0.0345509 -0.02971702 0.01643824 0.03455448 -0.02970731 0.01619529 0.03453141 -0.02968806 0.01595693 0.03448194 -0.02965945 0.01572632 0.03440684 -0.02962201 0.01550662 0.03430706 -0.02957612 0.01530075 0.03418391 -0.02952241 0.01511156 0.03403919 -0.02946168 0.01494151 0.03387475 -0.02939468 0.01479303 0.03369277 -0.02932232 0.01466804 0.0334959 -0.02924561 0.01456826 0.03328657 -0.02916562 0.01449501 0.03306782 -0.02938842 0.01780939 0.03420341 -0.02941936 0.01760727 0.03433698 -0.02944463 0.0173906 0.03444677 -0.02946394 0.01716238 0.03453141 -0.02947694 0.01692557 0.0345897 -0.02948343 0.01668345 0.03462082 -0.02948343 0.01643925 0.03462439 -0.02947694 0.01619631 0.03460037 -0.02946394 0.01595789 0.03454905 -0.02944463 0.01572728 0.03447115 -0.02941936 0.01550751 0.03436768 -0.02938842 0.01530158 0.03424012 -0.02935224 0.01511228 0.0340901 -0.02931129 0.01494222 0.03391975 -0.02926611 0.01479357 0.03373128 -0.0292173 0.01466852 0.03352731 -0.02916562 0.01456856 0.03331053 -0.02911168 0.01449525 0.03308397 -0.02905619 0.01444941 0.03285056 -0.02902829 0.01444947 0.03285551 -0.02905619 0.01449537 0.03309375 -0.02908337 0.0145688 0.03332507 -0.02910941 0.01466876 0.03354632 -0.02913391 0.01479393 0.03375458 -0.02915668 0.01494258 0.03394699 -0.0291773 0.01511275 0.03412097 -0.02919554 0.01530206 0.0342741 -0.0292111 0.01550805 0.03440439 -0.02922385 0.01572781 0.03451007 -0.02923351 0.01595848 0.03458964 -0.02924007 0.0161969 0.0346421 -0.02924335 0.01643985 0.03466671 -0.02924335 0.01668405 0.03466314 -0.02924007 0.01692616 0.03463143 -0.02923351 0.01716297 0.03457206 -0.02922385 0.0173912 0.03448575 -0.0292111 0.0176078 0.0343737 -0.02919554 0.01780986 0.03423744 -0.02899998 0.01781004 0.03424882 -0.02899998 0.01760798 0.03438597 -0.02899998 0.01739138 0.03449875 -0.02899998 0.01716315 0.03458565 -0.02899998 0.0169264 0.03464543 -0.02899998 0.01668423 0.03467732 -0.02899998 0.01644009 0.0346809 -0.02899998 0.01619714 0.0346561 -0.02899998 0.01595872 0.03460323 -0.02899998 0.01572805 0.03452306 -0.02899998 0.01550823 0.03441667 -0.02899998 0.01530224 0.03428548 -0.02899998 0.01511287 0.03413128 -0.02899998 0.0149427 0.03395611 -0.02899998 0.01479405 0.03376239 -0.02899998 0.01466888 0.0335527 -0.02899998 0.01456886 0.0333299 -0.02899998 0.01449543 0.03309702 -0.02899998 0.01444947 0.03285717 -0.02935224 0.01795071 0.03107565 -0.02952241 0.01795148 0.03112661 -0.02968549 0.0179525 0.03119695 -0.02983933 0.01795381 0.03128576 -0.02998185 0.01795536 0.03139179 -0.03011101 0.01795715 0.03151369 -0.03022521 0.01795911 0.03164976 -0.03032279 0.01796132 0.03179818 -0.03040254 0.01796364 0.03195685 -0.03046327 0.01796609 0.0321238 -0.03050422 0.01796859 0.03229659 -0.03052484 0.01797115 0.03247302 -0.03052484 0.01797378 0.03265064 -0.03050422 0.01797634 0.03282701 -0.03046327 0.01797884 0.03299987 -0.03040254 0.01798129 0.03316676 -0.03032279 0.01798361 0.03332549 -0.03022521 0.01798582 0.03347384 -0.03011101 0.01798778 0.03360992 -0.02998185 0.01798957 0.03373181 -0.02983933 0.01799112 0.03383785 -0.02968549 0.01799243 0.03392666 -0.02952241 0.01799345 0.03399699 -0.02935224 0.01799422 0.03404796 -0.0291773 0.01799464 0.03407883 -0.02899998 0.01799482 0.03408914 -0.02931129 0.01812082 0.03124606 -0.02946168 0.01812148 0.03129106 -0.0296058 0.01812237 0.03135323 -0.0297417 0.01812356 0.03143167 -0.02986764 0.01812493 0.03152543 -0.02998185 0.01812648 0.03163313 -0.0300827 0.01812827 0.03175336 -0.03016901 0.01813018 0.03188449 -0.03023946 0.0181322 0.0320248 -0.0302931 0.01813435 0.03217226 -0.03032934 0.01813662 0.03232496 -0.03034752 0.01813888 0.03248089 -0.03034752 0.01814121 0.03263783 -0.03032934 0.01814347 0.03279376 -0.0302931 0.01814568 0.03294646 -0.03023946 0.01814782 0.03309392 -0.03016901 0.01814991 0.03323423 -0.0300827 0.01815181 0.03336536 -0.02998185 0.0181536 0.03348559 -0.02986764 0.01815515 0.03359329 -0.0297417 0.01815652 0.03368705 -0.0296058 0.01815766 0.03376549 -0.02946168 0.01815861 0.03382766 -0.02931129 0.01815927 0.03387266 -0.02915668 0.01815962 0.03389996 -0.02899998 0.01815974 0.03390908 -0.02926611 0.01826941 0.03143447 -0.02939468 0.01827001 0.03147298 -0.02951788 0.01827079 0.03152614 -0.02963411 0.01827174 0.0315932 -0.0297417 0.01827293 0.03167331 -0.02983933 0.01827424 0.0317654 -0.02992558 0.01827579 0.03186821 -0.02999931 0.0182774 0.03198033 -0.03005957 0.01827919 0.0321002 -0.03010547 0.01828098 0.03222632 -0.0301364 0.01828294 0.03235685 -0.03015202 0.01828485 0.03249013 -0.03015202 0.01828682 0.0326243 -0.0301364 0.01828879 0.03275758 -0.03010547 0.01829069 0.03288817 -0.03005957 0.01829254 0.03301423 -0.02999931 0.01829427 0.03313416 -0.02992558 0.01829594 0.03324627 -0.02983933 0.01829743 0.03334903 -0.0297417 0.0182988 0.03344112 -0.02963411 0.01829993 0.03352123 -0.02951788 0.01830095 0.03358834 -0.02939468 0.01830172 0.03364151 -0.02926611 0.01830226 0.03367996 -0.02913391 0.01830261 0.03370326 -0.02899998 0.01830273 0.03371107 -0.0292173 0.01839452 0.03163844 -0.02932232 0.018395 0.03166991 -0.02942293 0.0183956 0.0317133 -0.02951788 0.01839643 0.03176808 -0.0296058 0.01839739 0.03183352 -0.02968549 0.01839846 0.03190875 -0.02975594 0.01839971 0.03199267 -0.02981621 0.01840102 0.03208428 -0.02986538 0.01840245 0.03218221 -0.02990287 0.018404 0.03228515 -0.02992814 0.01840555 0.03239178 -0.02994084 0.01840716 0.03250062 -0.02994084 0.01840871 0.03261023 -0.02992814 0.01841032 0.03271907 -0.02990287 0.01841187 0.0328257 -0.02986538 0.01841342 0.0329287 -0.02981621 0.01841485 0.03302663 -0.02975594 0.01841616 0.03311818 -0.02968549 0.01841741 0.03320217 -0.0296058 0.01841849 0.03327733 -0.02951788 0.01841944 0.03334277 -0.02942293 0.01842027 0.03339761 -0.02932232 0.01842087 0.033441 -0.0292173 0.01842135 0.03347241 -0.02910941 0.01842164 0.03349143 -0.02899998 0.0184217 0.03349781 -0.02916562 0.01849442 0.03185522 -0.02924561 0.01849478 0.03187918 -0.02932232 0.01849526 0.03191226 -0.02939468 0.01849585 0.03195399 -0.02946168 0.01849663 0.03200387 -0.02952241 0.01849746 0.03206121 -0.02957612 0.01849836 0.03212517 -0.02962201 0.01849943 0.03219497 -0.02965945 0.0185005 0.03226959 -0.02968806 0.01850163 0.03234803 -0.02970731 0.01850283 0.03242933 -0.02971702 0.01850402 0.03251224 -0.02971702 0.01850527 0.03259581 -0.02970731 0.01850646 0.03267872 -0.02968806 0.01850765 0.03276002 -0.02965945 0.01850879 0.03283846 -0.02962201 0.01850992 0.03291308 -0.02957612 0.01851093 0.03298288 -0.02952241 0.01851189 0.03304684 -0.02946168 0.01851272 0.03310418 -0.02939468 0.01851344 0.03315407 -0.02932232 0.01851403 0.03319579 -0.02924561 0.01851451 0.03322887 -0.02916562 0.01851487 0.03325283 -0.02908337 0.01851511 0.03326731 -0.02899998 0.01851516 0.0332722 -0.02911168 0.0185678 0.03208184 -0.02916562 0.01856803 0.03209799 -0.0292173 0.01856833 0.03212028 -0.02926611 0.01856875 0.03214842 -0.02931129 0.01856929 0.03218203 -0.02935224 0.01856982 0.03222072 -0.02938842 0.01857048 0.03226381 -0.02941936 0.01857113 0.0323109 -0.02944463 0.01857191 0.0323612 -0.02946394 0.01857268 0.03241413 -0.02947694 0.01857346 0.03246891 -0.02948343 0.01857429 0.03252482 -0.02948343 0.01857513 0.03258115 -0.02947694 0.0185759 0.03263711 -0.02946394 0.01857674 0.03269189 -0.02944463 0.01857751 0.03274482 -0.02941936 0.01857823 0.03279513 -0.02938842 0.01857894 0.03284215 -0.02935224 0.01857954 0.03288531 -0.02931129 0.01858013 0.03292393 -0.02926611 0.01858061 0.03295761 -0.0292173 0.01858103 0.03298574 -0.02916562 0.01858133 0.03300803 -0.02911168 0.01858156 0.03302419 -0.02905619 0.01858174 0.03303396 -0.02899998 0.01858174 0.03303724 -0.02989995 0.01689392 0.03342765 -0.02989995 0.01689976 0.03382766 -0.02989995 0.01619982 0.03383785 -0.02989995 0.01691609 0.0332728 -0.02989995 0.0177865 0.03291457 -0.02989995 0.01777625 0.03221464 -0.02989995 0.01738655 0.03292042 -0.02989995 0.0173763 0.03222048 -0.02989995 0.01723241 0.03294712 -0.02989995 0.01722145 0.0321983 -0.02989995 0.01709407 0.03302019 -0.02989995 0.01708102 0.03212928 -0.02989995 0.01698511 0.03313243 -0.02989995 0.01567649 0.03224533 -0.02989995 0.01583063 0.03221863 -0.02989995 0.01696884 0.03202033 -0.02989995 0.01686322 0.0313279 -0.02989995 0.01616328 0.03133815 -0.02989995 0.01686906 0.03172785 -0.02989995 0.01616913 0.0317381 -0.02989995 0.01689577 0.03188198 -0.02989995 0.01614689 0.03189295 -0.02989995 0.01607793 0.03203338 -0.02989995 0.01596897 0.03214555 0.01999998 0.01387822 0.07064974 0.01999998 0.01708209 0.07060289 0.01999998 0.01658207 0.06853711 0.01999998 0.01917529 0.06866395 0.01999998 0.01897263 0.06607556 0.01999998 0.02105218 0.06651496 0.01999998 0.02100533 0.0633111 0.03099995 0.02105218 0.06651496 0.03099995 0.01917529 0.06866395 0.03099995 0.01708209 0.07060289 0.002999961 -0.02099013 0.06392526 0.01999998 -0.02099013 0.06392526 0.01999998 -0.0188775 0.06662911 0.002999961 -0.0188775 0.06662911 0.01999998 -0.01641595 0.06901967 0.002999961 -0.01641595 0.06901967 0.01999998 -0.01365149 0.07105237 0.002999961 -0.01365149 0.07105237 0.01999998 -0.02094328 0.06712913 0.01999998 -0.01685535 0.07109922 0.01999998 -0.01900434 0.06922233 0.03099995 -0.01685535 0.07109922 0.03099995 -0.01900434 0.06922233 0.03099995 -0.02094328 0.06712913 0.03099995 -0.02143961 0.03319162 0.01999998 -0.02143961 0.03319162 0.01999998 -0.01956272 0.03104263 0.03099995 -0.01956272 0.03104263 0.01999998 -0.01746952 0.02910369 0.03099995 -0.01746952 0.02910369 0.01999998 -0.0169695 0.03116953 0.01999998 -0.01426565 0.02905684 0.01999998 -0.02139276 0.03639554 0.01999998 -0.01936006 0.03363102 0.002999961 -0.01426565 0.02905684 0.002999961 -0.0169695 0.03116953 0.002999961 -0.01936006 0.03363102 0.002999961 -0.02139276 0.03639554 0.002999961 -0.02143961 0.03319162 0.002999961 -0.01956272 0.03104263 0.002999961 -0.01746952 0.02910369 -0.008999943 -0.02143961 0.03319162 -0.008999943 -0.01956272 0.03104263 -0.008999943 -0.01746952 0.02910369 -0.008999943 -0.02133983 0.04001146 -0.008999943 -0.02125501 0.04581087 -0.008999943 -0.02112782 0.05450993 -0.008999943 -0.021043 0.06030929 0.002999961 -0.02094328 0.06712913 -0.008999943 -0.02094328 0.06712913 0.002999961 -0.01685535 0.07109922 0.002999961 -0.01900434 0.06922233 -0.008999943 -0.01685535 0.07109922 -0.008999943 -0.01900434 0.06922233 -0.008999943 -0.01312303 0.07104462 0.002999961 0.01387822 0.07064974 0.002999961 0.01708209 0.07060289 -0.008999943 0.01708209 0.07060289 -0.008999943 0.007612526 0.07074141 -0.008999943 -0.00738579 0.07096076 0.002999961 0.01658207 0.06853711 0.002999961 0.01897263 0.06607556 0.002999961 0.02100533 0.0633111 0.002999961 0.01646792 0.02860736 -0.008999943 0.01646792 0.02860736 -0.008999943 0.01861691 0.03048425 0.002999961 0.01861691 0.03048425 -0.008999943 0.02055585 0.03257745 0.002999961 0.02055585 0.03257745 0.03099995 0.01646792 0.02860736 0.01999998 0.01646792 0.02860736 0.01999998 0.01861691 0.03048425 0.03099995 0.01861691 0.03048425 0.01999998 0.02055585 0.03257745 0.03099995 0.02055585 0.03257745 0.01999998 0.0206027 0.03578138 0.01999998 0.01849007 0.03307747 0.01999998 0.01602852 0.03068691 0.01999998 0.01326406 0.02865427 0.002999961 0.0206027 0.03578138 0.002999961 0.01849007 0.03307747 0.002999961 0.01602852 0.03068691 0.002999961 0.01326406 0.02865427 -0.008999943 0.02105218 0.06651496 0.002999961 0.02105218 0.06651496 -0.008999943 0.02095246 0.05969512 -0.008999943 0.02086764 0.05389577 -0.008999943 0.02074038 0.04519671 -0.008999943 0.02065563 0.03939729 0.002999961 0.01917529 0.06866395 -0.008999943 0.01917529 0.06866395 -0.008999943 -0.007544457 0.06011188 -0.008999943 -0.007629275 0.05431252 -0.008999943 -0.01336652 0.05439645 -0.008999943 -0.001475214 0.04770678 -0.008999943 -2.30262e-4 0.04735356 -0.008999943 -0.007756471 0.04561346 -0.008999943 0.0169059 0.0539537 -0.008999943 0.01655352 0.02985626 -0.008999943 -0.01412433 0.06826192 -0.008999943 -0.01839959 0.06495356 -0.008999943 -0.0183801 0.06628859 -0.008999943 -0.01778328 0.06748288 -0.008999943 -0.01672732 0.06829994 -0.008999943 -0.0154215 0.068578 -0.008999943 -0.01718068 0.03730326 -0.008999943 -0.01823657 0.0364862 -0.008999943 -0.01883339 0.03529191 -0.008999943 -0.01885288 0.03395688 -0.008999943 0.007016658 0.02999573 -0.008999943 0.01801216 0.03475302 -0.008999943 0.01799267 0.03341805 -0.008999943 0.01739585 0.03222376 -0.008999943 0.01633995 0.03140664 -0.008999943 0.01790386 0.06696099 -0.008999943 0.01846551 0.0657497 -0.008999943 0.01844596 0.06441473 -0.008999943 0.01784914 0.06322044 -0.008999943 0.01259702 0.06450027 -0.008999943 0.007453858 0.05989253 -0.008999943 0.01261657 0.06583523 -0.008999943 0.01321339 0.06702959 -0.008999943 0.01687228 0.06780856 -0.008999943 0.01557511 0.06812465 -0.008999943 0.01426929 0.06784665 -0.008999943 0.01315867 0.06328904 -0.008999943 0.01419025 0.0624414 -0.008999943 0.01699072 0.05975306 -0.008999943 0.01548737 0.06212532 -0.008999943 0.01679325 0.06240332 -0.008999943 -0.01255065 0.06486803 -0.008999943 -0.01253116 0.06620305 -0.008999943 -0.01309275 0.06741428 -0.008999943 -0.01783794 0.06374233 -0.008999943 -0.01680642 0.0628947 -0.008999943 -0.01708132 0.06025135 -0.008999943 -0.01550924 0.06257861 -0.008999943 -0.0132817 0.0601958 -0.008999943 -0.01420336 0.06285667 -0.008999943 -0.01314747 0.06367373 -0.008999943 -0.01357853 0.03989797 -0.008999943 -0.0135461 0.0364176 -0.008999943 -0.01457762 0.03726518 -0.008999943 -0.0158748 0.03758132 -0.008999943 -0.01737815 0.03995352 -0.008999943 -0.01371896 0.030299 -0.008999943 -0.01360076 0.03267705 -0.008999943 -0.007981657 0.03021508 -0.008999943 -0.01300394 0.03387135 -0.008999943 -0.01298445 0.03520631 -0.008999943 -0.007841289 0.03981405 -0.008999943 -0.01829129 0.03274565 -0.008999943 -0.01725971 0.03189802 -0.008999943 -0.01751852 0.03035455 -0.008999943 -0.01596254 0.03158193 -0.008999943 -0.01465666 0.03185999 -0.008999943 0.007157027 0.0395947 -0.008999943 0.01276004 0.03603285 -0.008999943 0.01216322 0.03483855 -0.008999943 0.01214373 0.03350359 -0.008999943 0.01270538 0.03229236 -0.008999943 0.0137369 0.03144472 -0.008999943 0.01503407 0.03112864 -0.008999943 0.01745057 0.03596431 -0.008999943 0.01641899 0.03681188 -0.008999943 0.01669389 0.03945523 -0.008999943 0.01512181 0.03712797 -0.008999943 0.01381599 0.03684997 -0.008999943 0.0167787 0.04525464 -0.008999943 0.01507264 0.05593788 -0.008999943 0.01536971 0.05622643 -0.008999943 0.01548272 0.05662477 -0.008999943 0.01538139 0.05702632 -0.008999943 0.01399588 0.05704659 -0.008999943 0.007369101 0.05409318 -0.008999943 0.01388287 0.05664819 -0.008999943 0.0150929 0.05732339 -0.008999943 0.01469451 0.0574364 -0.008999943 0.01429295 0.05733507 -0.008999943 0.0139842 0.05624669 -0.008999943 0.01427268 0.05594956 -0.008999943 0.01467108 0.05583655 -0.008999943 0.01379114 0.04304808 -0.008999943 0.01367813 0.04264968 -0.008999943 0.007241845 0.04539412 -0.008999943 0.0148679 0.04193937 -0.008999943 0.01516497 0.04222792 -0.008999943 0.01527798 0.04262632 -0.008999943 0.01517665 0.04302781 -0.008999943 0.01488816 0.04332488 -0.008999943 0.01448976 0.04343789 -0.008999943 0.01408827 0.04333657 -0.008999943 0.01377946 0.04224818 -0.008999943 0.014068 0.04195111 -0.008999943 0.01446634 0.04183804 -0.008999943 0.001024484 0.04767018 -0.008999943 0.001952826 0.04857176 -0.008999943 -1.57147e-4 0.05235302 -0.008999943 -0.001411855 0.0520364 -0.008999943 -0.002340257 0.05113482 -0.008999943 0.002305984 0.04981672 -0.008999943 0.001989364 0.05107152 -0.008999943 0.001087784 0.05199986 -0.008999943 -0.002693414 0.04988986 -0.008999943 -0.002376794 0.04863512 -0.008999943 -0.0137372 0.02904915 -0.008999943 -0.007999956 0.02896523 -0.008999943 0.00699836 0.02874588 -0.008999943 -0.01408302 0.05723524 -0.008999943 -0.01423281 0.05755823 -0.008999943 -0.01716613 0.054452 -0.008999943 -0.01566541 0.05708032 -0.008999943 -0.0155524 0.05747872 -0.008999943 -0.0148772 0.05626869 -0.008999943 -0.01527553 0.0563817 -0.008999943 -0.01556408 0.05667877 -0.008999943 -0.01450788 0.05778425 -0.008999943 -0.01485377 0.05786854 -0.008999943 -0.01525533 0.05776721 -0.008999943 -0.01452893 0.05634284 -0.008999943 -0.01424735 0.05656075 -0.008999943 -0.01408821 0.05687922 -0.008999943 -0.01349371 0.04569733 -0.008999943 -0.01729333 0.04575294 -0.008999943 -0.01576882 0.04268032 -0.008999943 -0.01548027 0.04238325 -0.008999943 -0.01508188 0.04227018 -0.008999943 -0.01587009 0.04308182 -0.008999943 -0.01575708 0.04348021 -0.008999943 -0.01428771 0.04323673 -0.008999943 -0.01443749 0.04355973 -0.008999943 -0.01473367 0.04234433 -0.008999943 -0.01445209 0.04256224 -0.008999943 -0.01429295 0.04288071 -0.008999943 -0.01471257 0.04378575 -0.008999943 -0.01505851 0.04387003 -0.008999943 -0.01546001 0.0437687</float_array>
          <technique_common>
            <accessor source="#link_4-mesh-positions-array" count="2666" stride="3">
              <param name="X" type="float" />
              <param name="Y" type="float" />
              <param name="Z" type="float" />
            </accessor>
          </technique_common>
        </source>
        <source id="link_4-mesh-normals">
          <float_array id="link_4-mesh-normals-array" count="14694">-0.1160938 0.01452416 0.9931321 -0.3420198 0.01374119 0.9395923 -0.3420198 0.01374119 0.9395923 -0.5495086 0.0122174 0.8353987 -0.5495086 0.0122174 0.8353987 -0.7273724 0.01003497 0.6861695 -0.7273724 0.01003497 0.6861696 -0.8660263 0.007311463 0.499945 -0.8660263 0.007311463 0.499945 -0.957989 0.004193961 0.2867742 -0.9579893 0.004193842 0.286773 -0.9983081 8.50245e-4 0.0581386 -0.9983081 8.5026e-4 0.05813884 -0.9848076 -0.002539277 -0.1736309 -0.9848077 -0.002539217 -0.1736302 -0.9182165 -0.005791783 -0.3960364 -0.9182165 -0.005791783 -0.3960364 -0.8021225 -0.00873214 -0.5970957 -0.8021225 -0.00873214 -0.5970957 -0.6427887 -0.01120173 -0.7659617 -0.6427864 -0.01120191 -0.7659635 -0.4487988 -0.0130676 -0.8935373 -0.4487987 -0.0130676 -0.8935373 -0.2306153 -0.01422888 -0.972941 -0.2306191 -0.0142287 -0.9729401 0 -0.01462286 -0.9998931 0 -0.01462286 -0.9998931 0.2306153 -0.0142287 -0.972941 0.2306191 -0.01422888 -0.97294 0.4487988 -0.0130676 -0.8935373 0.4487988 -0.0130676 -0.8935373 0.6427877 -0.01120191 -0.7659624 0.6427854 -0.01120179 -0.7659644 0.8021235 -0.00873214 -0.5970944 0.8021234 -0.00873214 -0.5970944 0.9182162 -0.005791783 -0.3960372 0.9182162 -0.005791783 -0.3960372 0.9848077 -0.002539217 -0.1736299 0.9848079 -0.002539217 -0.1736292 0.9983081 8.50256e-4 0.0581386 0.9983081 8.50249e-4 0.05813884 0.9579893 0.004193842 0.2867732 0.9579897 0.004193902 0.2867721 0.8660259 0.007311522 0.4999458 0.8660259 0.007311522 0.4999458 0.7273735 0.01003491 0.6861685 0.7273734 0.01003491 0.6861686 0.5495086 0.0122174 0.8353987 0.5495086 0.0122174 0.8353987 0.3420192 0.01374119 0.9395925 0.3420191 0.01374119 0.9395925 0.1160941 0.01452416 0.9931321 0.1160941 0.01452416 0.9931321 -0.1160938 0.01452416 0.9931321 -5.18004e-7 0.999893 -0.01462298 0 0.999893 -0.01462292 0 0.9998931 -0.01462292 -2.50818e-7 0.9998931 -0.01462304 -1.86308e-7 0.9998931 -0.01462292 0 0.9998931 -0.01462268 0 0.9998931 -0.01462304 0 0.9998931 -0.0146231 1.35038e-7 0.9998931 -0.01462215 3.06181e-7 0.9998931 -0.01462346 0 0.999893 -0.01462304 0 0.999893 -0.0146231 0 0.9998931 -0.01462304 0 0.999893 -0.01462304 -6.13325e-7 0.9998931 -0.0146228 -3.05699e-7 0.9998931 -0.01462346 6.13325e-7 0.9998931 -0.0146228 0 0.999893 -0.01462304 0 0.9998931 -0.01462304 0 0.999893 -0.0146231 0 0.9998931 -0.01462304 2.50818e-7 0.9998931 -0.01462304 -1.34797e-7 0.9998931 -0.01462215 0 0.9998931 -0.0146231 5.17522e-7 0.999893 -0.01462298 0 0.9998931 -0.01462268 1.85827e-7 0.9998931 -0.01462292 -5.18003e-7 -0.999893 0.01462298 9.12888e-7 -0.9998931 0.01462268 -9.12886e-7 -0.9998931 0.01462268 3.51915e-7 -0.9998931 0.01462221 1.6219e-6 -0.9998931 0.01462048 -2.62998e-6 -0.9998931 0.01462405 1.34436e-7 -0.999893 0.01462602 -1.50684e-7 -0.9998931 0.01462113 -8.16722e-7 -0.999893 0.01462489 1.7408e-6 -0.9998931 0.01462495 -7.32716e-7 -0.9998931 0.01462233 -1.24254e-6 -0.9998931 0.01462143 0 -0.9998931 0.01462376 8.16241e-7 -0.9998931 0.01462388 -8.23704e-7 -0.9998931 0.01462328 -1.74081e-6 -0.999893 0.01462495 8.23704e-7 -0.9998931 0.01462328 -8.16482e-7 -0.9998931 0.01462388 -1.34315e-7 -0.999893 0.01462602 1.24229e-6 -0.9998931 0.01462143 7.32234e-7 -0.9998931 0.01462233 -3.52397e-7 -0.9998931 0.01462221 8.16962e-7 -0.9998931 0.01462489 1.50683e-7 -0.9998931 0.01462113 5.17523e-7 -0.999893 0.01462298 2.62998e-6 -0.9998931 0.01462405 -1.62237e-6 -0.9998931 0.01462048 -0.1160898 0.01452416 0.9931325 -0.3420198 0.01374119 0.9395923 -0.3420198 0.01374119 0.9395923 -0.5495086 0.0122174 0.8353987 -0.5495114 0.01221716 0.8353969 -0.7273744 0.01003479 0.6861675 -0.7273725 0.01003497 0.6861696 -0.8660253 0.007311522 0.4999467 -0.8660263 0.007311403 0.499945 -0.9579893 0.004193842 0.286773 -0.957989 0.004193961 0.2867742 -0.9983081 8.50259e-4 0.05813884 -0.9983081 8.5026e-4 0.05813884 -0.9848077 -0.002539277 -0.1736302 -0.9848077 -0.002539277 -0.1736302 -0.9182165 -0.005791842 -0.3960364 -0.9182165 -0.005791842 -0.3960365 -0.8021225 -0.008732259 -0.5970957 -0.8021225 -0.008732259 -0.5970957 -0.6427887 -0.01120185 -0.7659617 -0.6427887 -0.01120185 -0.7659616 -0.4487988 -0.0130676 -0.8935373 -0.4487988 -0.0130676 -0.8935373 -0.2306153 -0.01422888 -0.972941 -0.2306153 -0.01422888 -0.972941 0 -0.01462304 -0.9998931 0 -0.01462304 -0.9998931 0.2306153 -0.01422888 -0.972941 0.2306153 -0.01422888 -0.972941 0.4487988 -0.0130676 -0.8935373 0.4487988 -0.0130676 -0.8935373 0.6427877 -0.01120191 -0.7659624 0.6427877 -0.01120191 -0.7659624 0.8021235 -0.008732259 -0.5970944 0.8021234 -0.008732259 -0.5970944 0.9182162 -0.005791842 -0.3960372 0.9182162 -0.005791842 -0.3960372 0.9848079 -0.002539217 -0.1736292 0.9848079 -0.002539217 -0.1736292 0.9983081 8.50259e-4 0.05813884 0.9983081 8.50259e-4 0.05813884 0.9579897 0.004193902 0.2867721 0.9579893 0.004193842 0.2867732 0.8660249 0.007311403 0.4999474 0.8660259 0.007311522 0.4999458 0.7273753 0.01003491 0.6861665 0.7273734 0.01003479 0.6861685 0.5495086 0.01221722 0.8353987 0.5495113 0.01221734 0.8353969 0.3420191 0.01374119 0.9395925 0.3420191 0.01374119 0.9395925 0.1160941 0.01452416 0.9931321 0.1160901 0.01452398 0.9931325 -0.1160938 0.01452398 0.9931321 4.64567e-7 0.9998931 -0.0146228 0 0.999893 -0.01462292 0 0.9998931 -0.01462292 0 0.9998931 -0.01462316 0 0.999893 -0.01462304 2.05084e-7 0.9998931 -0.01462292 0 0.9998931 -0.01462298 0 0.999893 -0.01462316 0 0.9998931 -0.01462304 -3.77912e-7 0.9998931 -0.01462268 0 0.9998931 -0.01462304 0 0.9998931 -0.0146231 0 0.9998931 -0.01462304 0 0.999893 -0.01462304 3.41324e-7 0.9998931 -0.01462316 3.77911e-7 0.9998931 -0.01462268 -3.41324e-7 0.999893 -0.01462316 0 0.9998931 -0.01462304 0 0.999893 -0.01462298 0 0.9998931 -0.0146231 0 0.999893 -0.01462304 0 0.9998931 -0.01462316 0 0.999893 -0.01462304 0 0.9998931 -0.01462316 -4.64085e-7 0.9998931 -0.01462274 -2.05084e-7 0.9998931 -0.01462292 0 0.9998931 -0.01462304 -5.22336e-7 -0.999893 0.01462298 8.53794e-7 -0.9998931 0.01462268 -8.53792e-7 -0.9998931 0.01462268 3.51915e-7 -0.9998931 0.01462221 -7.89043e-7 -0.9998931 0.01462376 1.02349e-6 -0.9998931 0.01462221 0 -0.9998931 0.01462203 -1.64344e-7 -0.9998931 0.01462113 -8.40074e-7 -0.9998931 0.01462495 -1.07933e-6 -0.9998931 0.01462197 -7.43308e-7 -0.9998931 0.01462233 7.64008e-7 -0.999893 0.01462495 0 -0.9998931 0.0146228 -2.92268e-6 -0.9998931 0.0146225 2.97082e-6 -0.9998931 0.01462465 1.07982e-6 -0.9998931 0.01462197 -2.97082e-6 -0.9998931 0.01462465 2.92268e-6 -0.9998931 0.0146225 0 -0.9998931 0.01462203 -7.64008e-7 -0.999893 0.01462495 7.43307e-7 -0.9998931 0.01462233 -3.52397e-7 -0.9998931 0.01462221 8.40073e-7 -0.9998931 0.01462495 1.64404e-7 -0.9998931 0.01462113 5.22337e-7 -0.999893 0.01462298 -1.02349e-6 -0.9998931 0.01462221 7.89523e-7 -0.9998931 0.01462376 -1 0 0 -1 0 0 -1 0 0 -1 0 0 -1 0 0 -1 0 0 -1 0 0 -1 0 0 -1 0 0 -1 0 0 -1 0 0 -1 0 0 -1 0 0 -1 0 0 -1 0 0 -1 0 0 -1 0 0 -1 0 0 -1 0 0 -1 0 0 -1 0 0 -1 0 0 -1 0 0 -1 0 0 -1 0 0 -1 0 0 -1 0 0 -1 0 0 -1 0 0 -1 0 0 -1 0 0 -1 0 0 -1 0 0 -1 0 0 -1 0 0 -1 0 0 -1 0 0 -1 0 0 -1 0 0 -1 0 0 -1 0 0 -1 0 0 -1 0 0 -1 0 0 -1 0 0 -1 0 0 -1 0 0 -1 0 0 -1 0 0 -1 0 0 -1 0 0 0 0 1 0 0 1 0 0 1 0 0 1 0 0 1 0 0 1 0 0 1 0 0 1 0 0 1 0 0 1 0 0 1 0 0 1 0 0 1 0 0 1 0 0 1 0 0 1 0 0 1 0 0 1 0 0 1 0 0 1 0 0 1 0 0 1 0 -1 0 0 -1 0 0 -1 0 0 -1 0 0 1 0 0 1 0 0 1 0 0 1 0 -1 0 0 -1 0 0 0 0 -1 0 0 -1 0 0 -1 0 0 -1 0 0 -1 0 0 -1 0 0 -1 0 0 -1 0 0 -1 0 0 -1 0 0 -1 0 0 -1 0 0 -1 0 0 -1 0 0 -1 0 0 -1 0 0 -1 0 0 -1 0 0 -1 0 0 -1 0 0 -1 0 0 -1 -0.9848077 0.1736481 0 -0.9848077 0.1736481 0 -0.8660255 0.5 0 -0.8660255 0.5 0 -0.6427876 0.7660445 0 -0.6427876 0.7660445 0 -0.3420202 0.9396926 0 -0.3420202 0.9396926 0 0 1 0 0 1 0 0.3420202 0.9396926 0 0.3420202 0.9396926 0 0.6427876 0.7660445 0 0.6427876 0.7660445 0 0.8660255 0.5 0 0.8660255 0.5 0 0.9848077 0.1736481 0 0.9848077 0.1736481 0 0.9848077 -0.1736481 0 0.9848077 -0.1736481 0 0.8660255 -0.5 0 0.8660255 -0.5 0 0.6427876 -0.7660445 0 0.6427876 -0.7660445 0 0.3420202 -0.9396926 0 0.3420202 -0.9396926 0 0 -1 0 0 -1 0 -0.3420202 -0.9396926 0 -0.3420202 -0.9396926 0 -0.6427876 -0.7660445 0 -0.6427876 -0.7660445 0 -0.8660255 -0.5 0 -0.8660255 -0.5 0 -0.9848077 -0.1736481 0 -0.9848077 -0.1736481 0 0 -0.9945219 0.1045283 0 -0.9945219 0.1045283 0 -0.9510566 0.3090167 0 -0.9510566 0.3090167 0 -0.8660256 0.4999998 0 -0.8660256 0.4999998 0 -0.7604056 0.6494485 0.01642811 -0.7430443 0.6690406 0 -0.6883551 0.7253739 0 -0.5877853 0.809017 0 -0.5877853 0.809017 0 -0.4067372 0.9135453 0 -0.4067372 0.9135453 0 -0.2079108 0.9781478 0 -0.2079108 0.9781478 0 0 1 0 0 1 0 0.2079108 0.9781478 0 0.2079108 0.9781478 0 0.4067372 0.9135453 0 0.4067372 0.9135453 0 0.5877853 0.809017 0 0.5877853 0.809017 0 0.6883551 0.7253739 0.01642811 0.7430443 0.6690406 0 0.7604056 0.6494485 0 0.8660256 0.4999998 0 0.8660256 0.4999998 0 0.9510566 0.3090167 0 0.9510566 0.3090167 0 0.9945219 0.1045283 0 0.9945219 0.1045283 1 0 0 1 0 0 1 0 0 1 0 0 1 0 0 1 0 0 1 0 0 1 0 0 1 0 0 1 0 0 1 0 0 1 0 0 1 0 0 1 0 0 1 0 0 1 0 0 1 0 0 1 0 0 1 0 0 1 0 0 1 0 0 1 0 0 1 0 0 1 0 0 1 0 0 1 0 0 1 0 0 1 0 0 1 0 0 1 0 0 1 0 0 1 0 0 1 0 0 1 0 0 1 0 0 1 0 0 1 0 0 1 0 0 1 0 0 1 0 0 1 0 0 1 0 0 1 0 0 1 0 0 1 0 0 1 0 0 1 0 0 1 0 0 1 0 0 1 0 0 1 0 0 1 0 0 0 0.1119639 0.9937123 0 0.4338837 0.9009689 0 0.4338837 0.9009689 0 0.7818316 0.6234898 0 0.7818316 0.6234898 0 0.9749279 0.222521 0 0.9749279 0.222521 0 0.9749279 -0.222521 0 0.9749279 -0.222521 0 0.7818316 -0.6234898 0 0.7818316 -0.6234898 0 0.4338837 -0.9009689 0 0.4338837 -0.9009689 0 0 -1 0 0 -1 0 -0.4338837 -0.9009689 0 -0.4338837 -0.9009689 0 -0.7818316 -0.6234898 0 -0.7818316 -0.6234898 0 -0.9749279 -0.222521 0 -0.9749279 -0.222521 0 -0.9749279 0.222521 0 -0.9749279 0.222521 0 -0.7818316 0.6234898 0 -0.7818316 0.6234898 0 -0.4338837 0.9009689 0 -0.4338837 0.9009689 0 -0.1119639 0.9937123 -0.01768261 0 0.9998436 -1 0 0 -1 0 0 -1 0 0 -1 0 0 -1 0 0 -1 0 0 -1 0 0 -1 0 0 -1 0 0 -1 0 0 -1 0 0 -1 0 0 -1 0 0 -1 0 0 0 -0.104526 0.9945222 0 0.104526 0.9945222 0 0.104526 0.9945222 0 0.4067373 0.9135452 0 0.4067373 0.9135452 0 0.7431454 0.66913 0 0.7431454 0.66913 0 0.9510564 0.3090174 0 0.9510564 0.3090174 0 0.994522 -0.1045283 0 0.994522 -0.1045283 0 0.8660254 -0.5000001 0 0.8660254 -0.5000001 0 0.5877854 -0.8090169 0 0.5877854 -0.8090169 0 0.2079116 -0.9781476 0 0.2079116 -0.9781476 0 -0.2079116 -0.9781476 0 -0.2079116 -0.9781476 0 -0.5877854 -0.8090169 0 -0.5877854 -0.8090169 0 -0.8660254 -0.5000001 0 -0.8660254 -0.5000001 0 -0.994522 -0.1045283 0 -0.994522 -0.1045283 0 -0.9510564 0.3090174 0 -0.9510564 0.3090174 0 -0.7431454 0.66913 0 -0.7431454 0.66913 0 -0.4067373 0.9135452 0 -0.4067373 0.9135452 0 -0.104526 0.9945222 1 0 0 1 0 0 1 0 0 1 0 0 1 0 0 1 0 0 1 0 0 1 0 0 1 0 0 1 0 0 1 0 0 1 0 0 1 0 0 1 0 0 1 0 0 1 0 0 1 0 0 1 0 0 1 0 0 1 0 0 1 0 0 1 0 0 1 0 0 1 0 0 1 0 0 1 0 0 1 0 0 1 0 0 1 0 0 1 0 0 1 0 0 1 0 0 1 0 0 1 0 0 1 0 0 1 0 0 1 0 0 1 0 0 1 0 0 1 0 0 1 0 0 1 0 0 1 0 0 0 -0.1205329 0.9927094 0 -0.4647257 0.8854547 0 -0.4647257 0.8854547 0 -0.8229835 0.5680654 0 -0.8229835 0.5680654 0 -0.9927089 0.1205367 0 -0.9927089 0.1205367 0 -0.9350161 -0.3546053 0 -0.9350161 -0.3546053 0 -0.6631232 -0.7485103 0 -0.6631232 -0.7485103 0 -0.2393162 -0.9709417 0 -0.2393162 -0.9709417 0 0.2393162 -0.9709417 0 0.2393162 -0.9709417 0 0.6631232 -0.7485103 0 0.6631232 -0.7485103 0 0.9350161 -0.3546053 0 0.9350161 -0.3546053 0 0.9927089 0.1205367 0 0.9927089 0.1205367 0 0.8229835 0.5680654 0 0.8229835 0.5680654 0 0.4647257 0.8854547 0 0.4647257 0.8854547 0 0.1205329 0.9927094 0.01281827 0 0.9999179 0 -0.1045292 0.9945218 0 0.1045292 0.9945218 0 0.1045292 0.9945218 0 0.4067366 0.9135455 0 0.4067366 0.9135455 0 0.7431446 0.6691308 0 0.7431446 0.6691308 0 0.9510567 0.3090167 0 0.9510567 0.3090167 0 0.9945219 -0.1045284 0 0.9945219 -0.1045284 0 0.8660254 -0.5000001 0 0.8660254 -0.5000001 0 0.5877854 -0.8090169 0 0.5877854 -0.8090169 0 0.2079116 -0.9781476 0 0.2079116 -0.9781476 0 -0.2079116 -0.9781476 0 -0.2079116 -0.9781476 0 -0.5877854 -0.8090169 0 -0.5877854 -0.8090169 0 -0.8660254 -0.5000001 0 -0.8660254 -0.5000001 0 -0.9945219 -0.1045284 0 -0.9945219 -0.1045284 0 -0.9510567 0.3090167 0 -0.9510567 0.3090167 0 -0.7431446 0.6691308 0 -0.7431446 0.6691308 0 -0.4067366 0.9135455 0 -0.4067366 0.9135455 0 -0.1045292 0.9945218 1 0 0 1 0 0 1 0 0 1 0 0 1 0 0 1 0 0 1 0 0 1 0 0 1 0 0 1 0 0 1 0 0 1 0 0 1 0 0 1 0 0 1 0 0 1 0 0 1 0 0 1 0 0 1 0 0 1 0 0 1 0 0 1 0 0 1 0 0 1 0 0 1 0 0 1 0 0 1 0 0 1 0 0 1 0 0 1 0 0 1 0 0 1 0 0 1 0 0 1 0 0 1 0 0 1 0 0 1 0 0 1 0 0 1 0 0 1 0 0 1 0 0 1 0 0 1 0 0 1 0 0 1 0 0 0 -0.1119639 0.9937123 0 -0.4338837 0.9009689 0 -0.4338837 0.9009689 0 -0.7818315 0.6234898 0 -0.7818315 0.6234898 0 -0.9749279 0.222521 0 -0.9749279 0.222521 0 -0.9749279 -0.222521 0 -0.9749279 -0.222521 0 -0.7818315 -0.6234898 0 -0.7818315 -0.6234898 0 -0.4338837 -0.9009689 0 -0.4338837 -0.9009689 0 0 -1 0 0 -1 0 0.4338837 -0.9009689 0 0.4338837 -0.9009689 0 0.7818315 -0.6234898 0 0.7818315 -0.6234898 0 0.9749279 -0.222521 0 0.9749279 -0.222521 0 0.9749279 0.222521 0 0.9749279 0.222521 0 0.7818315 0.6234898 0 0.7818315 0.6234898 0 0.4338837 0.9009689 0 0.4338837 0.9009689 0 0.1119639 0.9937123 0.01352286 0 0.9999086 0 0.2588219 0.9659251 0 0.2588219 0.9659251 0 0.6087604 0.7933542 -0.005252659 0.7070974 0.7070968 0 0.7933543 0.6087601 0 0.9659258 0.2588194 0 0.9659258 0.2588194 0 1 0 0 1 0 0 0.9659259 -0.2588188 0 0.9659259 -0.2588188 0 0.7071071 -0.7071065 0 0.7071071 -0.7071065 0 0.2588173 -0.9659263 0 0.2588173 -0.9659263 0 0 -1 0 0 -1 0 -0.2588173 -0.9659263 0 -0.2588173 -0.9659263 0 -0.7071071 -0.7071065 0 -0.7071071 -0.7071065 0 -0.9659259 -0.2588188 0 -0.9659259 -0.2588188 0 -1 0 0 -1 0 0 -0.9659258 0.2588194 0 -0.9659258 0.2588194 0 -0.7933543 0.6087601 -0.005252659 -0.7070974 0.7070968 0 -0.6087604 0.7933542 0 -0.2588219 0.9659251 0 -0.2588219 0.9659251 0 0 1 0 0 1 -1 0 0 -1 0 0 -1 0 0 -1 0 0 -1 0 0 -1 0 0 -1 0 0 -1 0 0 -1 0 0 -1 0 0 -1 0 0 -1 0 0 -1 0 0 -1 0 0 -1 0 0 -1 0 0 -1 0 0 -1 0 0 -1 0 0 -1 0 0 -1 0 0 -1 0 0 -1 0 0 -1 0 0 -1 0 0 -1 0 0 -1 0 0 -1 0 0 -1 0 0 -1 0 0 -1 0 0 -1 0 0 -1 0 0 -1 0 0 -1 0 0 -1 0 0 -1 0 0 -1 0 0 -1 0 0 -1 0 0 -1 0 0 -1 0 0 -1 0 0 -1 0 0 -1 0 0 -1 0 0 -1 0 0 -1 0 0 -1 0 0 -1 0 0 -1 0 0 -1 0 0 -1 0 0 0 -0.2393161 -0.9709417 0 -0.6631232 -0.7485103 0 -0.6631232 -0.7485103 0 -0.9350161 -0.3546053 0 -0.9350161 -0.3546053 0 -0.9927089 0.1205367 0 -0.9927089 0.1205367 0 -0.8229835 0.5680654 0 -0.8229835 0.5680654 0 -0.4647257 0.8854547 0 -0.4647257 0.8854547 0 0 1 0 0 1 0 0.4647257 0.8854547 0 0.4647257 0.8854547 0 0.8229835 0.5680654 0 0.8229835 0.5680654 0 0.9927089 0.1205367 0 0.9927089 0.1205367 0 0.9350161 -0.3546053 0 0.9350161 -0.3546053 0 0.6631232 -0.7485103 0 0.6631232 -0.7485103 0 0.2393161 -0.9709417 0 0.2393161 -0.9709417 0 -0.2393161 -0.9709417 -1 0 0 -1 0 0 -1 0 0 -1 0 0 -1 0 0 -1 0 0 -1 0 0 -1 0 0 -1 0 0 -1 0 0 -1 0 0 -1 0 0 -1 0 0 -1 0 0 -1 0 0 -1 0 0 -1 0 0 -1 0 0 -1 0 0 -1 0 0 -1 0 0 -1 0 0 -1 0 0 -1 0 0 -1 0 0 -1 0 0 -1 0 0 -1 0 0 -1 0 0 -1 0 0 -1 0 0 -1 0 0 -1 0 0 -1 0 0 -1 0 0 -1 0 0 -1 0 0 0 -0.1305261 0.9914449 0 -0.3826839 0.9238794 0 -0.3826839 0.9238794 0 -0.6087617 0.7933531 0 -0.6087617 0.7933531 0 -0.7933529 0.6087621 0 -0.7933529 0.6087621 0 -0.9238797 0.382683 0 -0.9238797 0.382683 0 -0.9914448 0.1305264 0 -0.9914448 0.1305264 0 -0.9914448 -0.1305264 0 -0.9914448 -0.1305264 0 -0.9238796 -0.3826833 0 -0.9238796 -0.3826833 0 -0.7933532 -0.6087616 0 -0.7933532 -0.6087616 0 -0.6087617 -0.7933531 0 -0.6087617 -0.7933531 0 -0.382683 -0.9238797 0 -0.382683 -0.9238797 0 -0.1305261 -0.9914449 0 -0.1305261 -0.9914449 0 0.1305261 -0.9914449 0 0.1305261 -0.9914449 0 0.382683 -0.9238797 0 0.382683 -0.9238797 0 0.6087617 -0.7933531 0 0.6087617 -0.7933531 0 0.7933532 -0.6087616 0 0.7933532 -0.6087616 0 0.9238796 -0.3826833 0 0.9238796 -0.3826833 0 0.9914448 -0.1305264 0 0.9914448 -0.1305264 0 0.9914448 0.1305264 0 0.9914448 0.1305264 0 0.9238797 0.382683 0 0.9238797 0.382683 0 0.7933529 0.6087621 0 0.7933529 0.6087621 0 0.6087617 0.7933531 0 0.6087617 0.7933531 0 0.3826839 0.9238794 0 0.3826839 0.9238794 0 0.1305261 0.9914449 0 0.1305261 0.9914449 0 -0.1305261 0.9914449 0 -0.7553023 -0.6553767 0 -0.1264873 -0.9919683 0.003360807 -0.2094121 -0.9778217 0 -0.6771861 -0.7358118 0.003354609 -0.5443505 -0.8388512 0.001677811 -0.5676695 -0.8232548 0 -0.4217501 -0.9067121 0 -0.3175757 -0.9482329 0.00335437 -0.8544089 -0.5195904 0.001677811 -0.8395027 -0.5433529 0 -0.9186579 -0.395054 0 -0.9571132 -0.2897143 0.003360986 -0.9835275 -0.1807274 0 -0.9952434 -0.09742087 0.1921829 -0.4138882 -0.8898102 0.9996268 -0.02353757 -0.01387053 0.9997996 -0.005406558 -0.01927345 0.9997974 -0.002536416 -0.01997143 0.9997974 -0.007555782 -0.01866084 0.999798 -0.01413196 -0.01428729 0.9997992 -0.01187866 -0.01613831 0.9998011 -0.01550346 -0.01254743 0.9998008 -0.01966851 -0.003425657 0.999799 -0.01909822 -0.00610131 0.9997949 -0.02021867 -0.001207351 0.9998834 -0.01095557 -0.01063978 0.9755159 -0.1577706 -0.1532226 0.9755159 -0.1577708 -0.153223 0.8276947 -0.402573 -0.3909687 0.8276957 -0.4025726 -0.3909668 0.5507447 -0.5987714 -0.5815094 0.5507434 -0.5987713 -0.5815107 0.9997987 -0.01714324 -0.01042526 0.9755159 -0.1879105 -0.1142737 0.9755159 -0.1879106 -0.1142738 0.8276952 -0.4794781 -0.2915844 0.8276969 -0.4794768 -0.2915816 0.5507442 -0.7131582 -0.433689 0.5507414 -0.7131587 -0.4336919 0.9997934 -0.002571046 -0.02016341 0.9755164 -0.02781796 -0.2181608 0.9755159 -0.02781718 -0.2181629 0.8276948 -0.07097929 -0.5566716 0.8276942 -0.07097876 -0.5566725 0.5507428 -0.1055709 -0.8279718 0.5507416 -0.1055701 -0.8279726 0.191085 -0.1241499 -0.9736906 0.1910947 -0.1241563 -0.9736878 0.9999037 -0.00477457 -0.01303064 0.9755158 -0.07566559 -0.2065033 0.9755158 -0.07566553 -0.2065034 0.8276943 -0.1930708 -0.5269211 0.8276948 -0.1930711 -0.5269201 0.5507423 -0.2871666 -0.7837208 0.5507444 -0.2871677 -0.7837189 0.1910942 -0.3377075 -0.9216489 0.1506373 -0.3139519 -0.9374127 0.1910905 -0.534326 -0.8233955 0.5507449 -0.4543606 -0.7001689 0.5507441 -0.4543603 -0.7001698 0.8276948 -0.3054813 -0.4707469 0.8276952 -0.3054813 -0.4707462 0.9755159 -0.1197199 -0.1844881 0.9755158 -0.1197199 -0.1844885 0.9999155 -0.007076025 -0.01090413 0.9997979 -0.009998679 -0.01743972 0.1910843 -0.534323 -0.8233988 0.1919585 -0.6645925 -0.722128 0.1512603 -0.7091168 -0.6886753 0.1919614 -0.7412555 -0.6431882 0.1910881 -0.8386695 -0.5100185 0.1910877 -0.8386694 -0.5100189 0.19218 -0.9015339 -0.3876901 0.9998638 -0.01565349 -0.005221724 0.9755158 -0.2086275 -0.06959486 0.975516 -0.2086266 -0.06959396 0.8276966 -0.5323387 -0.1775783 0.827695 -0.5323404 -0.1775805 0.5507417 -0.7917832 -0.2641266 0.5507408 -0.7917836 -0.2641274 0.1612998 -0.9361899 -0.3122993 0.1915974 -0.9393813 -0.284347 0.9999076 -0.01352316 -0.001323699 0.975516 -0.2188823 -0.02142566 0.9755158 -0.2188831 -0.02142608 0.8276948 -0.5585091 -0.05467152 0.8276948 -0.5585091 -0.05467158 0.5507413 -0.8307056 -0.08131647 0.550743 -0.8307045 -0.08131498 0.1910886 -0.9769037 -0.09562593 0.191089 -0.9769037 -0.09562563 0.999796 -0.02019667 2.95368e-4 0.9807744 -0.1951364 -0.001868009 0.9758113 -0.2185761 0.004092454 0.8293331 -0.5587084 0.007173359 0.8314698 -0.5555105 0.008124053 0.5531635 -0.8329836 0.01218199 0.5555716 -0.8313683 0.01292204 0.1922544 -0.981251 0.01359891 0.195088 -0.9806808 0.01434201 0.1558717 -0.7923615 -0.5898028 0.08762156 -0.4536058 -0.8868846 0.1652583 -0.1247599 -0.9783275 0.1949505 -0.05308407 -0.9793755 0.03876054 -0.2092595 -0.9770916 0.3128065 -0.4801728 -0.8195037 0.4681338 -0.3248623 -0.8217757 0.4681385 -0.3248593 -0.8217741 0.5522166 -0.1218983 -0.824741 0.1202044 -0.615802 -0.7786776 0.1928949 -0.5334111 -0.823568 0.3128109 -0.480172 -0.8195024 0.1104395 -0.1795725 -0.9775259 0.1914804 -0.9653343 -0.1773836 0.1756265 -0.8892062 -0.4224542 0.426317 -0.2788388 -0.8605247 0.6043483 -0.1317143 -0.7857574 0.7836567 -0.1646535 -0.5989753 0.2116194 -0.8145282 -0.540149 0.4646794 -0.7033789 -0.5378952 0.4646793 -0.7033789 -0.5378953 0.6954361 -0.4726466 -0.5412706 0.6954374 -0.4726458 -0.5412696 0.8065432 -0.2196649 -0.5488493 0.8829293 -0.1819747 -0.4328062 0.1914795 -0.9653343 -0.1773843 0.5452917 -0.8187962 -0.1795271 0.5452914 -0.8187962 -0.1795273 0.8160835 -0.5480331 -0.1834869 0.8160842 -0.5480324 -0.183486 0.9626373 -0.1942603 -0.1886599 0.9626374 -0.1942598 -0.1886594 0.9659256 -0.003784716 -0.2587918 0.9807698 0.002789139 -0.195148 0.8968694 -0.00646764 -0.4422483 0.7933542 -0.008901894 -0.6086953 0.7070963 -0.0046615 -0.707102 0.1950973 -0.01434201 -0.980679 0.258819 -0.009872198 -0.9658754 0.4422791 -0.01311504 -0.8967815 0.6087625 -0.01160115 -0.7932677 0.9814689 0.002802073 0.1916011 0.9814689 0.002802073 0.1916011 0.8347271 0.008052349 0.5506051 0.8347271 0.008052349 0.5506051 0.5585112 0.01212972 0.8294082 0.5585112 0.01212972 0.8294082 0.1962463 0.01433861 0.9804497 0.1962462 0.01433861 0.9804497 0.1916098 -0.9604302 0.2021375 0.1916131 -0.9604288 0.2021409 0.1638022 -0.8154154 0.5552176 0.1637932 -0.8154218 0.5552109 0.1104128 -0.5429825 0.8324536 0.1103953 -0.542995 0.8324478 0.03898203 -0.1817548 0.9825709 0.8166331 -0.5428466 0.1960307 0.8166331 -0.5428465 0.1960308 0.6980905 -0.4584538 0.5499907 0.6980892 -0.4584612 0.5499861 0.4705811 -0.3023526 0.8289369 0.470582 -0.3023465 0.8289386 0.1662428 -0.09674352 0.9813277 0.9632837 -0.1888378 0.1908526 0.9632838 -0.1888374 0.1908529 0.8234554 -0.1558329 0.5455616 0.8234543 -0.1558284 0.5455644 0.5550934 -0.09833854 0.8259544 0.5550962 -0.09835004 0.8259513 0.196097 -0.02467703 0.980274 0.5456559 -0.8137944 0.1999961 0.5456534 -0.8137968 0.1999928 0.4664445 -0.6900737 0.5533785 0.466444 -0.6900746 0.5533779 0.3144339 -0.4584903 0.8312148 0.3144451 -0.4584723 0.8312205 0.1110908 -0.1518898 0.9821346 0.9997959 -0.02019667 2.95368e-4 0.9807745 -0.1949974 0.007573544 0.9758116 -0.2186013 0.002301037 0.8314695 -0.555496 0.009102106 0.8293336 -0.5586941 0.008170664 0.5555685 -0.8313819 0.01215857 0.5531634 -0.8329944 0.01143044 0.1950926 -0.9806688 0.01508355 0.1922543 -0.9812402 0.01435017 0.9997959 2.95395e-4 0.02019858 0.9807742 -0.001867532 0.1951373 0.9758113 0.004092693 0.2185761 0.8293362 0.007174015 0.5587039 0.8314713 0.008124053 0.5555083 0.553157 0.01218205 0.832988 0.5555617 0.01292109 0.831375 0.192259 0.01359772 0.98125 0.1950973 0.01434201 0.980679 0.1921828 -0.8898125 0.4138833 0.9996309 -0.01379776 0.02340114 0.9998003 -0.01924532 0.005398452 0.9997979 -0.0199427 0.00253123 0.9997979 -0.0174418 0.00999552 0.9997973 -0.01866149 0.007555186 0.9997997 -0.0161193 0.01186287 0.9998009 -0.01255518 0.01550894 0.9998008 -0.003429889 0.01966392 0.999799 -0.006103813 0.0190941 0.9997948 -0.001209199 0.02022051 0.9997985 -0.01043003 0.01715105 0.975516 -0.1142736 0.1879099 0.9755163 -0.1142724 0.1879091 0.8276944 -0.291584 0.4794799 0.8276939 -0.2915847 0.4794802 0.5507404 -0.4336915 0.7131597 0.5507462 -0.4336855 0.7131589 0.9997934 -0.02016305 0.002570927 0.975516 -0.2181622 0.02781754 0.9755159 -0.2181628 0.02781736 0.827695 -0.5566713 0.07097965 0.827694 -0.5566728 0.07097882 0.5507431 -0.8279715 0.1055709 0.5507446 -0.8279704 0.1055719 0.1910895 -0.9736894 0.1241521 0.19109 -0.9736893 0.1241524 0.9999037 -0.01302987 0.004774272 0.9755158 -0.2065033 0.07566523 0.9755158 -0.2065036 0.07566517 0.8276938 -0.5269221 0.1930701 0.8276958 -0.5269187 0.193071 0.5507442 -0.7837194 0.2871667 0.5507435 -0.78372 0.2871664 0.1910899 -0.9216503 0.337706 0.1506398 -0.9374115 0.3139544 0.9999157 -0.01089543 0.007070362 0.9755158 -0.1844886 0.1197199 0.9755161 -0.1844874 0.1197198 0.8276956 -0.4707452 0.3054816 0.8276948 -0.4707466 0.3054816 0.5507448 -0.7001689 0.4543606 0.5507431 -0.7001708 0.45436 0.1910906 -0.8233964 0.5343245 0.1910883 -0.8233977 0.5343235 0.1910889 -0.6838534 0.7041517 0.550741 -0.5815119 0.5987724 0.5507423 -0.5815104 0.5987725 0.8276947 -0.390968 0.4025738 0.8276946 -0.390968 0.4025738 0.975516 -0.1532222 0.1577705 0.975516 -0.1532218 0.1577703 0.9998836 -0.01063156 0.01094716 0.9997985 -0.01426982 0.01411437 0.109308 -0.7314033 0.6731277 0.1919649 -0.6431887 0.7412541 0.191092 -0.5100126 0.8386722 0.1910861 -0.5100166 0.8386711 0.1921777 -0.3877122 0.9015248 0.9998633 -0.005232512 0.01568597 0.9755163 -0.06959372 0.2086257 0.9755157 -0.06959569 0.2086277 0.8276942 -0.1775825 0.5323408 0.8276996 -0.1775748 0.5323352 0.5507456 -0.2641206 0.7917826 0.5507377 -0.2641281 0.7917855 0.1612879 -0.3122999 0.9361917 0.1915931 -0.2843405 0.9393842 0.9999076 -0.001323938 0.013525 0.9755157 -0.02142626 0.2188835 0.9755158 -0.02142608 0.2188832 0.8276994 -0.05467087 0.5585023 0.8276979 -0.05467259 0.5585044 0.550738 -0.08131891 0.8307074 0.5507359 -0.08132076 0.8307087 0.191084 -0.09563231 0.9769039 0.1910941 -0.09562522 0.9769027 0 -0.6553776 0.7553014 0 -0.9919688 0.1264832 0.003360927 -0.9778221 0.2094103 0 -0.7358124 0.6771855 0.003354489 -0.8388507 0.5443513 0.00167787 -0.8232558 0.5676682 0 -0.9067146 0.421745 0 -0.9482321 0.3175784 0.003354549 -0.519588 0.8544103 0.001677572 -0.5433552 0.8395013 0 -0.3950764 0.9186483 0 -0.2897075 0.9571152 0.003360867 -0.1807237 0.9835281 0 -0.09742051 0.9952434 0 -0.999893 0.01462298 0 -0.999893 0.01462298 0 -0.180736 0.9835317 3.27917e-5 -0.1818931 0.9833183 -3.26701e-5 -0.543355 0.839503 6.53844e-5 -0.5463228 0.8375747 -6.48289e-5 -0.8232539 0.5676734 9.72146e-5 -0.8265798 0.5628195 -9.67924e-5 -0.9778274 0.2094123 0 -0.9785618 0.2059536 0 0.01462298 0.999893 0 0.01462298 0.9998931 -3.30955e-7 0.0146225 0.9998931 0 0.01462274 0.9998931 0 -0.01462244 -0.9998931 0 -0.01462215 -0.9998931 0 -0.01462209 -0.9998931 0 -0.01462209 -0.9998931 0 0.01462274 0.9998931 0 0.01462274 0.9998931 -2.20501e-7 0.01462244 0.9998931 0 0.01462268 0.9998931 0 0.9998931 -0.01462292 0 0.9998931 -0.01462292 2.72654e-6 0.9998931 -0.01462203 -7.93193e-7 0.9998931 -0.01462322 -8.13633e-7 0.9998931 -0.01462316 -8.66186e-7 0.9998931 -0.01462304 8.16985e-7 0.9998931 -0.01462292 1.10671e-6 0.9998931 -0.01462209 -7.05597e-7 0.9998931 -0.01462453 1.99242e-6 0.9998931 -0.01462036 3.31851e-7 0.999893 -0.01462435 0 0.9998931 -0.01462423 0 0.9998931 -0.01462423 0 -0.9835332 -0.1807277 0 -0.9835332 -0.1807277 0 -0.8395103 -0.5433439 0 -0.8395103 -0.5433439 0 -0.5676689 -0.8232569 0 -0.5676689 -0.8232569 0 -0.2094078 -0.9778285 0 -0.2094078 -0.9778285 0 -0.01462322 -0.9998931 0 -0.0146231 -0.9998931 0 -0.01462298 -0.999893 0 -0.01462298 -0.9998931 0 -0.9835332 -0.1807277 -0.001822769 -0.9696056 -0.2446665 0 -0.9032455 -0.4291242 0 -0.8021662 -0.5971009 -0.002433717 -0.7173672 -0.6966911 0 -0.6202997 -0.7843649 0 -0.4553572 -0.8903089 -0.00182271 -0.2729199 -0.9620351 0 -0.2094169 -0.9778265 0 -0.999893 0.01462292 0 -0.999893 0.01462292 1 0 0 1 0 0 1 0 0 1 0 0 1 0 0 1 0 0 1 0 0 1 0 0 1 0 0 1 0 0 1 0 0 1 0 0 1 0 0 1 0 0 1 0 0 1 0 0 1 0 0 1 0 0 1 0 0 1 0 0 1 0 0 1 0 0 1 0 0 1 0 0 1 0 0 1 0 0 1 0 0 1 0 0 1 0 0 1 0 0 0 -0.01462298 -0.999893 0 -0.01462298 -0.999893 0 -0.9835335 -0.1807259 -0.001822829 -0.9696056 -0.2446665 0 -0.9032403 -0.4291353 0 -0.8021712 -0.5970941 -0.002433836 -0.7173707 -0.6966875 0 -0.6202997 -0.7843649 0 -0.4553514 -0.8903118 -0.001822769 -0.2729123 -0.9620372 0 -0.2094078 -0.9778284 0.03878086 -0.2092503 -0.9770929 0.08763706 -0.4535994 -0.8868863 0.1914873 -0.9653344 -0.1773756 0.5452881 -0.8187985 -0.1795271 0.545296 -0.818795 -0.1795192 0.4646824 -0.703377 -0.5378952 0.4646759 -0.7033781 -0.5378993 0.3128005 -0.4801779 -0.8195029 0.1558803 -0.7923655 -0.5897951 0.211615 -0.8145269 -0.5401529 0.1756255 -0.8892013 -0.4224652 0.1914805 -0.9653346 -0.1773819 0.9626376 -0.1942589 -0.1886594 0.962637 -0.1942602 -0.1886608 0.8203278 -0.171172 -0.5456762 0.820324 -0.1711774 -0.5456801 0.5522053 -0.1219236 -0.8247448 0.5522113 -0.1219152 -0.8247421 0.1949415 -0.05310589 -0.9793761 0.8160833 -0.5480329 -0.1834885 0.8160846 -0.5480316 -0.1834868 0.6954403 -0.4726409 -0.5412702 0.6954416 -0.47264 -0.5412692 0.4681448 -0.3248493 -0.8217745 0.4681458 -0.3248487 -0.8217742 0.1652671 -0.1247377 -0.9783288 0.1202148 -0.6158013 -0.7786766 0.1929097 -0.533405 -0.8235685 0.3127967 -0.4801786 -0.819504 0.1104179 -0.1795807 -0.9775269 0.999796 -2.95369e-4 -0.02019667 0.9807745 -0.007573485 -0.1949974 0.9758118 -0.002301275 -0.2186002 0.8314709 -0.009102761 -0.5554938 0.8293335 -0.008170604 -0.5586941 0.5555684 -0.01215857 -0.8313819 0.5531633 -0.01143044 -0.8329944 0.195088 -0.01508355 -0.9806697 0.1922497 -0.01435023 -0.9812412 1 0 0 1 0 0 1 0 0 1 0 0 1 0 0 1 0 0 1 0 0 1 0 0 1 0 0 1 0 0 1 0 0 1 0 0 1 0 0 1 0 0 1 0 0 1 0 0 1 0 0 1 0 0 1 0 0 1 0 0 1 0 0 1 0 0 1 0 0 1 0 0 1 0 0 1 0 0 1 0 0 1 0 0 0.9807855 -0.1950685 0.002852737 0.9814684 -0.1916037 0.002746939 0.9252064 -0.3794237 0.005548894 0.8314683 -0.5555128 0.008124172 0.8327766 -0.5535506 0.008058667 0.7089748 -0.7051584 0.01031255 0.5555684 -0.8313819 0.01215851 0.1950879 -0.9806809 0.01434212 0.1950973 -0.980679 0.01434195 0.3841462 -0.9231736 0.01350092 0.5565457 -0.8307284 0.01213061 0.9632826 -0.1852517 0.194341 0.8173535 -0.5404979 0.1994877 0.5462408 -0.8125503 0.2034281 0.1914769 -0.9597358 0.2055332 0.1914802 -0.9597344 0.2055365 0.1631732 -0.8122262 0.5600563 0.1631779 -0.8122228 0.5600599 0.1098494 -0.5400667 0.8344225 0.1098771 -0.5400467 0.834432 0.03881734 -0.1805805 0.9827939 0.6954479 -0.6886597 0.2051833 0.8157178 -0.5421563 0.2016706 0.6954355 -0.4566144 0.5548629 0.6954353 -0.4566154 0.5548623 0.4681423 -0.3006914 0.8309196 0.4681456 -0.3006719 0.8309249 0.1652684 -0.09606689 0.9815587 0.9074425 -0.3692489 0.2005078 0.9619925 -0.1884804 0.1975997 0.8203263 -0.1551375 0.5504516 0.8203275 -0.1551428 0.5504484 0.5522082 -0.0977469 0.8279563 0.5522016 -0.09771883 0.8279641 0.1949507 -0.02441406 0.9805091 0.376886 -0.902532 0.20831 0.5451653 -0.8129991 0.2045167 0.4646753 -0.6873517 0.5582335 0.4646795 -0.6873447 0.5582385 0.3128026 -0.4559983 0.8331987 0.3127819 -0.4560321 0.833188 0.1103931 -0.1509361 0.9823603 0 -0.1807167 0.9835352 0 -0.1807167 0.9835352 0 -0.543355 0.839503 0 -0.543355 0.839503 0 -0.82326 0.5676645 0 -0.82326 0.5676645 0 -0.9778284 0.2094078 0 -0.9778284 0.2094078 0 0.01462298 0.999893 0 0.01462298 0.999893 1 0 0 1 0 0 1 0 0 1 0 0 1 0 0 1 0 0 1 0 0 1 0 0 1 0 0 1 0 0 1 0 0 1 0 0 1 0 0 1 0 0 1 0 0 1 0 0 1 0 0 1 0 0 1 0 0 1 0 0 1 0 0 1 0 0 1 0 0 1 0 0 1 0 0 1 0 0 1 0 0 1 0 0 1 0 0 1 0 0 1 0 0 0 -0.2446737 0.9696055 0 -0.2446737 0.9696055 0 -0.6966894 0.7173728 0 -0.6966894 0.7173728 0 -0.9620369 0.2729194 0 -0.9620369 0.2729194 0 -0.9998931 0.0146228 0 -0.9998931 0.01462286 0 -0.9998931 0.01462286 2.80583e-6 -0.9998931 0.01462471 0 -0.9998931 0.01462292 0 -0.9998931 0.01462292 5.42196e-7 -0.9998931 0.0146225 -5.17336e-7 -0.999893 0.01462411 0 -0.9998931 0.01462352 -1.26171e-6 -0.9998931 0.01462209 -1.53608e-6 -0.9998931 0.01462185 -9.58588e-7 -0.9998931 0.0146225 1.00351e-6 -0.9998931 0.01462358 0 -0.9998931 0.01462292 5.70694e-7 -0.9998931 0.01462137 -5.56536e-7 -0.9998931 0.01462477 1.24442e-7 -0.9998931 0.0146231 0 -0.9998931 0.01462322 0 -0.9998931 0.01462322 8.06674e-7 -0.9998931 0.01462322 -1.37518e-6 -0.9998931 0.01462143 2.11598e-7 -0.9998931 0.01462334 0 -0.9998931 0.01462304 -4.6976e-7 -0.9998931 0.01462286 1.85072e-7 -0.9998931 0.01462316 -1.02523e-6 -0.9998931 0.0146228 0.40152 0.01339471 0.9157523 0.4015175 0.01339131 0.9157534 0.6699681 0.01085501 0.7423105 0.6699681 0.01085501 0.7423105 0.8699769 0.007209837 0.4930397 0.8699776 0.007211685 0.4930384 0.9811153 0.002828896 0.1934031 0.9811153 0.002828896 0.1934031 0.9920297 -0.001842856 -0.1259905 0.9920297 -0.001842379 -0.1259908 0.9016046 -0.006324768 -0.4325149 0.9016047 -0.006324768 -0.432515 0.7190787 -0.01016104 -0.6948543 0.7190801 -0.0101636 -0.6948528 0.4630972 -0.01296263 -0.8862128 0.4630949 -0.01295936 -0.886214 0.1598064 -0.0144338 -0.9870429 0.1598064 -0.0144338 -0.9870429 -0.9876884 0.002287447 0.1564176 -0.9876884 0.002287447 0.1564176 -0.8910072 0.006638467 0.4539407 -0.8910072 0.006638407 0.4539406 -0.7071059 0.01033967 0.7070321 -0.7071059 0.01033967 0.707032 -0.4539899 0.01302874 0.8909115 -0.4539899 0.01302874 0.8909116 -0.1564335 0.01444244 0.9875829 -0.1564375 0.01444393 0.9875823 -0.1564336 -0.0144425 -0.9875828 -0.1564335 -0.01444244 -0.9875829 -0.4539899 -0.01302874 -0.8909116 -0.4539931 -0.01303005 -0.89091 -0.7071059 -0.01034075 -0.707032 -0.7071059 -0.01034069 -0.7070321 -0.8910072 -0.006639122 -0.4539407 -0.8910072 -0.006639122 -0.4539406 -0.9876884 -0.002287685 -0.1564176 -0.9876883 -0.002287447 -0.1564182 -0.9876883 0.002287447 0.1564182 -0.9876884 0.002287685 0.1564176 -0.8910072 0.006639122 0.4539406 -0.8910063 0.006638467 0.4539422 -0.7071059 0.01033967 0.7070321 -0.7071079 0.01034069 0.7070301 -0.4539931 0.01303005 0.8909099 -0.4539899 0.01302874 0.8909116 -0.1564335 0.01444244 0.9875829 -0.1564335 0.01444244 0.9875829 -0.1564374 -0.01444393 -0.9875823 -0.1564336 -0.0144425 -0.9875828 -0.4539899 -0.01302874 -0.8909115 -0.4539899 -0.01302874 -0.8909116 -0.7071059 -0.01033967 -0.7070321 -0.7071059 -0.01033967 -0.7070321 -0.8910072 -0.006638407 -0.4539406 -0.8910072 -0.006638407 -0.4539406 -0.9876884 -0.002287447 -0.1564176 -0.9876884 -0.002287447 -0.1564176 -7.25821e-7 -0.9998931 0.01462322 -2.89955e-7 -0.9998931 0.01462179 9.74472e-7 -0.9998931 0.01461976 -1.32774e-6 -0.9998931 0.0146206 -1.78108e-6 -0.9998931 0.0146225 3.06309e-7 -0.9998931 0.01462078 4.36082e-7 -0.9998931 0.01462215 -6.8178e-7 -0.9998931 0.01462399 -9.07099e-7 -0.9998931 0.01462352 -5.60235e-7 -0.9998931 0.01462185 6.39998e-7 -0.9998931 0.0146231 7.63666e-7 -0.9998931 0.01462405 -7.6197e-7 -0.9998931 0.01462322 -5.09371e-7 -0.999893 0.0146237 2.81918e-7 -0.9998931 0.01462382 -5.9502e-7 -0.999893 0.01462298 -1.39802e-6 -0.9998931 0.01462316 -1.72017e-7 -0.9998931 0.0146237 1.58754e-6 -0.9998931 0.01462274 -1.35276e-6 -0.9998931 0.0146225 -1.8165e-6 -0.9998931 0.01462543 0 -0.9998931 0.01462405 8.26188e-7 -0.9998931 0.01462435 -1.05179e-6 -0.999893 0.01462507 -2.29948e-6 -0.999893 0.01462405 6.56406e-7 -0.9998931 0.01462399 5.00739e-7 -0.9998931 0.0146237 -3.07199e-6 -0.9998931 0.01462256 -2.88462e-6 -0.9998931 0.01462346 -9.41536e-7 -0.999893 0.01462495 -6.66524e-7 -0.9998931 0.01462292 -2.14006e-6 -0.9998931 0.01462078 -1.17346e-6 -0.9998931 0.01461893 1.22056e-7 -0.999893 0.01462352 -1.91785e-6 -0.9998931 0.01462543 -1.64276e-6 -0.9998931 0.01462054 1.06971e-6 -0.9998931 0.01461935 -2.54225e-7 -0.9998931 0.01462256 -2.62887e-6 -0.9998931 0.01462274 -2.54552e-6 -0.9998931 0.01462268 0.1598064 0.0144338 0.9870429 0.1598064 0.0144338 0.9870429 0.4630948 0.01295936 0.886214 0.4630972 0.01296263 0.8862128 0.7190802 0.0101636 0.6948529 0.7190787 0.0101611 0.6948543 0.9016047 0.006324768 0.4325149 0.9016047 0.006324768 0.432515 0.9920297 0.001842379 0.1259908 0.9920297 0.001842379 0.1259908 0.9811153 -0.00282818 -0.1934031 0.9811154 -0.002828896 -0.1934025 0.8699777 -0.007211685 -0.4930385 0.8699769 -0.007209837 -0.4930397 0.6699681 -0.01085501 -0.7423105 0.6699681 -0.01085501 -0.7423105 0.4015175 -0.01339131 -0.9157534 0.40152 -0.01339471 -0.9157523 1 0 0 1 0 0 0 -0.9998931 0.01462298 0 -0.9998931 0.01462298 -0.591536 -0.09354263 0.800834 -0.8777992 -0.05557364 0.4757941 -0.9979094 -0.01845121 0.06193923 -0.9978771 -0.007531046 0.06468981 -0.9978638 -0.007579267 0.06488627 -0.9987914 -0.0200138 0.04489171 -0.9978645 -0.02411061 0.06070506 -0.9978898 -0.03564798 0.05426865 -0.9986622 -0.03087472 0.04147863 -0.9978929 -0.04239886 0.0491116 -0.997864 -0.05124056 0.04052239 -0.9983469 -0.04446482 0.03641891 -0.996995 -0.07112818 0.03068828 -0.9978687 -0.05945479 0.02689462 -0.9978638 -0.0646367 0.009473085 -0.9983392 -0.05713099 0.007394909 -0.9979146 -0.0623604 0.01666194 -0.9655382 -0.03019565 0.258504 -0.9316676 -0.01366347 0.3630549 -0.9333134 -0.1325399 0.3337054 -0.933314 -0.1325401 0.3337037 -0.933314 -0.2143943 0.2880278 -0.9333131 -0.2143947 0.2880304 -0.9333133 -0.281637 0.2227259 -0.9333145 -0.2816357 0.2227228 -0.9333142 -0.3296842 0.1422424 -0.9333134 -0.3296858 0.1422443 -0.5939245 -0.8016862 0.06747531 -0.7670853 -0.6347641 0.09302991 -0.9333137 -0.3552671 0.05206727 -0.8795188 -0.4757848 0.008688688 -0.9655368 -0.2575155 0.03774124 -0.240006 -0.1126267 0.9642159 -0.2399907 -0.1126177 0.9642208 -0.2399915 -0.3583438 0.902216 -0.1342452 -0.3047757 0.9429156 -0.2414583 -0.4164305 0.8765179 -0.2399967 -0.5796427 0.7787271 -0.2400022 -0.5796446 0.778724 -0.2400024 -0.7614408 0.6021684 -0.24146 -0.9142503 0.3253358 -0.1890917 -0.9016212 0.3890035 -0.2414678 -0.8639636 0.4418826 -0.2400072 -0.7614418 0.6021654 -0.7670893 -0.07442718 0.6372085 -0.6614183 -0.05544728 0.7479649 -0.6638262 -0.276067 0.6950696 -0.6638287 -0.2760679 0.6950669 -0.6638283 -0.4465578 0.5999318 -0.6638275 -0.4465578 0.5999327 -0.6638267 -0.5866192 0.4639096 -0.6638213 -0.5866205 0.4639157 -0.6638232 -0.6867002 0.2962797 -0.6638277 -0.6866979 0.296275 -0.6638266 -0.7399815 0.1084514 -0.2399995 -0.960512 0.1407722 -0.2400015 -0.9605118 0.1407709 -0.9979002 -0.0647639 9.47145e-4 -0.9807704 -0.1949797 0.008514344 -0.9660946 -0.2581608 0.003775477 -0.8795201 -0.4758108 0.006958484 -0.8314507 -0.555409 0.01451075 -0.7697889 -0.6382303 0.009333789 -0.5948495 -0.8037512 0.01175451 -0.5555629 -0.831303 0.01688808 -0.2419466 -0.9702571 0.007945299 -0.1950917 -0.9806802 0.01434201 -0.9979002 9.47144e-4 0.0647639 -0.9807701 0.008514404 0.194981 -0.9660938 0.003775477 0.2581635 -0.8795201 0.006958484 0.4758108 -0.8314522 0.01451057 0.5554069 -0.7697929 0.009333729 0.6382255 -0.5948393 0.01175457 0.8037586 -0.5555545 0.01688784 0.8313086 -0.241952 0.007945418 0.9702557 -0.1950986 0.01434201 0.9806787 -0.191481 0.9653345 0.1773818 -0.191481 0.9653345 0.1773818 -0.1631732 0.8282516 0.5360727 -0.1631675 0.8282556 0.5360682 -0.1098318 0.5642305 0.8182793 -0.1098076 0.5642477 0.8182707 -0.03873604 0.2092598 0.9770926 -0.8160826 0.548036 0.1834822 -0.8160851 0.5480306 0.1834878 -0.6954362 0.4726372 0.5412785 -0.6954321 0.4726612 0.5412629 -0.4681275 0.324871 0.8217758 -0.4681292 0.3248605 0.821779 -0.1652584 0.1247606 0.9783273 -0.9626377 0.1942563 0.1886616 -0.9626376 0.1942603 0.1886578 -0.8203288 0.1711722 0.5456745 -0.8203265 0.1711621 0.5456812 -0.5522051 0.1219066 0.8247475 -0.5522007 0.1218883 0.8247531 -0.194952 0.05308187 0.9793753 -0.5452893 0.8187986 0.1795229 -0.5452902 0.8187978 0.179524 -0.4646782 0.7033803 0.5378944 -0.4646858 0.7033683 0.5379036 -0.3128191 0.4801669 0.8195022 -0.3128271 0.480154 0.8195067 -0.1104585 0.1795549 0.977527 0 0.9835335 0.1807259 0 0.9835335 0.1807259 0 0.8395031 0.543355 0 0.8395031 0.543355 0 0.5676646 0.8232599 0 0.5676646 0.8232599 0 0.2094169 0.9778264 0 0.2094169 0.9778264 0 0.01462298 0.9998931 0 0.01462298 0.9998931 0 0.9932476 0.1160135 -0.01707148 0.9833898 0.1807015 0 0.9515279 0.3075625 0 0.9032464 0.4291223 -0.0170716 0.8393837 0.5432713 0 0.8021708 0.5970948 0 0.6202933 0.78437 -0.01706987 0.5675859 0.8231372 0 0.4553647 0.8903051 0 0.3352422 0.9421319 -0.01706981 0.2093803 0.9776853 0 0.1450145 0.9894295 -0.5915443 0.8008282 0.09353965 -0.877798 0.4757965 0.05557417 -0.9979078 0.06196331 0.01845842 -0.9978754 0.06471437 0.00753659 -0.9978638 0.06488686 0.007578969 -0.9987924 0.04487276 0.02000755 -0.9978657 0.06068819 0.02410441 -0.997891 0.05424863 0.03564774 -0.9986618 0.04148596 0.03087991 -0.9978929 0.04911053 0.04240053 -0.9978638 0.04052239 0.05124092 -0.9983471 0.03641736 0.04446256 -0.9969964 0.03068172 0.07111179 -0.9978688 0.02689296 0.05945259 -0.9978638 0.009472787 0.06463682 -0.9983388 0.007396996 0.05713975 -0.9979147 0.01665705 0.06235903 -0.9655374 0.2585074 0.03019452 -0.931668 0.3630537 0.01366293 -0.9333136 0.333704 0.1325421 -0.9333134 0.3337046 0.132542 -0.933313 0.2880309 0.2143946 -0.9333142 0.2880275 0.214394 -0.9333141 0.2227238 0.281636 -0.9333127 0.2227277 0.2816378 -0.9333125 0.1422461 0.3296874 -0.9333146 0.1422414 0.3296836 -0.5939147 0.06747317 0.8016936 -0.7670888 0.09302997 0.63476 -0.9333146 0.05206733 0.3552646 -0.8795188 0.008687794 0.4757848 -0.9655362 0.03774029 0.2575179 -0.2400025 0.9642171 0.1126241 -0.2400004 0.9642177 0.1126228 -0.2399976 0.9022147 0.3583431 -0.1342575 0.9429132 0.3047779 -0.2414624 0.8765195 0.4164246 -0.2399992 0.7787263 0.5796427 -0.240001 0.7787253 0.5796433 -0.2400009 0.6021662 0.761443 -0.2414673 0.3253221 0.9142533 -0.189087 0.3890049 0.9016215 -0.2414687 0.4418898 0.8639596 -0.2400059 0.602163 0.7614439 -0.7670872 0.6372109 0.07442778 -0.661418 0.7479651 0.05544859 -0.6638282 0.6950668 0.2760693 -0.6638263 0.6950689 0.2760686 -0.6638272 0.5999311 0.4465604 -0.6638235 0.5999354 0.4465602 -0.6638233 0.4639156 0.5866184 -0.6638281 0.4639101 0.5866172 -0.6638286 0.2962744 0.6866973 -0.6638269 0.2962761 0.6866982 -0.6638273 0.108455 0.7399803 -0.2400048 0.1407768 0.96051 -0.2400062 0.1407759 0.9605098 -0.9979002 0.06476438 -9.47152e-4 -0.9807703 0.1951453 0.002808868 -0.9660948 0.25816 -0.003775477 -0.8795191 0.4758127 -0.006958544 -0.8314507 0.5555959 -0.001737356 -0.769791 0.6382279 -0.009333789 -0.5555689 0.8313817 -0.01215857 -0.5948359 0.8038283 -0.005510807 -0.1950862 0.9805374 -0.02208435 -0.2419531 0.9701842 -0.01418852 -0.1949334 0.0531277 0.9793765 -0.4405758 0.1007112 0.8920484 -0.9626377 0.1942559 0.1886615 -0.8160826 0.548036 0.1834822 -0.8160851 0.5480306 0.1834878 -0.6954404 0.47264 0.5412707 -0.6954391 0.4726483 0.5412653 -0.4681428 0.3248546 0.8217735 -0.7836483 0.1646453 0.5989886 -0.8065431 0.2196756 0.5488449 -0.8829411 0.1819762 0.4327811 -0.9626377 0.1942598 0.1886578 -0.1914799 0.9653343 0.1773841 -0.1914809 0.9653339 0.1773852 -0.1631734 0.8282526 0.536071 -0.1631677 0.8282566 0.5360665 -0.1098343 0.5642431 0.8182702 -0.1098498 0.5642321 0.8182758 -0.03878343 0.2092411 0.9770947 -0.5452902 0.8187972 0.1795262 -0.5452885 0.818799 0.1795239 -0.464677 0.703382 0.5378931 -0.4646787 0.7033795 0.5378951 -0.3128 0.4801753 0.8195047 -0.3127945 0.4801841 0.8195016 -0.110412 0.1795751 0.9775285 -0.6043562 0.1317105 0.7857518 -0.5212935 0.2050538 0.8283756 -0.4681479 0.3248238 0.8217828 -0.1652778 0.1247149 0.9783299 -0.9807857 0.002852737 0.1950669 -0.9807865 0.002852737 0.1950633 -0.8968819 0.006467401 0.4422228 -0.8968708 0.00646758 0.4422454 -0.7933447 0.008902013 0.6087077 -0.7933446 0.008902013 0.6087077 -0.6087705 0.01160103 0.7932616 -0.6087706 0.01160103 0.7932615 -0.4422781 0.01311492 0.8967821 -0.4422777 0.01311492 0.8967822 -0.1950803 0.01434195 0.9806824 -0.1950987 0.01434218 0.9806787 -0.03877037 -0.1805997 0.9827922 -0.1949521 -0.02441167 0.9805089 -0.087632 -0.4274761 0.8997693 -0.1914803 -0.9597341 0.2055378 -0.962639 -0.1886568 0.1942542 -0.962638 -0.1886592 0.1942567 -0.8829309 -0.1692386 0.4379399 -0.8065447 -0.203519 0.5550366 -0.7836498 -0.1470456 0.6035484 -0.5452911 -0.8131976 0.2033897 -0.5452878 -0.8131989 0.2033931 -0.4646741 -0.6873499 0.5582365 -0.4646838 -0.6873484 0.5582304 -0.3128033 -0.4559974 0.8331989 -0.1558666 -0.7747748 0.6127231 -0.2116199 -0.7983864 0.5637343 -0.1756268 -0.8764735 0.4482738 -0.1914806 -0.959734 0.2055374 -0.5522177 -0.09771448 0.8279538 -0.4263183 -0.2535439 0.8683134 -0.6043577 -0.1086592 0.7892686 -0.8160837 -0.5424344 0.19943 -0.8160849 -0.5424331 0.1994283 -0.695438 -0.4566152 0.554859 -0.6954299 -0.4566202 0.5548651 -0.4681344 -0.3006917 0.830924 -0.4681195 -0.3007008 0.8309291 -0.1652495 -0.09611195 0.9815575 -0.1201982 -0.5927685 0.7963529 -0.1928962 -0.5090907 0.8388193 -0.312802 -0.4559977 0.8331993 -0.1104374 -0.1509178 0.9823581 0 -0.06012272 0.9981909 0.003307402 -0.13627 0.9906663 0 -0.2099076 0.9777213 0 -0.3557147 0.9345946 0.00330764 -0.4253359 0.9050295 0 -0.7301351 0.6833027 0.003307521 -0.6757453 0.7371279 0 -0.6187832 0.7855618 0 -0.4925284 0.8702964 -0.1882762 -0.4747322 0.8597565 -0.9828044 -0.05749112 0.1754715 -0.9828811 -0.01615178 0.1835314 -0.9829927 -0.08847868 0.1609255 -0.9825875 -0.1242068 0.1381834 -0.9802486 -0.03025949 0.1954406 -0.8306933 -0.0349614 0.5556313 -0.8383449 -0.05257576 0.542599 -0.5537068 -0.06979322 0.8297818 -0.5497714 -0.06250303 0.8329735 -0.1938633 -0.09804385 0.976117 -0.1876969 -0.0870943 0.9783581 -0.9851578 -0.06381386 0.159348 -0.8349977 -0.2045652 0.510815 -0.8349995 -0.2045664 0.5108116 -0.5455469 -0.3115727 0.778011 -0.5455415 -0.3115686 0.7780164 -0.1854351 -0.3653153 0.9122272 -0.1191743 -0.3083103 0.9437915 -0.9826279 -0.1239629 0.1381139 -0.8361982 -0.3663237 0.4081415 -0.836199 -0.3663238 0.40814 -0.5473648 -0.5590073 0.6228184 -0.5473586 -0.5590041 0.6228266 -0.1862823 -0.656256 0.7311819 -0.186281 -0.6562551 0.7311831 -0.9829294 -0.1342356 0.1258198 -0.9828802 -0.1345233 0.1258971 -0.9828758 -0.1140237 0.1447546 -0.9836879 -0.1095009 0.1427153 -0.9821843 -0.09255659 0.1635453 -0.9829076 -0.08860832 0.1613727 -0.9828779 -0.06554388 0.1722061 -0.9843572 -0.05865609 0.1661339 -0.9817687 -0.03989917 0.185845 -0.9853052 -0.02162969 0.1694282 -0.9803467 -0.006086945 0.1971884 -0.9807817 -2.21553e-5 0.1951082 -0.1945548 -0.05897384 0.9791172 -0.1880064 -0.05586743 0.9805775 -0.1880272 -0.2061637 0.9602825 -0.188035 -0.2061669 0.9602802 -0.1880468 -0.3493688 0.9179214 -0.188053 -0.3493711 0.9179194 -0.1880528 -0.4837412 0.8547694 -0.1880497 -0.4837402 0.8547706 -0.1880381 -0.6077452 0.7715487 -0.1880425 -0.6077463 0.7715469 -0.1880667 -0.7171068 0.6711101 -0.188153 -0.7171224 0.6710692 -0.554382 -0.05332475 0.8305522 -0.5511506 -0.05149012 0.8328157 -0.5510544 -0.1751645 0.8158778 -0.5510432 -0.1751594 0.8158864 -0.5510688 -0.2968319 0.7798807 -0.551068 -0.2968316 0.7798815 -0.5510684 -0.4109942 0.7262282 -0.5510745 -0.4109955 0.7262228 -0.5510485 -0.5163595 0.6555293 -0.5510473 -0.5163593 0.6555303 -0.5510998 -0.6092206 0.5702099 -0.5513349 -0.609206 0.5699981 -0.8307952 -0.03219789 0.5556461 -0.8387234 -0.03881907 0.5431724 -0.8384976 -0.1143774 0.5327661 -0.8385001 -0.114379 0.5327616 -0.8385168 -0.1938214 0.5092375 -0.8385176 -0.1938218 0.509236 -0.8385176 -0.2683675 0.4742015 -0.8385188 -0.2683677 0.4741994 -0.8385022 -0.3371744 0.4280509 -0.8385044 -0.337174 0.4280468 -0.8385404 -0.3977359 0.3723656 -0.8387935 -0.397623 0.3719156 -0.9988239 7.09027e-4 0.04848188 -0.9807416 -0.006641566 0.195197 -0.9613856 0.01064932 0.2749986 -0.8787786 0.003908753 0.4772136 -0.8314245 -0.002474248 0.5556321 -0.7612133 0.01716262 0.6482744 -0.5561063 0.004018783 0.8311015 -0.5555551 0.003935456 0.8314704 -0.4344971 0.01345372 0.9005728 -0.1950793 0.01347082 0.980695 -0.1903139 0.01435375 0.9816184 0 -0.9778274 0.2094123 -0.0190348 -0.9977678 0.06400996 0.02074712 -0.8901201 0.4552534 0 -0.1759394 0.984401 -5.11605e-4 -0.1807356 0.9835316 1.6512e-4 -0.4211786 0.9069777 -1.42088e-4 -0.4291269 0.9032442 1.78735e-4 -0.5496733 0.8353796 -0.002458751 -0.5970957 0.8021662 0.004192829 -0.7501612 0.6612417 -1.74099e-4 -0.7843611 0.6203045 4.1102e-5 -0.8724419 0.4887179 -0.004034519 -0.9564153 0.2919821 0 -0.9998931 0.01462298 0 -0.9998931 0.01462298 0 -0.116008 0.9932483 -0.01707178 -0.1806974 0.9833906 0 -0.3075597 0.9515288 0 -0.4291279 0.9032437 -0.01707112 -0.5432744 0.8393816 0 -0.5970964 0.8021696 0 -0.7843679 0.620296 -0.01707082 -0.8231371 0.5675861 0 -0.8903088 0.4553572 0 -0.9421272 0.3352558 -0.01707148 -0.977685 0.2093811 0 -0.9894303 0.1450092 0 0.01462298 0.9998931 0 0.01462298 0.9998931 0 -0.180736 0.9835316 0 -0.180736 0.9835316 0 -0.5433529 0.8395044 0 -0.5433529 0.8395044 0 -0.8232561 0.5676702 0 -0.8232561 0.5676702 0 -0.9778274 0.2094123 0 -0.9778274 0.2094123 -0.694403 -0.6915746 0.1988191 -0.6944079 -0.6915717 0.198812 -0.5941135 -0.5861153 0.5509065 -0.5941094 -0.5861164 0.5509099 -0.4022796 -0.3902104 0.828195 -0.4022783 -0.3902107 0.8281955 -0.1426214 -0.1282811 0.9814292 -0.2541705 -0.9457159 0.2025315 -0.2541673 -0.9457159 0.2025353 -0.2174573 -0.8035529 0.5540894 -0.2174625 -0.8035545 0.5540851 -0.147247 -0.5374392 0.8303478 -0.1472231 -0.5374321 0.8303567 -0.05218172 -0.1804898 0.9821917 -0.948578 -0.2513795 0.192375 -0.9485747 -0.2513852 0.1923831 -0.8115704 -0.209512 0.5453972 -0.8115674 -0.2095149 0.5454006 -0.5495047 -0.1352123 0.8244769 -0.5495337 -0.1351848 0.8244621 -0.1948328 -0.03785753 0.9801056 -0.9979002 9.47144e-4 0.0647639 -0.9807708 -0.002808868 0.195143 -0.9660958 0.003775417 0.2581564 -0.8795201 0.006958484 0.4758109 -0.8314521 0.001737296 0.5555936 -0.7697929 0.009333729 0.6382254 -0.5555607 0.01215863 0.8313872 -0.5948278 0.005510985 0.8038344 -0.1950929 0.02208381 0.9805361 -0.2419567 0.01418846 0.9701833 -0.5915434 -0.8008288 -0.09353971 -0.877798 -0.4757964 -0.05557441 -0.9979094 -0.06193971 -0.01845115 -0.9978769 -0.06469035 -0.007530748 -0.9978638 -0.06488662 -0.007578969 -0.9987914 -0.04489153 -0.0200138 -0.9978647 -0.06070268 -0.02411007 -0.9978899 -0.05426681 -0.03564667 -0.9986623 -0.04147779 -0.03087395 -0.9978929 -0.04911154 -0.04239946 -0.9978638 -0.04052251 -0.0512408 -0.9983469 -0.03641861 -0.04446423 -0.996995 -0.03068798 -0.07112699 -0.9978685 -0.02689522 -0.05945628 -0.9978638 -0.009473025 -0.06463694 -0.9983392 -0.00739485 -0.05713129 -0.9979145 -0.01666295 -0.06236159 -0.9655372 -0.2585078 -0.03019458 -0.9316681 -0.3630537 -0.01366299 -0.9333136 -0.3337041 -0.1325416 -0.9333138 -0.3337037 -0.1325417 -0.9333136 -0.2880292 -0.2143943 -0.9333134 -0.2880294 -0.2143943 -0.9333133 -0.2227258 -0.281637 -0.9333135 -0.2227253 -0.2816367 -0.9333134 -0.1422442 -0.3296856 -0.9333136 -0.1422438 -0.3296854 -0.5939224 -0.06747418 -0.8016878 -0.7670894 -0.09302985 -0.6347593 -0.9333136 -0.05206769 -0.3552672 -0.8795147 -0.008686661 -0.4757925 -0.9655372 -0.0377407 -0.2575141 -0.2400034 -0.964217 -0.112624 -0.2400013 -0.9642176 -0.1126228 -0.2400003 -0.9022141 -0.3583428 -0.1342551 -0.9429144 -0.3047753 -0.2414656 -0.8765171 -0.4164278 -0.2400035 -0.7787239 -0.5796442 -0.240001 -0.7787253 -0.5796433 -0.240001 -0.6021689 -0.7614408 -0.2414671 -0.3253303 -0.9142504 -0.1890935 -0.3890048 -0.9016202 -0.2414677 -0.4418826 -0.8639636 -0.2400046 -0.6021666 -0.7614415 -0.7670881 -0.6372098 -0.07442796 -0.6614176 -0.7479654 -0.05544853 -0.6638265 -0.6950682 -0.2760698 -0.6638247 -0.6950703 -0.2760691 -0.6638247 -0.599934 -0.4465603 -0.6638262 -0.5999321 -0.4465603 -0.6638265 -0.4639118 -0.5866176 -0.6638245 -0.4639142 -0.5866181 -0.6638247 -0.2962786 -0.6866992 -0.6638269 -0.2962765 -0.6866981 -0.663827 -0.1084516 -0.739981 -0.2400047 -0.1407725 -0.9605107 -0.2400063 -0.1407714 -0.9605105 -0.9979002 -9.47145e-4 -0.06476396 -0.9807704 -0.008514285 -0.1949792 -0.9660949 -0.003775477 -0.2581599 -0.879516 -0.006958603 -0.4758185 -0.8314492 -0.01451027 -0.5554113 -0.7697929 -0.009333729 -0.6382254 -0.5948475 -0.01175451 -0.8037527 -0.555561 -0.01688802 -0.8313041 -0.241952 -0.007945418 -0.9702557 -0.1950987 -0.01434195 -0.9806788 0 -0.01462298 -0.9998931 0 -0.01462298 -0.9998931 0 -0.9932476 -0.1160135 -0.0170713 -0.9833899 -0.1807009 0 -0.9515288 -0.3075597 0 -0.9032446 -0.4291259 -0.01707112 -0.8393828 -0.5432727 0 -0.8021708 -0.5970948 0 -0.6202968 -0.7843672 -0.01707094 -0.5675863 -0.8231369 0 -0.4553571 -0.8903089 0 -0.3352507 -0.942129 -0.017071 -0.2093803 -0.9776853 0 -0.1450098 -0.9894302 0.2225185 -0.01425731 -0.9748242 0.2225211 -0.01425588 -0.9748236 0.6234902 -0.01143229 -0.7817475 0.6234902 -0.01143229 -0.7817475 0.900969 -0.006344437 -0.433837 0.9009686 -0.006345093 -0.4338381 1 0 0 1 0 0 0.9009684 0.006344437 0.4338381 0.9009684 0.006344437 0.4338381 0.6234902 0.01143229 0.7817475 0.6234902 0.01143229 0.7817475 0.2225211 0.01425588 0.9748236 0.2225211 0.01425588 0.9748236 0.2225211 -0.01425588 -0.9748237 0.2225211 -0.01425588 -0.9748236 0.6234902 -0.01143229 -0.7817475 0.6234886 -0.01143348 -0.781749 0.9009686 -0.006345093 -0.4338381 0.900969 -0.006344437 -0.433837 1 0 0 1 0 0 0.9009686 0.006345093 0.4338381 0.900969 0.006344437 0.433837 0.6234902 0.01143229 0.7817475 0.6234886 0.01143348 0.781749 0.2225212 0.01425731 0.9748236 0.2225211 0.01425737 0.9748236 -1 0 0 -1 0 0 -0.9807854 0.002852499 0.1950686 -0.9807853 0.002853274 0.195069 -0.8314691 0.008125483 0.5555116 -0.8314698 0.008123397 0.5555105 -0.5555717 0.01215749 0.8313798 -0.5555701 0.01216059 0.8313809 -0.1950879 0.01434445 0.9806808 -0.1950902 0.01434075 0.9806805 -0.4054259 -0.01336956 -0.9140301 -0.4054259 -0.01336956 -0.9140301 -0.6794209 -0.01073139 -0.7336703 -0.6794224 -0.01072865 -0.7336689 -0.8803043 -0.006936669 -0.4743586 -0.8803037 -0.006938457 -0.4743598 -0.9864569 -0.002398848 -0.1640034 -0.9864569 -0.002398252 -0.1640029 -2.77034e-7 -0.9998931 0.01462179 -1.74933e-7 -0.9998931 0.01462167 2.06474e-6 -0.9998931 0.01462221 1.36496e-6 -0.9998931 0.0146225 1.78909e-6 -0.9998931 0.01462274 -3.71398e-6 -0.9998931 0.01462298 -3.12623e-6 -0.9998931 0.01462346 9.6086e-7 -0.9998931 0.01462543 1.06313e-6 -0.999893 0.01462525 4.96662e-7 -0.9998931 0.01462537 8.21442e-7 -0.9998931 0.01462137 -1.27467e-6 -0.9998931 0.01462244 -1.14262e-6 -0.999893 0.01462298 -1.7399e-6 -0.9998931 0.01462352 -1.73237e-6 -0.9998931 0.01462352 -1.3766e-6 -0.9998931 0.01462411 -2.1093e-6 -0.9998931 0.01462292 -2.44668e-7 -0.9998931 0.01462036 7.61544e-7 -0.9998931 0.01462286 -3.10679e-7 -0.9998931 0.01462441 -2.36048e-7 -0.9998931 0.01462495 6.98523e-7 -0.9998931 0.01462364 7.63252e-7 -0.9998931 0.01462322 1.23368e-6 -0.9998931 0.01462268 3.05459e-6 -0.9998931 0.01462322 2.41529e-6 -0.9998931 0.0146225 -8.28862e-7 -0.9998931 0.01462334 -1.55962e-6 -0.9998931 0.01462233 -1.17858e-6 -0.9998931 0.01462227 -2.21044e-7 -0.9998931 0.01462364 3.00942e-6 -0.9998931 0.01462405 2.66865e-7 -0.9998931 0.0146203 -0.9864569 0.002398252 0.1640029 -0.9864569 0.002398252 0.1640029 -0.8803044 0.006936669 0.4743586 -0.8803038 0.006938457 0.4743598 -0.679421 0.01073145 0.7336703 -0.679421 0.01073139 0.7336703 -0.4054259 0.01336956 0.9140301 -0.4054259 0.01336956 0.9140301 -0.1950902 -0.01434075 -0.9806805 -0.1950902 -0.01434075 -0.9806805 -0.55557 -0.01215749 -0.8313809 -0.55557 -0.01215749 -0.8313809 -0.8314698 -0.008123397 -0.5555105 -0.8314691 -0.008125483 -0.5555115 -0.9807854 -0.002853274 -0.195069 -0.9807854 -0.002852559 -0.1950686 0 -0.9998931 0.0146228 3.6313e-7 -0.9998931 0.01462244 -7.92224e-7 -0.9998931 0.0146234 -4.36879e-7 -0.9998931 0.01462286 0 -0.9998931 0.01462274 7.93811e-7 -0.9998931 0.0146234 2.98173e-7 -0.9998931 0.0146231 1.60727e-6 -0.9998931 0.01462346 -7.83163e-7 -0.9998931 0.01462322 5.31584e-7 -0.9998931 0.01462268 -3.32845e-7 -0.9998931 0.0146231 2.30902e-6 -0.9998931 0.01462185 -3.27418e-7 -0.9998931 0.01462292 6.45581e-7 -0.9998931 0.0146231 -5.72142e-7 -0.9998931 0.0146228 -2.2676e-6 -0.9998931 0.01462268 2.2094e-6 -0.9998931 0.0146237 2.80987e-6 -0.999893 0.01462388 1.93151e-6 -0.9998931 0.01462358 -2.25694e-6 -0.9998931 0.01462185 -0.9807859 -0.1950669 0.002852737 -0.7933568 -0.6086918 0.008901834 -0.6087616 -0.7932684 0.0116012 -0.6087616 -0.7932684 0.0116012 -0.2588149 -0.9658237 0.01412475 -0.2588216 -0.9658219 0.01412463 -0.8968697 -0.442224 0.00792253 -0.7933565 -0.6087024 0.00817281 -0.9659254 -0.2587811 0.00451374 -0.7783657 -0.6000195 -0.1847249 -0.9626386 -0.1942574 -0.1886562 -0.8797112 -0.4366281 -0.1883192 -0.9351139 -0.2541993 -0.2468698 -0.8115701 -0.2253646 -0.5390407 -0.8115703 -0.2253655 -0.5390399 -0.549519 -0.1592491 -0.8201639 -0.5972576 -0.7811078 -0.1820824 -0.6807084 -0.6845976 -0.2606956 -0.5941091 -0.6019807 -0.5335294 -0.5941109 -0.6019738 -0.5335352 -0.4022738 -0.4142549 -0.8164365 -0.4022717 -0.4142636 -0.8164332 -0.2541658 -0.9512346 -0.1747927 -0.2541669 -0.9512341 -0.1747941 -0.2174582 -0.8194204 -0.5303415 -0.2174652 -0.8194134 -0.5303495 -0.147245 -0.5614813 -0.8142835 -0.1472451 -0.5614813 -0.8142836 -0.05220645 -0.2091222 -0.976495 -0.1426165 -0.15693 -0.9772582 -0.5495188 -0.1592487 -0.820164 -0.1948227 -0.06651663 -0.9785804 0 -0.9835332 -0.1807277 0 -0.9835332 -0.1807277 0 -0.8395103 -0.543344 0 -0.8395103 -0.543344 0 -0.5676689 -0.823257 0 -0.5676689 -0.823257 0 -0.2094078 -0.9778285 0 -0.2094078 -0.9778285 0 -0.9998931 0.01462298 0 -0.9998931 0.01462298 0 -0.749802 -0.6616623 0.003307402 -0.6970109 -0.7170528 0 -0.6414917 -0.7671299 0 -0.4516245 -0.8922081 0.006596565 -0.5177609 -0.8554999 0 -0.3828929 -0.9237928 0 -0.1651834 -0.9862628 0.00652033 -0.2384045 -0.9711441 0 -0.08928871 -0.9960058 0 -0.2392575 -0.9709562 -0.001541852 -0.1755498 -0.9844693 0 -0.3925927 -0.9197125 0 -0.640818 -0.7676929 -0.002445042 -0.5581532 -0.8297343 0 -0.7305505 -0.6828588 0 -0.0146327 -0.999893 0 -0.01462292 -0.9998931 1.79876e-7 -0.0146231 -0.9998931 0 -0.0146327 -0.999893 -0.1950886 -0.01434212 -0.9806808 -0.1950978 -0.01434177 -0.980679 -0.5555738 -0.01215833 -0.8313784 -0.5555672 -0.01215869 -0.8313827 -0.8314684 -0.008124172 -0.5555127 -0.8314684 -0.008124172 -0.5555128 -0.9807862 -0.002852737 -0.1950652 -0.9807862 -0.002852737 -0.1950651 -0.1882779 -0.3855714 -0.9032642 -0.9828043 -0.1029338 -0.1532985 -0.982881 -0.134725 -0.125675 -0.9829924 -0.0723977 -0.1687738 -0.9802935 -0.03453946 -0.1945036 -0.9827891 -0.134752 -0.1263624 -0.837911 -0.3989702 -0.3724622 -0.8381652 -0.3982578 -0.3726524 -0.5501319 -0.6102708 -0.5700215 -0.5503636 -0.6098431 -0.5702555 -0.1876034 -0.7176913 -0.6706149 -0.1876946 -0.7175667 -0.6707226 -0.9851577 -0.08633369 -0.1483601 -0.8349987 -0.2767543 -0.4755885 -0.8349997 -0.2767522 -0.4755877 -0.5455406 -0.4215204 -0.724366 -0.545539 -0.4215223 -0.724366 -0.1854357 -0.4942355 -0.8493202 -0.1191977 -0.5541755 -0.8238213 -0.9828517 -0.04105597 -0.1797689 -0.8355159 -0.08789104 -0.5423914 -0.8278742 -0.1009561 -0.5517538 -0.5471638 -0.1443472 -0.8244851 -0.5510703 -0.139025 -0.8227962 -0.1864968 -0.1796441 -0.9658918 -0.1926438 -0.1722617 -0.9660302 -0.9807485 -0.01160937 -0.1949296 -0.9828804 -0.01645058 -0.1835094 -0.9828759 -0.04393172 -0.1789553 -0.9836879 -0.04510724 -0.1741366 -0.9821844 -0.07195287 -0.1735993 -0.9829078 -0.07267028 -0.1691487 -0.9828781 -0.09540319 -0.1576353 -0.9843569 -0.09485566 -0.1484723 -0.9817682 -0.1219363 -0.1458177 -0.985305 -0.1202386 -0.1213129 -0.9821282 -0.1411228 -0.1245339 -0.9829699 -0.1448345 -0.1131071 -0.1946118 -0.08451169 -0.9772328 -0.1880632 -0.08769553 -0.978234 -0.1880391 -0.2341571 -0.9538406 -0.1880398 -0.2341567 -0.9538404 -0.1880524 -0.3760617 -0.9073114 -0.1880524 -0.3760616 -0.9073114 -0.1880525 -0.5085339 -0.8402557 -0.1880506 -0.5085348 -0.8402556 -0.1880387 -0.6300492 -0.753445 -0.1880404 -0.6300485 -0.7534454 -0.1880642 -0.736423 -0.6498562 -0.1880638 -0.7364232 -0.6498561 -0.5544469 -0.07560253 -0.8287779 -0.5512088 -0.07771718 -0.83074 -0.5510497 -0.1989459 -0.8104102 -0.5510486 -0.1989467 -0.8104108 -0.5510739 -0.3195075 -0.7708648 -0.5510742 -0.3195073 -0.7708646 -0.5510742 -0.4320579 -0.7138929 -0.5510748 -0.4320574 -0.7138928 -0.551049 -0.5353069 -0.6401496 -0.5510466 -0.535309 -0.6401499 -0.5510974 -0.6256661 -0.5521174 -0.5510992 -0.6256645 -0.5521174 -0.8305053 -0.05626314 -0.554162 -0.8384855 -0.04730325 -0.5428669 -0.8384995 -0.1299108 -0.5291897 -0.8385008 -0.1299093 -0.5291882 -0.8385174 -0.2086277 -0.5033518 -0.8385162 -0.2086294 -0.5033531 -0.8385161 -0.2821221 -0.4661522 -0.8385164 -0.2821215 -0.4661518 -0.8384998 -0.3495503 -0.4180104 -0.8385006 -0.3495489 -0.4180099 -0.8385338 -0.4085291 -0.3605067 -0.8385328 -0.408531 -0.360507 -0.1950932 -0.01434153 -0.9806798 -0.1894402 -0.01525664 -0.9817737 -0.555567 -0.01124316 -0.8313958 -0.496648 -0.02478706 -0.867598 -0.8313852 0.006139993 -0.5556626 -0.7738556 -0.02057367 -0.633028 -0.9807862 -0.002852737 -0.1950652 -0.9980187 -0.03854775 -0.04972684 -0.9613858 0.002603948 -0.275192 0 -0.9994255 -0.03389346 -0.004754662 -0.9835218 -0.1807271 0.003406107 -0.9650888 -0.2619007 -0.003676354 -0.8394998 -0.5433475 0.005218982 -0.7894862 -0.6137462 -0.004538297 -0.5676653 -0.823247 3.82333e-4 -0.5185579 -0.8550425 -5.11322e-4 -0.2094078 -0.9778283 0 -0.2046416 -0.978837 0 -0.9998931 0.01462298 0 -0.9998931 0.01462298 -0.9979002 -0.06476438 9.47151e-4 -0.9807704 -0.1951453 -0.002808868 -0.9660949 -0.2581599 0.003775477 -0.8795191 -0.4758127 0.006958544 -0.8314507 -0.5555959 0.001737356 -0.7697908 -0.638228 0.009333789 -0.555569 -0.8313816 0.01215857 -0.5948359 -0.8038282 0.005510807 -0.195086 -0.9805374 0.02208435 -0.241953 -0.9701842 0.01418852 -0.7836508 -0.1646458 -0.5989851 -0.440588 -0.1006909 -0.8920446 -0.03878521 -0.2092502 -0.9770926 -0.1949427 -0.05310463 -0.9793759 -0.4681391 -0.3248587 -0.821774 -0.3127945 -0.4801841 -0.8195016 -0.3128032 -0.4801701 -0.8195064 -0.1098492 -0.5642289 -0.8182781 -0.1098386 -0.5642365 -0.8182743 -0.962638 -0.1942598 -0.188656 -0.8829333 -0.1819749 -0.4327978 -0.8065423 -0.2196683 -0.5488491 -0.6954349 -0.4726499 -0.5412693 -0.6954364 -0.4726407 -0.5412754 -0.46468 -0.703375 -0.5378998 -0.4646763 -0.7033808 -0.5378953 -0.1631709 -0.8282544 -0.536069 -0.1631709 -0.8282544 -0.536069 -0.9626381 -0.194256 -0.1886598 -0.8160848 -0.5480315 -0.1834861 -0.8160831 -0.5480353 -0.1834821 -0.5452885 -0.818799 -0.1795239 -0.5452889 -0.8187984 -0.1795246 -0.19148 -0.9653344 -0.1773834 -0.1914815 -0.9653339 -0.1773849 -0.1104172 -0.1795828 -0.9775266 -0.6043474 -0.1317089 -0.7857589 -0.5213048 -0.2050344 -0.8283732 -0.4681416 -0.3248442 -0.8217784 -0.1652681 -0.1247377 -0.9783287 -0.9807861 -0.002852737 -0.1950652 -0.9807861 -0.002852737 -0.1950651 -0.8968735 -0.006467521 -0.4422397 -0.8968735 -0.006467521 -0.4422398 -0.7933472 -0.008902013 -0.6087043 -0.7933499 -0.008902013 -0.6087008 -0.6087616 -0.0116012 -0.7932685 -0.6087616 -0.0116012 -0.7932684 -0.4422892 -0.01311498 -0.8967766 -0.4422777 -0.01311498 -0.8967822 -0.1950894 -0.01434201 -0.9806806 -0.1950941 -0.01434206 -0.9806796 -0.1914806 0.959734 -0.2055374 -0.1098466 0.5400658 -0.8344235 -0.165268 0.09608012 -0.9815575 -0.1949473 0.02443569 -0.9805093 -0.03878098 0.1805904 -0.9827936 -0.312807 0.456003 -0.8331944 -0.4681459 0.3006811 -0.8309214 -0.4681368 0.3006866 -0.8309244 -0.5522109 0.09773415 -0.827956 -0.1631702 0.8122231 -0.5600616 -0.1098373 0.5400636 -0.8344262 -0.3127944 0.456005 -0.8331981 -0.1104233 0.1509187 -0.9823595 -0.4263169 0.2535551 -0.8683108 -0.6043473 0.1086788 -0.7892739 -0.7836529 0.147063 -0.6035401 -0.1631732 0.8122239 -0.5600597 -0.4646831 0.6873471 -0.5582326 -0.4646733 0.6873487 -0.5582388 -0.6954309 0.4566164 -0.5548669 -0.6954383 0.4566118 -0.5548614 -0.8065421 0.2035226 -0.5550391 -0.8829336 0.1692392 -0.4379343 -0.1914823 0.9597341 -0.205536 -0.545288 0.8131992 -0.2033911 -0.5452886 0.8131991 -0.2033905 -0.8160853 0.5424321 -0.1994291 -0.8160827 0.5424349 -0.1994328 -0.9626375 0.188659 -0.1942594 -0.9626389 0.1886557 -0.194256 0 0.1807264 -0.9835335 0 0.1807264 -0.9835335 0 0.5433539 -0.8395037 0 0.5433539 -0.8395037 0 0.8232566 -0.5676696 0 0.8232566 -0.5676696 0 0.9778274 -0.2094123 0 0.9778274 -0.2094123 0 -0.01462322 -0.9998931 0 -0.0146225 -0.9998931 0 -0.01462304 -0.9998931 0 -0.01462304 -0.999893 0 -0.01462304 -0.9998931 0 -0.01462298 -0.9998931 0 0.1419754 -0.9898702 0 0.1419754 -0.9898702 0 0.4409127 -0.8975501 0 0.4409127 -0.8975501 0 0.6966912 -0.7173712 0 0.6966912 -0.7173712 0 0.8842725 -0.4669713 0 0.8842725 -0.4669713 0 0.9852953 -0.1708602 0 0.9852953 -0.1708602 -1 0 0 -1 0 0 -1 0 0 -1 0 0 -1 0 0 -1 0 0 -1 0 0 -1 0 0 -1 0 0 -1 0 0 -1 0 0 -1 0 0 -1 0 0 -1 0 0 -1 0 0 -1 0 0 -1 0 0 -1 0 0 -1 0 0 -1 0 0 -1 0 0 -1 0 0 -1 0 0 -1 0 0 -1 0 0 -1 0 0 -1 0 0 -1 0 0 -1 0 0 -1 0 0 -1 0 0 -1 0 0 -1 0 0 -1 0 0 0 0.1160126 -0.9932477 -0.01707136 0.1807003 -0.9833901 0 0.307559 -0.951529 0 0.4291279 -0.9032437 -0.01707112 0.5432744 -0.8393816 0 0.5970964 -0.8021696 0 0.784366 -0.6202982 -0.01707106 0.8231361 -0.5675876 0 0.8903088 -0.4553572 0 0.9421282 -0.3352528 -0.01707118 0.977685 -0.2093811 0 0.9894302 -0.1450098 0 0.9998931 -0.01462298 0 0.9998931 -0.01462298 -0.9979002 0.06476396 -9.47145e-4 -0.9807704 0.1949796 -0.008514344 -0.9660946 0.2581608 -0.003775477 -0.8795201 0.4758108 -0.006958484 -0.8314507 0.5554091 -0.01451075 -0.7697889 0.6382303 -0.009333789 -0.5948495 0.8037512 -0.01175451 -0.5555626 0.8313031 -0.01688808 -0.2419465 0.9702571 -0.007945299 -0.1950918 0.9806801 -0.01434201 -1 0 0 -1 0 0 -1 0 0 -1 0 0 -1 0 0 -1 0 0 -1 0 0 -1 0 0 -1 0 0 -1 0 0 -1 0 0 -1 0 0 -1 0 0 -1 0 0 -1 0 0 -1 0 0 -1 0 0 -1 0 0 -1 0 0 -1 0 0 -1 0 0 -1 0 0 -1 0 0 -1 0 0 -1 0 0 -1 0 0 -1 0 0 -1 0 0 -1 0 0 -1 0 0 -1 0 0 -1 0 0 -1 0 0 -1 0 0 -1 0 0 -1 0 0 -1 0 0 -1 0 0 -1 0 0 -1 0 0 -1 0 0 -1 0 0 -1 0 0 -1 0 0 -1 0 0 -1 0 0 -0.9659266 -0.2587885 0.003784656 -0.9807853 -0.195046 0.004154682 -0.8968736 -0.4422397 0.00646758 -0.7933499 -0.6087009 0.008902013 -0.7071043 -0.7070133 0.01165044 -0.6087571 -0.7932718 0.0116012 -0.2588191 -0.9658225 0.01412469 -0.4422859 -0.896713 0.01699846 -0.1950941 -0.9806796 0.01434206 -0.5972536 -0.7811117 -0.1820784 -0.8797109 -0.4366269 -0.1883236 -0.552206 -0.1219087 -0.8247465 -0.194952 -0.05310612 -0.979374 -0.9626382 -0.1942555 -0.1886598 -0.9626381 -0.1942594 -0.188656 -0.8203259 -0.1711708 -0.5456795 -0.7783589 -0.6000282 -0.1847258 -0.8085642 -0.543617 -0.2251768 -0.6954342 -0.4726426 -0.5412765 -0.6954325 -0.4726527 -0.5412699 -0.468136 -0.3248633 -0.821774 -0.4338266 -0.8824638 -0.1818024 -0.5402622 -0.8118897 -0.2212505 -0.464676 -0.7033836 -0.5378918 -0.4646843 -0.7033705 -0.5379018 -0.312811 -0.4801689 -0.8195043 -0.3128082 -0.4801732 -0.8195027 -0.1914839 -0.9653339 -0.1773818 -0.1914858 -0.9653333 -0.1773837 -0.1631774 -0.828251 -0.5360723 -0.163168 -0.8282576 -0.5360649 -0.109833 -0.5642368 -0.8182747 -0.1098335 -0.5642365 -0.8182749 -0.03876352 -0.2092595 -0.9770916 -0.1104392 -0.1795739 -0.9775257 -0.8203237 -0.1711616 -0.5456855 -0.5522056 -0.1219067 -0.8247471 -0.4681393 -0.3248428 -0.8217802 -0.1652759 -0.1247429 -0.9783267 0 -0.2094169 -0.9778264 0 -0.2094169 -0.9778264 0 -0.5676711 -0.8232554 0 -0.5676711 -0.8232554 0 -0.8395031 -0.543355 0 -0.8395031 -0.543355 0 -0.9835335 -0.1807259 0 -0.9835335 -0.1807259 0 -0.999893 0.01462304 0 -0.999893 0.01462304 -1 0 0 -1 0 0 -1 0 0 -1 0 0 -1 0 0 -1 0 0 -1 0 0 -1 0 0 -1 0 0 -1 0 0 -1 0 0 -1 0 0 -1 0 0 -1 0 0 -1 0 0 -1 0 0 -1 0 0 -1 0 0 -1 0 0 -1 0 0 -1 0 0 -1 0 0 -1 0 0 -1 0 0 -1 0 0 -1 0 0 -1 0 0 -1 0 0 -1 0 0 -1 0 0 -1 0 0 -1 0 0 -1 0 0 -1 0 0 -1 0 0 -1 0 0 -1 0 0 -1 0 0 -1 0 0 -1 0 0 -1 0 0 -1 0 0 -1 0 0 -1 0 0 -1 0 0 -1 0 0 -1 0 0 -1 0 0 -1 0 0 -1 0 0 -1 0 0 -1 0 0 -1 0 0 -1 0 0 -1 0 0 -1 0 0 -1 0 0 -1 0 0 -1 0 0 -1 0 0 -1 0 0 -1 0 0 -1 0 0 -1 0 0 -1 0 0 -1 0 0 -1 0 0 -1 0 0 -1 0 0 -1 0 0 -1 0 0 -1 0 0 -1 0 0 -1 0 0 -0.1950978 0.01434177 0.9806789 -0.1950976 0.01434177 0.980679 -0.5555738 0.01215833 0.8313784 -0.5555607 0.01215904 0.8313871 -0.8314654 0.008124411 0.5555171 -0.8314713 0.008123934 0.5555083 -0.9807866 0.002852618 0.1950633 -0.9807858 0.002852857 0.195067 -0.05218142 -0.1804906 0.9821916 -0.1426215 -0.128281 0.9814291 -0.1948322 -0.03785854 0.9801056 -0.2541728 -0.9457149 0.2025328 -0.5972588 -0.775449 0.2048432 -0.948576 -0.2513853 0.1923772 -0.9485764 -0.2513846 0.1923762 -0.8115732 -0.2095057 0.5453955 -0.8115694 -0.2095093 0.5453998 -0.5495053 -0.1351987 0.8244788 -0.7783638 -0.5943629 0.2021945 -0.6807112 -0.6766794 0.2806015 -0.5941094 -0.5861201 0.5509058 -0.5941157 -0.5861186 0.5509005 -0.2541671 -0.9457149 0.2025397 -0.2336621 -0.865666 0.4427463 -0.2527249 -0.7903701 0.5580729 -0.2079318 -0.7672266 0.6067352 -0.1609857 -0.5892946 0.7917168 -0.5495209 -0.1351839 0.8244708 -0.4022735 -0.3902015 0.8282022 -0.4022701 -0.3902022 0.8282034 -0.2073233 -0.5075686 0.8362961 -0.1176646 -0.4261432 0.896971 0 -0.1807368 0.9835315 0.002835273 -0.2446727 0.9696016 0 -0.4291242 0.9032456 0 -0.5970826 0.8021798 0.003786265 -0.6966844 0.7173678 0 -0.9778265 0.2094169 0.002835333 -0.962033 0.2729184 0 -0.8903118 0.4553514 0 -0.7843704 0.6202928 0 0.01458835 0.9998936 0 0.01458835 0.9998936 6.51576e-7 0.01462328 0.999893 0 0.01462274 0.9998931 0 -0.6180977 0.7861013 -0.001541554 -0.6679456 0.7442084 0 -0.4833769 0.8754124 0 -0.2107518 0.9775395 -0.002444922 -0.3105224 0.9505629 0 -0.08867025 0.996061 1 0 0 1 0 0 1 0 0 1 0 0 1 0 0 1 0 0 1 0 0 1 0 0 1 0 0 1 0 0 1 0 0 1 0 0 1 0 0 1 0 0 1 0 0 1 0 0 1 0 0 1 0 0 1 0 0 1 0 0 1 0 0 1 0 0 1 0 0 1 0 0 1 0 0 1 0 0 1 0 0 1 0 0 1 0 0 1 0 0 1 0 0 1 0 0 1 0 0 1 0 0 1 0 0 1 0 0 1 0 0 1 0 0 1 0 0 1 0 0 1 0 0 1 0 0 1 0 0 1 0 0 1 0 0 1 0 0 0 0.9898703 0.1419751 0 0.9898703 0.1419751 0 0.8975498 0.4409131 0 0.8975498 0.4409131 0 0.7173728 0.6966894 0 0.7173728 0.6966894 0 0.4669704 0.8842729 0 0.4669704 0.8842729 0 0.1708614 0.9852951 0 0.1708614 0.9852951 0 0.01462101 0.9998931 0 0.01462101 0.9998931 0 0.01462316 0.999893 0 0.01462316 0.9998931 -2.71543e-7 0.01462316 0.9998931 2.40692e-7 0.0146228 0.9998931 0 0.2093987 0.9778304 0 0.2093987 0.9778304 0 0.5676776 0.8232509 0 0.5676776 0.8232509 0 0.8395041 0.5433533 0 0.8395041 0.5433533 0 0.9835332 0.1807283 0 0.9835332 0.1807283 0 0.9998931 -0.01462298 0 0.9998931 -0.01462298 -1 0 0 -1 0 0 -1 0 0 -1 0 0 -1 0 0 -1 0 0 -1 0 0 -1 0 0 -1 0 0 -1 0 0 -1 0 0 -1 0 0 -1 0 0 -1 0 0 -1 0 0 -1 0 0 -1 0 0 -1 0 0 -1 0 0 -1 0 0 -1 0 0 -1 0 0 -1 0 0 -1 0 0 -1 0 0 -1 0 0 -1 0 0 -1 0 0 -1 0 0 -1 0 0 -1 0 0 -1 0 0 -1 0 0 -1 0 0 0 0.9998931 -0.01462322 0 0.9998931 -0.01462322 0 0.9998931 -0.01462298 0 0.9998931 -0.01462298 0 0.9998931 -0.01462298 0 0.9998931 -0.01462298 -0.1950941 0.9806796 -0.01434195 -0.1950893 0.9806806 -0.01434206 -0.5555673 0.8313828 -0.01215863 -0.5555706 0.8313804 -0.01215851 -0.8314676 0.5555138 -0.008124113 -0.8314676 0.5555139 -0.008124113 -0.9807861 0.1950652 -0.002852737 -0.9807859 0.195066 -0.002852737 -0.1914806 0.959734 -0.2055374 -0.1098397 0.5400673 -0.8344234 -0.1949429 0.02443462 -0.9805102 -0.03876978 0.1805909 -0.9827939 -0.3128058 0.456004 -0.8331943 -0.4681389 0.3006889 -0.8309225 -0.4681344 0.3006917 -0.830924 -0.5522111 0.09773355 -0.8279559 -0.552213 0.09773105 -0.8279551 -0.1631727 0.8122214 -0.5600636 -0.4646797 0.6873462 -0.5582364 -0.4646807 0.6873461 -0.5582358 -0.6954303 0.4566205 -0.5548642 -0.6954385 0.4566155 -0.5548581 -0.8203303 0.1551277 -0.5504485 -0.8203226 0.1551384 -0.550457 -0.1914846 0.9597341 -0.2055338 -0.5452917 0.8131973 -0.203389 -0.5452874 0.8131991 -0.2033933 -0.8160845 0.5424327 -0.1994314 -0.8160831 0.542434 -0.1994332 -0.9626375 0.1886596 -0.1942589 -0.9626389 0.1886562 -0.1942555 -0.1652594 0.09608912 -0.9815581 -0.1631698 0.8122206 -0.5600655 -0.109838 0.5400668 -0.834424 -0.3128031 0.4560045 -0.8331951 -0.1104317 0.150911 -0.9823598 0 0.9778274 -0.2094123 0 0.9778274 -0.2094123 0 0.8232538 -0.5676734 0 0.8232538 -0.5676734 0 0.543355 -0.8395031 0 0.543355 -0.8395031 0 0.1807268 -0.9835333 0 0.1807268 -0.9835333 0 -0.01462298 -0.9998931 0 -0.01462298 -0.9998931 -0.9979002 -9.47145e-4 -0.0647639 -0.9807704 0.002808928 -0.1951448 -0.9660949 -0.003775477 -0.2581599 -0.87952 -0.006958484 -0.4758108 -0.8314492 -0.001736998 -0.5555981 -0.7697848 -0.009333908 -0.6382353 -0.5555739 -0.01215851 -0.8313783 -0.5948441 -0.005510151 -0.8038223 -0.1950836 -0.02208411 -0.980538 -0.2419494 -0.01418852 -0.9701852 -0.5915525 0.0935378 -0.8008222 -0.8777992 0.05557364 -0.4757941 -0.9979077 0.01845788 -0.06196284 -0.9978754 0.007536649 -0.06471383 -0.9978638 0.007579028 -0.06488627 -0.9987924 0.02000713 -0.04487144 -0.9978656 0.02410465 -0.06068944 -0.9978908 0.03564846 -0.0542497 -0.9986618 0.03088033 -0.04148644 -0.9978929 0.04240131 -0.04911124 -0.9978638 0.05124145 -0.04052311 -0.9983469 0.04446452 -0.03641885 -0.9969959 0.07111662 -0.03068327 -0.9978688 0.05945181 -0.02689272 -0.9978638 0.064637 -0.009473085 -0.9983388 0.05713987 -0.007397353 -0.9979148 0.06235843 -0.01665598 -0.9655372 0.03019505 -0.2585078 -0.9316676 0.01366347 -0.3630549 -0.9333133 0.1325412 -0.333705 -0.933314 0.1325414 -0.333703 -0.933314 0.2143934 -0.2880284 -0.933314 0.2143934 -0.2880287 -0.933314 0.2816357 -0.2227249 -0.9333137 0.2816359 -0.2227254 -0.9333137 0.3296852 -0.1422429 -0.9333138 0.3296851 -0.1422427 -0.5939245 0.8016862 -0.06747531 -0.7670853 0.6347641 -0.09302991 -0.9333138 0.3552666 -0.05206722 -0.8795188 0.4757847 -0.008688688 -0.965537 0.257515 -0.03774112 -0.2399993 0.1126227 -0.964218 -0.239998 0.112622 -0.9642184 -0.2399983 0.3583428 -0.9022147 -0.134252 0.3047747 -0.942915 -0.2414648 0.4164298 -0.8765164 -0.2400025 0.5796447 -0.7787238 -0.2400022 0.5796446 -0.778724 -0.2400024 0.7614408 -0.6021684 -0.2414625 0.9142509 -0.3253327 -0.1890902 0.9016207 -0.3890052 -0.2414645 0.8639643 -0.441883 -0.2400026 0.7614408 -0.6021683 -0.767081 0.07442831 -0.6372182 -0.6614187 0.05545049 -0.7479642 -0.6638268 0.2760698 -0.695068 -0.6638246 0.276069 -0.6950703 -0.6638247 0.4465597 -0.5999343 -0.6638276 0.4465599 -0.599931 -0.6638268 0.5866167 -0.4639125 -0.6638267 0.5866166 -0.4639127 -0.6638265 0.6866984 -0.2962762 -0.6638259 0.6866988 -0.2962769 -0.6638259 0.7399821 -0.108451 -0.2400006 0.9605119 -0.1407715 -0.2400004 0.9605119 -0.1407716 1 0 0 1 0 0 1 0 0 1 0 0 1 0 0 1 0 0 1 0 0 1 0 0 1 0 0 1 0 0 1 0 0 1 0 0 1 0 0 1 0 0 1 0 0 1 0 0 1 0 0 1 0 0 1 0 0 1 0 0 1 0 0 1 0 0 1 0 0 1 0 0 1 0 0 1 0 0 1 0 0 1 0 0 1 0 0 1 0 0 1 0 0 1 0 0 1 0 0 1 0 0 1 0 0 1 0 0 1 0 0 1 0 0 1 0 0 1 0 0 1 0 0 1 0 0 1 0 0 1 0 0 1 0 0 1 0 0 1 0 0 1 0 0 1 0 0 1 0 0 1 0 0 1 0 0 1 0 0 1 0 0 1 0 0 1 0 0 1 0 0 1 0 0 1 0 0 1 0 0 1 0 0 1 0 0 1 0 0 1 0 0 0 0.9998932 -0.01461297 -9.96419e-7 0.999893 -0.01462626 2.16328e-7 0.9998931 -0.0146225 0 0.9998931 -0.01462304 -5.7629e-7 0.9998931 -0.01462155 0 0.999893 -0.0146293 0 -0.01462179 -0.9998931 1.82604e-6 -0.01462519 -0.999893 0 -0.01461744 -0.9998932 0 0.995766 -0.09192496 0.006034493 0.9852787 -0.1708491 0 0.969126 -0.2465661 0 0.9184501 -0.3955369 0.005784869 0.8842566 -0.4669655 0 0.84526 -0.5343552 0 0.7508298 -0.6604957 0.005704343 0.6966788 -0.7173605 0 0.6382583 -0.7698222 0 0.509509 -0.8604653 0.005785405 0.4409083 -0.8975335 0 0.3686022 -0.9295873 0 0.2183678 -0.9758666 0.006032943 0.1419738 -0.989852 0 0.06305944 -0.9980098 -0.00338751 0.9990462 0.04353624 -0.0101391 0.9990345 0.04274719 -0.0167126 0.9990115 0.04118937 -0.02305924 0.9989778 0.03887963 -0.02910441 0.9989335 0.03584396 -0.03478276 0.9988789 0.03210961 -0.03998059 0.9988151 0.02774858 -0.04459267 0.9987437 0.02286058 -0.04866153 0.9986639 0.01739579 -0.05204617 0.998578 0.01153397 -0.05472481 0.9984874 0.005325019 -0.05667734 0.9983919 -0.001196205 -0.0578469 0.9982948 -0.007828354 -0.0582391 0.9981964 -0.01456165 -0.0578432 0.9980973 -0.02135789 -0.05666273 0.9979992 -0.02805209 -0.05473035 0.9979048 -0.03450584 -0.0520398 0.9978136 -0.04074269 -0.04865986 0.9977279 -0.04659634 -0.04463231 0.9976489 -0.05200576 -0.03995275 0.9975765 -0.05696535 -0.03477221 0.9975127 -0.06131196 -0.02913618 0.9974586 -0.06501853 -0.02301692 0.9974135 -0.06809139 -0.016761 0.9973803 -0.07036817 -0.01008635 0.9973573 -0.07194989 -0.003387629 0.9973457 -0.0727328 -0.01012456 0.9821129 -0.1880207 -0.01671105 0.9535605 -0.3007378 -0.02305525 0.9120819 -0.4093594 -0.02910768 0.8582584 -0.5123918 -0.03475868 0.7928258 -0.6084564 -0.03994208 0.7166886 -0.6962485 -0.0445736 0.6308903 -0.7745907 -0.1739334 -0.9846522 0.01439642 -0.06888139 -0.9869878 -0.1452938 -0.05824476 -0.9981957 0.01459443 -0.05785071 -0.9982945 0.00782895 -0.02305948 -0.9989778 -0.03888016 -0.01671791 -0.9990116 -0.04118812 -0.9118725 0.1447312 0.3841114 -0.7879692 -0.1615127 0.5941535 -0.9118064 -0.1336621 0.388257 -0.8970285 -0.3828223 0.2208779 -0.8676114 -0.4514863 -0.2083522 -0.8970323 0.3828132 -0.2208777 -0.8671739 0.4475252 -0.2184734 -0.9059028 0.3540789 -0.2323108 -0.9139139 0.3269983 -0.240486 -0.9216023 0.2382752 -0.3063889 -0.9296193 0.2454013 -0.2749294 -0.9310646 0.2653158 -0.250452 -0.9253227 0.294788 -0.2384911 -0.9092708 0.2429304 -0.337952 -0.9107077 0.2415832 -0.3350358 -0.9044239 0.2266241 -0.3614677 -0.9118107 0.1335918 -0.388271 -0.8595643 0.2671455 -0.4356405 -0.8771231 0.1633372 -0.4516369 -0.8233481 0.1619123 -0.5439507 -0.757481 0.1065213 -0.6441084 -0.7560541 0.1036139 -0.6462557 -0.7457954 0.2192261 -0.62907 -0.7879691 0.1615127 -0.5941534 -0.8233412 0.161975 -0.5439424 -0.8081478 -0.07228553 -0.5845271 -0.7368922 -0.009886682 -0.675938 -0.7370626 -0.009886741 -0.6757521 -0.8992516 -0.2533746 -0.3565779 -0.903796 -0.2357755 -0.3571592 -0.9102542 -0.2501994 -0.3299053 -0.9296144 -0.2533426 -0.2676466 -0.9310607 -0.2725461 -0.2425793 -0.8970088 -0.3891652 -0.2095846 -0.9058954 -0.3607624 -0.2218195 -0.9084782 -0.3453339 -0.2353973 -0.9139037 -0.3339102 -0.2308336 -0.9253191 -0.3016511 -0.2297632 -0.7978242 -0.5942068 0.1019548 -0.811513 -0.542393 0.2173852 -0.9059044 -0.3540699 0.2323184 -0.9084773 -0.3383073 0.245392 -0.9139139 -0.3269982 0.240486 -0.9092777 -0.242928 0.3379351 -0.9215957 -0.2382779 0.3064066 -0.9296167 -0.2454064 0.2749336 -0.9310626 -0.2653273 0.2504474 -0.9253227 -0.294788 0.2384911 -0.9021039 -0.2251962 0.3680966 -0.7574834 -0.1065261 0.6441048 -0.80772 0.07233124 0.5851125 -0.7362402 0.009897112 0.676648 -0.7364064 0.009897112 0.676467 -0.8992516 0.2533746 0.3565779 -0.903796 0.2357755 0.3571592 -0.9102513 0.2501924 0.3299188 -0.9296169 0.2533375 0.2676426 -0.9310629 0.2725421 0.2425746 -0.9084777 0.3453372 0.2353944 -0.9138996 0.3339214 0.2308339 -0.9253233 0.3016387 0.2297627 -0.8125711 0.5491397 0.1953813 -0.8671751 0.4537209 0.2052919 -0.8676113 0.4514863 0.2083522 -0.8970053 0.389173 0.2095845 -0.9058966 0.3607556 0.2218255 -0.8092043 0.5522124 0.2006237 -0.5844223 0.8014819 0.1267967 -0.7881214 0.5983801 0.1442421 -0.7978277 0.5969296 0.08453488 -0.797782 0.5969911 0.08453065 -0.80323 0.5956053 -0.008711397 -0.8031315 0.5957382 -0.008709073 -0.7976984 0.5943785 -0.101939 -0.7979092 0.5940905 -0.1019687 -0.7881842 0.5938179 -0.1616973 -0.5845462 0.7973338 -0.1502152 -0.8115119 0.5423949 -0.2173849 -0.04990768 -0.9870879 -0.1522058 -0.04988002 -0.9870888 -0.1522091 -0.08238404 -0.961777 -0.2611475 -0.01010167 -0.9990345 -0.04275602 -0.1727515 -0.9849483 -0.005805134 -0.1727578 -0.9849473 -0.005783498 -0.285307 -0.9582411 -0.01933413 -0.05668097 -0.9983916 0.001195132 -0.03018486 -0.987157 -0.1568757 -0.03020197 -0.9871565 -0.1568756 -0.04987174 -0.9618905 -0.2688485 -0.04988378 -0.9618896 -0.2688496 -0.06888031 -0.9235848 -0.377156 -0.003393471 -0.999046 -0.04354006 -0.1692547 -0.9852378 -0.02567774 -0.1692415 -0.9852393 -0.02570867 -0.2795087 -0.9587215 -0.05222934 -0.2795047 -0.9587223 -0.05223649 -0.3859506 -0.9192121 -0.07804721 -0.01012873 -0.9871904 -0.1592246 -0.01010721 -0.987191 -0.1592222 -0.01669621 -0.9619478 -0.2727227 -0.01670503 -0.9619471 -0.2727246 -0.02306848 -0.9236634 -0.3825099 -0.0230692 -0.9236633 -0.3825101 -0.02911728 -0.8728758 -0.487073 -0.5816937 -0.8035694 -0.1261296 -0.487142 -0.8672528 -0.1027866 -0.4972528 -0.8664145 -0.04544901 -0.3939619 -0.918548 -0.03261226 -0.3966431 -0.9178748 0.01341927 -0.2872509 -0.9577531 0.01400226 -0.2853083 -0.9572652 0.04735434 -0.1727567 -0.9843569 0.03459042 -0.1692451 -0.9840657 0.05450433 -0.6683432 -0.7290304 -0.1477564 -0.5816949 -0.8035688 -0.1261282 -0.5937675 -0.8025673 -0.0576713 -0.4972495 -0.8664161 -0.0454548 -0.5006344 -0.8655664 0.01265227 -0.3966422 -0.9178752 0.01341694 -0.3939601 -0.9172021 0.05946284 -0.2853076 -0.9572657 0.04734998 -0.2795069 -0.9567846 0.080244 -0.1692447 -0.9840654 0.0545113 -0.163451 -0.9837826 0.07386189 -0.05473524 -0.9979046 0.0345028 -0.7459129 -0.6446684 -0.167382 -0.6683394 -0.7290331 -0.1477609 -0.6822104 -0.7278829 -0.06910502 -0.593766 -0.8025682 -0.05767375 -0.5978087 -0.8015531 0.01172208 -0.5006369 -0.8655648 0.01265817 -0.4972509 -0.864715 0.07077676 -0.393962 -0.9172007 0.05947089 -0.3859516 -0.9165363 0.1048927 -0.2795071 -0.9567842 0.08024871 -0.2699266 -0.956316 0.1122467 -0.1634465 -0.9837815 0.07388681 -0.155429 -0.9835095 0.09247124 -0.05204266 -0.9978134 0.04074412 -0.04865938 -0.9977276 0.04660338 -0.145318 -0.9832542 0.1099717 -0.1554359 -0.9835105 0.09244877 -0.2566958 -0.9558693 0.1429032 -0.2699279 -0.9563176 0.1122302 -0.372726 -0.9158918 0.1490557 -0.3859508 -0.9165375 0.1048856 -0.4871408 -0.8638772 0.1281017 -0.4972503 -0.8647156 0.07077461 -0.5937678 -0.8005371 0.08111858 -0.5978096 -0.8015525 0.01172369 -0.6868586 -0.7267134 0.01062911 -0.6822147 -0.7278795 -0.06909853 -0.7614009 -0.643377 -0.07959103 -0.7459223 -0.6446604 -0.1673707 -0.5844444 -0.8014647 -0.1268036 -0.8092033 -0.5522142 -0.2006233 -0.8125723 -0.5491394 -0.1953773 -0.8671745 -0.4537242 -0.2052874 -0.04461973 -0.9976482 0.05202901 -0.1332482 -0.9830171 0.1261839 -0.1453166 -0.983254 0.1099749 -0.2399875 -0.9554453 0.1718438 -0.2566944 -0.9558686 0.1429099 -0.3544552 -0.9152706 0.1914185 -0.372726 -0.91589 0.1490668 -0.4704437 -0.8630625 0.1838638 -0.4871405 -0.8638775 0.1281002 -0.5816964 -0.7995358 0.1495721 -0.5937677 -0.8005372 0.08111834 -0.6822128 -0.7255486 0.09036082 -0.6868579 -0.7267141 0.01062756 -0.7665796 -0.6420807 0.009389877 -0.761396 -0.6433818 -0.0795986 -0.7977249 -0.5970687 -0.08452248 -0.7879903 -0.5985548 -0.1442337 -0.0399574 -0.9975759 0.05697023 -0.1193504 -0.9828016 0.1409132 -0.133248 -0.983017 0.1261842 -0.2200514 -0.9550541 0.1986176 -0.2399886 -0.9554456 0.1718404 -0.3313905 -0.9146853 0.2313678 -0.3544546 -0.9152699 0.1914234 -0.4473841 -0.8622785 0.2373253 -0.4704441 -0.8630605 0.1838717 -0.5617568 -0.7985617 0.2161677 -0.5816961 -0.7995362 0.1495708 -0.6683405 -0.7244011 0.1690093 -0.6822111 -0.7255506 0.09035629 -0.7613975 -0.6407781 0.09837299 -0.7665802 -0.6420799 0.009391129 -0.8032262 -0.5956104 0.008711457 -0.7978196 -0.5969409 -0.0845313 -0.03480136 -0.9975128 0.06129622 -0.1038848 -0.9826123 0.153887 -0.1193551 -0.9828019 0.1409071 -0.1971136 -0.9546985 0.2229283 -0.2200506 -0.9550539 0.1986193 -0.3038547 -0.9141454 0.2683477 -0.3313916 -0.9146862 0.2313629 -0.4182729 -0.8615432 0.2877346 -0.4473846 -0.8622803 0.2373178 -0.534223 -0.7976292 0.2799884 -0.5617566 -0.7985627 0.216165 -0.645433 -0.7232804 0.2455233 -0.6683416 -0.7243987 0.1690145 -0.7459174 -0.639493 0.1861609 -0.7613983 -0.6407769 0.0983752 -0.7977636 -0.5942897 0.1019462 -0.8031972 -0.5956496 0.008710801 -0.02911013 -0.997458 0.06503897 -0.0869587 -0.9824486 0.1650241 -0.1038697 -0.9826114 0.1539028 -0.1715334 -0.9543854 0.2443867 -0.1971182 -0.9546993 0.2229207 -0.2721949 -0.9136534 0.3019062 -0.3038523 -0.9141443 0.2683542 -0.3835085 -0.8608621 0.3344213 -0.418274 -0.8615448 0.2877282 -0.499463 -0.7967503 0.3401851 -0.5342231 -0.7976304 0.2799848 -0.6137965 -0.7222117 0.318848 -0.6454323 -0.7232834 0.2455167 -0.7203503 -0.6382473 0.2715433 -0.745916 -0.6394966 0.1861545 -0.5845314 -0.7973454 0.1502109 -0.7881238 -0.5938983 0.1616964 -0.0230782 -0.9974138 0.06806796 -0.06890106 -0.9823166 0.1740884 -0.0869705 -0.9824492 0.1650143 -0.1436256 -0.9541175 0.2627384 -0.1715358 -0.9543858 0.2443835 -0.2368673 -0.9132212 0.3315434 -0.2721974 -0.9136543 0.3019012 -0.3435578 -0.8602421 0.3767645 -0.3835073 -0.860861 0.3344255 -0.4579501 -0.7959316 0.3959478 -0.4994618 -0.7967472 0.3401938 -0.5738568 -0.7211966 0.3880256 -0.6137965 -0.7222082 0.318856 -0.6850434 -0.6370451 0.3533964 -0.7203512 -0.6382427 0.2715517 -0.7855013 -0.5446207 0.2938982 -0.8107006 -0.5460845 0.2110835 -0.05667477 -0.9979993 0.02802503 -0.4871388 -0.8672542 -0.102791 -0.3859514 -0.9192118 -0.07804602 -0.3939643 -0.9185472 -0.03260767 -0.2853096 -0.9582406 -0.01932775 -0.287251 -0.957753 0.01400256 -0.1739333 -0.9846522 0.01439583 -0.1727568 -0.9843568 0.03459298 -0.05785095 -0.9980968 0.02135598 -0.9215992 -0.2471417 -0.2992924 -0.9104918 -0.2521862 -0.32773 -0.883203 -0.3461639 -0.3164224 -0.8831914 -0.3461799 -0.316437 -0.8400201 -0.4526216 -0.2991654 -0.8400259 -0.4526151 -0.2991591 -0.7855044 -0.5529783 -0.2778452 -0.7855021 -0.5529804 -0.2778475 -0.7203463 -0.6459165 -0.2527708 -0.7203541 -0.6459107 -0.2527633 -0.6454367 -0.7301496 -0.2242612 -0.6454304 -0.7301533 -0.2242671 -0.5617552 -0.8045433 -0.1927204 -0.5617585 -0.8045418 -0.1927171 -0.4704439 -0.8680695 -0.158549 -0.470444 -0.8680695 -0.1585489 -0.3727246 -0.9198578 -0.1222214 -0.3727239 -0.9198579 -0.1222221 -0.2699276 -0.9591895 -0.08422929 -0.2699224 -0.9591903 -0.08423656 -0.1634432 -0.9855219 -0.04508745 -0.1634433 -0.9855219 -0.04508739 -0.05472815 -0.9984871 -0.005326986 -0.9044188 -0.2266209 0.3614826 -0.9107065 -0.2415883 0.3350355 -0.8831976 -0.3367727 0.3264142 -0.8831974 -0.3367677 0.3264199 -0.8400255 -0.4436731 0.312268 -0.7454641 -0.2393683 -0.6220821 -0.7454627 -0.2393699 -0.6220832 -0.7199888 -0.3503073 -0.5990834 -0.7199941 -0.350302 -0.5990801 -0.6848002 -0.4565441 -0.5679932 -0.6847876 -0.4565547 -0.5679997 -0.6403436 -0.5566573 -0.5292381 -0.6403468 -0.5566549 -0.5292365 -0.5872288 -0.6492905 -0.4833054 -0.5872334 -0.6492878 -0.4833034 -0.5261654 -0.7331682 -0.4308298 -0.5261565 -0.7331724 -0.4308336 -0.4579425 -0.807173 -0.3725056 -0.4579483 -0.8071709 -0.3725029 -0.3835073 -0.8702719 -0.3091098 -0.3835085 -0.8702716 -0.3091092 -0.3038491 -0.9216011 -0.2415097 -0.3038461 -0.9216018 -0.2415115 -0.220044 -0.9604538 -0.1706143 -0.2200436 -0.9604538 -0.1706146 -0.1332396 -0.9862867 -0.0973944 -0.1453296 -0.9860491 -0.08115655 -0.1453192 -0.9860498 -0.08116769 -0.239991 -0.960062 -0.143824 -0.2399985 -0.9600611 -0.1438174 -0.3313989 -0.92106 -0.2045074 -0.3313925 -0.9210612 -0.2045122 -0.4182741 -0.8695893 -0.2624143 -0.4182778 -0.8695882 -0.262412 -0.4994641 -0.8063571 -0.3167395 -0.4994606 -0.8063584 -0.3167416 -0.5738636 -0.7322317 -0.366766 -0.5738543 -0.7322363 -0.3667713 -0.64046 -0.6482448 -0.4118126 -0.6404752 -0.6482354 -0.4118038 -0.6984011 -0.5555166 -0.4512618 -0.6983942 -0.5555219 -0.4512661 -0.7468746 -0.4553253 -0.4846206 -0.7468753 -0.4553247 -0.4846202 -0.7852571 -0.3490257 -0.5114219 -0.785257 -0.3490258 -0.511422 -0.813041 -0.2380399 -0.5313203 -0.813039 -0.2380425 -0.5313223 -0.8696242 -0.2366036 -0.4333272 -0.8696203 -0.2366095 -0.433332 -0.8399018 -0.3476479 -0.4167804 -0.8399071 -0.3476416 -0.4167751 -0.7988528 -0.4540105 -0.3945994 -0.7988548 -0.4540085 -0.3945977 -0.7470036 -0.5542853 -0.3670877 -0.7469978 -0.5542902 -0.3670923 -0.6850429 -0.6471077 -0.3346161 -0.6850438 -0.6471071 -0.3346155 -0.6137949 -0.7312257 -0.2975983 -0.6137975 -0.7312244 -0.2975964 -0.5342239 -0.8054754 -0.2565428 -0.5342173 -0.8054782 -0.2565481 -0.4473825 -0.8688513 -0.2120055 -0.4473835 -0.868851 -0.2120047 -0.3544534 -0.9204775 -0.1645724 -0.3544553 -0.920477 -0.1645705 -0.2566959 -0.9596385 -0.1148961 -0.2567008 -0.9596379 -0.1148906 -0.155435 -0.9857934 -0.06365048 -0.1554306 -0.9857937 -0.06365656 -0.05204975 -0.9985779 -0.01153576 -0.04866492 -0.9986637 -0.01739799 -0.1332381 -0.9862868 -0.09739571 -0.0446155 -0.9987432 -0.02283686 -0.8771196 -0.1633368 0.451644 -0.8595382 -0.267248 0.4356289 -0.869624 -0.2238335 0.4400599 -0.8696238 -0.2238328 0.4400606 -0.8399055 -0.335308 0.4267638 -0.8399047 -0.3353039 0.4267686 -0.7988505 -0.4422764 0.4077123 -0.7988507 -0.4422772 0.4077113 -0.7470011 -0.5433126 0.3831459 -0.8233412 -0.1619749 0.5439424 -0.8233481 -0.1619123 0.5439507 -0.8130409 -0.2223988 0.5380552 -0.8130413 -0.2223998 0.5380541 -0.7852556 -0.3339256 0.5214089 -0.7852554 -0.3339247 0.5214099 -0.7468739 -0.4409595 0.497729 -0.746874 -0.4409598 0.4977285 -0.6983968 -0.5420826 0.4673205 -0.6983964 -0.5420808 0.467323 -0.6404649 -0.6359227 0.4305892 -0.7560541 -0.1036139 0.6462557 -0.7457954 -0.2192261 0.62907 -0.7454631 -0.2210713 0.6288182 -0.7454634 -0.2210717 0.6288176 -0.7199895 -0.3326358 0.6090719 -0.7199932 -0.3326442 0.609063 -0.6848001 -0.4397464 0.5810954 -0.6847973 -0.4397399 0.5811038 -0.6403474 -0.5409458 0.5452823 -0.6403461 -0.5409423 0.5452874 -0.5872324 -0.6348747 0.5020881 -0.5872334 -0.6348772 0.5020835 -0.5261639 -0.7202581 0.4520839 -0.9118725 -0.1447312 -0.3841114 -0.8520883 -0.2953348 -0.4321145 -0.8806491 -0.1762955 -0.4397466 -0.8233518 -0.1777399 -0.538981 -0.8233365 -0.1778254 -0.5389761 -0.7879669 -0.1788303 -0.5891756 -0.7457941 -0.2375437 -0.6223859 -0.7560547 -0.1224718 -0.6429479 -0.7574809 -0.1253135 -0.6407178 -0.7643393 -0.07606792 -0.6403117 -0.7660448 -0.0093984 -0.6427184 -0.7660416 -0.009403467 -0.6427222 -0.7643334 0.05736029 -0.642265 -0.8083408 0.05519562 -0.5861216 -0.8078788 -0.05522102 0.586756 -0.7643366 -0.05736017 0.6422612 -0.7660448 0.009403288 0.6427184 -0.7660448 0.009403347 0.6427184 -0.7643387 0.07607334 0.6403118 -0.7574809 0.1253135 0.6407178 -0.7560483 0.1224591 0.6429578 -0.05774778 0.1013873 -0.9931696 -0.05774849 0.1013881 -0.9931694 -0.05814009 -0.01459676 -0.9982017 -0.05814021 -0.01459664 -0.9982017 -0.05774903 -0.130391 -0.9897794 -0.05775588 -0.1303843 -0.9897799 -0.05658566 -0.2444231 -0.9680162 -0.05657917 -0.2444291 -0.9680151 -0.05464494 -0.3551976 -0.9331927 -0.05464702 -0.3551958 -0.9331933 -0.05197566 -0.4611921 -0.8857768 -0.05197584 -0.461192 -0.8857768 -0.04860216 -0.5610034 -0.8263855 -0.04860293 -0.5610029 -0.8263859 -0.04457163 -0.6532724 -0.7558097 -0.04456865 -0.6532742 -0.7558085 -0.0399335 -0.7367436 -0.6749921 -0.03993844 -0.7367413 -0.6749943 -0.03476017 -0.8102813 -0.5850094 -0.1724818 0.1015862 -0.9797603 -0.1724799 0.1015843 -0.9797608 -0.1736499 -0.01439934 -0.9847022 -0.1736499 -0.01439934 -0.9847022 -0.1724793 -0.130191 -0.9763715 -0.1724745 -0.1301957 -0.9763717 -0.1689797 -0.2442334 -0.9548801 -0.1689823 -0.2442309 -0.9548802 -0.1632076 -0.35501 -0.920506 -0.1632059 -0.3550115 -0.9205057 -0.1552287 -0.4610206 -0.8737071 -0.1552344 -0.4610163 -0.8737083 -0.145159 -0.5608366 -0.8151019 -0.1451572 -0.5608378 -0.8151014 -0.1331171 -0.653119 -0.7454633 -0.1331127 -0.6531214 -0.7454619 -0.119269 -0.7366072 -0.6657212 -0.1192672 -0.736608 -0.6657207 -0.103805 -0.810162 -0.5769421 -0.1038003 -0.8101636 -0.5769407 -0.08692783 -0.8727763 -0.4803175 -0.2848688 0.1019703 -0.9531274 -0.2848745 0.1019764 -0.9531251 -0.2868075 -0.01400721 -0.9578859 -0.2868075 -0.01400721 -0.9578859 -0.284875 -0.1297953 -0.9497365 -0.2848678 -0.1298023 -0.9497377 -0.2790943 -0.243858 -0.928784 -0.2791018 -0.2438511 -0.9287835 -0.2695641 -0.3546414 -0.8953015 -0.2695634 -0.3546419 -0.8953015 -0.2563877 -0.4606659 -0.8497366 -0.2563829 -0.4606695 -0.8497361 -0.2397417 -0.5605123 -0.7926853 -0.2397471 -0.5605089 -0.792686 -0.2198614 -0.6528169 -0.7249076 -0.2198591 -0.6528182 -0.7249072 -0.1969937 -0.736338 -0.647302 -0.1969937 -0.736338 -0.6473019 -0.1714558 -0.8099249 -0.5609141 -0.1714463 -0.8099279 -0.5609126 -0.1435766 -0.8725808 -0.4668924 -0.1435796 -0.8725801 -0.4668927 -0.113756 -0.9234293 -0.3665215 -0.3934103 0.1025493 -0.9136257 -0.3934085 0.1025474 -0.9136267 -0.3960776 -0.0134257 -0.9181189 -0.3960776 -0.0134257 -0.9181189 -0.3934085 -0.1292194 -0.9102374 -0.3934108 -0.129217 -0.9102367 -0.3854376 -0.2432932 -0.8900821 -0.3854384 -0.2432926 -0.890082 -0.3722673 -0.3540918 -0.8579255 -0.3722646 -0.354094 -0.8579257 -0.3540682 -0.4601475 -0.8141866 -0.3540703 -0.460146 -0.8141867 -0.3310889 -0.5600249 -0.7594422 -0.3310867 -0.5600262 -0.759442 -0.3036255 -0.652372 -0.6944223 -0.3036267 -0.6523714 -0.6944224 -0.2720492 -0.7359387 -0.6199866 -0.2720505 -0.7359382 -0.6199868 -0.2367795 -0.8095815 -0.5371344 -0.2367936 -0.809577 -0.5371349 -0.1983016 -0.8722885 -0.4469779 -0.1982976 -0.8722894 -0.4469779 -0.1571097 -0.9231995 -0.350741 -0.1571182 -0.9231982 -0.3507406 -0.1137855 -0.9616102 -0.2497175 -0.4966291 0.1033073 -0.861793 -0.4966292 0.1033073 -0.8617929 -0.4999986 -0.01266258 -0.8659335 -0.4999986 -0.01266258 -0.8659335 -0.4966291 -0.1284679 -0.8584029 -0.496635 -0.1284615 -0.8584004 -0.4865704 -0.2425446 -0.8392981 -0.4865643 -0.2425505 -0.8393 -0.4699391 -0.3533726 -0.8088789 -0.4699367 -0.3533747 -0.8088794 -0.4469658 -0.4594655 -0.767537 -0.4469658 -0.4594655 -0.767537 -0.4179539 -0.5593888 -0.7158203 -0.4179568 -0.559387 -0.71582 -0.3832892 -0.6517894 -0.6544157 -0.3832944 -0.6517867 -0.6544154 -0.3434323 -0.7354117 -0.5841436 -0.3434252 -0.7354148 -0.5841441 -0.2989031 -0.8091232 -0.5059413 -0.298896 -0.8091256 -0.5059418 -0.2503117 -0.871905 -0.420863 -0.2503051 -0.8719066 -0.4208637 -0.1983123 -0.9228972 -0.3300501 -0.1983134 -0.922897 -0.3300498 -0.1436153 -0.9613916 -0.2347355 -0.1436254 -0.9613908 -0.2347328 -0.08696734 -0.9868544 -0.1362171 -0.1038838 -0.9866915 -0.1250922 -0.103866 -0.9866922 -0.1251012 -0.1715328 -0.9611234 -0.2163757 -0.1715255 -0.961124 -0.2163785 -0.2368523 -0.9225268 -0.304705 -0.2368649 -0.9225249 -0.3047012 -0.2989623 -0.8714373 -0.3888684 -0.2989585 -0.8714382 -0.3888692 -0.3569874 -0.8085645 -0.4677429 -0.3569813 -0.8085666 -0.467744 -0.4101592 -0.7347704 -0.540261 -0.4101694 -0.734766 -0.5402592 -0.4577727 -0.651073 -0.6054322 -0.4577738 -0.6510724 -0.605432 -0.4991775 -0.5586071 -0.6624047 -0.4991695 -0.5586123 -0.6624063 -0.5338205 -0.4586305 -0.7104181 -0.5338283 -0.4586244 -0.710416 -0.5612611 -0.3524944 -0.7488216 -0.5612547 -0.3525002 -0.7488237 -0.5811131 -0.2416356 -0.7771228 -0.5811126 -0.241636 -0.777123 -0.593132 -0.1275397 -0.7949391 -0.5931367 -0.1275343 -0.7949364 -0.5971608 -0.01172822 -0.8020359 -0.5971558 -0.01173436 -0.8020395 -0.5931316 0.1042355 -0.7983294 -0.593136 0.1042415 -0.7983254 -0.681615 0.1053174 -0.7240921 -0.6816212 0.105327 -0.7240848 -0.6862466 -0.01063513 -0.7272913 -0.6862425 -0.01064079 -0.7272951 -0.6816177 -0.1264495 -0.7206995 -0.681618 -0.1264492 -0.7206994 -0.6678041 -0.2405732 -0.7043879 -0.667805 -0.2405722 -0.7043873 -0.6449856 -0.3514648 -0.6785764 -0.6449769 -0.351473 -0.6785805 -0.6134484 -0.4576607 -0.6436052 -0.6134657 -0.4576469 -0.6435986 -0.5736474 -0.5576884 -0.5999269 -0.5736326 -0.5576984 -0.5999318 -0.5260538 -0.6502363 -0.5481425 -0.5260569 -0.6502345 -0.5481415 -0.4713476 -0.7340216 -0.4889211 -0.4713625 -0.734015 -0.4889166 -0.41025 -0.8079106 -0.4230549 -0.410243 -0.807913 -0.4230571 -0.343559 -0.8708909 -0.3514486 -0.3435595 -0.8708909 -0.3514485 -0.2721976 -0.9220921 -0.2750536 -0.2722051 -0.9220909 -0.2750504 -0.1971272 -0.9608091 -0.1949021 -0.1971158 -0.9608102 -0.194908 -0.1193606 -0.9865019 -0.1121032 -0.1193499 -0.9865023 -0.1121103 -0.03995829 -0.9988153 -0.02777278 -0.0347886 -0.9988787 -0.03211033 -0.0347734 -0.8102768 -0.5850148 -0.02912133 -0.8728748 -0.4870744 -0.08692979 -0.8727759 -0.480318 -0.06887364 -0.9235858 -0.3771548 -0.1137467 -0.9234306 -0.366521 -0.08237463 -0.9617777 -0.2611477 -0.1137805 -0.9616105 -0.2497182 -0.0689013 -0.9869871 -0.1452891 -0.0869655 -0.9868544 -0.1362178 -0.0291298 -0.9989332 -0.0358318 -0.902104 0.2251962 -0.3680965 -0.8696207 0.2238326 -0.4400669 -0.8696226 0.2238401 -0.4400593 -0.8130444 0.2224081 -0.538046 -0.8130409 0.2223988 -0.5380552 -0.7454569 0.2210715 -0.6288254 -0.7454614 0.2210806 -0.6288169 -0.667805 0.2198773 -0.7111191 -0.6678019 0.2198719 -0.7111238 -0.5811172 0.2188084 -0.7838531 -0.581116 0.2188068 -0.7838544 -0.4865644 0.2178971 -0.8460354 -0.4865648 0.2178976 -0.846035 -0.3854389 0.2171547 -0.896817 -0.3854377 0.2171534 -0.8968178 -0.2790955 0.2165866 -0.9355191 -0.2790964 0.2165876 -0.9355186 -0.168982 0.2162066 -0.9616131 -0.1689863 0.2162109 -0.9616114 -0.05658811 0.2160191 -0.974748 -0.05657744 0.2160089 -0.9747508 -0.9084773 0.3383073 -0.245392 -0.8831955 0.3367675 -0.326425 -0.883196 0.3367775 -0.3264136 -0.8399059 0.3353102 -0.4267613 -0.8399043 0.3353019 -0.4267709 -0.7852576 0.3339172 -0.5214114 -0.7852603 0.3339256 -0.521402 -0.71999 0.3326441 -0.6090669 -0.7199844 0.3326315 -0.6090802 -0.6449837 0.3314691 -0.6885668 -0.6449865 0.3314739 -0.6885619 -0.5612576 0.3304462 -0.7588117 -0.5612592 0.3304485 -0.7588096 -0.4699375 0.3295701 -0.8188665 -0.4699376 0.3295703 -0.8188663 -0.3722661 0.3288528 -0.8679134 -0.372267 0.3288538 -0.8679127 -0.269563 0.328308 -0.9052898 -0.2695589 0.3283038 -0.9052925 -0.1632046 0.3279343 -0.9304962 -0.1632074 0.3279371 -0.9304948 -0.05464911 0.3277521 -0.9431818 -0.05465412 0.3277567 -0.94318 -0.8676105 0.4451999 -0.2214698 -0.8400234 0.4436797 -0.3122643 -0.8400237 0.4436732 -0.3122728 -0.7988529 0.4422774 -0.4077067 -0.798853 0.4422779 -0.407706 -0.7468744 0.4409614 -0.4977265 -0.7468739 0.4409595 -0.497729 -0.6847972 0.4397398 -0.5811038 -0.6847984 0.4397426 -0.5811004 -0.6134561 0.4386363 -0.6567113 -0.6134556 0.4386354 -0.6567124 -0.5338193 0.4376584 -0.7235276 -0.5338215 0.4376616 -0.723524 -0.4469664 0.4368262 -0.7806433 -0.4469664 0.4368263 -0.7806432 -0.3540769 0.4361444 -0.8272893 -0.3540707 0.4361377 -0.8272954 -0.2563815 0.4356175 -0.8628476 -0.2563867 0.4356225 -0.8628435 -0.155227 0.4352724 -0.8868159 -0.1552265 0.435272 -0.8868162 -0.05198585 0.435095 -0.8988826 -0.0519784 0.4350888 -0.898886 -0.8107009 0.5460801 -0.2110939 -0.7855045 0.5446152 -0.2938993 -0.7855042 0.5446182 -0.2938948 -0.7470011 0.5433124 -0.3831461 -0.7470014 0.5433157 -0.3831412 -0.6983988 0.5420855 -0.4673141 -0.6983981 0.5420826 -0.4673184 -0.6403461 0.5409423 -0.5452874 -0.6403475 0.5409457 -0.5452823 -0.5736368 0.5399119 -0.6159837 -0.5736376 0.5399131 -0.615982 -0.4991732 0.5389997 -0.6784581 -0.4991703 0.5389957 -0.6784635 -0.4179562 0.5382149 -0.7318726 -0.4179561 0.5382147 -0.7318727 -0.3310881 0.5375765 -0.7754948 -0.3310947 0.5375827 -0.7754877 -0.2397462 0.537097 -0.8087327 -0.2397392 0.537091 -0.8087388 -0.1451575 0.536763 -0.8311527 -0.1451526 0.5367593 -0.831156 -0.04860472 0.5365946 -0.8424392 -0.04861217 0.5366001 -0.8424353 -0.9216056 0.2471386 0.2992752 -0.9104899 0.252187 0.3277348 -0.8831997 0.3461683 0.3164265 -0.8831948 0.3461752 0.3164327 -0.8400218 0.4526216 0.2991607 -0.8400239 0.4526191 0.2991583 -0.7855055 0.5529765 0.2778456 -0.7855031 0.5529787 0.2778479 -0.852096 0.2953188 0.4321101 -0.8806324 0.1764038 0.4397366 -0.8696242 0.2366036 0.4333272 -0.8696203 0.2366095 0.433332 -0.8399038 0.347642 0.4167814 -0.8399039 0.3476418 0.4167813 -0.7988476 0.4540158 0.394604 -0.7988548 0.4540085 0.3945977 -0.7470047 0.5542836 0.3670883 -0.7470026 0.5542854 0.3670899 -0.823328 0.1778727 0.5389733 -0.8233404 0.1778034 0.5389773 -0.8130401 0.2380425 0.5313206 -0.8130469 0.2380336 0.5313141 -0.7852614 0.3490259 0.5114151 -0.7852549 0.3490329 0.5114203 -0.7468753 0.4553247 0.4846203 -0.7468746 0.4553253 0.4846206 -0.6983973 0.5555162 0.4512683 -0.6983962 0.555517 0.4512689 -0.7880479 0.1788068 0.5890744 -0.7457708 0.2376667 0.6223668 -0.7454642 0.2393609 0.6220848 -0.7454562 0.2393702 0.6220908 -0.7199804 0.3503158 0.5990886 -0.7199941 0.350302 0.5990801 -0.6848002 0.4565441 0.5679932 -0.6847971 0.4565467 0.5679948 -0.6403495 0.5566574 0.5292307 -0.6403433 0.5566617 0.5292336 -0.573642 0.557696 0.5999251 -0.573642 0.5576959 0.5999251 -0.6134639 0.4576442 0.6436022 -0.6134541 0.457652 0.643606 -0.6449784 0.3514752 0.6785778 -0.6449896 0.3514649 0.6785727 -0.6678097 0.2405687 0.7043841 -0.6678054 0.2405732 0.7043865 -0.6816179 0.1264591 0.7206977 -0.6816257 0.1264494 0.720692 -0.6862505 0.01062959 0.7272877 -0.6862425 0.01064074 0.727295 -0.6816176 -0.1053214 0.724089 -0.6816186 -0.105323 0.7240878 -0.6678059 -0.2198718 0.71112 -0.6678026 -0.2198665 0.7111247 -0.6449812 -0.331479 0.6885645 -0.6449784 -0.3314738 0.6885695 -0.6134531 -0.4386309 0.6567177 -0.6134588 -0.438641 0.6567058 -0.5736426 -0.5399108 0.6159793 -0.5736434 -0.5399122 0.6159773 -0.5260607 -0.6339318 0.5669134 -0.5260572 -0.6339263 0.5669226 -0.4713492 -0.7194075 0.5101791 -0.4713497 -0.7194083 0.5101776 -0.4102432 -0.7951918 0.4465091 -0.4991821 0.558601 0.6624064 -0.4991685 0.5586098 0.6624091 -0.5338203 0.4586257 0.7104213 -0.5338263 0.4586211 0.7104197 -0.5612588 0.3524945 0.7488233 -0.5612493 0.352503 0.7488265 -0.5811065 0.2416472 0.7771241 -0.5811213 0.2416322 0.7771177 -0.5931419 0.1275275 0.7949336 -0.5931262 0.1275454 0.7949424 -0.5971509 0.01173442 0.8020431 -0.5971607 0.01172208 0.8020359 -0.5931361 -0.1042416 0.7983253 -0.5931314 -0.1042354 0.7983296 -0.581112 -0.2188009 0.7838591 -0.5811173 -0.2188084 0.7838531 -0.561258 -0.330454 0.758808 -0.5612564 -0.3304516 0.7588103 -0.5338234 -0.4376551 0.7235265 -0.5338222 -0.4376535 0.7235284 -0.4991738 -0.5389913 0.6784644 -0.4991783 -0.5389972 0.6784563 -0.4577714 -0.6330956 0.6242076 -0.4577704 -0.6330945 0.6242096 -0.4101651 -0.7186598 0.5615093 -0.4101619 -0.7186567 0.5615156 -0.3569852 -0.7945407 0.4911889 -0.3569809 -0.7945376 0.4911971 -0.2989522 -0.8596931 0.4141923 -0.4179471 0.5593847 0.7158275 -0.4179506 0.5593824 0.7158272 -0.4469599 0.4594657 0.7675403 -0.4469671 0.4594603 0.7675393 -0.4699356 0.3533805 0.8088775 -0.4699446 0.3533726 0.8088756 -0.4865708 0.2425442 0.839298 -0.4865577 0.2425569 0.839302 -0.4966235 0.1284617 0.8584071 -0.4966298 0.1284549 0.8584044 -0.4999986 0.0126692 0.8659335 -0.4999986 0.0126692 0.8659335 -0.4966292 -0.1033074 0.8617929 -0.4966346 -0.1033139 0.8617891 -0.4865698 -0.2179039 0.8460305 -0.4865593 -0.2178906 0.84604 -0.469932 -0.3295704 0.8188695 -0.4699364 -0.329576 0.8188647 -0.4469692 -0.4368156 0.7806476 -0.4469723 -0.4368195 0.7806437 -0.4179587 -0.5382176 0.7318691 -0.4179518 -0.5382099 0.7318788 -0.3832831 -0.6323726 0.6732005 -0.3832908 -0.63238 0.6731891 -0.3434314 -0.7180173 0.6053974 -0.3434326 -0.7180182 0.6053957 -0.2989087 -0.7939816 0.5293834 -0.29891 -0.7939823 0.5293815 -0.2503228 -0.8592247 0.4461744 -0.2503243 -0.8592253 0.4461722 -0.1983285 -0.9128506 0.3568887 -0.3311001 0.5600193 0.7594414 -0.3310957 0.560022 0.7594413 -0.3540769 0.4601458 0.8141839 -0.3540744 0.4601476 0.8141839 -0.372272 0.3540877 0.8579251 -0.3722601 0.3540978 0.8579261 -0.3854312 0.2432993 0.8900833 -0.3854446 0.2432867 0.8900809 -0.3934177 0.1292101 0.9102348 -0.3934085 0.1292194 0.9102374 -0.3960775 0.01343274 0.9181188 -0.3960775 0.01343274 0.9181188 -0.3934088 -0.1025404 0.9136273 -0.3934168 -0.1025494 0.913623 -0.3854435 -0.2171601 0.8968137 -0.3854448 -0.2171615 0.8968128 -0.3722733 -0.3288537 0.86791 -0.3722727 -0.328853 0.8679106 -0.3540757 -0.4361448 0.8272897 -0.3540641 -0.4361325 0.8273011 -0.3310828 -0.5375714 0.7755006 -0.3310917 -0.5375799 0.7754909 -0.3036291 -0.6317892 0.7131984 -0.3036271 -0.6317876 0.7132005 -0.2720511 -0.7174923 0.6412434 -0.2720523 -0.7174931 0.6412419 -0.236782 -0.7935268 0.5605796 -0.236779 -0.7935254 0.5605829 -0.1982898 -0.8588457 0.4722979 -0.1982799 -0.8588421 0.4723083 -0.1570925 -0.9125479 0.3775955 -0.1570917 -0.9125477 0.3775963 -0.113765 -0.9538952 0.2777437 -0.2397392 0.5605123 0.7926861 -0.2397496 0.5605056 0.7926875 -0.2563909 0.4606635 0.8497369 -0.2563877 0.4606658 0.8497366 -0.2695634 0.3546419 0.8953015 -0.2695716 0.3546351 0.8953017 -0.2791093 0.243844 0.9287831 -0.279087 0.2438648 0.9287844 -0.2848606 0.1298096 0.9497389 -0.2848822 0.1297881 0.9497354 -0.2868145 0.01399987 0.9578838 -0.2868005 0.01401454 0.9578878 -0.2848678 -0.1019692 0.9531278 -0.2848621 -0.101963 0.9531303 -0.2790895 -0.2165877 0.9355206 -0.2790949 -0.2165936 0.9355176 -0.2695589 -0.3283038 0.9052925 -0.269563 -0.3283079 0.9052898 -0.2563869 -0.435621 0.8628442 -0.2563914 -0.4356253 0.8628407 -0.2397503 -0.5370925 0.8087345 -0.2397411 -0.5370846 0.8087425 -0.2198549 -0.6313413 0.7436881 -0.2198578 -0.6313434 0.7436855 -0.1969932 -0.7170931 0.668559 -0.1969931 -0.717093 0.6685591 -0.1714522 -0.7931824 0.5843507 -0.1714441 -0.7931789 0.584358 -0.1435757 -0.8585512 0.4922153 -0.1435869 -0.8585546 0.492206 -0.1137638 -0.9123168 0.3933646 -0.1137655 -0.9123172 0.3933634 -0.08238899 -0.9537295 0.2891578 -0.08237141 -0.9537276 0.2891688 -0.04987329 -0.9822156 0.1810116 -0.0302025 -0.9821473 0.1856731 -0.03021323 -0.9821476 0.1856693 -0.04989117 -0.953617 0.2968593 -0.04988837 -0.9536167 0.2968607 -0.06888467 -0.9121615 0.4040003 -0.06888431 -0.9121615 0.4040005 -0.08694446 -0.8583551 0.5056354 -0.08694082 -0.858354 0.5056379 -0.1038145 -0.7929483 0.6003795 -0.1038047 -0.7929444 0.6003865 -0.1192672 -0.7168235 0.6869785 -0.1192678 -0.7168238 0.6869781 -0.1331118 -0.6310406 0.7642441 -0.1331171 -0.6310441 0.7642403 -0.1451573 -0.5367647 0.8311516 -0.1451503 -0.5367593 0.8311564 -0.1552252 -0.4352709 0.886817 -0.1552265 -0.435272 0.8868162 -0.1632046 -0.3279343 0.9304962 -0.1632074 -0.3279371 0.9304948 -0.1689819 -0.2162066 0.9616131 -0.1689792 -0.2162039 0.9616143 -0.1724745 -0.1015787 0.9797624 -0.1724799 -0.1015843 0.9797608 -0.1736499 0.01439183 0.9847023 -0.1736499 0.01439183 0.9847023 -0.1724792 0.1301984 0.9763705 -0.1724744 0.1302031 0.9763707 -0.1689799 0.2442263 0.9548818 -0.1689826 0.2442238 0.954882 -0.1632076 0.35501 0.920506 -0.1632059 0.3550115 0.9205057 -0.1552292 0.4610147 0.87371 -0.1552247 0.4610181 0.8737092 -0.1451491 0.5608398 0.8151015 -0.1451576 0.5608343 0.8151038 -0.04860049 0.5609977 0.8263894 -0.04859751 0.5609998 0.8263882 -0.0519697 0.4612041 0.8857708 -0.05198293 0.4611939 0.8857754 -0.05465489 0.3551915 0.9331945 -0.0546478 0.3551976 0.9331926 -0.05658113 0.2444273 0.9680154 -0.05659323 0.2444161 0.9680176 -0.05776357 0.1303767 0.9897804 -0.0577414 0.1303984 0.9897788 -0.05813258 0.01460427 0.998202 -0.05814772 0.01458913 0.9982014 -0.05775612 -0.1013805 0.9931698 -0.05776315 -0.1013875 0.9931687 -0.05659228 -0.2160232 0.9747468 -0.05658042 -0.2160118 0.97475 -0.05464661 -0.3277568 0.9431804 -0.0546413 -0.327752 0.9431824 -0.05197107 -0.4350843 0.8988885 -0.05198395 -0.4350949 0.8988826 -0.04860985 -0.5366001 0.8424354 -0.04860216 -0.5365945 0.8424394 -0.0445705 -0.6308931 0.7745886 -0.04456973 -0.6308926 0.774589 -0.03993499 -0.7166851 0.6962527 -0.03994119 -0.7166881 0.6962491 -0.03476315 -0.7928285 0.6084526 -0.03475683 -0.7928261 0.608456 -0.02910786 -0.8582567 0.5123946 -0.02910155 -0.858255 0.5123977 -0.02305644 -0.9120847 0.4093531 -0.02304577 -0.912083 0.4093576 -0.01668727 -0.9535594 0.3007423 -0.01669406 -0.9535601 0.3007401 -0.01010453 -0.982113 0.1880216 -0.01012277 -0.9821135 0.1880173 -0.003387868 -0.9973455 0.07273662 -0.01011961 -0.9973569 0.07194983 -0.04457783 0.6308929 -0.7745884 -0.1331171 0.6310441 -0.7642403 -0.1331147 0.6310425 -0.7642419 -0.2198613 0.631343 -0.7436848 -0.2198584 0.6313409 -0.7436875 -0.3036263 0.631787 -0.7132015 -0.3036223 0.6317837 -0.7132061 -0.3832904 0.6323688 -0.6732001 -0.3832917 0.6323701 -0.6731979 -0.4577711 0.6330866 -0.6242172 -0.4577715 0.633087 -0.6242164 -0.5260587 0.6339252 -0.5669225 -0.5260583 0.6339245 -0.5669237 -0.5872336 0.6348727 -0.5020891 -0.5872355 0.6348773 -0.5020809 -0.6404696 0.6359226 -0.4305825 -0.6404691 0.6359201 -0.4305868 -0.6850403 0.6370491 -0.3533952 -0.6850403 0.6370493 -0.353395 -0.7203488 0.6382459 -0.2715509 -0.7203482 0.6382486 -0.2715462 -0.7459159 0.6394968 -0.186154 -0.7459174 0.639493 -0.1861609 -0.7613984 0.6407768 -0.098374 -0.7613981 0.6407774 -0.09837311 -0.7665817 0.6420782 -0.009391129 -0.7665795 0.6420807 -0.009386718 -0.7613962 0.6433818 0.07959711 -0.7613981 0.64338 0.07959407 -0.7459191 0.6446642 0.16737 -0.7459122 0.6446701 0.1673783 -0.7203449 0.6459184 0.2527702 -0.7203553 0.6459105 0.2527602 -0.6850444 0.6471077 0.3346131 -0.6850392 0.6471111 0.3346169 -0.6404677 0.6482402 0.4118081 -0.6404683 0.6482397 0.4118077 -0.5872325 0.6492848 0.4833086 -0.5872371 0.6492822 0.4833065 -0.5260649 0.6502301 0.5481392 -0.5260569 0.6502345 0.5481415 -0.4577762 0.6510725 0.6054301 -0.4577717 0.6510749 0.6054309 -0.3832777 0.6517911 0.6544208 -0.3832815 0.6517891 0.6544206 -0.3036364 0.6523744 0.6944152 -0.3036272 0.6523793 0.6944147 -0.2198528 0.6528252 0.7249028 -0.2198581 0.6528224 0.7249037 -0.1331164 0.6531233 0.7454595 -0.133112 0.6531257 0.7454583 -0.0445683 0.6532768 0.7558063 -0.04458481 0.6532675 0.7558134 -0.03993707 0.7166861 -0.6962514 -0.1192718 0.7168217 -0.6869796 -0.119268 0.7168196 -0.6869823 -0.1969944 0.7170892 -0.6685627 -0.1970042 0.7170951 -0.6685537 -0.2720434 0.7174939 -0.6412447 -0.2720501 0.7174984 -0.6412369 -0.3434265 0.7180225 -0.6053941 -0.343423 0.7180197 -0.6053993 -0.4101609 0.7186617 -0.5615099 -0.4101595 0.7186605 -0.5615125 -0.4713465 0.7194113 -0.5101763 -0.4713454 0.71941 -0.5101792 -0.5261649 0.7202599 -0.4520798 -0.5261644 0.720259 -0.4520817 -0.5738613 0.7211958 -0.3880205 -0.573861 0.7211949 -0.3880226 -0.6137983 0.7222062 -0.3188569 -0.6137983 0.7222082 -0.3188525 -0.6454334 0.7232808 -0.2455211 -0.6454337 0.7232797 -0.2455235 -0.6683415 0.7243989 -0.1690145 -0.6683403 0.7244012 -0.1690093 -0.6822102 0.7255516 -0.09035623 -0.6822118 0.7255495 -0.09036076 -0.686856 0.7267159 -0.01062399 -0.6868608 0.7267112 -0.01063334 -0.6822164 0.7278776 0.06910258 -0.6822144 0.7278791 0.06910556 -0.668344 0.7290293 0.1477582 -0.6683452 0.7290285 0.1477569 -0.6454398 0.7301478 0.2242583 -0.6454304 0.7301533 0.2242671 -0.6137933 0.7312257 0.2976018 -0.6137954 0.7312245 0.2976002 -0.5738583 0.7322365 0.3667648 -0.5738644 0.7322334 0.3667613 -0.5261633 0.7331708 0.4308279 -0.5261648 0.7331701 0.4308273 -0.471349 0.7340196 0.4889226 -0.4713422 0.7340227 0.4889246 -0.4101646 0.7347735 0.5402527 -0.4101593 0.7347758 0.5402536 -0.3434187 0.7354175 0.5841445 -0.3434203 0.7354168 0.5841444 -0.2720519 0.7359407 0.6199831 -0.2720586 0.7359378 0.6199835 -0.1969937 0.736338 0.647302 -0.1969889 0.7363401 0.647301 -0.1192687 0.7366091 0.6657192 -0.1192837 0.7366026 0.6657238 -0.03994792 0.7367388 0.6749964 -0.0399264 0.7367485 0.674987 -0.03475689 0.7928252 -0.6084573 -0.1038048 0.7929434 -0.6003877 -0.1038147 0.7929474 -0.6003807 -0.1714638 0.7931813 -0.5843488 -0.1714507 0.7931755 -0.5843607 -0.2367837 0.7935234 -0.5605835 -0.2367842 0.7935237 -0.5605831 -0.2989029 0.7939799 -0.5293892 -0.2989069 0.7939823 -0.5293835 -0.3569852 0.7945407 -0.4911889 -0.356988 0.7945427 -0.4911838 -0.410236 0.7951961 -0.4465083 -0.4102346 0.7951948 -0.4465118 -0.457949 0.7959345 -0.3959431 -0.4579451 0.7959293 -0.3959581 -0.4994657 0.7967453 -0.3401924 -0.4994679 0.7967506 -0.3401771 -0.5342221 0.7976304 -0.2799865 -0.5342221 0.7976291 -0.2799904 -0.5617566 0.7985627 -0.216165 -0.5617561 0.798564 -0.2161611 -0.5816943 0.7995376 -0.1495704 -0.5816947 0.7995371 -0.1495718 -0.5937666 0.8005378 -0.08111822 -0.5937687 0.8005357 -0.08112424 -0.5978116 0.8015508 -0.01172846 -0.597806 0.8015551 -0.0117169 -0.5937635 0.8025701 0.05767345 -0.5937693 0.8025664 0.05766427 -0.5816963 0.8035677 0.1261286 -0.5816952 0.8035683 0.12613 -0.5617574 0.8045417 0.1927212 -0.5617564 0.804542 0.1927221 -0.534222 0.8054752 0.2565472 -0.5342208 0.8054757 0.2565481 -0.4994664 0.8063557 0.3167397 -0.4994599 0.806358 0.3167435 -0.4579477 0.8071734 0.3724983 -0.4579446 0.8071745 0.3724997 -0.4102328 0.8079138 0.4230653 -0.4102341 0.8079134 0.4230648 -0.356985 0.8085667 0.467741 -0.356986 0.8085663 0.4677408 -0.2988978 0.8091249 0.5059417 -0.2989177 0.8091185 0.5059402 -0.2367917 0.8095751 0.5371385 -0.2367849 0.8095772 0.5371382 -0.1714512 0.8099248 0.5609157 -0.1714469 0.8099262 0.560915 -0.1038188 0.8101605 0.5769417 -0.1038166 0.8101612 0.576941 -0.03475129 0.8102793 0.5850127 -0.03475141 0.8102792 0.5850127 -0.02910417 0.8582574 -0.5123935 -0.0869401 0.8583564 -0.5056341 -0.0869348 0.8583548 -0.5056376 -0.1435815 0.858551 -0.4922138 -0.1435816 0.858551 -0.4922137 -0.1982932 0.8588423 -0.4723026 -0.1982944 0.8588427 -0.4723014 -0.2503224 0.8592247 -0.4461746 -0.2503144 0.8592214 -0.4461852 -0.2989651 0.8596896 -0.4141904 -0.2989626 0.8596884 -0.4141947 -0.3435571 0.860236 -0.3767794 -0.3435649 0.8602407 -0.3767613 -0.3835014 0.8608595 -0.3344361 -0.3835063 0.8608638 -0.3344194 -0.4182763 0.8615463 -0.2877202 -0.4182736 0.8615425 -0.2877352 -0.4473845 0.8622801 -0.2373184 -0.4473842 0.8622785 -0.2373253 -0.4704461 0.8630605 -0.183867 -0.4704455 0.863063 -0.1838567 -0.4871394 0.8638783 -0.1281 -0.4871425 0.863874 -0.1281172 -0.4972531 0.8647135 -0.07078099 -0.4972473 0.8647184 -0.07076156 -0.5006315 0.8655679 -0.01265257 -0.5006377 0.8655642 -0.01266658 -0.4972534 0.8664141 0.04544794 -0.497244 0.8664188 0.04546427 -0.4871351 0.8672569 0.1027849 -0.4871437 0.8672534 0.1027735 -0.4704425 0.8680695 0.1585532 -0.4704363 0.8680717 0.1585596 -0.4473799 0.868853 0.2120043 -0.447387 0.8688507 0.2119984 -0.4182747 0.8695881 0.2624171 -0.4182764 0.8695876 0.262416 -0.3835095 0.8702703 0.3091117 -0.3835107 0.87027 0.3091111 -0.3435542 0.8708892 0.3514578 -0.3435599 0.8708878 0.3514557 -0.2989619 0.8714349 0.3888739 -0.29895 0.8714377 0.3888767 -0.2503267 0.8719053 0.4208534 -0.2503324 0.871904 0.4208528 -0.198297 0.8722868 0.4469834 -0.1982837 0.8722898 0.4469833 -0.1435768 0.8725806 0.4668928 -0.1435877 0.872578 0.4668942 -0.08694148 0.8727747 0.4803181 -0.08693718 0.8727757 0.4803171 -0.02910184 0.8728744 0.4870764 -0.02910089 0.8728746 0.4870761 -0.02307391 0.912085 -0.4093513 -0.06887781 0.912163 -0.4039981 -0.06885766 0.9121594 -0.4040096 -0.1137571 0.9123156 -0.3933696 -0.1137655 0.9123172 -0.3933634 -0.1571045 0.9125477 -0.377591 -0.1571224 0.9125515 -0.377574 -0.1983145 0.9128537 -0.3568887 -0.198314 0.9128535 -0.3568893 -0.2368546 0.9132242 -0.3315439 -0.236846 0.9132217 -0.3315567 -0.2722011 0.9136556 -0.3018938 -0.2722014 0.9136558 -0.3018935 -0.3038495 0.914146 -0.2683518 -0.3038474 0.914145 -0.2683573 -0.3313916 0.9146862 -0.2313629 -0.331393 0.9146871 -0.2313572 -0.3544523 0.9152711 -0.1914223 -0.3544517 0.9152704 -0.1914263 -0.372729 0.9158899 -0.1490596 -0.372729 0.9158904 -0.1490569 -0.3859496 0.9165362 -0.1049013 -0.3859485 0.9165377 -0.104892 -0.3939614 0.9172021 -0.05945515 -0.3939658 0.9171989 -0.05947375 -0.3966479 0.9178726 -0.01343202 -0.3966395 0.9178764 -0.01340907 -0.3939571 0.9185494 0.03262847 -0.3939723 0.918544 0.03259825 -0.3859609 0.9192091 0.07802957 -0.3859496 0.9192125 0.07804685 -0.3727194 0.9198584 0.1222322 -0.3727307 0.9198557 0.1222187 -0.3544606 0.9204751 0.1645697 -0.3544582 0.9204757 0.164572 -0.3313952 0.9210599 0.204514 -0.3313938 0.9210601 0.204515 -0.303849 0.9216012 0.2415097 -0.3038464 0.9216017 0.2415111 -0.2721966 0.9220921 0.2750546 -0.2721936 0.9220926 0.275056 -0.2368509 0.922526 0.3047086 -0.2368437 0.9225272 0.3047107 -0.1983349 0.9228975 0.3300355 -0.1983342 0.9228976 0.3300356 -0.1570943 0.9232006 0.350745 -0.1571028 0.9231994 0.3507445 -0.1137628 0.9234302 0.3665171 -0.1137626 0.9234302 0.3665171 -0.06888127 0.9235859 0.377153 -0.06887984 0.9235861 0.3771528 -0.02305608 0.9236643 0.3825082 -0.0230512 0.9236651 0.3825068 -0.01670557 0.9535599 -0.3007397 -0.04986476 0.9536168 -0.2968644 -0.04987519 0.9536178 -0.2968595 -0.08238804 0.9537305 -0.2891545 -0.0823872 0.9537304 -0.289155 -0.1137936 0.9538971 -0.2777251 -0.1137748 0.953895 -0.2777402 -0.1436221 0.9541143 -0.2627519 -0.1436293 0.9541152 -0.2627447 -0.1715221 0.9543837 -0.2444012 -0.1715334 0.9543854 -0.2443866 -0.1971258 0.9546992 -0.2229142 -0.1971073 0.9546959 -0.2229446 -0.2200495 0.955052 -0.1986299 -0.220061 0.9550546 -0.198605 -0.2399931 0.9554457 -0.1718342 -0.2399845 0.955443 -0.1718606 -0.2566963 0.9558668 -0.1429179 -0.2567008 0.955869 -0.1428951 -0.2699297 0.956317 -0.1122308 -0.2699291 0.9563163 -0.1122387 -0.2795071 0.9567842 -0.08024871 -0.2795063 0.9567862 -0.08022767 -0.2853023 0.9572667 -0.04736012 -0.2853063 0.9572643 -0.04738605 -0.2872515 0.9577531 -0.01399159 -0.2872545 0.957752 -0.01400256 -0.2853137 0.9582395 0.0193175 -0.2853009 0.9582427 0.01934939 -0.2795014 0.9587234 0.05223566 -0.2795053 0.9587226 0.05222856 -0.2699254 0.9591906 0.08422446 -0.2699308 0.9591897 0.08421683 -0.2566959 0.9596385 0.1148961 -0.2566955 0.9596386 0.1148965 -0.2399935 0.9600617 0.1438218 -0.2399786 0.9600633 0.1438349 -0.2200394 0.9604548 0.1706146 -0.2200552 0.9604531 0.1706036 -0.1971216 0.9608088 0.1949089 -0.1971036 0.9608106 0.1949183 -0.1715172 0.9611239 0.2163854 -0.1715348 0.9611223 0.2163786 -0.1436348 0.9613908 0.234727 -0.1436237 0.9613918 0.2347298 -0.113774 0.9616111 0.2497191 -0.1137812 0.9616104 0.2497181 -0.08238571 0.9617777 0.2611441 -0.08238154 0.9617781 0.2611442 -0.04988306 0.9618906 0.2688457 -0.0498895 0.9618901 0.2688463 -0.01669293 0.961947 0.2727259 -0.01671254 0.9619454 0.2727302 -0.01012301 0.9821128 -0.188021 -0.03019767 0.9821471 -0.1856748 -0.03017181 0.9821461 -0.1856841 -0.04988598 0.9822148 -0.1810123 -0.04994755 0.9822173 -0.1809818 -0.06889092 0.9823174 -0.1740875 -0.06884372 0.9823154 -0.1741183 -0.0869711 0.982449 -0.1650153 -0.08698457 0.9824497 -0.1650041 -0.1038683 0.9826117 -0.1539009 -0.1038607 0.9826113 -0.1539088 -0.1193438 0.9828017 -0.1409187 -0.1193491 0.982802 -0.1409118 -0.1332577 0.9830174 -0.1261711 -0.1332576 0.9830174 -0.1261712 -0.1453069 0.983254 -0.109988 -0.1453208 0.9832555 -0.1099563 -0.1554343 0.9835115 -0.0924412 -0.1554257 0.9835101 -0.09246957 -0.1634475 0.9837822 -0.07387506 -0.1634482 0.9837824 -0.07387119 -0.1692494 0.9840655 -0.05449569 -0.1692471 0.9840639 -0.05453073 -0.1727579 0.9843556 -0.03462332 -0.1727565 0.9843568 -0.03459751 -0.1739333 0.9846522 -0.01439583 -0.1739279 0.9846537 -0.01436412 -0.1727532 0.984948 0.005799353 -0.1727517 0.9849483 0.005804419 -0.1692419 0.9852392 0.02570879 -0.1692537 0.9852379 0.02568095 -0.1634488 0.9855218 0.04506897 -0.1634422 0.9855223 0.04508054 -0.15543 0.985794 0.06365269 -0.1554281 0.9857941 0.06365531 -0.1453089 0.9860502 0.08118045 -0.1453306 0.9860489 0.08115714 -0.1332505 0.9862865 0.09738224 -0.1332113 0.9862884 0.0974155 -0.1193454 0.9865028 0.1121109 -0.1193758 0.9865014 0.1120907 -0.1038672 0.986692 0.1251027 -0.10387 0.9866918 0.1251012 -0.08696734 0.9868544 0.1362171 -0.08695161 0.986855 0.1362228 -0.06889468 0.9869874 0.1452906 -0.06888151 0.9869878 0.1452939 -0.04988586 0.9870889 0.152207 -0.04988712 0.9870888 0.1522068 -0.03021144 0.9871572 0.1568695 -0.03023761 0.9871563 0.1568694 -0.01012343 0.9871912 0.1592203 -0.01010751 0.9871916 0.1592185 -0.866591 -0.4471805 0.2214714 -0.8683488 -0.4451783 0.2186015 -0.8400254 -0.4436739 0.3122671 -0.7855011 -0.544622 0.2938963 -0.7470014 -0.5433177 0.3831381 -0.6850435 -0.637049 0.3533893 -0.6404643 -0.6359198 0.4305944 -0.5738566 -0.7211959 0.3880272 -0.5261644 -0.720259 0.4520817 -0.4579509 -0.7959327 0.3959447 -0.410245 -0.7951934 0.4465046 -0.3435576 -0.860242 0.3767649 -0.2989559 -0.859695 0.4141858 -0.2368612 -0.9132194 0.3315526 -0.1983197 -0.9128485 0.3568991 -0.1436185 -0.9541166 0.2627456 -0.1137883 -0.9538978 0.2777251 -0.0689032 -0.9823167 0.174087 -0.04986554 -0.9822153 0.1810154 -0.01669031 -0.9973797 0.07039272 0 -0.9998931 0.01462167 -2.52259e-6 -0.9998932 0.01461696 -8.89422e-7 -0.9998931 0.01462018 0 -0.9998931 0.01462447 0 -0.01461756 -0.9998932 1.89758e-5 -0.01454412 -0.9998942 -5.05496e-6 -0.01462507 -0.999893 -1.47901e-6 -0.01461911 -0.9998931 1.32723e-5 -0.01466876 -0.9998924 0 -0.01461744 -0.9998932 0 0.9998931 -0.01461911 1.3116e-7 0.999893 -0.0146265 -6.98045e-7 0.999893 -0.01462811 0 0.999893 -0.01462477 -1 0 0 -1 0 0 -1 0 0 -1 0 0 -1 0 0 -1 0 0 -1 0 0 -1 0 0 -1 0 0 -1 0 0 -1 0 0 -1 0 0 -1 0 0 -1 0 0 -1 0 0 -1 0 0 -1 0 0 -1 0 0 -1 0 0 -1 0 0 -1 0 0 -1 0 0 -1 0 0 -1 0 0 -1 0 0 -1 0 0 -1 0 0 -1 0 0 -1 0 0 -1 0 0 0 0.09192496 0.995766 0.006035387 0.1708607 0.9852767 0 0.2465881 0.9691203 0 0.3955052 0.9184638 0.005786418 0.4669561 0.8842616 0 0.5343614 0.8452561 0 0.6605091 0.7508181 0.005703151 0.7173607 0.6966786 0 0.7698146 0.6382676 0 0.8604653 0.509509 0.00578618 0.8975381 0.4408988 0 0.9295937 0.3685858 0 0.9758605 0.2183952 0.00603491 0.9898518 0.1419755 0 0.9980113 0.06303554 0 0.9998931 -0.01462185 -1.04013e-6 0.9998931 -0.01461988 -9.92703e-7 0.9998931 -0.01462 0 0.999893 -0.01462477 0 0.01461756 0.9998932 -1.3002e-5 0.01466786 0.9998924 -2.99924e-7 0.01462507 0.999893 0 0.01462441 0.999893 -2.35768e-5 0.01454466 0.9998942 0 0.01463586 0.9998929 0 -0.9998931 0.01461911 1.28742e-7 -0.999893 0.01462638 -7.51321e-7 -0.999893 0.01462811 0 -0.9998931 0.01462447 0 -0.9957656 0.09192937 0.006033897 -0.9852787 0.1708491 0 -0.9691289 0.2465549 0 -0.9184426 0.3955543 0.005783259 -0.8842566 0.4669655 0 -0.8452734 0.534334 0 -0.7508298 0.6604957 0.005705595 -0.6966666 0.7173725 0 -0.6382302 0.7698456 0 -0.509509 0.8604653 0.005785405 -0.4409083 0.8975335 0 -0.3686022 0.9295873 0 -0.2184125 0.9758565 0.006036579 -0.1419738 0.989852 0 -0.06301164 0.9980128 0 0.01462179 0.9998931 1.85365e-6 0.01462525 0.999893 0 0.01461732 0.9998932 0 -0.9998932 0.01461297 0 -0.9998928 0.01464563 1.80949e-6 -0.9998931 0.01462143 8.64979e-7 -0.9998931 0.01462435 -3.08478e-6 -0.9998931 0.01461744 1.37812e-6 -0.999893 0.01463139 0 -0.01462632 -0.9998931 -1.0214e-6 -0.01462167 -0.9998931 0 -0.01461732 -0.9998932 0 -0.09192717 -0.9957657 0.006035089 -0.1708607 -0.9852767 0 -0.2465825 -0.9691218 0 -0.3955456 -0.9184464 0.005783319 -0.4669561 -0.8842616 0 -0.5343278 -0.8452774 0 -0.6605091 -0.7508181 0.005703151 -0.7173607 -0.6966786 0 -0.7698146 -0.6382676 0 -0.8604776 -0.5094883 0.00578469 -0.8975381 -0.4408988 0 -0.9295873 -0.3686022 0 -0.9758605 -0.2183952 0.00603491 -0.9898518 -0.1419755 0 -0.9980113 -0.06303554 -1 0 0 -1 0 0 -1 0 0 -1 0 0 -1 0 0 0 0.7531803 0.6578142 0 0.7531803 0.6578142 0 0.6795573 0.7336225 0 0.6795573 0.7336225 0 -0.7879876 0.6156912 0 -0.7879876 0.6156912 0 -0.6966916 0.7173708 0 -0.6966916 0.7173708 0 -0.5923851 0.805655 0 -0.5923851 0.805655 -1 0 0 -1 0 0 -1 0 0 -1 0 0 -1 0 0 0 -0.6578147 0.7531799 0 -0.6578147 0.7531799 0 -0.7336215 0.6795582 0 -0.7336215 0.6795582 0 -0.7531809 -0.6578136 0 -0.7531809 -0.6578136 0 -0.6795579 -0.7336219 0 -0.6795579 -0.7336219 -1 0 0 -1 0 0 -1 0 0 -1 0 0 -1 0 0 0 -0.6156913 -0.7879874 0 -0.6156913 -0.7879874 0 -0.7173713 -0.696691 0 -0.7173713 -0.696691 0 -0.8056551 -0.592385 0 -0.8056551 -0.592385 1 0 0 1 0 0 1 0 0 1 0 0 1 0 0 0 -0.7531809 -0.6578136 0 -0.7531809 -0.6578136 0 -0.6795579 -0.7336218 0 -0.6795579 -0.7336218 0 -0.9998931 0.0146228 0 -0.9998931 0.01462298 0 -0.9998931 0.0146228 0 -0.9998931 0.01462304 0 -0.9998931 0.0146228 0 -0.9998931 0.01462304 0 -0.9998931 0.0146228 0 -0.9998931 0.01462298 2.11257e-7 -0.9998931 0.0146228 0 -0.9998931 0.01462298 0 -0.9998931 0.01462298 0 -0.9998931 0.01462298 0 -0.9998931 0.01462298 0 -0.9998931 0.01462298 1 0 0 1 0 0 1 0 0 1 0 0 1 0 0 0 -0.6578146 0.7531798 0 -0.6578146 0.7531798 0 -0.7336215 0.6795582 0 -0.7336215 0.6795582 0 0.0146234 0.9998931 0 0.01462316 0.9998931 0 0.01462292 0.999893 1.48204e-7 0.0146234 0.9998931 0 0.0146234 0.9998931 0 0.0146231 0.9998931 0 0.0146231 0.9998931 0 0.0146231 0.9998931 0 0.0146234 0.9998931 0 0.01462334 0.9998931 0 0.0146231 0.9998931 -1.64214e-7 0.01462298 0.9998931 1.56856e-7 0.01462358 0.9998931 0 0.6156908 0.7879878 0 0.6156908 0.7879878 0 0.7173713 0.696691 0 0.7173713 0.696691 0 0.8056554 0.5923845 0 0.8056554 0.5923845 0 0.6578139 -0.7531805 0 0.6578139 -0.7531805 0 0.7336222 -0.6795576 0 0.7336222 -0.6795576 0 0.6578139 -0.7531805 0 0.6578139 -0.7531805 0 0.7336222 -0.6795576 0 0.7336222 -0.6795576 -1 0 0 -1 0 0 -1 0 0 -1 0 0 -1 0 0 0 0.7879878 -0.6156908 0 0.7879878 -0.6156908 0 0.696691 -0.7173713 0 0.696691 -0.7173713 0 0.5923848 -0.8056551 0 0.5923848 -0.8056551 1 0 0 1 0 0 1 0 0 1 0 0 1 0 0 0 0.9998931 -0.0146234 0 0.9998931 -0.01462298 2.21013e-7 0.9998931 -0.0146234 0 0.9998931 -0.01462304 0 0.9998931 -0.0146228 0 0.9998931 -0.01462304 0 0.9998931 -0.0146228 0 0.9998931 -0.01462298 0 0.9998931 -0.01462304 0 0.9998931 -0.01462298 0 0.9998931 -0.01462298 0 0.9998931 -0.01462298 0 0.9998931 -0.01462298 0 0.9998931 -0.01462298 1 0 0 1 0 0 1 0 0 1 0 0 1 0 0 0 0.7531803 0.6578142 0 0.7531803 0.6578142 0 0.6795572 0.7336225 0 0.6795572 0.7336225 -1 0 0 -1 0 0 -1 0 0 -1 0 0 -1 0 0 -1 0 0 -1 0 0 -1 0 0 -1 0 0 -1 0 0 -1 0 0 -1 0 0 -1 0 0 -1 0 0 -1 0 0 -1 0 0 -1 0 0 -1 0 0 -1 0 0 -1 0 0 -1 0 0 -1 0 0 -1 0 0 -1 0 0 -1 0 0 -1 0 0 -1 0 0 -1 0 0 -1 0 0 -1 0 0 -1 0 0 -1 0 0 -1 0 0 -1 0 0 -1 0 0 -1 0 0 -1 0 0 -1 0 0 -1 0 0 -1 0 0 -1 0 0 -1 0 0 -1 0 0 -1 0 0 -1 0 0 -1 0 0 -1 0 0 -1 0 0 -1 0 0 -1 0 0 -1 0 0 -1 0 0 -1 0 0 -1 0 0 -1 0 0 -1 0 0 -1 0 0 -1 0 0 -1 0 0 -1 0 0 -1 0 0 -1 0 0 -1 0 0 -1 0 0 -1 0 0 -1 0 0 -1 0 0 -1 0 0 -1 0 0 -1 0 0 -1 0 0 -1 0 0 -1 0 0 -1 0 0 -1 0 0 -1 0 0 -1 0 0 -1 0 0 -1 0 0 -1 0 0 -1 0 0 -1 0 0 -1 0 0 -1 0 0 -1 0 0 -1 0 0 -1 0 0 -1 0 0 -1 0 0 -1 0 0 -1 0 0 -1 0 0 -1 0 0 -1 0 0 -1 0 0 -1 0 0 -1 0 0 -1 0 0 -1 0 0 -1 0 0 -1 0 0 -1 0 0 -1 0 0 -1 0 0 -1 0 0 -1 0 0 -1 0 0 -1 0 0 -1 0 0 -1 0 0 -1 0 0 -1 0 0 -1 0 0 -1 0 0 -1 0 0 -1 0 0 -1 0 0 -1 0 0 -1 0 0 -1 0 0 -1 0 0 -1 0 0 -1 0 0 -1 0 0 -1 0 0 -1 0 0 -1 0 0 -1 0 0 -1 0 0 -1 0 0 -1 0 0 -1 0 0 -1 0 0 -1 0 0 -1 0 0 -1 0 0 -1 0 0 -1 0 0 -1 0 0 -1 0 0 -1 0 0 -1 0 0 -1 0 0 -1 0 0 -1 0 0 -1 0 0 -1 0 0 -1 0 0 -1 0 0 -1 0 0 -1 0 0 -1 0 0 -1 0 0 -1 0 0 -1 0 0 -1 0 0 -1 0 0 -1 0 0 -1 0 0 -1 0 0 -1 0 0 -1 0 0 -1 0 0 -1 0 0 -1 0 0 -1 0 0 -1 0 0 -1 0 0 -1 0 0 -1 0 0 -1 0 0 -1 0 0 -1 0 0 -1 0 0 -1 0 0 -1 0 0 -1 0 0 -1 0 0 -1 0 0 -1 0 0 -1 0 0 -1 0 0 -1 0 0 -1 0 0 -1 0 0 -1 0 0 -1 0 0 -1 0 0 -1 0 0 -1 0 0 -1 0 0 -1 0 0 -1 0 0 -1 0 0 -1 0 0 -1 0 0 -1 0 0 -1 0 0 -1 0 0 -1 0 0 -1 0 0 -1 0 0 -1 0 0 -1 0 0 -1 0 0 -1 0 0 -1 0 0 -1 0 0 -1 0 0 -1 0 0</float_array>
          <technique_common>
            <accessor source="#link_4-mesh-normals-array" count="4898" stride="3">
              <param name="X" type="float" />
              <param name="Y" type="float" />
              <param name="Z" type="float" />
            </accessor>
          </technique_common>
        </source>
        <vertices id="link_4-mesh-vertices">
          <input semantic="POSITION" source="#link_4-mesh-positions" />
        </vertices>
        <triangles count="4898">
          <input semantic="VERTEX" source="#link_4-mesh-vertices" offset="0" />
          <input semantic="NORMAL" source="#link_4-mesh-normals" offset="1" />
          <p>0 0 1 0 2 0 2 1 1 1 3 1 2 2 3 2 4 2 4 3 3 3 5 3 4 4 5 4 6 4 6 5 5 5 7 5 6 6 7 6 8 6 8 7 7 7 9 7 8 8 9 8 10 8 10 9 9 9 11 9 10 10 11 10 12 10 12 11 11 11 13 11 12 12 13 12 14 12 14 13 13 13 15 13 14 14 15 14 16 14 16 15 15 15 17 15 16 16 17 16 18 16 18 17 17 17 19 17 18 18 19 18 20 18 20 19 19 19 21 19 20 20 21 20 22 20 22 21 21 21 23 21 22 22 23 22 24 22 24 23 23 23 25 23 24 24 25 24 26 24 26 25 25 25 27 25 26 26 27 26 28 26 28 27 27 27 29 27 28 28 29 28 30 28 30 29 29 29 31 29 30 30 31 30 32 30 32 31 31 31 33 31 32 32 33 32 34 32 34 33 33 33 35 33 34 34 35 34 36 34 36 35 35 35 37 35 36 36 37 36 38 36 38 37 37 37 39 37 38 38 39 38 40 38 40 39 39 39 41 39 40 40 41 40 42 40 42 41 41 41 43 41 42 42 43 42 44 42 44 43 43 43 45 43 44 44 45 44 46 44 46 45 45 45 47 45 46 46 47 46 48 46 48 47 47 47 49 47 48 48 49 48 50 48 50 49 49 49 51 49 50 50 51 50 52 50 52 51 51 51 53 51 52 52 53 52 0 52 0 53 53 53 1 53 3 54 1 54 54 54 54 55 1 55 53 55 54 56 53 56 51 56 9 57 7 57 54 57 54 58 7 58 5 58 54 59 5 59 3 59 15 60 13 60 54 60 54 61 13 61 11 61 54 62 11 62 9 62 21 63 19 63 54 63 54 64 19 64 17 64 54 65 17 65 15 65 27 66 25 66 54 66 54 67 25 67 23 67 54 68 23 68 21 68 33 69 31 69 54 69 54 70 31 70 29 70 54 71 29 71 27 71 39 72 37 72 54 72 54 73 37 73 35 73 54 74 35 74 33 74 45 75 43 75 54 75 54 76 43 76 41 76 54 77 41 77 39 77 51 78 49 78 54 78 54 79 49 79 47 79 54 80 47 80 45 80 50 81 52 81 55 81 55 82 52 82 0 82 55 83 0 83 2 83 44 84 46 84 55 84 55 85 46 85 48 85 55 86 48 86 50 86 38 87 40 87 55 87 55 88 40 88 42 88 55 89 42 89 44 89 32 90 34 90 55 90 55 91 34 91 36 91 55 92 36 92 38 92 26 93 28 93 55 93 55 94 28 94 30 94 55 95 30 95 32 95 20 96 22 96 55 96 55 97 22 97 24 97 55 98 24 98 26 98 14 99 16 99 55 99 55 100 16 100 18 100 55 101 18 101 20 101 8 102 10 102 55 102 55 103 10 103 12 103 55 104 12 104 14 104 2 105 4 105 55 105 55 106 4 106 6 106 55 107 6 107 8 107 56 108 57 108 58 108 58 109 57 109 59 109 58 110 59 110 60 110 60 111 59 111 61 111 60 112 61 112 62 112 62 113 61 113 63 113 62 114 63 114 64 114 64 115 63 115 65 115 64 116 65 116 66 116 66 117 65 117 67 117 66 118 67 118 68 118 68 119 67 119 69 119 68 120 69 120 70 120 70 121 69 121 71 121 70 122 71 122 72 122 72 123 71 123 73 123 72 124 73 124 74 124 74 125 73 125 75 125 74 126 75 126 76 126 76 127 75 127 77 127 76 128 77 128 78 128 78 129 77 129 79 129 78 130 79 130 80 130 80 131 79 131 81 131 80 132 81 132 82 132 82 133 81 133 83 133 82 134 83 134 84 134 84 135 83 135 85 135 84 136 85 136 86 136 86 137 85 137 87 137 86 138 87 138 88 138 88 139 87 139 89 139 88 140 89 140 90 140 90 141 89 141 91 141 90 142 91 142 92 142 92 143 91 143 93 143 92 144 93 144 94 144 94 145 93 145 95 145 94 146 95 146 96 146 96 147 95 147 97 147 96 148 97 148 98 148 98 149 97 149 99 149 98 150 99 150 100 150 100 151 99 151 101 151 100 152 101 152 102 152 102 153 101 153 103 153 102 154 103 154 104 154 104 155 103 155 105 155 104 156 105 156 106 156 106 157 105 157 107 157 106 158 107 158 108 158 108 159 107 159 109 159 108 160 109 160 56 160 56 161 109 161 57 161 59 162 57 162 110 162 110 163 57 163 109 163 110 164 109 164 107 164 65 165 63 165 110 165 110 166 63 166 61 166 110 167 61 167 59 167 71 168 69 168 110 168 110 169 69 169 67 169 110 170 67 170 65 170 77 171 75 171 110 171 110 172 75 172 73 172 110 173 73 173 71 173 83 174 81 174 110 174 110 175 81 175 79 175 110 176 79 176 77 176 89 177 87 177 110 177 110 178 87 178 85 178 110 179 85 179 83 179 95 180 93 180 110 180 110 181 93 181 91 181 110 182 91 182 89 182 101 183 99 183 110 183 110 184 99 184 97 184 110 185 97 185 95 185 107 186 105 186 110 186 110 187 105 187 103 187 110 188 103 188 101 188 106 189 108 189 111 189 111 190 108 190 56 190 111 191 56 191 58 191 100 192 102 192 111 192 111 193 102 193 104 193 111 194 104 194 106 194 94 195 96 195 111 195 111 196 96 196 98 196 111 197 98 197 100 197 88 198 90 198 111 198 111 199 90 199 92 199 111 200 92 200 94 200 82 201 84 201 111 201 111 202 84 202 86 202 111 203 86 203 88 203 76 204 78 204 111 204 111 205 78 205 80 205 111 206 80 206 82 206 70 207 72 207 111 207 111 208 72 208 74 208 111 209 74 209 76 209 64 210 66 210 111 210 111 211 66 211 68 211 111 212 68 212 70 212 58 213 60 213 111 213 111 214 60 214 62 214 111 215 62 215 64 215 112 216 113 216 114 216 115 217 116 217 117 217 112 218 114 218 118 218 118 219 114 219 119 219 118 220 119 220 115 220 115 221 119 221 120 221 115 222 120 222 116 222 117 223 121 223 115 223 115 224 121 224 122 224 115 225 122 225 123 225 123 226 122 226 124 226 123 227 124 227 125 227 126 228 125 228 127 228 126 229 127 229 128 229 129 230 130 230 131 230 131 231 130 231 132 231 133 232 134 232 135 232 135 233 134 233 136 233 135 234 136 234 129 234 129 235 136 235 137 235 129 236 137 236 130 236 130 237 137 237 138 237 130 238 138 238 139 238 139 239 140 239 130 239 130 240 140 240 141 240 130 241 141 241 142 241 142 242 141 242 143 242 142 243 143 243 144 243 144 244 145 244 142 244 142 245 145 245 146 245 142 246 146 246 147 246 147 247 146 247 148 247 147 248 148 248 149 248 149 249 148 249 150 249 149 250 150 250 151 250 147 251 152 251 142 251 142 252 152 252 153 252 142 253 153 253 154 253 154 254 153 254 155 254 113 255 156 255 157 255 157 256 156 256 158 256 157 257 158 257 159 257 159 258 158 258 131 258 159 259 131 259 160 259 160 260 131 260 132 260 151 261 150 261 135 261 135 262 150 262 161 262 135 263 161 263 133 263 128 264 127 264 153 264 153 265 127 265 162 265 153 266 162 266 155 266 163 267 164 267 165 267 166 268 167 268 168 268 168 269 167 269 169 269 168 270 169 270 142 270 142 271 169 271 170 271 142 272 170 272 171 272 142 273 172 273 130 273 130 274 172 274 173 274 130 275 173 275 174 275 174 276 175 276 130 276 130 277 175 277 176 277 130 278 176 278 165 278 165 279 176 279 177 279 165 280 177 280 163 280 164 281 178 281 165 281 165 282 178 282 179 282 165 283 179 283 168 283 168 284 179 284 180 284 168 285 180 285 166 285 171 286 181 286 142 286 142 287 181 287 182 287 142 288 182 288 172 288 165 289 183 289 130 289 130 290 183 290 184 290 130 291 184 291 132 291 132 292 184 292 185 292 154 293 186 293 142 293 142 294 186 294 187 294 142 295 187 295 168 295 168 296 187 296 188 296 165 297 168 297 183 297 183 298 168 298 188 298 189 299 190 299 191 299 191 300 192 300 189 300 189 301 192 301 193 301 189 302 193 302 188 302 193 303 194 303 188 303 188 304 194 304 195 304 188 305 195 305 196 305 196 306 197 306 188 306 188 307 197 307 198 307 188 308 198 308 183 308 183 309 198 309 199 309 183 310 199 310 200 310 200 311 201 311 183 311 183 312 201 312 202 312 183 313 202 313 203 313 203 314 202 314 204 314 203 315 204 315 205 315 205 316 206 316 203 316 203 317 206 317 207 317 203 318 207 318 189 318 189 319 207 319 208 319 189 320 208 320 190 320 172 321 209 321 173 321 173 322 209 322 207 322 173 323 207 323 174 323 174 324 207 324 206 324 174 325 206 325 175 325 175 326 206 326 205 326 175 327 205 327 176 327 176 328 205 328 204 328 176 329 204 329 177 329 177 330 204 330 202 330 177 331 202 331 163 331 163 332 202 332 201 332 163 333 201 333 164 333 164 334 201 334 200 334 164 335 200 335 178 335 178 336 200 336 199 336 178 337 199 337 179 337 179 338 199 338 198 338 179 339 198 339 180 339 180 340 198 340 197 340 180 341 197 341 166 341 166 342 197 342 196 342 166 343 196 343 167 343 167 344 196 344 195 344 167 345 195 345 169 345 169 346 195 346 194 346 169 347 194 347 170 347 170 348 194 348 193 348 170 349 193 349 171 349 171 350 193 350 192 350 171 351 192 351 181 351 181 352 192 352 191 352 181 353 191 353 182 353 182 354 191 354 190 354 182 355 190 355 172 355 172 356 190 356 209 356 132 357 185 357 210 357 132 358 210 358 160 358 160 359 210 359 211 359 160 360 211 360 159 360 159 361 211 361 212 361 159 362 212 362 157 362 157 363 212 363 113 363 113 364 212 364 213 364 113 365 213 365 114 365 114 366 213 366 214 366 114 367 214 367 119 367 119 368 214 368 215 368 119 369 215 369 120 369 120 370 215 370 216 370 120 371 216 371 116 371 116 372 216 372 217 372 116 373 217 373 117 373 117 374 217 374 218 374 117 375 218 375 121 375 121 376 218 376 219 376 121 377 219 377 122 377 122 378 219 378 220 378 122 379 220 379 124 379 124 380 220 380 125 380 125 381 220 381 221 381 125 382 221 382 127 382 127 383 221 383 222 383 127 384 222 384 162 384 162 385 222 385 223 385 162 386 223 386 155 386 155 387 223 387 186 387 155 388 186 388 154 388 224 389 220 389 225 389 225 390 220 390 219 390 225 391 219 391 226 391 212 392 227 392 228 392 229 393 222 393 224 393 224 394 222 394 221 394 224 395 221 395 220 395 230 396 214 396 228 396 228 397 214 397 213 397 228 398 213 398 212 398 219 399 218 399 226 399 226 400 218 400 217 400 226 401 217 401 231 401 231 402 217 402 216 402 231 403 216 403 230 403 230 404 216 404 215 404 230 405 215 405 214 405 232 406 233 406 234 406 234 407 233 407 235 407 236 408 237 408 186 408 186 409 237 409 238 409 186 410 238 410 239 410 239 411 238 411 240 411 239 412 240 412 241 412 241 413 242 413 239 413 239 414 242 414 243 414 239 415 243 415 244 415 244 416 243 416 245 416 244 417 245 417 246 417 246 418 247 418 244 418 244 419 247 419 248 419 244 420 248 420 185 420 185 421 248 421 249 421 185 422 249 422 250 422 185 423 251 423 210 423 210 424 251 424 227 424 210 425 227 425 211 425 211 426 227 426 212 426 232 427 252 427 233 427 233 428 252 428 253 428 233 429 253 429 254 429 254 430 253 430 255 430 254 431 255 431 250 431 250 432 255 432 256 432 250 433 256 433 185 433 185 434 256 434 257 434 185 435 257 435 251 435 235 436 236 436 234 436 234 437 236 437 186 437 234 438 186 438 229 438 229 439 186 439 223 439 229 440 223 440 222 440 258 441 161 441 259 441 259 442 161 442 150 442 259 443 150 443 260 443 260 444 150 444 148 444 260 445 148 445 261 445 261 446 148 446 146 446 261 447 146 447 262 447 262 448 146 448 145 448 262 449 145 449 263 449 263 450 145 450 144 450 263 451 144 451 264 451 264 452 144 452 143 452 264 453 143 453 265 453 265 454 143 454 141 454 265 455 141 455 266 455 266 456 141 456 140 456 266 457 140 457 267 457 267 458 140 458 139 458 267 459 139 459 268 459 268 460 139 460 138 460 268 461 138 461 269 461 269 462 138 462 137 462 269 463 137 463 270 463 270 464 137 464 136 464 270 465 136 465 271 465 271 466 136 466 134 466 271 467 134 467 272 467 272 468 134 468 258 468 272 469 258 469 259 469 262 470 263 470 273 470 262 471 273 471 261 471 272 472 259 472 273 472 273 473 259 473 260 473 273 474 260 474 261 474 269 475 270 475 273 475 273 476 270 476 271 476 273 477 271 477 272 477 266 478 267 478 273 478 273 479 267 479 268 479 273 480 268 480 269 480 263 481 264 481 273 481 273 482 264 482 265 482 273 483 265 483 266 483 274 484 275 484 276 484 276 485 275 485 226 485 275 486 277 486 226 486 226 487 277 487 278 487 226 488 278 488 225 488 225 489 278 489 279 489 225 490 279 490 224 490 224 491 279 491 280 491 224 492 280 492 229 492 229 493 280 493 281 493 229 494 281 494 234 494 234 495 281 495 282 495 234 496 282 496 232 496 232 497 282 497 283 497 232 498 283 498 252 498 252 499 283 499 284 499 252 500 284 500 253 500 253 501 284 501 285 501 253 502 285 502 255 502 255 503 285 503 286 503 255 504 286 504 256 504 256 505 286 505 287 505 256 506 287 506 257 506 257 507 287 507 288 507 257 508 288 508 251 508 251 509 288 509 289 509 251 510 289 510 227 510 227 511 289 511 290 511 227 512 290 512 228 512 228 513 290 513 274 513 228 514 274 514 230 514 230 515 274 515 276 515 291 516 287 516 292 516 292 517 287 517 286 517 292 518 286 518 293 518 293 519 286 519 285 519 293 520 285 520 294 520 294 521 285 521 284 521 294 522 284 522 295 522 295 523 284 523 283 523 295 524 283 524 296 524 296 525 283 525 282 525 296 526 282 526 297 526 282 527 281 527 297 527 297 528 281 528 280 528 297 529 280 529 298 529 298 530 280 530 279 530 298 531 279 531 299 531 299 532 279 532 278 532 299 533 278 533 300 533 300 534 278 534 277 534 300 535 277 535 301 535 301 536 277 536 302 536 301 537 302 537 303 537 303 538 302 538 274 538 303 539 274 539 304 539 304 540 274 540 290 540 304 541 290 541 305 541 305 542 290 542 289 542 305 543 289 543 291 543 291 544 289 544 288 544 291 545 288 545 287 545 306 546 307 546 308 546 309 547 310 547 308 547 308 548 310 548 311 548 308 549 311 549 306 549 312 550 313 550 308 550 308 551 313 551 314 551 308 552 314 552 309 552 315 553 316 553 308 553 308 554 316 554 317 554 308 555 317 555 312 555 307 556 318 556 308 556 308 557 318 557 319 557 308 558 319 558 315 558 320 559 303 559 312 559 312 560 303 560 304 560 312 561 304 561 313 561 313 562 304 562 305 562 313 563 305 563 314 563 314 564 305 564 291 564 314 565 291 565 309 565 309 566 291 566 292 566 309 567 292 567 310 567 310 568 292 568 293 568 310 569 293 569 311 569 311 570 293 570 321 570 311 571 321 571 306 571 306 572 321 572 295 572 306 573 295 573 307 573 307 574 295 574 296 574 307 575 296 575 318 575 318 576 296 576 297 576 318 577 297 577 319 577 319 578 297 578 298 578 319 579 298 579 315 579 315 580 298 580 299 580 315 581 299 581 316 581 316 582 299 582 300 582 316 583 300 583 317 583 317 584 300 584 320 584 317 585 320 585 312 585 322 586 323 586 324 586 324 587 323 587 235 587 323 588 325 588 235 588 235 589 325 589 326 589 235 590 326 590 236 590 236 591 326 591 327 591 236 592 327 592 237 592 237 593 327 593 328 593 237 594 328 594 238 594 238 595 328 595 329 595 238 596 329 596 240 596 240 597 329 597 330 597 240 598 330 598 241 598 241 599 330 599 331 599 241 600 331 600 242 600 242 601 331 601 332 601 242 602 332 602 243 602 243 603 332 603 333 603 243 604 333 604 245 604 245 605 333 605 334 605 245 606 334 606 246 606 246 607 334 607 335 607 246 608 335 608 247 608 247 609 335 609 336 609 247 610 336 610 248 610 248 611 336 611 337 611 248 612 337 612 249 612 249 613 337 613 338 613 249 614 338 614 250 614 250 615 338 615 322 615 250 616 322 616 254 616 254 617 322 617 324 617 339 618 331 618 340 618 340 619 331 619 330 619 340 620 330 620 341 620 341 621 330 621 329 621 341 622 329 622 342 622 342 623 329 623 328 623 342 624 328 624 343 624 343 625 328 625 327 625 343 626 327 626 344 626 344 627 327 627 326 627 344 628 326 628 345 628 345 629 326 629 325 629 345 630 325 630 346 630 346 631 325 631 347 631 346 632 347 632 348 632 348 633 347 633 322 633 348 634 322 634 349 634 349 635 322 635 338 635 349 636 338 636 350 636 350 637 338 637 337 637 350 638 337 638 351 638 351 639 337 639 336 639 351 640 336 640 352 640 352 641 336 641 335 641 352 642 335 642 353 642 353 643 335 643 334 643 353 644 334 644 354 644 354 645 334 645 333 645 354 646 333 646 339 646 339 647 333 647 332 647 339 648 332 648 331 648 355 649 356 649 357 649 355 650 357 650 358 650 359 651 360 651 357 651 357 652 360 652 361 652 357 653 361 653 358 653 362 654 363 654 357 654 357 655 363 655 364 655 357 656 364 656 359 656 365 657 366 657 357 657 357 658 366 658 367 658 357 659 367 659 362 659 356 660 368 660 357 660 357 661 368 661 369 661 357 662 369 662 365 662 370 663 348 663 365 663 365 664 348 664 349 664 365 665 349 665 366 665 366 666 349 666 350 666 366 667 350 667 367 667 367 668 350 668 351 668 367 669 351 669 362 669 362 670 351 670 352 670 362 671 352 671 363 671 363 672 352 672 353 672 363 673 353 673 364 673 364 674 353 674 354 674 364 675 354 675 359 675 359 676 354 676 339 676 359 677 339 677 360 677 360 678 339 678 340 678 360 679 340 679 361 679 361 680 340 680 341 680 361 681 341 681 358 681 358 682 341 682 342 682 358 683 342 683 355 683 355 684 342 684 343 684 355 685 343 685 356 685 356 686 343 686 344 686 356 687 344 687 368 687 368 688 344 688 345 688 368 689 345 689 369 689 369 690 345 690 370 690 369 691 370 691 365 691 371 692 115 692 123 692 371 693 123 693 372 693 372 694 123 694 125 694 372 695 125 695 373 695 125 696 126 696 373 696 373 697 126 697 128 697 373 698 128 698 374 698 375 699 374 699 153 699 153 700 374 700 128 700 375 701 153 701 152 701 375 702 152 702 376 702 376 703 152 703 147 703 376 704 147 704 377 704 377 705 147 705 149 705 377 706 149 706 378 706 379 707 378 707 151 707 151 708 378 708 149 708 379 709 151 709 135 709 379 710 135 710 380 710 380 711 135 711 129 711 380 712 129 712 381 712 381 713 129 713 131 713 381 714 131 714 382 714 383 715 382 715 158 715 158 716 382 716 131 716 383 717 158 717 156 717 383 718 156 718 384 718 384 719 156 719 113 719 384 720 113 720 385 720 113 721 112 721 385 721 385 722 112 722 118 722 385 723 118 723 386 723 371 724 386 724 115 724 115 725 386 725 118 725 387 726 378 726 379 726 388 727 389 727 371 727 371 728 389 728 390 728 371 729 390 729 386 729 391 730 373 730 392 730 392 731 373 731 374 731 388 732 371 732 391 732 391 733 371 733 372 733 391 734 372 734 373 734 393 735 394 735 383 735 394 736 395 736 383 736 383 737 395 737 396 737 383 738 396 738 382 738 397 739 398 739 375 739 398 740 399 740 375 740 375 741 399 741 400 741 375 742 400 742 374 742 374 743 400 743 401 743 374 744 401 744 392 744 387 745 402 745 378 745 378 746 402 746 403 746 378 747 403 747 377 747 377 748 403 748 397 748 377 749 397 749 376 749 376 750 397 750 375 750 404 751 405 751 379 751 379 752 405 752 406 752 379 753 406 753 387 753 390 754 407 754 386 754 386 755 407 755 408 755 386 756 408 756 385 756 385 757 408 757 393 757 385 758 393 758 384 758 384 759 393 759 383 759 396 760 409 760 382 760 382 761 409 761 410 761 382 762 410 762 381 762 381 763 410 763 404 763 381 764 404 764 380 764 380 765 404 765 379 765 411 766 412 766 413 766 414 767 415 767 413 767 413 768 415 768 416 768 413 769 416 769 411 769 417 770 418 770 413 770 413 771 418 771 419 771 413 772 419 772 414 772 420 773 421 773 413 773 413 774 421 774 422 774 413 775 422 775 417 775 412 776 423 776 413 776 413 777 423 777 424 777 413 778 424 778 420 778 425 779 426 779 412 779 412 780 426 780 427 780 412 781 427 781 423 781 423 782 427 782 428 782 423 783 428 783 424 783 424 784 428 784 429 784 424 785 429 785 420 785 420 786 429 786 430 786 420 787 430 787 421 787 421 788 430 788 431 788 421 789 431 789 422 789 422 790 431 790 432 790 422 791 432 791 417 791 417 792 432 792 433 792 417 793 433 793 418 793 418 794 433 794 434 794 418 795 434 795 419 795 419 796 434 796 435 796 419 797 435 797 414 797 414 798 435 798 436 798 414 799 436 799 415 799 415 800 436 800 437 800 415 801 437 801 416 801 416 802 437 802 438 802 416 803 438 803 425 803 425 804 438 804 426 804 439 805 426 805 438 805 437 806 440 806 438 806 438 807 440 807 441 807 438 808 441 808 439 808 442 809 432 809 431 809 436 810 443 810 437 810 437 811 443 811 444 811 437 812 444 812 440 812 435 813 445 813 436 813 436 814 445 814 446 814 436 815 446 815 443 815 433 816 447 816 434 816 434 817 447 817 448 817 434 818 448 818 435 818 435 819 448 819 449 819 435 820 449 820 445 820 442 821 450 821 432 821 432 822 450 822 451 822 432 823 451 823 433 823 433 824 451 824 452 824 433 825 452 825 447 825 430 826 453 826 431 826 431 827 453 827 454 827 431 828 454 828 442 828 429 829 455 829 430 829 430 830 455 830 456 830 430 831 456 831 453 831 439 832 457 832 426 832 426 833 457 833 458 833 426 834 458 834 427 834 458 835 459 835 427 835 427 836 459 836 460 836 427 837 460 837 428 837 428 838 460 838 461 838 428 839 461 839 429 839 429 840 461 840 462 840 429 841 462 841 455 841 463 842 454 842 407 842 407 843 454 843 453 843 407 844 453 844 408 844 408 845 453 845 456 845 408 846 456 846 393 846 393 847 456 847 455 847 393 848 455 848 394 848 394 849 455 849 462 849 394 850 462 850 395 850 395 851 462 851 461 851 395 852 461 852 396 852 396 853 461 853 460 853 396 854 460 854 409 854 409 855 460 855 459 855 409 856 459 856 410 856 410 857 459 857 458 857 410 858 458 858 404 858 404 859 458 859 457 859 404 860 457 860 405 860 405 861 457 861 439 861 405 862 439 862 406 862 406 863 439 863 464 863 406 864 464 864 465 864 465 865 464 865 440 865 465 866 440 866 402 866 402 867 440 867 444 867 402 868 444 868 403 868 403 869 444 869 443 869 403 870 443 870 397 870 397 871 443 871 446 871 397 872 446 872 398 872 398 873 446 873 445 873 398 874 445 874 399 874 399 875 445 875 449 875 399 876 449 876 400 876 400 877 449 877 448 877 400 878 448 878 401 878 401 879 448 879 447 879 401 880 447 880 392 880 392 881 447 881 452 881 392 882 452 882 391 882 391 883 452 883 451 883 391 884 451 884 388 884 388 885 451 885 450 885 388 886 450 886 389 886 389 887 450 887 442 887 389 888 442 888 463 888 463 889 442 889 454 889 466 890 467 890 468 890 469 891 470 891 471 891 471 892 470 892 472 892 467 893 473 893 468 893 468 894 473 894 474 894 468 895 474 895 472 895 472 896 474 896 475 896 472 897 475 897 471 897 466 898 468 898 476 898 476 899 468 899 477 899 476 900 477 900 478 900 478 901 477 901 479 901 479 902 477 902 480 902 479 903 480 903 481 903 475 904 474 904 482 904 483 905 484 905 485 905 486 906 487 906 488 906 488 907 487 907 489 907 490 908 491 908 486 908 492 909 493 909 494 909 494 910 493 910 495 910 496 911 485 911 492 911 497 912 498 912 499 912 499 913 498 913 484 913 500 914 501 914 497 914 492 915 494 915 496 915 496 916 494 916 502 916 496 917 502 917 503 917 503 918 502 918 504 918 503 919 504 919 505 919 505 920 504 920 506 920 505 921 506 921 507 921 485 922 496 922 483 922 483 923 496 923 503 923 483 924 503 924 508 924 508 925 503 925 505 925 508 926 505 926 509 926 509 927 505 927 507 927 509 928 507 928 510 928 489 929 511 929 488 929 488 930 511 930 512 930 488 931 512 931 513 931 513 932 512 932 514 932 513 933 514 933 515 933 515 934 514 934 516 934 515 935 516 935 517 935 517 936 516 936 469 936 517 937 469 937 471 937 486 938 488 938 490 938 490 939 488 939 513 939 490 940 513 940 518 940 518 941 513 941 515 941 518 942 515 942 519 942 519 943 515 943 517 943 519 944 517 944 482 944 482 945 517 945 471 945 482 946 471 946 475 946 474 947 506 947 482 947 482 948 506 948 504 948 482 949 504 949 519 949 519 950 504 950 502 950 519 951 502 951 518 951 518 952 502 952 494 952 518 953 494 953 490 953 490 954 494 954 495 954 490 955 495 955 491 955 474 956 473 956 506 956 506 957 473 957 467 957 506 958 467 958 507 958 507 959 467 959 466 959 507 960 466 960 510 960 510 961 466 961 476 961 510 962 476 962 478 962 484 963 483 963 499 963 499 964 483 964 508 964 499 965 508 965 520 965 520 966 508 966 509 966 520 967 509 967 521 967 521 968 509 968 510 968 521 969 510 969 522 969 522 970 510 970 478 970 522 971 478 971 479 971 497 972 499 972 500 972 500 973 499 973 520 973 500 974 520 974 523 974 523 975 520 975 521 975 523 976 521 976 524 976 524 977 521 977 522 977 524 978 522 978 525 978 525 979 522 979 479 979 525 980 479 980 481 980 526 981 501 981 500 981 526 982 500 982 527 982 500 983 523 983 527 983 527 984 523 984 524 984 527 985 524 985 528 985 528 986 524 986 525 986 528 987 525 987 529 987 529 988 525 988 481 988 529 989 481 989 530 989 531 990 532 990 533 990 534 991 535 991 536 991 537 992 538 992 539 992 540 993 538 993 537 993 536 994 535 994 537 994 533 995 539 995 541 995 541 996 539 996 538 996 541 997 538 997 542 997 542 998 538 998 540 998 532 999 534 999 533 999 533 1000 534 1000 536 1000 533 1001 536 1001 539 1001 539 1002 536 1002 537 1002 530 1003 543 1003 544 1003 544 1004 543 1004 531 1004 540 1005 545 1005 542 1005 542 1006 545 1006 546 1006 542 1007 546 1007 547 1007 531 1008 533 1008 544 1008 544 1009 533 1009 541 1009 544 1010 541 1010 548 1010 548 1011 541 1011 542 1011 548 1012 542 1012 549 1012 549 1013 542 1013 547 1013 549 1014 547 1014 550 1014 530 1015 544 1015 529 1015 529 1016 544 1016 548 1016 529 1017 548 1017 528 1017 528 1018 548 1018 549 1018 528 1019 549 1019 527 1019 527 1020 549 1020 550 1020 527 1021 550 1021 526 1021 551 1022 526 1022 552 1022 552 1023 526 1023 550 1023 550 1024 547 1024 552 1024 552 1025 547 1025 546 1025 552 1026 546 1026 553 1026 537 1027 554 1027 540 1027 540 1028 554 1028 553 1028 540 1029 553 1029 545 1029 545 1030 553 1030 546 1030 555 1031 556 1031 557 1031 557 1032 558 1032 555 1032 555 1033 558 1033 559 1033 555 1034 559 1034 560 1034 560 1035 559 1035 561 1035 560 1036 561 1036 562 1036 562 1037 561 1037 563 1037 562 1038 563 1038 564 1038 565 1039 566 1039 567 1039 567 1040 566 1040 568 1040 567 1041 568 1041 569 1041 569 1042 568 1042 570 1042 569 1043 570 1043 571 1043 571 1044 570 1044 572 1044 571 1045 572 1045 564 1045 573 1046 574 1046 575 1046 575 1047 574 1047 576 1047 575 1048 576 1048 577 1048 577 1049 576 1049 578 1049 577 1050 578 1050 579 1050 579 1051 578 1051 580 1051 579 1052 580 1052 564 1052 574 1053 556 1053 576 1053 576 1054 556 1054 555 1054 576 1055 555 1055 578 1055 578 1056 555 1056 560 1056 578 1057 560 1057 580 1057 580 1058 560 1058 562 1058 580 1059 562 1059 564 1059 566 1060 573 1060 568 1060 568 1061 573 1061 575 1061 568 1062 575 1062 570 1062 570 1063 575 1063 577 1063 570 1064 577 1064 572 1064 572 1065 577 1065 579 1065 572 1066 579 1066 564 1066 581 1067 556 1067 582 1067 582 1068 556 1068 574 1068 582 1069 574 1069 583 1069 583 1070 574 1070 573 1070 583 1071 573 1071 584 1071 584 1072 573 1072 566 1072 584 1073 566 1073 585 1073 585 1074 566 1074 565 1074 585 1075 565 1075 586 1075 587 1076 588 1076 589 1076 587 1077 589 1077 590 1077 589 1078 591 1078 590 1078 590 1079 591 1079 592 1079 590 1080 592 1080 593 1080 593 1081 592 1081 594 1081 593 1082 594 1082 595 1082 595 1083 594 1083 596 1083 595 1084 596 1084 597 1084 598 1085 599 1085 600 1085 601 1086 602 1086 603 1086 604 1087 605 1087 606 1087 606 1088 605 1088 581 1088 607 1089 608 1089 609 1089 609 1090 608 1090 604 1090 610 1091 611 1091 607 1091 612 1092 603 1092 613 1092 614 1093 615 1093 616 1093 616 1094 615 1094 602 1094 589 1095 588 1095 614 1095 603 1096 612 1096 601 1096 601 1097 612 1097 617 1097 601 1098 617 1098 618 1098 618 1099 617 1099 619 1099 618 1100 619 1100 620 1100 620 1101 619 1101 621 1101 620 1102 621 1102 622 1102 581 1103 582 1103 606 1103 606 1104 582 1104 583 1104 606 1105 583 1105 623 1105 623 1106 583 1106 584 1106 623 1107 584 1107 624 1107 624 1108 584 1108 585 1108 624 1109 585 1109 625 1109 625 1110 585 1110 586 1110 625 1111 586 1111 626 1111 604 1112 606 1112 609 1112 609 1113 606 1113 623 1113 609 1114 623 1114 627 1114 627 1115 623 1115 624 1115 627 1116 624 1116 628 1116 628 1117 624 1117 625 1117 628 1118 625 1118 600 1118 600 1119 625 1119 626 1119 600 1120 626 1120 598 1120 607 1121 609 1121 610 1121 610 1122 609 1122 627 1122 610 1123 627 1123 629 1123 629 1124 627 1124 628 1124 629 1125 628 1125 630 1125 630 1126 628 1126 600 1126 630 1127 600 1127 631 1127 631 1128 600 1128 599 1128 631 1129 599 1129 632 1129 632 1130 621 1130 631 1130 631 1131 621 1131 619 1131 631 1132 619 1132 630 1132 630 1133 619 1133 617 1133 630 1134 617 1134 629 1134 629 1135 617 1135 612 1135 629 1136 612 1136 610 1136 610 1137 612 1137 613 1137 610 1138 613 1138 611 1138 632 1139 633 1139 621 1139 621 1140 633 1140 634 1140 621 1141 634 1141 622 1141 622 1142 634 1142 635 1142 622 1143 635 1143 636 1143 602 1144 601 1144 616 1144 616 1145 601 1145 618 1145 616 1146 618 1146 637 1146 637 1147 618 1147 620 1147 637 1148 620 1148 638 1148 638 1149 620 1149 622 1149 638 1150 622 1150 639 1150 639 1151 622 1151 636 1151 639 1152 636 1152 640 1152 614 1153 616 1153 589 1153 589 1154 616 1154 637 1154 589 1155 637 1155 591 1155 591 1156 637 1156 638 1156 591 1157 638 1157 592 1157 592 1158 638 1158 639 1158 592 1159 639 1159 594 1159 594 1160 639 1160 640 1160 594 1161 640 1161 596 1161 634 1162 633 1162 641 1162 586 1163 642 1163 626 1163 626 1164 642 1164 643 1164 633 1165 632 1165 641 1165 641 1166 632 1166 599 1166 641 1167 599 1167 643 1167 643 1168 599 1168 598 1168 643 1169 598 1169 626 1169 634 1170 641 1170 635 1170 635 1171 641 1171 644 1171 635 1172 644 1172 636 1172 636 1173 644 1173 640 1173 640 1174 644 1174 645 1174 640 1175 645 1175 596 1175 586 1176 565 1176 642 1176 642 1177 565 1177 646 1177 564 1178 647 1178 648 1178 564 1179 648 1179 571 1179 571 1180 648 1180 649 1180 571 1181 649 1181 569 1181 569 1182 649 1182 650 1182 569 1183 650 1183 567 1183 567 1184 650 1184 646 1184 567 1185 646 1185 565 1185 564 1186 563 1186 647 1186 647 1187 563 1187 651 1187 647 1188 651 1188 652 1188 652 1189 651 1189 653 1189 654 1190 655 1190 656 1190 656 1191 655 1191 657 1191 656 1192 657 1192 658 1192 658 1193 657 1193 659 1193 660 1194 661 1194 662 1194 662 1195 661 1195 663 1195 662 1196 663 1196 664 1196 664 1197 663 1197 665 1197 666 1198 663 1198 554 1198 554 1199 663 1199 661 1199 554 1200 661 1200 553 1200 659 1201 559 1201 558 1201 558 1202 557 1202 659 1202 659 1203 557 1203 551 1203 659 1204 551 1204 661 1204 661 1205 551 1205 552 1205 661 1206 552 1206 553 1206 561 1207 559 1207 563 1207 563 1208 559 1208 659 1208 563 1209 659 1209 651 1209 651 1210 659 1210 657 1210 667 1211 668 1211 669 1211 667 1212 669 1212 670 1212 670 1213 669 1213 671 1213 670 1214 671 1214 672 1214 672 1215 671 1215 673 1215 672 1216 673 1216 674 1216 674 1217 673 1217 675 1217 674 1218 675 1218 676 1218 676 1219 675 1219 677 1219 677 1220 675 1220 666 1220 677 1221 666 1221 537 1221 537 1222 666 1222 554 1222 530 1223 678 1223 543 1223 543 1224 678 1224 679 1224 543 1225 679 1225 531 1225 531 1226 679 1226 532 1226 532 1227 679 1227 680 1227 532 1228 680 1228 534 1228 534 1229 680 1229 535 1229 535 1230 680 1230 677 1230 535 1231 677 1231 537 1231 530 1232 481 1232 678 1232 678 1233 481 1233 480 1233 676 1234 677 1234 680 1234 681 1235 667 1235 682 1235 682 1236 667 1236 670 1236 681 1237 683 1237 667 1237 667 1238 683 1238 684 1238 667 1239 684 1239 685 1239 686 1240 472 1240 687 1240 687 1241 472 1241 470 1241 687 1242 470 1242 688 1242 688 1243 470 1243 689 1243 688 1244 689 1244 683 1244 683 1245 689 1245 690 1245 683 1246 690 1246 684 1246 670 1247 672 1247 682 1247 682 1248 672 1248 674 1248 682 1249 674 1249 691 1249 691 1250 674 1250 676 1250 691 1251 676 1251 692 1251 692 1252 676 1252 680 1252 692 1253 680 1253 693 1253 693 1254 680 1254 679 1254 693 1255 679 1255 694 1255 694 1256 679 1256 678 1256 694 1257 678 1257 695 1257 695 1258 678 1258 480 1258 695 1259 480 1259 696 1259 696 1260 480 1260 477 1260 696 1261 477 1261 686 1261 686 1262 477 1262 468 1262 686 1263 468 1263 472 1263 469 1264 697 1264 470 1264 470 1265 697 1265 689 1265 698 1266 685 1266 699 1266 699 1267 685 1267 684 1267 699 1268 684 1268 700 1268 700 1269 684 1269 701 1269 701 1270 684 1270 690 1270 701 1271 690 1271 702 1271 702 1272 690 1272 703 1272 703 1273 690 1273 689 1273 703 1274 689 1274 697 1274 704 1275 703 1275 697 1275 703 1276 704 1276 702 1276 705 1277 706 1277 698 1277 707 1278 706 1278 708 1278 708 1279 706 1279 705 1279 708 1280 705 1280 709 1280 709 1281 705 1281 710 1281 709 1282 710 1282 711 1282 701 1283 710 1283 700 1283 700 1284 710 1284 705 1284 700 1285 705 1285 699 1285 699 1286 705 1286 698 1286 712 1287 713 1287 714 1287 714 1288 713 1288 715 1288 714 1289 715 1289 716 1289 716 1290 715 1290 717 1290 716 1291 717 1291 718 1291 718 1292 717 1292 719 1292 718 1293 719 1293 697 1293 713 1294 707 1294 715 1294 715 1295 707 1295 708 1295 715 1296 708 1296 717 1296 717 1297 708 1297 709 1297 717 1298 709 1298 719 1298 719 1299 709 1299 711 1299 719 1300 711 1300 697 1300 701 1301 702 1301 710 1301 710 1302 702 1302 704 1302 710 1303 704 1303 711 1303 711 1304 704 1304 697 1304 489 1305 712 1305 511 1305 511 1306 712 1306 714 1306 511 1307 714 1307 512 1307 512 1308 714 1308 716 1308 512 1309 716 1309 514 1309 514 1310 716 1310 720 1310 514 1311 720 1311 516 1311 516 1312 720 1312 697 1312 516 1313 697 1313 469 1313 551 1314 484 1314 498 1314 605 1315 557 1315 581 1315 581 1316 557 1316 556 1316 484 1317 551 1317 485 1317 485 1318 551 1318 602 1318 485 1319 602 1319 492 1319 611 1320 613 1320 551 1320 551 1321 613 1321 603 1321 551 1322 603 1322 602 1322 498 1323 497 1323 551 1323 551 1324 497 1324 501 1324 551 1325 501 1325 526 1325 605 1326 604 1326 557 1326 557 1327 604 1327 608 1327 557 1328 608 1328 551 1328 551 1329 608 1329 607 1329 551 1330 607 1330 611 1330 491 1331 602 1331 486 1331 486 1332 602 1332 487 1332 491 1333 495 1333 602 1333 602 1334 495 1334 493 1334 602 1335 493 1335 492 1335 587 1336 712 1336 588 1336 588 1337 712 1337 489 1337 588 1338 489 1338 614 1338 614 1339 489 1339 487 1339 614 1340 487 1340 615 1340 615 1341 487 1341 602 1341 713 1342 712 1342 587 1342 587 1343 721 1343 713 1343 713 1344 721 1344 722 1344 713 1345 722 1345 707 1345 722 1346 723 1346 707 1346 707 1347 723 1347 724 1347 707 1348 724 1348 706 1348 725 1349 698 1349 726 1349 726 1350 698 1350 706 1350 726 1351 706 1351 727 1351 727 1352 706 1352 724 1352 721 1353 587 1353 590 1353 723 1354 722 1354 728 1354 727 1355 724 1355 729 1355 725 1356 726 1356 730 1356 730 1357 726 1357 731 1357 730 1358 731 1358 732 1358 732 1359 731 1359 733 1359 732 1360 733 1360 734 1360 734 1361 733 1361 735 1361 734 1362 735 1362 597 1362 724 1363 723 1363 729 1363 729 1364 723 1364 728 1364 729 1365 728 1365 736 1365 736 1366 728 1366 737 1366 736 1367 737 1367 738 1367 738 1368 737 1368 739 1368 738 1369 739 1369 597 1369 722 1370 721 1370 728 1370 728 1371 721 1371 590 1371 728 1372 590 1372 737 1372 737 1373 590 1373 593 1373 737 1374 593 1374 739 1374 739 1375 593 1375 595 1375 739 1376 595 1376 597 1376 726 1377 727 1377 731 1377 731 1378 727 1378 729 1378 731 1379 729 1379 733 1379 733 1380 729 1380 736 1380 733 1381 736 1381 735 1381 735 1382 736 1382 738 1382 735 1383 738 1383 597 1383 597 1384 740 1384 741 1384 597 1385 741 1385 734 1385 734 1386 741 1386 742 1386 734 1387 742 1387 732 1387 732 1388 742 1388 743 1388 732 1389 743 1389 730 1389 730 1390 743 1390 744 1390 730 1391 744 1391 725 1391 597 1392 596 1392 740 1392 740 1393 596 1393 645 1393 648 1394 647 1394 652 1394 745 1395 746 1395 652 1395 652 1396 746 1396 747 1396 652 1397 747 1397 648 1397 648 1398 747 1398 649 1398 748 1399 643 1399 749 1399 749 1400 643 1400 642 1400 749 1401 642 1401 750 1401 750 1402 642 1402 646 1402 750 1403 646 1403 747 1403 747 1404 646 1404 650 1404 747 1405 650 1405 649 1405 751 1406 744 1406 743 1406 652 1407 752 1407 745 1407 745 1408 752 1408 753 1408 745 1409 753 1409 754 1409 754 1410 753 1410 751 1410 754 1411 751 1411 755 1411 755 1412 751 1412 743 1412 755 1413 743 1413 756 1413 743 1414 742 1414 756 1414 756 1415 742 1415 741 1415 756 1416 741 1416 757 1416 757 1417 741 1417 740 1417 757 1418 740 1418 758 1418 758 1419 740 1419 645 1419 758 1420 645 1420 759 1420 759 1421 645 1421 644 1421 759 1422 644 1422 748 1422 748 1423 644 1423 641 1423 748 1424 641 1424 643 1424 652 1425 653 1425 760 1425 652 1426 760 1426 752 1426 752 1427 760 1427 761 1427 752 1428 761 1428 753 1428 753 1429 761 1429 762 1429 753 1430 762 1430 751 1430 763 1431 668 1431 764 1431 764 1432 668 1432 667 1432 751 1433 762 1433 765 1433 766 1434 767 1434 685 1434 765 1435 768 1435 751 1435 751 1436 768 1436 769 1436 751 1437 769 1437 744 1437 744 1438 769 1438 770 1438 744 1439 770 1439 725 1439 767 1440 771 1440 685 1440 685 1441 771 1441 772 1441 685 1442 772 1442 667 1442 667 1443 772 1443 773 1443 667 1444 773 1444 764 1444 770 1445 774 1445 725 1445 725 1446 774 1446 775 1446 725 1447 775 1447 698 1447 776 1448 777 1448 778 1448 778 1449 777 1449 779 1449 778 1450 779 1450 780 1450 775 1451 781 1451 698 1451 698 1452 781 1452 782 1452 698 1453 782 1453 685 1453 685 1454 782 1454 778 1454 685 1455 778 1455 766 1455 766 1456 778 1456 780 1456 777 1457 783 1457 784 1457 777 1458 784 1458 779 1458 779 1459 784 1459 785 1459 779 1460 785 1460 780 1460 780 1461 785 1461 786 1461 780 1462 786 1462 766 1462 766 1463 786 1463 787 1463 766 1464 787 1464 767 1464 767 1465 787 1465 788 1465 767 1466 788 1466 771 1466 771 1467 788 1467 789 1467 771 1468 789 1468 772 1468 772 1469 789 1469 790 1469 772 1470 790 1470 773 1470 773 1471 790 1471 791 1471 773 1472 791 1472 764 1472 764 1473 791 1473 792 1473 764 1474 792 1474 763 1474 793 1475 794 1475 795 1475 795 1476 794 1476 796 1476 795 1477 796 1477 797 1477 797 1478 796 1478 798 1478 797 1479 798 1479 799 1479 799 1480 798 1480 800 1480 799 1481 800 1481 801 1481 801 1482 800 1482 802 1482 801 1483 802 1483 803 1483 803 1484 802 1484 804 1484 805 1485 806 1485 807 1485 807 1486 806 1486 808 1486 807 1487 808 1487 809 1487 809 1488 808 1488 810 1488 809 1489 810 1489 811 1489 811 1490 810 1490 812 1490 811 1491 812 1491 813 1491 813 1492 812 1492 814 1492 813 1493 814 1493 793 1493 793 1494 814 1494 794 1494 815 1495 816 1495 817 1495 817 1496 816 1496 818 1496 817 1497 818 1497 819 1497 819 1498 818 1498 820 1498 819 1499 820 1499 821 1499 821 1500 820 1500 822 1500 821 1501 822 1501 823 1501 823 1502 822 1502 824 1502 823 1503 824 1503 825 1503 825 1504 824 1504 826 1504 827 1505 828 1505 829 1505 829 1506 828 1506 830 1506 829 1507 830 1507 831 1507 831 1508 830 1508 832 1508 831 1509 832 1509 833 1509 833 1510 832 1510 834 1510 833 1511 834 1511 835 1511 835 1512 834 1512 836 1512 835 1513 836 1513 815 1513 815 1514 836 1514 816 1514 783 1515 837 1515 825 1515 56 1516 827 1516 838 1516 838 1517 827 1517 829 1517 838 1518 829 1518 839 1518 839 1519 829 1519 831 1519 839 1520 831 1520 840 1520 840 1521 831 1521 833 1521 840 1522 833 1522 841 1522 841 1523 833 1523 835 1523 841 1524 835 1524 842 1524 842 1525 835 1525 815 1525 842 1526 815 1526 843 1526 843 1527 815 1527 817 1527 843 1528 817 1528 844 1528 844 1529 817 1529 819 1529 844 1530 819 1530 845 1530 845 1531 819 1531 821 1531 845 1532 821 1532 837 1532 837 1533 821 1533 823 1533 837 1534 823 1534 825 1534 803 1535 792 1535 801 1535 801 1536 792 1536 791 1536 801 1537 791 1537 799 1537 799 1538 791 1538 790 1538 799 1539 790 1539 797 1539 797 1540 790 1540 789 1540 797 1541 789 1541 795 1541 795 1542 789 1542 788 1542 795 1543 788 1543 793 1543 793 1544 788 1544 787 1544 793 1545 787 1545 813 1545 813 1546 787 1546 786 1546 813 1547 786 1547 811 1547 811 1548 786 1548 785 1548 811 1549 785 1549 809 1549 809 1550 785 1550 784 1550 809 1551 784 1551 807 1551 807 1552 784 1552 783 1552 807 1553 783 1553 805 1553 805 1554 783 1554 825 1554 765 1555 56 1555 838 1555 765 1556 838 1556 768 1556 768 1557 838 1557 839 1557 768 1558 839 1558 769 1558 769 1559 839 1559 840 1559 769 1560 840 1560 770 1560 770 1561 840 1561 841 1561 770 1562 841 1562 774 1562 774 1563 841 1563 842 1563 774 1564 842 1564 775 1564 775 1565 842 1565 843 1565 775 1566 843 1566 781 1566 781 1567 843 1567 844 1567 781 1568 844 1568 782 1568 782 1569 844 1569 845 1569 782 1570 845 1570 778 1570 778 1571 845 1571 837 1571 778 1572 837 1572 776 1572 783 1573 777 1573 837 1573 837 1574 777 1574 776 1574 846 1575 847 1575 848 1575 848 1576 847 1576 849 1576 850 1577 851 1577 852 1577 853 1578 854 1578 855 1578 856 1579 857 1579 858 1579 858 1580 857 1580 859 1580 858 1581 859 1581 860 1581 856 1582 858 1582 861 1582 861 1583 858 1583 862 1583 861 1584 862 1584 863 1584 863 1585 862 1585 864 1585 863 1586 864 1586 865 1586 865 1587 864 1587 866 1587 865 1588 866 1588 867 1588 867 1589 866 1589 868 1589 867 1590 868 1590 869 1590 870 1591 871 1591 868 1591 868 1592 871 1592 872 1592 868 1593 872 1593 869 1593 860 1594 853 1594 858 1594 858 1595 853 1595 855 1595 858 1596 855 1596 862 1596 862 1597 855 1597 873 1597 862 1598 873 1598 864 1598 864 1599 873 1599 874 1599 864 1600 874 1600 866 1600 866 1601 874 1601 875 1601 866 1602 875 1602 868 1602 868 1603 875 1603 876 1603 877 1604 878 1604 876 1604 876 1605 878 1605 879 1605 876 1606 879 1606 868 1606 868 1607 879 1607 880 1607 868 1608 880 1608 870 1608 851 1609 881 1609 852 1609 852 1610 881 1610 882 1610 852 1611 882 1611 883 1611 882 1612 884 1612 883 1612 883 1613 884 1613 885 1613 883 1614 885 1614 886 1614 886 1615 885 1615 887 1615 886 1616 887 1616 888 1616 889 1617 890 1617 891 1617 891 1618 890 1618 888 1618 891 1619 888 1619 892 1619 892 1620 888 1620 887 1620 854 1621 850 1621 855 1621 855 1622 850 1622 852 1622 855 1623 852 1623 873 1623 873 1624 852 1624 883 1624 873 1625 883 1625 874 1625 874 1626 883 1626 886 1626 874 1627 886 1627 875 1627 875 1628 886 1628 888 1628 875 1629 888 1629 876 1629 876 1630 888 1630 890 1630 876 1631 890 1631 877 1631 877 1632 890 1632 889 1632 877 1633 889 1633 893 1633 894 1634 871 1634 870 1634 894 1635 870 1635 895 1635 870 1636 880 1636 895 1636 895 1637 880 1637 879 1637 895 1638 879 1638 896 1638 879 1639 878 1639 896 1639 896 1640 878 1640 877 1640 896 1641 877 1641 897 1641 897 1642 877 1642 893 1642 897 1643 893 1643 898 1643 899 1644 900 1644 901 1644 899 1645 901 1645 902 1645 901 1646 903 1646 902 1646 902 1647 903 1647 904 1647 902 1648 904 1648 905 1648 904 1649 906 1649 905 1649 905 1650 906 1650 907 1650 905 1651 907 1651 908 1651 908 1652 907 1652 909 1652 908 1653 909 1653 910 1653 911 1654 912 1654 913 1654 913 1655 912 1655 914 1655 913 1656 914 1656 915 1656 915 1657 914 1657 916 1657 915 1658 916 1658 917 1658 917 1659 916 1659 918 1659 917 1660 918 1660 910 1660 919 1661 920 1661 921 1661 921 1662 920 1662 922 1662 921 1663 922 1663 923 1663 923 1664 922 1664 924 1664 923 1665 924 1665 925 1665 925 1666 924 1666 926 1666 925 1667 926 1667 910 1667 920 1668 899 1668 922 1668 922 1669 899 1669 902 1669 922 1670 902 1670 924 1670 924 1671 902 1671 905 1671 924 1672 905 1672 926 1672 926 1673 905 1673 908 1673 926 1674 908 1674 910 1674 912 1675 919 1675 914 1675 914 1676 919 1676 921 1676 914 1677 921 1677 916 1677 916 1678 921 1678 923 1678 916 1679 923 1679 918 1679 918 1680 923 1680 925 1680 918 1681 925 1681 910 1681 927 1682 911 1682 913 1682 927 1683 913 1683 928 1683 928 1684 913 1684 915 1684 928 1685 915 1685 929 1685 929 1686 915 1686 917 1686 929 1687 917 1687 930 1687 930 1688 917 1688 910 1688 930 1689 910 1689 931 1689 931 1690 910 1690 932 1690 932 1691 910 1691 909 1691 933 1692 934 1692 935 1692 935 1693 934 1693 936 1693 935 1694 936 1694 937 1694 937 1695 936 1695 938 1695 938 1696 936 1696 939 1696 938 1697 939 1697 940 1697 940 1698 939 1698 941 1698 941 1699 939 1699 942 1699 941 1700 942 1700 943 1700 943 1701 942 1701 944 1701 944 1702 942 1702 932 1702 944 1703 932 1703 909 1703 945 1704 946 1704 947 1704 948 1705 949 1705 950 1705 951 1706 952 1706 953 1706 953 1707 952 1707 954 1707 953 1708 954 1708 955 1708 951 1709 953 1709 956 1709 956 1710 953 1710 957 1710 956 1711 957 1711 958 1711 958 1712 957 1712 959 1712 958 1713 959 1713 960 1713 960 1714 959 1714 961 1714 960 1715 961 1715 962 1715 962 1716 961 1716 963 1716 962 1717 963 1717 964 1717 901 1718 900 1718 963 1718 963 1719 900 1719 965 1719 963 1720 965 1720 964 1720 955 1721 948 1721 953 1721 953 1722 948 1722 950 1722 953 1723 950 1723 957 1723 957 1724 950 1724 966 1724 957 1725 966 1725 959 1725 959 1726 966 1726 967 1726 959 1727 967 1727 961 1727 961 1728 967 1728 968 1728 961 1729 968 1729 963 1729 963 1730 968 1730 969 1730 907 1731 906 1731 969 1731 969 1732 906 1732 904 1732 969 1733 904 1733 963 1733 963 1734 904 1734 903 1734 963 1735 903 1735 901 1735 946 1736 933 1736 947 1736 947 1737 933 1737 935 1737 947 1738 935 1738 970 1738 935 1739 937 1739 970 1739 970 1740 937 1740 938 1740 970 1741 938 1741 971 1741 971 1742 938 1742 940 1742 971 1743 940 1743 972 1743 944 1744 973 1744 943 1744 943 1745 973 1745 972 1745 943 1746 972 1746 941 1746 941 1747 972 1747 940 1747 949 1748 945 1748 950 1748 950 1749 945 1749 947 1749 950 1750 947 1750 966 1750 966 1751 947 1751 970 1751 966 1752 970 1752 967 1752 967 1753 970 1753 971 1753 967 1754 971 1754 968 1754 968 1755 971 1755 972 1755 968 1756 972 1756 969 1756 969 1757 972 1757 973 1757 969 1758 973 1758 907 1758 907 1759 973 1759 944 1759 907 1760 944 1760 909 1760 954 1761 974 1761 955 1761 955 1762 974 1762 975 1762 955 1763 975 1763 948 1763 948 1764 975 1764 949 1764 949 1765 975 1765 976 1765 949 1766 976 1766 945 1766 945 1767 976 1767 977 1767 945 1768 977 1768 946 1768 946 1769 977 1769 978 1769 946 1770 978 1770 933 1770 979 1771 980 1771 981 1771 980 1772 979 1772 982 1772 983 1773 975 1773 974 1773 976 1774 975 1774 984 1774 984 1775 975 1775 983 1775 984 1776 983 1776 985 1776 985 1777 983 1777 986 1777 985 1778 986 1778 987 1778 988 1779 986 1779 989 1779 989 1780 986 1780 983 1780 989 1781 983 1781 990 1781 990 1782 983 1782 974 1782 978 1783 977 1783 991 1783 991 1784 977 1784 992 1784 991 1785 992 1785 993 1785 993 1786 992 1786 994 1786 993 1787 994 1787 995 1787 995 1788 994 1788 996 1788 995 1789 996 1789 981 1789 977 1790 976 1790 992 1790 992 1791 976 1791 984 1791 992 1792 984 1792 994 1792 994 1793 984 1793 985 1793 994 1794 985 1794 996 1794 996 1795 985 1795 987 1795 996 1796 987 1796 981 1796 988 1797 982 1797 986 1797 986 1798 982 1798 979 1798 986 1799 979 1799 987 1799 987 1800 979 1800 981 1800 974 1801 894 1801 990 1801 990 1802 894 1802 997 1802 990 1803 997 1803 989 1803 989 1804 997 1804 998 1804 989 1805 998 1805 988 1805 988 1806 998 1806 999 1806 988 1807 999 1807 982 1807 982 1808 999 1808 1000 1808 982 1809 1000 1809 980 1809 980 1810 1000 1810 1001 1810 980 1811 1001 1811 981 1811 981 1812 1001 1812 1002 1812 1003 1813 1004 1813 1002 1813 1001 1814 1005 1814 1002 1814 1004 1815 1003 1815 1006 1815 1007 1816 897 1816 898 1816 894 1817 895 1817 997 1817 997 1818 895 1818 1008 1818 997 1819 1008 1819 998 1819 998 1820 1008 1820 1009 1820 998 1821 1009 1821 999 1821 896 1822 897 1822 1010 1822 1010 1823 897 1823 1007 1823 1010 1824 1007 1824 1011 1824 1011 1825 1007 1825 1012 1825 1011 1826 1012 1826 1013 1826 1014 1827 1012 1827 1015 1827 1015 1828 1012 1828 1007 1828 1015 1829 1007 1829 1016 1829 1016 1830 1007 1830 898 1830 1005 1831 1001 1831 1009 1831 1009 1832 1001 1832 1000 1832 1009 1833 1000 1833 999 1833 895 1834 896 1834 1008 1834 1008 1835 896 1835 1010 1835 1008 1836 1010 1836 1009 1836 1009 1837 1010 1837 1011 1837 1009 1838 1011 1838 1005 1838 1005 1839 1011 1839 1013 1839 1005 1840 1013 1840 1002 1840 1014 1841 1006 1841 1012 1841 1012 1842 1006 1842 1003 1842 1012 1843 1003 1843 1013 1843 1013 1844 1003 1844 1002 1844 1017 1845 1018 1845 1019 1845 1017 1846 1019 1846 1020 1846 1019 1847 1021 1847 1020 1847 1020 1848 1021 1848 1022 1848 1020 1849 1022 1849 1023 1849 1024 1850 1025 1850 1026 1850 1026 1851 1025 1851 1023 1851 1026 1852 1023 1852 1027 1852 1027 1853 1023 1853 1022 1853 1028 1854 1029 1854 1030 1854 1031 1855 1032 1855 1033 1855 1033 1856 1032 1856 1034 1856 1035 1857 1036 1857 1031 1857 1037 1858 1038 1858 1036 1858 1034 1859 1039 1859 1033 1859 1033 1860 1039 1860 1040 1860 1033 1861 1040 1861 1041 1861 1041 1862 1040 1862 1042 1862 1041 1863 1042 1863 1043 1863 1043 1864 1042 1864 1044 1864 1043 1865 1044 1865 1045 1865 1031 1866 1033 1866 1035 1866 1035 1867 1033 1867 1041 1867 1035 1868 1041 1868 1046 1868 1046 1869 1041 1869 1043 1869 1046 1870 1043 1870 1030 1870 1030 1871 1043 1871 1045 1871 1030 1872 1045 1872 1028 1872 1036 1873 1035 1873 1037 1873 1037 1874 1035 1874 1046 1874 1037 1875 1046 1875 1047 1875 1047 1876 1046 1876 1030 1876 1047 1877 1030 1877 1048 1877 1048 1878 1030 1878 1029 1878 1048 1879 1029 1879 1024 1879 1038 1880 1037 1880 1049 1880 1038 1881 1049 1881 1050 1881 1050 1882 1049 1882 1051 1882 1050 1883 1051 1883 1052 1883 1052 1884 1051 1884 1053 1884 1052 1885 1053 1885 1054 1885 1054 1886 1053 1886 1055 1886 1054 1887 1055 1887 1056 1887 1056 1888 1055 1888 1057 1888 1056 1889 1057 1889 1058 1889 1058 1890 1057 1890 1059 1890 1058 1891 1059 1891 1060 1891 1018 1892 1061 1892 1019 1892 1019 1893 1061 1893 1062 1893 1019 1894 1062 1894 1021 1894 1021 1895 1062 1895 1063 1895 1021 1896 1063 1896 1022 1896 1022 1897 1063 1897 1064 1897 1022 1898 1064 1898 1027 1898 1027 1899 1064 1899 1065 1899 1027 1900 1065 1900 1026 1900 1026 1901 1065 1901 1066 1901 1026 1902 1066 1902 1024 1902 1024 1903 1066 1903 1048 1903 1061 1904 1067 1904 1062 1904 1062 1905 1067 1905 1068 1905 1062 1906 1068 1906 1063 1906 1063 1907 1068 1907 1069 1907 1063 1908 1069 1908 1064 1908 1064 1909 1069 1909 1070 1909 1064 1910 1070 1910 1065 1910 1065 1911 1070 1911 1071 1911 1065 1912 1071 1912 1066 1912 1066 1913 1071 1913 1072 1913 1066 1914 1072 1914 1048 1914 1048 1915 1072 1915 1047 1915 1067 1916 1059 1916 1068 1916 1068 1917 1059 1917 1057 1917 1068 1918 1057 1918 1069 1918 1069 1919 1057 1919 1055 1919 1069 1920 1055 1920 1070 1920 1070 1921 1055 1921 1053 1921 1070 1922 1053 1922 1071 1922 1071 1923 1053 1923 1051 1923 1071 1924 1051 1924 1072 1924 1072 1925 1051 1925 1049 1925 1072 1926 1049 1926 1047 1926 1047 1927 1049 1927 1037 1927 1073 1928 1060 1928 1074 1928 1074 1929 1060 1929 1059 1929 1074 1930 1059 1930 1075 1930 1075 1931 1059 1931 1076 1931 1076 1932 1059 1932 1067 1932 1076 1933 1067 1933 1077 1933 1077 1934 1067 1934 1078 1934 1078 1935 1067 1935 1061 1935 1078 1936 1061 1936 1079 1936 1079 1937 1061 1937 1018 1937 1079 1938 1018 1938 1080 1938 898 1939 1073 1939 1016 1939 1016 1940 1073 1940 1074 1940 1016 1941 1074 1941 1015 1941 1080 1942 1002 1942 1079 1942 1079 1943 1002 1943 1004 1943 1079 1944 1004 1944 1078 1944 1078 1945 1004 1945 1006 1945 1078 1946 1006 1946 1077 1946 1077 1947 1006 1947 1014 1947 1077 1948 1014 1948 1076 1948 1076 1949 1014 1949 1015 1949 1076 1950 1015 1950 1075 1950 1075 1951 1015 1951 1074 1951 1073 1952 898 1952 1081 1952 1081 1953 898 1953 893 1953 881 1954 1082 1954 882 1954 882 1955 1082 1955 1083 1955 882 1956 1083 1956 884 1956 884 1957 1083 1957 885 1957 885 1958 1083 1958 1084 1958 885 1959 1084 1959 887 1959 887 1960 1084 1960 892 1960 892 1961 1084 1961 1085 1961 892 1962 1085 1962 891 1962 891 1963 1085 1963 889 1963 889 1964 1085 1964 1081 1964 889 1965 1081 1965 893 1965 1082 1966 881 1966 1086 1966 1086 1967 881 1967 1087 1967 1086 1968 1087 1968 1088 1968 1086 1969 1088 1969 1089 1969 1089 1970 1088 1970 1090 1970 1089 1971 1090 1971 1091 1971 1091 1972 1090 1972 1092 1972 1091 1973 1092 1973 1093 1973 1093 1974 1092 1974 1094 1974 1093 1975 1094 1975 1095 1975 1096 1976 1097 1976 1098 1976 1098 1977 1097 1977 1099 1977 1098 1978 1099 1978 1100 1978 1100 1979 1099 1979 1101 1979 1100 1980 1101 1980 1102 1980 1102 1981 1101 1981 1103 1981 1102 1982 1103 1982 1087 1982 1097 1983 1094 1983 1099 1983 1099 1984 1094 1984 1092 1984 1099 1985 1092 1985 1101 1985 1101 1986 1092 1986 1090 1986 1101 1987 1090 1987 1103 1987 1103 1988 1090 1988 1088 1988 1103 1989 1088 1989 1087 1989 1104 1990 1096 1990 1105 1990 1105 1991 1096 1991 1098 1991 1105 1992 1098 1992 1106 1992 1106 1993 1098 1993 1100 1993 1106 1994 1100 1994 1107 1994 1107 1995 1100 1995 1102 1995 1107 1996 1102 1996 1087 1996 859 1997 1104 1997 860 1997 860 1998 1104 1998 1105 1998 860 1999 1105 1999 853 1999 853 2000 1105 2000 854 2000 854 2001 1105 2001 1106 2001 854 2002 1106 2002 850 2002 850 2003 1106 2003 1107 2003 850 2004 1107 2004 851 2004 851 2005 1107 2005 1087 2005 851 2006 1087 2006 881 2006 1108 2007 1109 2007 1110 2007 1111 2008 1112 2008 1113 2008 1114 2009 1115 2009 1116 2009 1116 2010 1115 2010 1117 2010 1116 2011 1117 2011 1118 2011 1114 2012 1116 2012 1119 2012 1119 2013 1116 2013 1120 2013 1119 2014 1120 2014 1121 2014 1121 2015 1120 2015 1122 2015 1121 2016 1122 2016 1123 2016 1123 2017 1122 2017 1124 2017 1123 2018 1124 2018 1125 2018 1125 2019 1124 2019 1126 2019 1125 2020 1126 2020 1127 2020 1128 2021 1129 2021 1126 2021 1126 2022 1129 2022 1130 2022 1126 2023 1130 2023 1127 2023 1118 2024 1111 2024 1116 2024 1116 2025 1111 2025 1113 2025 1116 2026 1113 2026 1120 2026 1120 2027 1113 2027 1131 2027 1120 2028 1131 2028 1122 2028 1122 2029 1131 2029 1132 2029 1122 2030 1132 2030 1124 2030 1124 2031 1132 2031 1133 2031 1124 2032 1133 2032 1126 2032 1126 2033 1133 2033 1134 2033 1135 2034 1136 2034 1134 2034 1134 2035 1136 2035 1137 2035 1134 2036 1137 2036 1126 2036 1126 2037 1137 2037 1138 2037 1126 2038 1138 2038 1128 2038 1109 2039 1139 2039 1110 2039 1110 2040 1139 2040 1140 2040 1110 2041 1140 2041 1141 2041 1140 2042 1142 2042 1141 2042 1141 2043 1142 2043 1143 2043 1141 2044 1143 2044 1144 2044 1144 2045 1143 2045 1145 2045 1144 2046 1145 2046 1146 2046 1147 2047 1148 2047 1149 2047 1149 2048 1148 2048 1146 2048 1149 2049 1146 2049 1150 2049 1150 2050 1146 2050 1145 2050 1112 2051 1108 2051 1113 2051 1113 2052 1108 2052 1110 2052 1113 2053 1110 2053 1131 2053 1131 2054 1110 2054 1141 2054 1131 2055 1141 2055 1132 2055 1132 2056 1141 2056 1144 2056 1132 2057 1144 2057 1133 2057 1133 2058 1144 2058 1146 2058 1133 2059 1146 2059 1134 2059 1134 2060 1146 2060 1148 2060 1134 2061 1148 2061 1135 2061 1135 2062 1148 2062 1147 2062 1135 2063 1147 2063 1151 2063 1152 2064 1129 2064 1128 2064 1152 2065 1128 2065 1153 2065 1128 2066 1138 2066 1153 2066 1153 2067 1138 2067 1137 2067 1153 2068 1137 2068 1154 2068 1137 2069 1136 2069 1154 2069 1154 2070 1136 2070 1135 2070 1154 2071 1135 2071 1155 2071 1155 2072 1135 2072 1151 2072 1155 2073 1151 2073 1156 2073 1157 2074 1156 2074 1158 2074 1158 2075 1156 2075 1151 2075 1139 2076 1159 2076 1140 2076 1140 2077 1159 2077 1160 2077 1140 2078 1160 2078 1142 2078 1142 2079 1160 2079 1143 2079 1143 2080 1160 2080 1161 2080 1143 2081 1161 2081 1145 2081 1145 2082 1161 2082 1150 2082 1150 2083 1161 2083 1162 2083 1150 2084 1162 2084 1149 2084 1149 2085 1162 2085 1147 2085 1147 2086 1162 2086 1158 2086 1147 2087 1158 2087 1151 2087 828 2088 827 2088 1163 2088 1163 2089 827 2089 1164 2089 1163 2090 1164 2090 1165 2090 1165 2091 1164 2091 1166 2091 1165 2092 1166 2092 1167 2092 1167 2093 1166 2093 1168 2093 1167 2094 1168 2094 1169 2094 1169 2095 1168 2095 1170 2095 1169 2096 1170 2096 1171 2096 1171 2097 1170 2097 1172 2097 1171 2098 1172 2098 1173 2098 1173 2099 1172 2099 1174 2099 1173 2100 1174 2100 826 2100 826 2101 1174 2101 825 2101 806 2102 805 2102 1175 2102 1175 2103 805 2103 1176 2103 1175 2104 1176 2104 1177 2104 1177 2105 1176 2105 1178 2105 1177 2106 1178 2106 1179 2106 1179 2107 1178 2107 1180 2107 1179 2108 1180 2108 1181 2108 1181 2109 1180 2109 1182 2109 1181 2110 1182 2110 1183 2110 1183 2111 1182 2111 1184 2111 1183 2112 1184 2112 1185 2112 1185 2113 1184 2113 1186 2113 1185 2114 1186 2114 804 2114 804 2115 1186 2115 803 2115 1187 2116 1188 2116 1189 2116 1189 2117 1188 2117 1190 2117 1191 2118 1192 2118 1193 2118 1191 2119 1193 2119 1194 2119 1194 2120 1193 2120 1195 2120 1194 2121 1195 2121 1196 2121 1196 2122 1195 2122 1197 2122 1196 2123 1197 2123 1198 2123 1198 2124 1197 2124 56 2124 1198 2125 56 2125 765 2125 1187 2126 1189 2126 1199 2126 1187 2127 1199 2127 1200 2127 1200 2128 1199 2128 1201 2128 1200 2129 1201 2129 1202 2129 1202 2130 1201 2130 1203 2130 1202 2131 1203 2131 1204 2131 1204 2132 1203 2132 1192 2132 1204 2133 1192 2133 1191 2133 827 2134 56 2134 1164 2134 1164 2135 56 2135 1197 2135 1164 2136 1197 2136 1166 2136 1166 2137 1197 2137 1195 2137 1166 2138 1195 2138 1168 2138 1168 2139 1195 2139 1193 2139 1168 2140 1193 2140 1170 2140 792 2141 803 2141 1205 2141 1205 2142 803 2142 1186 2142 1205 2143 1186 2143 1206 2143 1206 2144 1186 2144 1184 2144 1206 2145 1184 2145 1207 2145 1207 2146 1184 2146 1182 2146 1207 2147 1182 2147 1208 2147 1208 2148 1182 2148 1180 2148 1193 2149 1192 2149 1170 2149 1170 2150 1192 2150 1203 2150 1170 2151 1203 2151 1172 2151 1172 2152 1203 2152 1201 2152 1172 2153 1201 2153 1174 2153 1174 2154 1201 2154 1199 2154 1174 2155 1199 2155 825 2155 825 2156 1199 2156 1189 2156 825 2157 1189 2157 805 2157 805 2158 1189 2158 1190 2158 805 2159 1190 2159 1176 2159 1176 2160 1190 2160 1209 2160 1176 2161 1209 2161 1178 2161 1178 2162 1209 2162 1210 2162 1178 2163 1210 2163 1180 2163 1180 2164 1210 2164 1211 2164 1180 2165 1211 2165 1208 2165 1212 2166 1208 2166 1211 2166 1212 2167 1211 2167 1213 2167 1213 2168 1211 2168 1210 2168 1213 2169 1210 2169 1214 2169 1214 2170 1210 2170 1209 2170 1214 2171 1209 2171 1215 2171 1215 2172 1209 2172 1190 2172 1215 2173 1190 2173 1188 2173 763 2174 792 2174 1205 2174 763 2175 1205 2175 1216 2175 1216 2176 1205 2176 1206 2176 1216 2177 1206 2177 1217 2177 1217 2178 1206 2178 1207 2178 1217 2179 1207 2179 1218 2179 1218 2180 1207 2180 1208 2180 1218 2181 1208 2181 1212 2181 668 2182 763 2182 1219 2182 1219 2183 763 2183 1216 2183 1219 2184 1216 2184 1217 2184 765 2185 762 2185 1198 2185 1198 2186 762 2186 1220 2186 1198 2187 1220 2187 1196 2187 1196 2188 1220 2188 1194 2188 1214 2189 1215 2189 1220 2189 1188 2190 1187 2190 1215 2190 1215 2191 1187 2191 1200 2191 1217 2192 1218 2192 1219 2192 1219 2193 1218 2193 1212 2193 1219 2194 1212 2194 1220 2194 1220 2195 1212 2195 1213 2195 1220 2196 1213 2196 1214 2196 1200 2197 1202 2197 1215 2197 1215 2198 1202 2198 1204 2198 1215 2199 1204 2199 1220 2199 1220 2200 1204 2200 1191 2200 1220 2201 1191 2201 1194 2201 1221 2202 1222 2202 1223 2202 1224 2203 1225 2203 1226 2203 1226 2204 1225 2204 1227 2204 1226 2205 1227 2205 1228 2205 1228 2206 1227 2206 1219 2206 1228 2207 1219 2207 1220 2207 1224 2208 1226 2208 1223 2208 1223 2209 1226 2209 1229 2209 1223 2210 1229 2210 1221 2210 1225 2211 1224 2211 1230 2211 1223 2212 1222 2212 1231 2212 1224 2213 1223 2213 1230 2213 1230 2214 1223 2214 1231 2214 1230 2215 1231 2215 1232 2215 1232 2216 1231 2216 1233 2216 1232 2217 1233 2217 1234 2217 1227 2218 1225 2218 1235 2218 1235 2219 1225 2219 1230 2219 1235 2220 1230 2220 1236 2220 1236 2221 1230 2221 1232 2221 1236 2222 1232 2222 1237 2222 1237 2223 1232 2223 1234 2223 1219 2224 1227 2224 1238 2224 1238 2225 1227 2225 1235 2225 1238 2226 1235 2226 1239 2226 1239 2227 1235 2227 1236 2227 1239 2228 1236 2228 1240 2228 1240 2229 1236 2229 1237 2229 1240 2230 1237 2230 1241 2230 1234 2231 1241 2231 1237 2231 1233 2232 1242 2232 1234 2232 1234 2233 1242 2233 1241 2233 668 2234 1219 2234 1238 2234 668 2235 1238 2235 669 2235 669 2236 1238 2236 1239 2236 669 2237 1239 2237 671 2237 671 2238 1239 2238 1240 2238 671 2239 1240 2239 673 2239 673 2240 1240 2240 1241 2240 673 2241 1241 2241 675 2241 1243 2242 1244 2242 1245 2242 1245 2243 1244 2243 1246 2243 1247 2244 1248 2244 1249 2244 1247 2245 1249 2245 1250 2245 1250 2246 1249 2246 1251 2246 1250 2247 1251 2247 1252 2247 1251 2248 1253 2248 1252 2248 1252 2249 1253 2249 1254 2249 1252 2250 1254 2250 1255 2250 1255 2251 1254 2251 1256 2251 1255 2252 1256 2252 1257 2252 1258 2253 1259 2253 1260 2253 1260 2254 1261 2254 1258 2254 1258 2255 1261 2255 1262 2255 1258 2256 1262 2256 1247 2256 1247 2257 1262 2257 1263 2257 1247 2258 1263 2258 1248 2258 1259 2259 1243 2259 1245 2259 675 2260 1241 2260 1245 2260 1245 2261 1241 2261 1260 2261 1245 2262 1260 2262 1259 2262 1260 2263 1241 2263 1242 2263 1260 2264 1242 2264 1264 2264 1264 2265 1242 2265 1233 2265 1264 2266 1233 2266 1265 2266 1265 2267 1233 2267 1231 2267 1265 2268 1231 2268 1266 2268 1266 2269 1231 2269 1222 2269 1266 2270 1222 2270 1267 2270 1262 2271 1261 2271 1268 2271 1269 2272 1270 2272 1271 2272 1271 2273 1270 2273 1272 2273 1273 2274 1274 2274 1269 2274 1266 2275 1267 2275 1274 2275 1272 2276 1275 2276 1271 2276 1271 2277 1275 2277 1276 2277 1271 2278 1276 2278 1277 2278 1277 2279 1276 2279 1278 2279 1277 2280 1278 2280 1279 2280 1279 2281 1278 2281 1248 2281 1279 2282 1248 2282 1263 2282 1269 2283 1271 2283 1273 2283 1273 2284 1271 2284 1277 2284 1273 2285 1277 2285 1280 2285 1280 2286 1277 2286 1279 2286 1280 2287 1279 2287 1268 2287 1268 2288 1279 2288 1263 2288 1268 2289 1263 2289 1262 2289 1274 2290 1273 2290 1266 2290 1266 2291 1273 2291 1280 2291 1266 2292 1280 2292 1265 2292 1265 2293 1280 2293 1268 2293 1265 2294 1268 2294 1264 2294 1264 2295 1268 2295 1261 2295 1264 2296 1261 2296 1260 2296 1281 2297 1282 2297 1283 2297 1281 2298 1283 2298 1284 2298 1284 2299 1283 2299 1285 2299 1284 2300 1285 2300 1286 2300 1286 2301 1285 2301 1287 2301 1286 2302 1287 2302 1288 2302 1288 2303 1287 2303 1289 2303 1288 2304 1289 2304 1290 2304 1290 2305 1289 2305 1291 2305 1290 2306 1291 2306 1292 2306 1292 2307 1291 2307 1275 2307 1292 2308 1275 2308 1272 2308 1293 2309 1257 2309 1294 2309 1294 2310 1257 2310 1256 2310 1294 2311 1256 2311 1295 2311 1295 2312 1256 2312 1254 2312 1295 2313 1254 2313 1296 2313 1296 2314 1254 2314 1253 2314 1296 2315 1253 2315 1297 2315 1297 2316 1253 2316 1251 2316 1297 2317 1251 2317 1298 2317 1298 2318 1251 2318 1249 2318 1298 2319 1249 2319 1278 2319 1278 2320 1249 2320 1248 2320 1299 2321 1293 2321 1300 2321 1300 2322 1293 2322 1294 2322 1300 2323 1294 2323 1301 2323 1301 2324 1294 2324 1295 2324 1301 2325 1295 2325 1302 2325 1302 2326 1295 2326 1296 2326 1302 2327 1296 2327 1303 2327 1303 2328 1296 2328 1297 2328 1303 2329 1297 2329 1304 2329 1304 2330 1297 2330 1298 2330 1304 2331 1298 2331 1276 2331 1276 2332 1298 2332 1278 2332 1282 2333 1299 2333 1283 2333 1283 2334 1299 2334 1300 2334 1283 2335 1300 2335 1285 2335 1285 2336 1300 2336 1301 2336 1285 2337 1301 2337 1287 2337 1287 2338 1301 2338 1302 2338 1287 2339 1302 2339 1289 2339 1289 2340 1302 2340 1303 2340 1289 2341 1303 2341 1291 2341 1291 2342 1303 2342 1304 2342 1291 2343 1304 2343 1275 2343 1275 2344 1304 2344 1276 2344 1305 2345 1257 2345 1293 2345 1305 2346 1293 2346 1306 2346 1306 2347 1293 2347 1299 2347 1306 2348 1299 2348 1307 2348 1307 2349 1299 2349 1282 2349 1307 2350 1282 2350 1308 2350 1281 2351 1309 2351 1282 2351 1282 2352 1309 2352 1310 2352 1282 2353 1310 2353 1308 2353 1309 2354 1311 2354 1310 2354 1310 2355 1311 2355 1312 2355 1310 2356 1312 2356 1308 2356 1308 2357 1312 2357 1313 2357 1308 2358 1313 2358 1307 2358 1307 2359 1313 2359 1314 2359 1307 2360 1314 2360 1306 2360 1306 2361 1314 2361 1315 2361 1306 2362 1315 2362 1305 2362 1159 2363 1139 2363 1309 2363 1309 2364 1139 2364 1311 2364 1117 2365 1316 2365 1118 2365 1118 2366 1316 2366 1317 2366 1118 2367 1317 2367 1111 2367 1111 2368 1317 2368 1112 2368 1112 2369 1317 2369 1318 2369 1112 2370 1318 2370 1108 2370 1108 2371 1318 2371 1319 2371 1108 2372 1319 2372 1109 2372 1109 2373 1319 2373 1311 2373 1109 2374 1311 2374 1139 2374 1320 2375 1321 2375 1322 2375 1323 2376 1324 2376 1325 2376 1315 2377 1314 2377 1326 2377 1325 2378 1324 2378 1315 2378 1322 2379 1327 2379 1328 2379 1328 2380 1327 2380 1326 2380 1328 2381 1326 2381 1329 2381 1329 2382 1326 2382 1314 2382 1329 2383 1314 2383 1313 2383 1316 2384 1330 2384 1331 2384 1331 2385 1330 2385 1320 2385 1320 2386 1322 2386 1331 2386 1331 2387 1322 2387 1328 2387 1331 2388 1328 2388 1332 2388 1332 2389 1328 2389 1329 2389 1332 2390 1329 2390 1333 2390 1333 2391 1329 2391 1313 2391 1333 2392 1313 2392 1312 2392 1316 2393 1331 2393 1317 2393 1317 2394 1331 2394 1332 2394 1317 2395 1332 2395 1318 2395 1318 2396 1332 2396 1333 2396 1318 2397 1333 2397 1319 2397 1319 2398 1333 2398 1312 2398 1319 2399 1312 2399 1311 2399 1327 2400 1315 2400 1326 2400 1321 2401 1323 2401 1322 2401 1322 2402 1323 2402 1325 2402 1322 2403 1325 2403 1327 2403 1327 2404 1325 2404 1315 2404 1316 2405 1334 2405 1330 2405 1330 2406 1334 2406 1335 2406 1330 2407 1335 2407 1320 2407 1320 2408 1335 2408 1336 2408 1320 2409 1336 2409 1321 2409 1321 2410 1336 2410 1337 2410 1321 2411 1337 2411 1323 2411 1323 2412 1337 2412 1338 2412 1323 2413 1338 2413 1324 2413 1324 2414 1338 2414 1339 2414 1324 2415 1339 2415 1315 2415 1315 2416 1339 2416 1340 2416 1341 2417 1342 2417 1343 2417 1344 2418 1345 2418 1346 2418 1340 2419 1347 2419 1348 2419 1339 2420 1347 2420 1340 2420 1346 2421 1345 2421 1340 2421 1349 2422 1348 2422 1350 2422 1350 2423 1348 2423 1347 2423 1350 2424 1347 2424 1351 2424 1351 2425 1347 2425 1339 2425 1342 2426 1344 2426 1349 2426 1349 2427 1344 2427 1346 2427 1349 2428 1346 2428 1348 2428 1348 2429 1346 2429 1340 2429 1339 2430 1338 2430 1351 2430 1351 2431 1338 2431 1337 2431 1351 2432 1337 2432 1336 2432 1342 2433 1349 2433 1343 2433 1343 2434 1349 2434 1350 2434 1343 2435 1350 2435 1352 2435 1352 2436 1350 2436 1351 2436 1352 2437 1351 2437 1353 2437 1353 2438 1351 2438 1336 2438 1353 2439 1336 2439 1335 2439 1341 2440 1343 2440 1354 2440 1354 2441 1343 2441 1352 2441 1354 2442 1352 2442 1355 2442 1355 2443 1352 2443 1353 2443 1355 2444 1353 2444 1356 2444 1356 2445 1353 2445 1335 2445 1356 2446 1335 2446 1334 2446 1357 2447 1340 2447 1345 2447 1357 2448 1345 2448 1358 2448 1358 2449 1345 2449 1344 2449 1358 2450 1344 2450 1359 2450 1359 2451 1344 2451 1342 2451 1359 2452 1342 2452 1360 2452 1360 2453 1342 2453 1341 2453 1360 2454 1341 2454 1361 2454 1357 2455 1362 2455 1363 2455 1255 2456 1257 2456 1305 2456 1315 2457 1340 2457 1305 2457 1305 2458 1340 2458 1357 2458 1305 2459 1357 2459 1255 2459 1255 2460 1357 2460 1363 2460 1363 2461 1362 2461 1364 2461 1363 2462 1364 2462 1365 2462 1365 2463 1364 2463 1366 2463 1365 2464 1366 2464 1367 2464 1367 2465 1366 2465 1368 2465 1367 2466 1368 2466 1369 2466 1369 2467 1368 2467 1370 2467 1369 2468 1370 2468 1371 2468 1371 2469 1370 2469 1372 2469 1371 2470 1372 2470 1373 2470 1374 2471 1360 2471 1375 2471 1375 2472 1360 2472 1361 2472 1375 2473 1361 2473 1376 2473 1376 2474 1361 2474 1377 2474 1376 2475 1377 2475 1378 2475 1359 2476 1362 2476 1358 2476 1358 2477 1362 2477 1357 2477 1377 2478 1379 2478 1378 2478 1378 2479 1379 2479 1380 2479 1378 2480 1380 2480 1381 2480 1381 2481 1380 2481 1382 2481 1381 2482 1382 2482 1383 2482 1383 2483 1382 2483 1384 2483 1383 2484 1384 2484 1385 2484 1385 2485 1384 2485 1386 2485 1385 2486 1386 2486 1387 2486 1359 2487 1360 2487 1362 2487 1362 2488 1360 2488 1374 2488 1362 2489 1374 2489 1364 2489 1364 2490 1374 2490 1388 2490 1364 2491 1388 2491 1366 2491 1366 2492 1388 2492 1389 2492 1366 2493 1389 2493 1368 2493 1368 2494 1389 2494 1390 2494 1368 2495 1390 2495 1370 2495 1370 2496 1390 2496 1391 2496 1370 2497 1391 2497 1372 2497 1372 2498 1391 2498 1392 2498 1372 2499 1392 2499 1387 2499 1386 2500 1393 2500 1387 2500 1387 2501 1393 2501 1394 2501 1387 2502 1394 2502 1372 2502 1372 2503 1394 2503 1395 2503 1372 2504 1395 2504 1396 2504 1397 2505 1384 2505 1398 2505 1398 2506 1384 2506 1382 2506 1398 2507 1382 2507 1399 2507 1399 2508 1382 2508 1400 2508 1400 2509 1382 2509 1380 2509 1400 2510 1380 2510 1401 2510 1401 2511 1380 2511 1402 2511 1402 2512 1380 2512 1379 2512 1402 2513 1379 2513 1403 2513 1403 2514 1379 2514 1404 2514 1404 2515 1379 2515 1377 2515 1404 2516 1377 2516 1405 2516 1361 2517 1341 2517 1377 2517 1377 2518 1341 2518 1405 2518 1334 2519 1406 2519 1407 2519 1334 2520 1407 2520 1356 2520 1407 2521 1408 2521 1356 2521 1356 2522 1408 2522 1409 2522 1356 2523 1409 2523 1355 2523 1409 2524 1410 2524 1355 2524 1355 2525 1410 2525 1411 2525 1355 2526 1411 2526 1354 2526 1354 2527 1411 2527 1405 2527 1354 2528 1405 2528 1341 2528 1412 2529 1104 2529 859 2529 1127 2530 1130 2530 1104 2530 1104 2531 1130 2531 1129 2531 1104 2532 1129 2532 1152 2532 964 2533 965 2533 1413 2533 1413 2534 965 2534 900 2534 1413 2535 900 2535 899 2535 1414 2536 1415 2536 962 2536 962 2537 1415 2537 1416 2537 962 2538 1416 2538 1412 2538 1417 2539 1418 2539 1316 2539 1316 2540 1418 2540 1406 2540 1316 2541 1406 2541 1334 2541 1119 2542 1121 2542 1412 2542 1412 2543 1121 2543 1123 2543 1412 2544 1123 2544 1104 2544 1104 2545 1123 2545 1125 2545 1104 2546 1125 2546 1127 2546 859 2547 857 2547 1412 2547 1412 2548 857 2548 856 2548 1412 2549 856 2549 861 2549 861 2550 863 2550 1412 2550 1412 2551 863 2551 865 2551 1412 2552 865 2552 867 2552 894 2553 974 2553 871 2553 871 2554 974 2554 872 2554 869 2555 952 2555 867 2555 867 2556 952 2556 951 2556 1413 2557 1419 2557 964 2557 964 2558 1419 2558 1420 2558 964 2559 1420 2559 962 2559 962 2560 1420 2560 1421 2560 962 2561 1421 2561 1414 2561 1316 2562 1117 2562 1417 2562 1417 2563 1117 2563 1115 2563 1417 2564 1115 2564 1412 2564 1412 2565 1115 2565 1114 2565 1412 2566 1114 2566 1119 2566 872 2567 974 2567 869 2567 869 2568 974 2568 954 2568 869 2569 954 2569 952 2569 951 2570 956 2570 867 2570 867 2571 956 2571 958 2571 867 2572 958 2572 1412 2572 1412 2573 958 2573 960 2573 1412 2574 960 2574 962 2574 1104 2575 1152 2575 1096 2575 1096 2576 1152 2576 1422 2576 1422 2577 1423 2577 1096 2577 1096 2578 1423 2578 1424 2578 1096 2579 1424 2579 1097 2579 1097 2580 1424 2580 1425 2580 1097 2581 1425 2581 1094 2581 1094 2582 1425 2582 1426 2582 1094 2583 1426 2583 1427 2583 1425 2584 1424 2584 1428 2584 1423 2585 1422 2585 1429 2585 1154 2586 1155 2586 1430 2586 1430 2587 1155 2587 1156 2587 1422 2588 1152 2588 1429 2588 1429 2589 1152 2589 1153 2589 1429 2590 1153 2590 1431 2590 1424 2591 1423 2591 1428 2591 1428 2592 1423 2592 1429 2592 1428 2593 1429 2593 1432 2593 1432 2594 1429 2594 1431 2594 1432 2595 1431 2595 1433 2595 1426 2596 1425 2596 1434 2596 1434 2597 1425 2597 1428 2597 1434 2598 1428 2598 1435 2598 1435 2599 1428 2599 1432 2599 1435 2600 1432 2600 1436 2600 1436 2601 1432 2601 1433 2601 1427 2602 1426 2602 1437 2602 1437 2603 1426 2603 1434 2603 1437 2604 1434 2604 1438 2604 1438 2605 1434 2605 1435 2605 1438 2606 1435 2606 1439 2606 1439 2607 1435 2607 1436 2607 1439 2608 1436 2608 1156 2608 1433 2609 1156 2609 1436 2609 1153 2610 1154 2610 1431 2610 1431 2611 1154 2611 1430 2611 1431 2612 1430 2612 1433 2612 1433 2613 1430 2613 1156 2613 1156 2614 1157 2614 1440 2614 1156 2615 1440 2615 1439 2615 1439 2616 1440 2616 1441 2616 1439 2617 1441 2617 1438 2617 1438 2618 1441 2618 1442 2618 1438 2619 1442 2619 1437 2619 1437 2620 1442 2620 1443 2620 1437 2621 1443 2621 1427 2621 1095 2622 1094 2622 1443 2622 1443 2623 1094 2623 1427 2623 1050 2624 1444 2624 1445 2624 1446 2625 1161 2625 1447 2625 1447 2626 1161 2626 1160 2626 1447 2627 1160 2627 1448 2627 1448 2628 1160 2628 1159 2628 1448 2629 1159 2629 1449 2629 1449 2630 1159 2630 1309 2630 1449 2631 1309 2631 1450 2631 1450 2632 1309 2632 1281 2632 1450 2633 1281 2633 1451 2633 1050 2634 1052 2634 1444 2634 1444 2635 1052 2635 1054 2635 1444 2636 1054 2636 1452 2636 1453 2637 1221 2637 1454 2637 1454 2638 1221 2638 1034 2638 1454 2639 1034 2639 1032 2639 1032 2640 1031 2640 1454 2640 1454 2641 1031 2641 1036 2641 1454 2642 1036 2642 1445 2642 1445 2643 1036 2643 1038 2643 1445 2644 1038 2644 1050 2644 1272 2645 1270 2645 1455 2645 1456 2646 1274 2646 1267 2646 1455 2647 1270 2647 1456 2647 1456 2648 1270 2648 1269 2648 1456 2649 1269 2649 1274 2649 1089 2650 1091 2650 1221 2650 1222 2651 1442 2651 1441 2651 1281 2652 1284 2652 1451 2652 1451 2653 1284 2653 1286 2653 1451 2654 1286 2654 1457 2654 1457 2655 1286 2655 1288 2655 1457 2656 1288 2656 1458 2656 1458 2657 1288 2657 1290 2657 1458 2658 1290 2658 1455 2658 1455 2659 1290 2659 1292 2659 1455 2660 1292 2660 1272 2660 1267 2661 1222 2661 1456 2661 1456 2662 1222 2662 1441 2662 1456 2663 1441 2663 1459 2663 1459 2664 1441 2664 1440 2664 1459 2665 1440 2665 1460 2665 1460 2666 1440 2666 1157 2666 1460 2667 1157 2667 1461 2667 1461 2668 1157 2668 1158 2668 1461 2669 1158 2669 1446 2669 1446 2670 1158 2670 1162 2670 1446 2671 1162 2671 1161 2671 1089 2672 1221 2672 1086 2672 1453 2673 1462 2673 1221 2673 1221 2674 1462 2674 1463 2674 1221 2675 1463 2675 1086 2675 1054 2676 1056 2676 1452 2676 1452 2677 1056 2677 1058 2677 1452 2678 1058 2678 1464 2678 1464 2679 1058 2679 1060 2679 1464 2680 1060 2680 1465 2680 1465 2681 1060 2681 1073 2681 1465 2682 1073 2682 1466 2682 1466 2683 1073 2683 1081 2683 1466 2684 1081 2684 1467 2684 1467 2685 1081 2685 1085 2685 1467 2686 1085 2686 1468 2686 1468 2687 1085 2687 1084 2687 1468 2688 1084 2688 1469 2688 1469 2689 1084 2689 1083 2689 1469 2690 1083 2690 1463 2690 1463 2691 1083 2691 1082 2691 1463 2692 1082 2692 1086 2692 1091 2693 1093 2693 1221 2693 1221 2694 1093 2694 1095 2694 1221 2695 1095 2695 1222 2695 1222 2696 1095 2696 1443 2696 1222 2697 1443 2697 1442 2697 1470 2698 1044 2698 1042 2698 1470 2699 1042 2699 1471 2699 1471 2700 1042 2700 1040 2700 1471 2701 1040 2701 1472 2701 1472 2702 1040 2702 1039 2702 1472 2703 1039 2703 1473 2703 1473 2704 1039 2704 1034 2704 1473 2705 1034 2705 1221 2705 1474 2706 1475 2706 1470 2706 1474 2707 1470 2707 1476 2707 1471 2708 1476 2708 1470 2708 1477 2709 1228 2709 1220 2709 1228 2710 1477 2710 1226 2710 1221 2711 1229 2711 1473 2711 1473 2712 1229 2712 1478 2712 1473 2713 1478 2713 1472 2713 1472 2714 1478 2714 1479 2714 1472 2715 1479 2715 1471 2715 1229 2716 1226 2716 1478 2716 1478 2717 1226 2717 1477 2717 1478 2718 1477 2718 1479 2718 1479 2719 1477 2719 1480 2719 1220 2720 1481 2720 1477 2720 1477 2721 1481 2721 1482 2721 1477 2722 1482 2722 1480 2722 1480 2723 1482 2723 1483 2723 1480 2724 1483 2724 1484 2724 1471 2725 1479 2725 1476 2725 1476 2726 1479 2726 1480 2726 1476 2727 1480 2727 1474 2727 1474 2728 1480 2728 1484 2728 1474 2729 1484 2729 1475 2729 1470 2730 1475 2730 653 2730 653 2731 1475 2731 760 2731 1475 2732 1484 2732 760 2732 760 2733 1484 2733 1483 2733 760 2734 1483 2734 761 2734 1220 2735 762 2735 1481 2735 1481 2736 762 2736 761 2736 1481 2737 761 2737 1482 2737 1482 2738 761 2738 1483 2738 847 2739 1485 2739 849 2739 849 2740 1485 2740 1044 2740 849 2741 1044 2741 653 2741 653 2742 1044 2742 1470 2742 1486 2743 1025 2743 1024 2743 1024 2744 1029 2744 1486 2744 1486 2745 1029 2745 1028 2745 1486 2746 1028 2746 1485 2746 1485 2747 1028 2747 1045 2747 1485 2748 1045 2748 1044 2748 1244 2749 1243 2749 1487 2749 1487 2750 1243 2750 1259 2750 1487 2751 1259 2751 1488 2751 1488 2752 1259 2752 1258 2752 1488 2753 1258 2753 1489 2753 847 2754 846 2754 1485 2754 1485 2755 846 2755 1490 2755 1485 2756 1490 2756 1486 2756 1486 2757 1490 2757 1491 2757 1486 2758 1491 2758 1025 2758 1025 2759 1491 2759 1492 2759 1493 2760 1494 2760 1495 2760 1495 2761 1494 2761 1496 2761 1495 2762 1496 2762 1497 2762 1497 2763 1496 2763 1498 2763 1497 2764 1498 2764 1499 2764 1499 2765 1498 2765 1017 2765 1499 2766 1017 2766 1500 2766 1500 2767 1017 2767 1020 2767 1500 2768 1020 2768 1492 2768 1492 2769 1020 2769 1023 2769 1492 2770 1023 2770 1025 2770 1258 2771 1247 2771 1489 2771 1489 2772 1247 2772 1250 2772 1489 2773 1250 2773 1501 2773 1501 2774 1250 2774 1252 2774 1501 2775 1252 2775 1502 2775 1502 2776 1252 2776 1255 2776 1502 2777 1255 2777 1503 2777 1503 2778 1255 2778 1363 2778 1503 2779 1363 2779 1504 2779 1504 2780 1363 2780 1365 2780 1504 2781 1365 2781 1505 2781 1365 2782 1367 2782 1505 2782 1505 2783 1367 2783 1369 2783 1505 2784 1369 2784 1506 2784 1506 2785 1369 2785 1371 2785 1506 2786 1371 2786 1507 2786 1507 2787 1371 2787 1373 2787 1507 2788 1373 2788 1508 2788 1508 2789 1373 2789 1509 2789 1508 2790 1509 2790 1510 2790 1510 2791 1509 2791 1511 2791 1510 2792 1511 2792 1493 2792 1493 2793 1511 2793 1512 2793 1493 2794 1512 2794 1494 2794 1509 2795 1513 2795 1514 2795 1509 2796 1514 2796 1511 2796 1511 2797 1514 2797 1515 2797 1511 2798 1515 2798 1512 2798 1512 2799 1515 2799 1516 2799 1512 2800 1516 2800 1494 2800 1494 2801 1516 2801 1517 2801 1494 2802 1517 2802 1496 2802 1496 2803 1517 2803 1518 2803 1496 2804 1518 2804 1498 2804 1080 2805 1018 2805 1017 2805 1498 2806 1518 2806 1519 2806 981 2807 1002 2807 1519 2807 1519 2808 1002 2808 1080 2808 1519 2809 1080 2809 1498 2809 1498 2810 1080 2810 1017 2810 981 2811 1519 2811 1520 2811 981 2812 1520 2812 995 2812 995 2813 1520 2813 1521 2813 995 2814 1521 2814 993 2814 993 2815 1521 2815 1522 2815 993 2816 1522 2816 991 2816 991 2817 1522 2817 1523 2817 991 2818 1523 2818 978 2818 934 2819 933 2819 1523 2819 1523 2820 933 2820 978 2820 1518 2821 1517 2821 1524 2821 1519 2822 1518 2822 1520 2822 1520 2823 1518 2823 1521 2823 934 2824 1523 2824 1518 2824 1518 2825 1523 2825 1522 2825 1518 2826 1522 2826 1521 2826 1524 2827 1517 2827 1525 2827 1525 2828 1517 2828 1516 2828 1525 2829 1516 2829 1526 2829 1526 2830 1516 2830 1515 2830 1526 2831 1515 2831 1527 2831 1527 2832 1515 2832 1514 2832 1527 2833 1514 2833 1528 2833 1529 2834 936 2834 1530 2834 1530 2835 936 2835 934 2835 1530 2836 934 2836 1531 2836 1531 2837 934 2837 1518 2837 1531 2838 1518 2838 1532 2838 1532 2839 1518 2839 1524 2839 927 2840 928 2840 1513 2840 1513 2841 928 2841 929 2841 1514 2842 1513 2842 1528 2842 1528 2843 1513 2843 929 2843 1528 2844 929 2844 1533 2844 1533 2845 929 2845 930 2845 1533 2846 930 2846 1534 2846 1534 2847 930 2847 931 2847 1534 2848 931 2848 1535 2848 1535 2849 931 2849 932 2849 1535 2850 932 2850 1536 2850 1536 2851 932 2851 942 2851 1536 2852 942 2852 1529 2852 1529 2853 942 2853 939 2853 1529 2854 939 2854 936 2854 927 2855 1513 2855 1509 2855 1373 2856 1372 2856 1396 2856 1537 2857 911 2857 1396 2857 1396 2858 911 2858 927 2858 1396 2859 927 2859 1373 2859 1373 2860 927 2860 1509 2860 911 2861 1537 2861 1538 2861 911 2862 1538 2862 912 2862 912 2863 1538 2863 1539 2863 912 2864 1539 2864 919 2864 919 2865 1539 2865 1540 2865 919 2866 1540 2866 920 2866 920 2867 1540 2867 1413 2867 920 2868 1413 2868 899 2868 1537 2869 1541 2869 1542 2869 1543 2870 1544 2870 1545 2870 1546 2871 1547 2871 1548 2871 1545 2872 1544 2872 1546 2872 1549 2873 1550 2873 1551 2873 1551 2874 1550 2874 1548 2874 1551 2875 1548 2875 1552 2875 1552 2876 1548 2876 1547 2876 1552 2877 1547 2877 1553 2877 1541 2878 1549 2878 1542 2878 1542 2879 1549 2879 1551 2879 1542 2880 1551 2880 1554 2880 1554 2881 1551 2881 1552 2881 1554 2882 1552 2882 1555 2882 1555 2883 1552 2883 1553 2883 1555 2884 1553 2884 1556 2884 1537 2885 1542 2885 1538 2885 1538 2886 1542 2886 1554 2886 1538 2887 1554 2887 1539 2887 1539 2888 1554 2888 1555 2888 1539 2889 1555 2889 1540 2889 1540 2890 1555 2890 1556 2890 1540 2891 1556 2891 1413 2891 1550 2892 1546 2892 1548 2892 1541 2893 1543 2893 1549 2893 1549 2894 1543 2894 1545 2894 1549 2895 1545 2895 1550 2895 1550 2896 1545 2896 1546 2896 1537 2897 1396 2897 1395 2897 1537 2898 1395 2898 1541 2898 1541 2899 1395 2899 1394 2899 1541 2900 1394 2900 1543 2900 1543 2901 1394 2901 1393 2901 1543 2902 1393 2902 1544 2902 1544 2903 1393 2903 1386 2903 1544 2904 1386 2904 1546 2904 1384 2905 1397 2905 1386 2905 1386 2906 1397 2906 1546 2906 1419 2907 1413 2907 1557 2907 1557 2908 1413 2908 1556 2908 1557 2909 1556 2909 1558 2909 1558 2910 1556 2910 1559 2910 1559 2911 1556 2911 1553 2911 1559 2912 1553 2912 1560 2912 1560 2913 1553 2913 1547 2913 1560 2914 1547 2914 1561 2914 1561 2915 1547 2915 1546 2915 1561 2916 1546 2916 1397 2916 1560 2917 1561 2917 1562 2917 1558 2918 1559 2918 1563 2918 1421 2919 1420 2919 1564 2919 1564 2920 1420 2920 1419 2920 1564 2921 1419 2921 1557 2921 1421 2922 1564 2922 1414 2922 1414 2923 1564 2923 1565 2923 1414 2924 1565 2924 1415 2924 1415 2925 1565 2925 1566 2925 1415 2926 1566 2926 1416 2926 1416 2927 1566 2927 1567 2927 1416 2928 1567 2928 1412 2928 1412 2929 1567 2929 1568 2929 1412 2930 1568 2930 1417 2930 1407 2931 1406 2931 1568 2931 1568 2932 1406 2932 1418 2932 1568 2933 1418 2933 1417 2933 1557 2934 1558 2934 1564 2934 1564 2935 1558 2935 1563 2935 1564 2936 1563 2936 1565 2936 1565 2937 1563 2937 1569 2937 1565 2938 1569 2938 1566 2938 1566 2939 1569 2939 1570 2939 1566 2940 1570 2940 1567 2940 1567 2941 1570 2941 1571 2941 1567 2942 1571 2942 1568 2942 1568 2943 1571 2943 1572 2943 1411 2944 1410 2944 1572 2944 1572 2945 1410 2945 1409 2945 1572 2946 1409 2946 1568 2946 1568 2947 1409 2947 1408 2947 1568 2948 1408 2948 1407 2948 1561 2949 1397 2949 1562 2949 1562 2950 1397 2950 1398 2950 1562 2951 1398 2951 1573 2951 1398 2952 1399 2952 1573 2952 1573 2953 1399 2953 1400 2953 1573 2954 1400 2954 1574 2954 1574 2955 1400 2955 1401 2955 1574 2956 1401 2956 1575 2956 1404 2957 1576 2957 1403 2957 1403 2958 1576 2958 1575 2958 1403 2959 1575 2959 1402 2959 1402 2960 1575 2960 1401 2960 1559 2961 1560 2961 1563 2961 1563 2962 1560 2962 1562 2962 1563 2963 1562 2963 1569 2963 1569 2964 1562 2964 1573 2964 1569 2965 1573 2965 1570 2965 1570 2966 1573 2966 1574 2966 1570 2967 1574 2967 1571 2967 1571 2968 1574 2968 1575 2968 1571 2969 1575 2969 1572 2969 1572 2970 1575 2970 1576 2970 1572 2971 1576 2971 1411 2971 1411 2972 1576 2972 1404 2972 1411 2973 1404 2973 1405 2973 1577 2974 1578 2974 1579 2974 1580 2975 1581 2975 1582 2975 1583 2976 1584 2976 1585 2976 1582 2977 1586 2977 1580 2977 1580 2978 1586 2978 1587 2978 1580 2979 1587 2979 1588 2979 1589 2980 1590 2980 1588 2980 1591 2981 1592 2981 1593 2981 1593 2982 1592 2982 1594 2982 1593 2983 1594 2983 1595 2983 1595 2984 1594 2984 1596 2984 1595 2985 1596 2985 1597 2985 1593 2986 1598 2986 1591 2986 1591 2987 1598 2987 1599 2987 1591 2988 1599 2988 1600 2988 1600 2989 1599 2989 1601 2989 1600 2990 1601 2990 1602 2990 1603 2991 1604 2991 1589 2991 1590 2992 1589 2992 1605 2992 1605 2993 1589 2993 1606 2993 1605 2994 1606 2994 1607 2994 1607 2995 1606 2995 1608 2995 1607 2996 1608 2996 1609 2996 1610 2997 1611 2997 1612 2997 1596 2998 1613 2998 1597 2998 1597 2999 1613 2999 1614 2999 1597 3000 1614 3000 1615 3000 1615 3001 1614 3001 1616 3001 1615 3002 1616 3002 1617 3002 1617 3003 1616 3003 1618 3003 1617 3004 1618 3004 1619 3004 1619 3005 1618 3005 1579 3005 1619 3006 1579 3006 1620 3006 1604 3007 1621 3007 1589 3007 1589 3008 1621 3008 1622 3008 1589 3009 1622 3009 1579 3009 1579 3010 1622 3010 1623 3010 1579 3011 1623 3011 1577 3011 1588 3012 1587 3012 1589 3012 1589 3013 1587 3013 1624 3013 1589 3014 1624 3014 1603 3014 1604 3015 1625 3015 1621 3015 1621 3016 1625 3016 1626 3016 1621 3017 1626 3017 1585 3017 1585 3018 1626 3018 1627 3018 1585 3019 1627 3019 1583 3019 1608 3020 1628 3020 1609 3020 1609 3021 1628 3021 1629 3021 1609 3022 1629 3022 1630 3022 1630 3023 1629 3023 1631 3023 1630 3024 1631 3024 1632 3024 1632 3025 1631 3025 1633 3025 1632 3026 1633 3026 1634 3026 1634 3027 1633 3027 1635 3027 1634 3028 1635 3028 1636 3028 1636 3029 1635 3029 1637 3029 1636 3030 1637 3030 1638 3030 1638 3031 1637 3031 1639 3031 1638 3032 1639 3032 1640 3032 1620 3033 1579 3033 1641 3033 1641 3034 1579 3034 1578 3034 1641 3035 1578 3035 1612 3035 1612 3036 1578 3036 1642 3036 1612 3037 1642 3037 1610 3037 1643 3038 1644 3038 1645 3038 1645 3039 1646 3039 1643 3039 1643 3040 1646 3040 1647 3040 1643 3041 1647 3041 1648 3041 1648 3042 1647 3042 1649 3042 1648 3043 1649 3043 1650 3043 1648 3044 1650 3044 1651 3044 1651 3045 1650 3045 1652 3045 1651 3046 1652 3046 1653 3046 1654 3047 1655 3047 1656 3047 1656 3048 1655 3048 1657 3048 1656 3049 1657 3049 1658 3049 1658 3050 1657 3050 1659 3050 1659 3051 1657 3051 1660 3051 1659 3052 1660 3052 1661 3052 1661 3053 1660 3053 1662 3053 1662 3054 1660 3054 1663 3054 1662 3055 1663 3055 1664 3055 1664 3056 1663 3056 1665 3056 1665 3057 1663 3057 1666 3057 1665 3058 1666 3058 1667 3058 1667 3059 1666 3059 1668 3059 1668 3060 1666 3060 1651 3060 1668 3061 1651 3061 1653 3061 1669 3062 1670 3062 1671 3062 1669 3063 1671 3063 1672 3063 1673 3064 1672 3064 1671 3064 1674 3065 1673 3065 1671 3065 1675 3066 1674 3066 1671 3066 1676 3067 1675 3067 1671 3067 1677 3068 1676 3068 1671 3068 1678 3069 1677 3069 1671 3069 1679 3070 1678 3070 1671 3070 1680 3071 1679 3071 1671 3071 1681 3072 1680 3072 1671 3072 1682 3073 1681 3073 1671 3073 1683 3074 1682 3074 1671 3074 1684 3075 1683 3075 1671 3075 1685 3076 1684 3076 1671 3076 1686 3077 1685 3077 1671 3077 1687 3078 1686 3078 1671 3078 1688 3079 1687 3079 1671 3079 1689 3080 1688 3080 1671 3080 1690 3081 1689 3081 1671 3081 1691 3082 1690 3082 1671 3082 1692 3083 1691 3083 1671 3083 1693 3084 1692 3084 1671 3084 1694 3085 1693 3085 1671 3085 1695 3086 1694 3086 1671 3086 1696 3087 1695 3087 1671 3087 1697 3088 1696 3088 1671 3088 1697 3089 1698 3089 1699 3089 1698 3090 1700 3090 1701 3090 1700 3091 1702 3091 1703 3091 1702 3092 1704 3092 1705 3092 1704 3093 1706 3093 1707 3093 1706 3094 1708 3094 1709 3094 1708 3095 1710 3095 1711 3095 1712 3096 1713 3096 1714 3096 1715 3097 1716 3097 1717 3097 1714 3098 1713 3098 1718 3098 1719 3099 1718 3099 1713 3099 1717 3100 1716 3100 1718 3100 1720 3101 1718 3101 1716 3101 1721 3102 1722 3102 1723 3102 1724 3103 1725 3103 1726 3103 1656 3104 1727 3104 1654 3104 1668 3105 1653 3105 1728 3105 1729 3106 1730 3106 1731 3106 1732 3107 1733 3107 1734 3107 1733 3108 1735 3108 1736 3108 1732 3109 1734 3109 1737 3109 1738 3110 1739 3110 1737 3110 1738 3111 1740 3111 1741 3111 1741 3112 1742 3112 1738 3112 1738 3113 1742 3113 1743 3113 1738 3114 1743 3114 1739 3114 1740 3115 1738 3115 1744 3115 1744 3116 1738 3116 1745 3116 1744 3117 1745 3117 1746 3117 1746 3118 1747 3118 1748 3118 1748 3119 1747 3119 1749 3119 1748 3120 1749 3120 1750 3120 1750 3121 1749 3121 1751 3121 1752 3122 1753 3122 1754 3122 1754 3123 1753 3123 1755 3123 1754 3124 1755 3124 1751 3124 1751 3125 1755 3125 1756 3125 1751 3126 1756 3126 1750 3126 1757 3127 1758 3127 1759 3127 1759 3128 1758 3128 1760 3128 1759 3129 1760 3129 1761 3129 1762 3130 1763 3130 1764 3130 1764 3131 1763 3131 1765 3131 1764 3132 1765 3132 1766 3132 1767 3133 1768 3133 1769 3133 1769 3134 1768 3134 1770 3134 1729 3135 1771 3135 1730 3135 1730 3136 1771 3136 1772 3136 1730 3137 1772 3137 1768 3137 1768 3138 1772 3138 1773 3138 1768 3139 1773 3139 1770 3139 1774 3140 1649 3140 1647 3140 1652 3141 1650 3141 1775 3141 1668 3142 1728 3142 1667 3142 1667 3143 1728 3143 1776 3143 1667 3144 1776 3144 1665 3144 1658 3145 1659 3145 1776 3145 1776 3146 1659 3146 1661 3146 1661 3147 1662 3147 1776 3147 1776 3148 1662 3148 1664 3148 1776 3149 1664 3149 1665 3149 1727 3150 1656 3150 1777 3150 1778 3151 1779 3151 1780 3151 1781 3152 1782 3152 1783 3152 1783 3153 1782 3153 1784 3153 1783 3154 1784 3154 1785 3154 1723 3155 1722 3155 1786 3155 1786 3156 1722 3156 1787 3156 1786 3157 1787 3157 1788 3157 1789 3158 1790 3158 1791 3158 1791 3159 1790 3159 1792 3159 1793 3160 1794 3160 1790 3160 1790 3161 1794 3161 1795 3161 1790 3162 1795 3162 1792 3162 1796 3163 1797 3163 1798 3163 1798 3164 1797 3164 1799 3164 1798 3165 1799 3165 1793 3165 1793 3166 1799 3166 1800 3166 1793 3167 1800 3167 1794 3167 1798 3168 1801 3168 1796 3168 1796 3169 1801 3169 1802 3169 1796 3170 1802 3170 1803 3170 1803 3171 1802 3171 1804 3171 1803 3172 1804 3172 1805 3172 1805 3173 1804 3173 1806 3173 1805 3174 1806 3174 1807 3174 1807 3175 1806 3175 1808 3175 1807 3176 1808 3176 1809 3176 1809 3177 1808 3177 1810 3177 1810 3178 1808 3178 1811 3178 1810 3179 1811 3179 1735 3179 1720 3180 1716 3180 1812 3180 1812 3181 1716 3181 1715 3181 1812 3182 1715 3182 1813 3182 1814 3183 1718 3183 1720 3183 1719 3184 1713 3184 1815 3184 1815 3185 1713 3185 1712 3185 1815 3186 1712 3186 1816 3186 1817 3187 1718 3187 1719 3187 1814 3188 1720 3188 1818 3188 1818 3189 1720 3189 1812 3189 1818 3190 1812 3190 1819 3190 1819 3191 1812 3191 1813 3191 1819 3192 1813 3192 1820 3192 1821 3193 1718 3193 1814 3193 1817 3194 1719 3194 1822 3194 1822 3195 1719 3195 1815 3195 1822 3196 1815 3196 1823 3196 1823 3197 1815 3197 1816 3197 1823 3198 1816 3198 1824 3198 1821 3199 1814 3199 1825 3199 1825 3200 1814 3200 1818 3200 1825 3201 1818 3201 1826 3201 1826 3202 1818 3202 1819 3202 1826 3203 1819 3203 1827 3203 1827 3204 1819 3204 1820 3204 1827 3205 1820 3205 1828 3205 1829 3206 1830 3206 1831 3206 1831 3207 1830 3207 1832 3207 1831 3208 1832 3208 1833 3208 1833 3209 1832 3209 1834 3209 1833 3210 1834 3210 1835 3210 1835 3211 1834 3211 1836 3211 1835 3212 1836 3212 1837 3212 1837 3213 1836 3213 1838 3213 1837 3214 1838 3214 1839 3214 1840 3215 1829 3215 1841 3215 1841 3216 1829 3216 1831 3216 1841 3217 1831 3217 1842 3217 1842 3218 1831 3218 1833 3218 1842 3219 1833 3219 1843 3219 1843 3220 1833 3220 1835 3220 1843 3221 1835 3221 1844 3221 1844 3222 1835 3222 1837 3222 1844 3223 1837 3223 1845 3223 1845 3224 1837 3224 1839 3224 1845 3225 1839 3225 1846 3225 1846 3226 1839 3226 1718 3226 1847 3227 1840 3227 1848 3227 1848 3228 1840 3228 1841 3228 1848 3229 1841 3229 1849 3229 1849 3230 1841 3230 1842 3230 1849 3231 1842 3231 1850 3231 1850 3232 1842 3232 1843 3232 1850 3233 1843 3233 1851 3233 1851 3234 1843 3234 1844 3234 1851 3235 1844 3235 1852 3235 1852 3236 1844 3236 1845 3236 1852 3237 1845 3237 1853 3237 1853 3238 1845 3238 1846 3238 1853 3239 1846 3239 1854 3239 1854 3240 1846 3240 1718 3240 1718 3241 1855 3241 1854 3241 1854 3242 1855 3242 1856 3242 1854 3243 1856 3243 1853 3243 1853 3244 1856 3244 1857 3244 1853 3245 1857 3245 1852 3245 1852 3246 1857 3246 1858 3246 1852 3247 1858 3247 1851 3247 1851 3248 1858 3248 1859 3248 1851 3249 1859 3249 1850 3249 1850 3250 1859 3250 1860 3250 1850 3251 1860 3251 1849 3251 1849 3252 1860 3252 1861 3252 1849 3253 1861 3253 1848 3253 1848 3254 1861 3254 1862 3254 1848 3255 1862 3255 1847 3255 1847 3256 1862 3256 1644 3256 1847 3257 1644 3257 1731 3257 1731 3258 1644 3258 1863 3258 1731 3259 1863 3259 1729 3259 1718 3260 1864 3260 1855 3260 1855 3261 1864 3261 1865 3261 1855 3262 1865 3262 1856 3262 1856 3263 1865 3263 1866 3263 1856 3264 1866 3264 1857 3264 1857 3265 1866 3265 1867 3265 1857 3266 1867 3266 1858 3266 1858 3267 1867 3267 1868 3267 1858 3268 1868 3268 1859 3268 1859 3269 1868 3269 1869 3269 1859 3270 1869 3270 1860 3270 1860 3271 1869 3271 1870 3271 1860 3272 1870 3272 1861 3272 1861 3273 1870 3273 1871 3273 1861 3274 1871 3274 1862 3274 1862 3275 1871 3275 1645 3275 1862 3276 1645 3276 1644 3276 1718 3277 1872 3277 1864 3277 1864 3278 1872 3278 1873 3278 1864 3279 1873 3279 1865 3279 1865 3280 1873 3280 1874 3280 1865 3281 1874 3281 1866 3281 1866 3282 1874 3282 1875 3282 1866 3283 1875 3283 1867 3283 1867 3284 1875 3284 1876 3284 1867 3285 1876 3285 1868 3285 1868 3286 1876 3286 1877 3286 1868 3287 1877 3287 1869 3287 1869 3288 1877 3288 1878 3288 1869 3289 1878 3289 1870 3289 1870 3290 1878 3290 1879 3290 1870 3291 1879 3291 1871 3291 1871 3292 1879 3292 1646 3292 1871 3293 1646 3293 1645 3293 1718 3294 1880 3294 1872 3294 1872 3295 1880 3295 1881 3295 1872 3296 1881 3296 1873 3296 1873 3297 1881 3297 1882 3297 1873 3298 1882 3298 1874 3298 1874 3299 1882 3299 1883 3299 1874 3300 1883 3300 1875 3300 1875 3301 1883 3301 1884 3301 1875 3302 1884 3302 1876 3302 1876 3303 1884 3303 1885 3303 1876 3304 1885 3304 1877 3304 1877 3305 1885 3305 1886 3305 1877 3306 1886 3306 1878 3306 1878 3307 1886 3307 1774 3307 1878 3308 1774 3308 1879 3308 1879 3309 1774 3309 1647 3309 1879 3310 1647 3310 1646 3310 1718 3311 1887 3311 1880 3311 1880 3312 1887 3312 1888 3312 1880 3313 1888 3313 1881 3313 1881 3314 1888 3314 1889 3314 1881 3315 1889 3315 1882 3315 1882 3316 1889 3316 1890 3316 1882 3317 1890 3317 1883 3317 1883 3318 1890 3318 1891 3318 1883 3319 1891 3319 1884 3319 1884 3320 1891 3320 1892 3320 1884 3321 1892 3321 1885 3321 1885 3322 1892 3322 1893 3322 1885 3323 1893 3323 1886 3323 1886 3324 1893 3324 1775 3324 1886 3325 1775 3325 1774 3325 1774 3326 1775 3326 1650 3326 1774 3327 1650 3327 1649 3327 1718 3328 1894 3328 1887 3328 1887 3329 1894 3329 1895 3329 1887 3330 1895 3330 1888 3330 1888 3331 1895 3331 1896 3331 1888 3332 1896 3332 1889 3332 1889 3333 1896 3333 1897 3333 1889 3334 1897 3334 1890 3334 1890 3335 1897 3335 1898 3335 1890 3336 1898 3336 1891 3336 1891 3337 1898 3337 1899 3337 1891 3338 1899 3338 1892 3338 1892 3339 1899 3339 1900 3339 1892 3340 1900 3340 1893 3340 1893 3341 1900 3341 1901 3341 1893 3342 1901 3342 1775 3342 1775 3343 1901 3343 1902 3343 1775 3344 1902 3344 1652 3344 1838 3345 1718 3345 1839 3345 1830 3346 1824 3346 1832 3346 1832 3347 1824 3347 1816 3347 1832 3348 1816 3348 1834 3348 1834 3349 1816 3349 1712 3349 1834 3350 1712 3350 1836 3350 1836 3351 1712 3351 1714 3351 1836 3352 1714 3352 1838 3352 1838 3353 1714 3353 1718 3353 1767 3354 1766 3354 1768 3354 1768 3355 1766 3355 1765 3355 1768 3356 1765 3356 1730 3356 1730 3357 1765 3357 1903 3357 1730 3358 1903 3358 1731 3358 1731 3359 1903 3359 1904 3359 1731 3360 1904 3360 1847 3360 1847 3361 1904 3361 1905 3361 1847 3362 1905 3362 1840 3362 1840 3363 1905 3363 1906 3363 1840 3364 1906 3364 1829 3364 1829 3365 1906 3365 1907 3365 1829 3366 1907 3366 1830 3366 1830 3367 1907 3367 1908 3367 1830 3368 1908 3368 1824 3368 1824 3369 1908 3369 1909 3369 1824 3370 1909 3370 1823 3370 1823 3371 1909 3371 1910 3371 1823 3372 1910 3372 1822 3372 1822 3373 1910 3373 1911 3373 1822 3374 1911 3374 1817 3374 1817 3375 1911 3375 1912 3375 1817 3376 1912 3376 1718 3376 1656 3377 1658 3377 1777 3377 1777 3378 1658 3378 1776 3378 1777 3379 1776 3379 1913 3379 1913 3380 1776 3380 1728 3380 1913 3381 1728 3381 1914 3381 1915 3382 1916 3382 1917 3382 1917 3383 1916 3383 1918 3383 1917 3384 1918 3384 1919 3384 1919 3385 1918 3385 1920 3385 1919 3386 1920 3386 1921 3386 1921 3387 1920 3387 1922 3387 1921 3388 1922 3388 1923 3388 1923 3389 1922 3389 1924 3389 1923 3390 1924 3390 1925 3390 1925 3391 1924 3391 1926 3391 1925 3392 1926 3392 1927 3392 1927 3393 1926 3393 1928 3393 1927 3394 1928 3394 1929 3394 1929 3395 1928 3395 1930 3395 1929 3396 1930 3396 1931 3396 1931 3397 1930 3397 1932 3397 1931 3398 1932 3398 1933 3398 1933 3399 1932 3399 1934 3399 1933 3400 1934 3400 1935 3400 1935 3401 1934 3401 1936 3401 1935 3402 1936 3402 1937 3402 1937 3403 1938 3403 1935 3403 1935 3404 1938 3404 1939 3404 1935 3405 1939 3405 1933 3405 1933 3406 1939 3406 1940 3406 1933 3407 1940 3407 1931 3407 1931 3408 1940 3408 1941 3408 1931 3409 1941 3409 1929 3409 1929 3410 1941 3410 1942 3410 1929 3411 1942 3411 1927 3411 1927 3412 1942 3412 1943 3412 1927 3413 1943 3413 1925 3413 1925 3414 1943 3414 1944 3414 1925 3415 1944 3415 1923 3415 1923 3416 1944 3416 1945 3416 1923 3417 1945 3417 1921 3417 1921 3418 1945 3418 1946 3418 1921 3419 1946 3419 1919 3419 1919 3420 1946 3420 1947 3420 1919 3421 1947 3421 1917 3421 1917 3422 1947 3422 1948 3422 1917 3423 1948 3423 1915 3423 1915 3424 1948 3424 1949 3424 1763 3425 1949 3425 1765 3425 1765 3426 1949 3426 1948 3426 1765 3427 1948 3427 1903 3427 1903 3428 1948 3428 1947 3428 1903 3429 1947 3429 1904 3429 1904 3430 1947 3430 1946 3430 1904 3431 1946 3431 1905 3431 1905 3432 1946 3432 1945 3432 1905 3433 1945 3433 1906 3433 1906 3434 1945 3434 1944 3434 1906 3435 1944 3435 1907 3435 1907 3436 1944 3436 1943 3436 1907 3437 1943 3437 1908 3437 1908 3438 1943 3438 1942 3438 1908 3439 1942 3439 1909 3439 1909 3440 1942 3440 1941 3440 1909 3441 1941 3441 1910 3441 1910 3442 1941 3442 1940 3442 1910 3443 1940 3443 1911 3443 1911 3444 1940 3444 1939 3444 1911 3445 1939 3445 1912 3445 1912 3446 1939 3446 1938 3446 1912 3447 1938 3447 1718 3447 1937 3448 1718 3448 1938 3448 1936 3449 1950 3449 1937 3449 1937 3450 1950 3450 1718 3450 1951 3451 1654 3451 1952 3451 1952 3452 1654 3452 1727 3452 1952 3453 1727 3453 1953 3453 1953 3454 1727 3454 1777 3454 1953 3455 1777 3455 1954 3455 1954 3456 1777 3456 1913 3456 1954 3457 1913 3457 1955 3457 1955 3458 1913 3458 1914 3458 1955 3459 1914 3459 1956 3459 1725 3460 1951 3460 1726 3460 1726 3461 1951 3461 1952 3461 1726 3462 1952 3462 1957 3462 1957 3463 1952 3463 1953 3463 1957 3464 1953 3464 1958 3464 1958 3465 1953 3465 1954 3465 1958 3466 1954 3466 1959 3466 1959 3467 1954 3467 1955 3467 1959 3468 1955 3468 1960 3468 1960 3469 1955 3469 1956 3469 1960 3470 1956 3470 1961 3470 1780 3471 1724 3471 1778 3471 1778 3472 1724 3472 1726 3472 1778 3473 1726 3473 1962 3473 1962 3474 1726 3474 1957 3474 1962 3475 1957 3475 1963 3475 1963 3476 1957 3476 1958 3476 1963 3477 1958 3477 1964 3477 1964 3478 1958 3478 1959 3478 1964 3479 1959 3479 1965 3479 1965 3480 1959 3480 1960 3480 1965 3481 1960 3481 1966 3481 1966 3482 1960 3482 1961 3482 1966 3483 1961 3483 1967 3483 1762 3484 1968 3484 1763 3484 1763 3485 1968 3485 1969 3485 1763 3486 1969 3486 1949 3486 1949 3487 1969 3487 1970 3487 1949 3488 1970 3488 1915 3488 1915 3489 1970 3489 1971 3489 1915 3490 1971 3490 1916 3490 1916 3491 1971 3491 1757 3491 1916 3492 1757 3492 1972 3492 1972 3493 1757 3493 1759 3493 1972 3494 1759 3494 1752 3494 1752 3495 1759 3495 1761 3495 1752 3496 1761 3496 1753 3496 1753 3497 1761 3497 1760 3497 1784 3498 1780 3498 1785 3498 1785 3499 1780 3499 1779 3499 1785 3500 1779 3500 1783 3500 1783 3501 1779 3501 1973 3501 1783 3502 1973 3502 1781 3502 1781 3503 1973 3503 1974 3503 1781 3504 1974 3504 1975 3504 1976 3505 1977 3505 1978 3505 1978 3506 1977 3506 1979 3506 1978 3507 1979 3507 1980 3507 1980 3508 1979 3508 1981 3508 1980 3509 1981 3509 1982 3509 1982 3510 1981 3510 1983 3510 1982 3511 1983 3511 1984 3511 1984 3512 1983 3512 1985 3512 1984 3513 1985 3513 1986 3513 1986 3514 1985 3514 1987 3514 1986 3515 1987 3515 1988 3515 1988 3516 1987 3516 1989 3516 1988 3517 1989 3517 1990 3517 1990 3518 1989 3518 1991 3518 1990 3519 1991 3519 1992 3519 1992 3520 1991 3520 1993 3520 1992 3521 1993 3521 1994 3521 1994 3522 1993 3522 1995 3522 1994 3523 1995 3523 1996 3523 1997 3524 1976 3524 1998 3524 1998 3525 1976 3525 1978 3525 1998 3526 1978 3526 1999 3526 1999 3527 1978 3527 1980 3527 1999 3528 1980 3528 2000 3528 2000 3529 1980 3529 1982 3529 2000 3530 1982 3530 2001 3530 2001 3531 1982 3531 1984 3531 2001 3532 1984 3532 2002 3532 2002 3533 1984 3533 1986 3533 2002 3534 1986 3534 2003 3534 2003 3535 1986 3535 1988 3535 2003 3536 1988 3536 2004 3536 2004 3537 1988 3537 1990 3537 2004 3538 1990 3538 2005 3538 2005 3539 1990 3539 1992 3539 2005 3540 1992 3540 2006 3540 2006 3541 1992 3541 1994 3541 2006 3542 1994 3542 2007 3542 2007 3543 1994 3543 1996 3543 2007 3544 1996 3544 2008 3544 2009 3545 1997 3545 2010 3545 2010 3546 1997 3546 1998 3546 2010 3547 1998 3547 2011 3547 2011 3548 1998 3548 1999 3548 2011 3549 1999 3549 2012 3549 2012 3550 1999 3550 2000 3550 2012 3551 2000 3551 2013 3551 2013 3552 2000 3552 2001 3552 2013 3553 2001 3553 2014 3553 2014 3554 2001 3554 2002 3554 2014 3555 2002 3555 2015 3555 2015 3556 2002 3556 2003 3556 2015 3557 2003 3557 2016 3557 2016 3558 2003 3558 2004 3558 2016 3559 2004 3559 2017 3559 2017 3560 2004 3560 2005 3560 2017 3561 2005 3561 2018 3561 2018 3562 2005 3562 2006 3562 2018 3563 2006 3563 2019 3563 2019 3564 2006 3564 2007 3564 2019 3565 2007 3565 2020 3565 2020 3566 2007 3566 2008 3566 2020 3567 2008 3567 2021 3567 2022 3568 2009 3568 2023 3568 2023 3569 2009 3569 2010 3569 2023 3570 2010 3570 2024 3570 2024 3571 2010 3571 2011 3571 2024 3572 2011 3572 2025 3572 2025 3573 2011 3573 2012 3573 2025 3574 2012 3574 2026 3574 2026 3575 2012 3575 2013 3575 2026 3576 2013 3576 2027 3576 2027 3577 2013 3577 2014 3577 2027 3578 2014 3578 2028 3578 2028 3579 2014 3579 2015 3579 2028 3580 2015 3580 2029 3580 2029 3581 2015 3581 2016 3581 2029 3582 2016 3582 2030 3582 2030 3583 2016 3583 2017 3583 2030 3584 2017 3584 2031 3584 2031 3585 2017 3585 2018 3585 2031 3586 2018 3586 2032 3586 2032 3587 2018 3587 2019 3587 2032 3588 2019 3588 2033 3588 2033 3589 2019 3589 2020 3589 2033 3590 2020 3590 2034 3590 2034 3591 2020 3591 2021 3591 2034 3592 2021 3592 2035 3592 2036 3593 2022 3593 2037 3593 2037 3594 2022 3594 2023 3594 2037 3595 2023 3595 2038 3595 2038 3596 2023 3596 2024 3596 2038 3597 2024 3597 2039 3597 2039 3598 2024 3598 2025 3598 2039 3599 2025 3599 2040 3599 2040 3600 2025 3600 2026 3600 2040 3601 2026 3601 2041 3601 2041 3602 2026 3602 2027 3602 2041 3603 2027 3603 2042 3603 2042 3604 2027 3604 2028 3604 2042 3605 2028 3605 2043 3605 2043 3606 2028 3606 2029 3606 2043 3607 2029 3607 2044 3607 2044 3608 2029 3608 2030 3608 2044 3609 2030 3609 2045 3609 2045 3610 2030 3610 2031 3610 2045 3611 2031 3611 2046 3611 2046 3612 2031 3612 2032 3612 2046 3613 2032 3613 2047 3613 2047 3614 2032 3614 2033 3614 2047 3615 2033 3615 2048 3615 2048 3616 2033 3616 2034 3616 2048 3617 2034 3617 2049 3617 2049 3618 2034 3618 2035 3618 2049 3619 2035 3619 2050 3619 2050 3620 2051 3620 2049 3620 2049 3621 2051 3621 2052 3621 2049 3622 2052 3622 2048 3622 2048 3623 2052 3623 2053 3623 2048 3624 2053 3624 2047 3624 2047 3625 2053 3625 2054 3625 2047 3626 2054 3626 2046 3626 2046 3627 2054 3627 2055 3627 2046 3628 2055 3628 2045 3628 2045 3629 2055 3629 2056 3629 2045 3630 2056 3630 2044 3630 2044 3631 2056 3631 2057 3631 2044 3632 2057 3632 2043 3632 2043 3633 2057 3633 2058 3633 2043 3634 2058 3634 2042 3634 2042 3635 2058 3635 2059 3635 2042 3636 2059 3636 2041 3636 2041 3637 2059 3637 2060 3637 2041 3638 2060 3638 2040 3638 2040 3639 2060 3639 2061 3639 2040 3640 2061 3640 2039 3640 2039 3641 2061 3641 2062 3641 2039 3642 2062 3642 2038 3642 2038 3643 2062 3643 2063 3643 2038 3644 2063 3644 2037 3644 2037 3645 2063 3645 2064 3645 2037 3646 2064 3646 2036 3646 2036 3647 2064 3647 2065 3647 1754 3648 2065 3648 1752 3648 1752 3649 2065 3649 2064 3649 1752 3650 2064 3650 1972 3650 1972 3651 2064 3651 2063 3651 1972 3652 2063 3652 1916 3652 1916 3653 2063 3653 2062 3653 1916 3654 2062 3654 1918 3654 1918 3655 2062 3655 2061 3655 1918 3656 2061 3656 1920 3656 1920 3657 2061 3657 2060 3657 1920 3658 2060 3658 1922 3658 1922 3659 2060 3659 2059 3659 1922 3660 2059 3660 1924 3660 1924 3661 2059 3661 2058 3661 1924 3662 2058 3662 1926 3662 1926 3663 2058 3663 2057 3663 1926 3664 2057 3664 1928 3664 1928 3665 2057 3665 2056 3665 1928 3666 2056 3666 1930 3666 1930 3667 2056 3667 2055 3667 1930 3668 2055 3668 1932 3668 1932 3669 2055 3669 2054 3669 1932 3670 2054 3670 1934 3670 1934 3671 2054 3671 2053 3671 1934 3672 2053 3672 1936 3672 1936 3673 2053 3673 2052 3673 1936 3674 2052 3674 1950 3674 1950 3675 2052 3675 2051 3675 1950 3676 2051 3676 1718 3676 2050 3677 1718 3677 2051 3677 1995 3678 1828 3678 1996 3678 1996 3679 1828 3679 1820 3679 1996 3680 1820 3680 2008 3680 2008 3681 1820 3681 1813 3681 2008 3682 1813 3682 2021 3682 2021 3683 1813 3683 1715 3683 2021 3684 1715 3684 2035 3684 2035 3685 1715 3685 1717 3685 2035 3686 1717 3686 2050 3686 2050 3687 1717 3687 1718 3687 1746 3688 1745 3688 1747 3688 1747 3689 1745 3689 2066 3689 1747 3690 2066 3690 1749 3690 1749 3691 2066 3691 2067 3691 1749 3692 2067 3692 1751 3692 1751 3693 2067 3693 2068 3693 1751 3694 2068 3694 1754 3694 1754 3695 2068 3695 2069 3695 1754 3696 2069 3696 2065 3696 2065 3697 2069 3697 2070 3697 2065 3698 2070 3698 2036 3698 2036 3699 2070 3699 2071 3699 2036 3700 2071 3700 2022 3700 2022 3701 2071 3701 2072 3701 2022 3702 2072 3702 2009 3702 2009 3703 2072 3703 2073 3703 2009 3704 2073 3704 1997 3704 1997 3705 2073 3705 2074 3705 1997 3706 2074 3706 1976 3706 1976 3707 2074 3707 2075 3707 1976 3708 2075 3708 1977 3708 1737 3709 1734 3709 1738 3709 1738 3710 1734 3710 2076 3710 1738 3711 2076 3711 1745 3711 1745 3712 2076 3712 2077 3712 1745 3713 2077 3713 2066 3713 2066 3714 2077 3714 2078 3714 2066 3715 2078 3715 2067 3715 2067 3716 2078 3716 2079 3716 2067 3717 2079 3717 2068 3717 2068 3718 2079 3718 2080 3718 2068 3719 2080 3719 2069 3719 2069 3720 2080 3720 2081 3720 2069 3721 2081 3721 2070 3721 2070 3722 2081 3722 2082 3722 2070 3723 2082 3723 2071 3723 2071 3724 2082 3724 2083 3724 2071 3725 2083 3725 2072 3725 2072 3726 2083 3726 2084 3726 2072 3727 2084 3727 2073 3727 2073 3728 2084 3728 2085 3728 2073 3729 2085 3729 2074 3729 2074 3730 2085 3730 2086 3730 2074 3731 2086 3731 2075 3731 1733 3732 1736 3732 1734 3732 1734 3733 1736 3733 2087 3733 1734 3734 2087 3734 2076 3734 2076 3735 2087 3735 2088 3735 2076 3736 2088 3736 2077 3736 2077 3737 2088 3737 2089 3737 2077 3738 2089 3738 2078 3738 2078 3739 2089 3739 2090 3739 2078 3740 2090 3740 2079 3740 2079 3741 2090 3741 2091 3741 2079 3742 2091 3742 2080 3742 2080 3743 2091 3743 2092 3743 2080 3744 2092 3744 2081 3744 2081 3745 2092 3745 2093 3745 2081 3746 2093 3746 2082 3746 2082 3747 2093 3747 2094 3747 2082 3748 2094 3748 2083 3748 2083 3749 2094 3749 2095 3749 2083 3750 2095 3750 2084 3750 2084 3751 2095 3751 2096 3751 2084 3752 2096 3752 2085 3752 2085 3753 2096 3753 2097 3753 2085 3754 2097 3754 2086 3754 1735 3755 1811 3755 1736 3755 1736 3756 1811 3756 2098 3756 1736 3757 2098 3757 2087 3757 2087 3758 2098 3758 2099 3758 2087 3759 2099 3759 2088 3759 2088 3760 2099 3760 2100 3760 2088 3761 2100 3761 2089 3761 2089 3762 2100 3762 2101 3762 2089 3763 2101 3763 2090 3763 2090 3764 2101 3764 2102 3764 2090 3765 2102 3765 2091 3765 2091 3766 2102 3766 2103 3766 2091 3767 2103 3767 2092 3767 2092 3768 2103 3768 2104 3768 2092 3769 2104 3769 2093 3769 2093 3770 2104 3770 2105 3770 2093 3771 2105 3771 2094 3771 2094 3772 2105 3772 2106 3772 2094 3773 2106 3773 2095 3773 2095 3774 2106 3774 1711 3774 2095 3775 1711 3775 2096 3775 2096 3776 1711 3776 1710 3776 2096 3777 1710 3777 2097 3777 1789 3778 1788 3778 1790 3778 1790 3779 1788 3779 1787 3779 1790 3780 1787 3780 1793 3780 1793 3781 1787 3781 2107 3781 1793 3782 2107 3782 1798 3782 1798 3783 2107 3783 2108 3783 1798 3784 2108 3784 1801 3784 1801 3785 2108 3785 2109 3785 1721 3786 2110 3786 1722 3786 1722 3787 2110 3787 2111 3787 1722 3788 2111 3788 1787 3788 1787 3789 2111 3789 2112 3789 1787 3790 2112 3790 2107 3790 2107 3791 2112 3791 2113 3791 2107 3792 2113 3792 2108 3792 2108 3793 2113 3793 2114 3793 2108 3794 2114 3794 2109 3794 2109 3795 2114 3795 2115 3795 2110 3796 2116 3796 2111 3796 2111 3797 2116 3797 2117 3797 2111 3798 2117 3798 2112 3798 2112 3799 2117 3799 2118 3799 2112 3800 2118 3800 2113 3800 2113 3801 2118 3801 2119 3801 2113 3802 2119 3802 2114 3802 2114 3803 2119 3803 2120 3803 2114 3804 2120 3804 2115 3804 2115 3805 2120 3805 2121 3805 2116 3806 1975 3806 2117 3806 2117 3807 1975 3807 1974 3807 2117 3808 1974 3808 2118 3808 2118 3809 1974 3809 2122 3809 2118 3810 2122 3810 2119 3810 2119 3811 2122 3811 2123 3811 2119 3812 2123 3812 2120 3812 2120 3813 2123 3813 2124 3813 2120 3814 2124 3814 2121 3814 2121 3815 2124 3815 2125 3815 2126 3816 2125 3816 2127 3816 2127 3817 2125 3817 2124 3817 2127 3818 2124 3818 2128 3818 2128 3819 2124 3819 2123 3819 2128 3820 2123 3820 2129 3820 2129 3821 2123 3821 2122 3821 2129 3822 2122 3822 2130 3822 2130 3823 2122 3823 1974 3823 2130 3824 1974 3824 2131 3824 2131 3825 1974 3825 1973 3825 2131 3826 1973 3826 2132 3826 2132 3827 1973 3827 1779 3827 2132 3828 1779 3828 2133 3828 2133 3829 1779 3829 1778 3829 2133 3830 1778 3830 2134 3830 2134 3831 1778 3831 1962 3831 2134 3832 1962 3832 2135 3832 2135 3833 1962 3833 1963 3833 2135 3834 1963 3834 2136 3834 2136 3835 1963 3835 1964 3835 2136 3836 1964 3836 2137 3836 2137 3837 1964 3837 1965 3837 2137 3838 1965 3838 2138 3838 2138 3839 1965 3839 1966 3839 2138 3840 1966 3840 2139 3840 2139 3841 1966 3841 1967 3841 2139 3842 1967 3842 2140 3842 2141 3843 2126 3843 2142 3843 2142 3844 2126 3844 2127 3844 2142 3845 2127 3845 2143 3845 2143 3846 2127 3846 2128 3846 2143 3847 2128 3847 2144 3847 2144 3848 2128 3848 2129 3848 2144 3849 2129 3849 2145 3849 2145 3850 2129 3850 2130 3850 2145 3851 2130 3851 2146 3851 2146 3852 2130 3852 2131 3852 2146 3853 2131 3853 2147 3853 2147 3854 2131 3854 2132 3854 2147 3855 2132 3855 2148 3855 2148 3856 2132 3856 2133 3856 2148 3857 2133 3857 2149 3857 2149 3858 2133 3858 2134 3858 2149 3859 2134 3859 2150 3859 2150 3860 2134 3860 2135 3860 2150 3861 2135 3861 2151 3861 2151 3862 2135 3862 2136 3862 2151 3863 2136 3863 2152 3863 2152 3864 2136 3864 2137 3864 2152 3865 2137 3865 2153 3865 2153 3866 2137 3866 2138 3866 2153 3867 2138 3867 2154 3867 2154 3868 2138 3868 2139 3868 2154 3869 2139 3869 2155 3869 2155 3870 2139 3870 2140 3870 2155 3871 2140 3871 2156 3871 2157 3872 2141 3872 2158 3872 2158 3873 2141 3873 2142 3873 2158 3874 2142 3874 2159 3874 2159 3875 2142 3875 2143 3875 2159 3876 2143 3876 2160 3876 2160 3877 2143 3877 2144 3877 2160 3878 2144 3878 2161 3878 2161 3879 2144 3879 2145 3879 2161 3880 2145 3880 2162 3880 2162 3881 2145 3881 2146 3881 2162 3882 2146 3882 2163 3882 2163 3883 2146 3883 2147 3883 2163 3884 2147 3884 2164 3884 2164 3885 2147 3885 2148 3885 2164 3886 2148 3886 2165 3886 2165 3887 2148 3887 2149 3887 2165 3888 2149 3888 2166 3888 2166 3889 2149 3889 2150 3889 2166 3890 2150 3890 2167 3890 2167 3891 2150 3891 2151 3891 2167 3892 2151 3892 2168 3892 2168 3893 2151 3893 2152 3893 2168 3894 2152 3894 2169 3894 2169 3895 2152 3895 2153 3895 2169 3896 2153 3896 2170 3896 2170 3897 2153 3897 2154 3897 2170 3898 2154 3898 2171 3898 2171 3899 2154 3899 2155 3899 2171 3900 2155 3900 2172 3900 2172 3901 2155 3901 2156 3901 2172 3902 2156 3902 2173 3902 2174 3903 2157 3903 2175 3903 2175 3904 2157 3904 2158 3904 2175 3905 2158 3905 2176 3905 2176 3906 2158 3906 2159 3906 2176 3907 2159 3907 2177 3907 2177 3908 2159 3908 2160 3908 2177 3909 2160 3909 2178 3909 2178 3910 2160 3910 2161 3910 2178 3911 2161 3911 2179 3911 2179 3912 2161 3912 2162 3912 2179 3913 2162 3913 2180 3913 2180 3914 2162 3914 2163 3914 2180 3915 2163 3915 2181 3915 2181 3916 2163 3916 2164 3916 2181 3917 2164 3917 2182 3917 2182 3918 2164 3918 2165 3918 2182 3919 2165 3919 2183 3919 2183 3920 2165 3920 2166 3920 2183 3921 2166 3921 2184 3921 2184 3922 2166 3922 2167 3922 2184 3923 2167 3923 2185 3923 2185 3924 2167 3924 2168 3924 2185 3925 2168 3925 2186 3925 2186 3926 2168 3926 2169 3926 2186 3927 2169 3927 2187 3927 2187 3928 2169 3928 2170 3928 2187 3929 2170 3929 2188 3929 2188 3930 2170 3930 2171 3930 2188 3931 2171 3931 2189 3931 2189 3932 2171 3932 2172 3932 2189 3933 2172 3933 2190 3933 2190 3934 2172 3934 2173 3934 2190 3935 2173 3935 2191 3935 2192 3936 2174 3936 2193 3936 2193 3937 2174 3937 2175 3937 2193 3938 2175 3938 2194 3938 2194 3939 2175 3939 2176 3939 2194 3940 2176 3940 2195 3940 2195 3941 2176 3941 2177 3941 2195 3942 2177 3942 2196 3942 2196 3943 2177 3943 2178 3943 2196 3944 2178 3944 2197 3944 2197 3945 2178 3945 2179 3945 2197 3946 2179 3946 2198 3946 2198 3947 2179 3947 2180 3947 2198 3948 2180 3948 2199 3948 2199 3949 2180 3949 2181 3949 2199 3950 2181 3950 2200 3950 2200 3951 2181 3951 2182 3951 2200 3952 2182 3952 2201 3952 2201 3953 2182 3953 2183 3953 2201 3954 2183 3954 2202 3954 2202 3955 2183 3955 2184 3955 2202 3956 2184 3956 2203 3956 2203 3957 2184 3957 2185 3957 2203 3958 2185 3958 2204 3958 2204 3959 2185 3959 2186 3959 2204 3960 2186 3960 2205 3960 2205 3961 2186 3961 2187 3961 2205 3962 2187 3962 2206 3962 2206 3963 2187 3963 2188 3963 2206 3964 2188 3964 2207 3964 2207 3965 2188 3965 2189 3965 2207 3966 2189 3966 2208 3966 2208 3967 2189 3967 2190 3967 2208 3968 2190 3968 2209 3968 2209 3969 2190 3969 2191 3969 2209 3970 2191 3970 2210 3970 2210 3971 2211 3971 2209 3971 2209 3972 2211 3972 2212 3972 2209 3973 2212 3973 2208 3973 2208 3974 2212 3974 2213 3974 2208 3975 2213 3975 2207 3975 2207 3976 2213 3976 2214 3976 2207 3977 2214 3977 2206 3977 2206 3978 2214 3978 2215 3978 2206 3979 2215 3979 2205 3979 2205 3980 2215 3980 2216 3980 2205 3981 2216 3981 2204 3981 2204 3982 2216 3982 2217 3982 2204 3983 2217 3983 2203 3983 2203 3984 2217 3984 2218 3984 2203 3985 2218 3985 2202 3985 2202 3986 2218 3986 2219 3986 2202 3987 2219 3987 2201 3987 2201 3988 2219 3988 2220 3988 2201 3989 2220 3989 2200 3989 2200 3990 2220 3990 2221 3990 2200 3991 2221 3991 2199 3991 2199 3992 2221 3992 2222 3992 2199 3993 2222 3993 2198 3993 2198 3994 2222 3994 2223 3994 2198 3995 2223 3995 2197 3995 2197 3996 2223 3996 2224 3996 2197 3997 2224 3997 2196 3997 2196 3998 2224 3998 2225 3998 2196 3999 2225 3999 2195 3999 2195 4000 2225 4000 2226 4000 2195 4001 2226 4001 2194 4001 2194 4002 2226 4002 2227 4002 2194 4003 2227 4003 2193 4003 2193 4004 2227 4004 2228 4004 2193 4005 2228 4005 2192 4005 2192 4006 2228 4006 2229 4006 2230 4007 2229 4007 2231 4007 2231 4008 2229 4008 2228 4008 2231 4009 2228 4009 2232 4009 2232 4010 2228 4010 2227 4010 2232 4011 2227 4011 2233 4011 2233 4012 2227 4012 2226 4012 2233 4013 2226 4013 2234 4013 2234 4014 2226 4014 2225 4014 2234 4015 2225 4015 2235 4015 2235 4016 2225 4016 2224 4016 2235 4017 2224 4017 2236 4017 2236 4018 2224 4018 2223 4018 2236 4019 2223 4019 2237 4019 2237 4020 2223 4020 2222 4020 2237 4021 2222 4021 2238 4021 2238 4022 2222 4022 2221 4022 2238 4023 2221 4023 2239 4023 2239 4024 2221 4024 2220 4024 2239 4025 2220 4025 2240 4025 2240 4026 2220 4026 2219 4026 2240 4027 2219 4027 2241 4027 2241 4028 2219 4028 2218 4028 2241 4029 2218 4029 2242 4029 2242 4030 2218 4030 2217 4030 2242 4031 2217 4031 2243 4031 2243 4032 2217 4032 2216 4032 2243 4033 2216 4033 2244 4033 2244 4034 2216 4034 2215 4034 2244 4035 2215 4035 2245 4035 2245 4036 2215 4036 2214 4036 2245 4037 2214 4037 2246 4037 2246 4038 2214 4038 2213 4038 2246 4039 2213 4039 2247 4039 2247 4040 2213 4040 2212 4040 2247 4041 2212 4041 2248 4041 2248 4042 2212 4042 2211 4042 2248 4043 2211 4043 1718 4043 2210 4044 1718 4044 2211 4044 1708 4045 1711 4045 1709 4045 1709 4046 1711 4046 2106 4046 1709 4047 2106 4047 2249 4047 2249 4048 2106 4048 2105 4048 2249 4049 2105 4049 2250 4049 2250 4050 2105 4050 2104 4050 2250 4051 2104 4051 2251 4051 2251 4052 2104 4052 2103 4052 2251 4053 2103 4053 2252 4053 2252 4054 2103 4054 2102 4054 2252 4055 2102 4055 2253 4055 2253 4056 2102 4056 2101 4056 2253 4057 2101 4057 2254 4057 2254 4058 2101 4058 2100 4058 2254 4059 2100 4059 2255 4059 2255 4060 2100 4060 2099 4060 2255 4061 2099 4061 2256 4061 2256 4062 2099 4062 2098 4062 2256 4063 2098 4063 2257 4063 2257 4064 2098 4064 1811 4064 2257 4065 1811 4065 2258 4065 2258 4066 1811 4066 1808 4066 2258 4067 1808 4067 2259 4067 2259 4068 1808 4068 1806 4068 2259 4069 1806 4069 2260 4069 2260 4070 1806 4070 1804 4070 2260 4071 1804 4071 2261 4071 2261 4072 1804 4072 1802 4072 2261 4073 1802 4073 2262 4073 2262 4074 1802 4074 1801 4074 2262 4075 1801 4075 2263 4075 2263 4076 1801 4076 2109 4076 2263 4077 2109 4077 2264 4077 2264 4078 2109 4078 2115 4078 2264 4079 2115 4079 2265 4079 2265 4080 2115 4080 2121 4080 2265 4081 2121 4081 2266 4081 2266 4082 2121 4082 2125 4082 2266 4083 2125 4083 2267 4083 2267 4084 2125 4084 2126 4084 2267 4085 2126 4085 2268 4085 2268 4086 2126 4086 2141 4086 2268 4087 2141 4087 2269 4087 2269 4088 2141 4088 2157 4088 2269 4089 2157 4089 2270 4089 2270 4090 2157 4090 2174 4090 2270 4091 2174 4091 2271 4091 2271 4092 2174 4092 2192 4092 2271 4093 2192 4093 2272 4093 2272 4094 2192 4094 2229 4094 2272 4095 2229 4095 2273 4095 2273 4096 2229 4096 2230 4096 2273 4097 2230 4097 2274 4097 1706 4098 1709 4098 1707 4098 1707 4099 1709 4099 2249 4099 1707 4100 2249 4100 2275 4100 2275 4101 2249 4101 2250 4101 2275 4102 2250 4102 2276 4102 2276 4103 2250 4103 2251 4103 2276 4104 2251 4104 2277 4104 2277 4105 2251 4105 2252 4105 2277 4106 2252 4106 2278 4106 2278 4107 2252 4107 2253 4107 2278 4108 2253 4108 2279 4108 2279 4109 2253 4109 2254 4109 2279 4110 2254 4110 2280 4110 2280 4111 2254 4111 2255 4111 2280 4112 2255 4112 2281 4112 2281 4113 2255 4113 2256 4113 2281 4114 2256 4114 2282 4114 2282 4115 2256 4115 2257 4115 2282 4116 2257 4116 2283 4116 2283 4117 2257 4117 2258 4117 2283 4118 2258 4118 2284 4118 2284 4119 2258 4119 2259 4119 2284 4120 2259 4120 2285 4120 2285 4121 2259 4121 2260 4121 2285 4122 2260 4122 2286 4122 2286 4123 2260 4123 2261 4123 2286 4124 2261 4124 2287 4124 2287 4125 2261 4125 2262 4125 2287 4126 2262 4126 2288 4126 2288 4127 2262 4127 2263 4127 2288 4128 2263 4128 2289 4128 2289 4129 2263 4129 2264 4129 2289 4130 2264 4130 2290 4130 2290 4131 2264 4131 2265 4131 2290 4132 2265 4132 2291 4132 2291 4133 2265 4133 2266 4133 2291 4134 2266 4134 2292 4134 2292 4135 2266 4135 2267 4135 2292 4136 2267 4136 2293 4136 2293 4137 2267 4137 2268 4137 2293 4138 2268 4138 2294 4138 2294 4139 2268 4139 2269 4139 2294 4140 2269 4140 2295 4140 2295 4141 2269 4141 2270 4141 2295 4142 2270 4142 2296 4142 2296 4143 2270 4143 2271 4143 2296 4144 2271 4144 2297 4144 2297 4145 2271 4145 2272 4145 2297 4146 2272 4146 2298 4146 2298 4147 2272 4147 2273 4147 2298 4148 2273 4148 2299 4148 2299 4149 2273 4149 2274 4149 2299 4150 2274 4150 2300 4150 1704 4151 1707 4151 1705 4151 1705 4152 1707 4152 2275 4152 1705 4153 2275 4153 2301 4153 2301 4154 2275 4154 2276 4154 2301 4155 2276 4155 2302 4155 2302 4156 2276 4156 2277 4156 2302 4157 2277 4157 2303 4157 2303 4158 2277 4158 2278 4158 2303 4159 2278 4159 2304 4159 2304 4160 2278 4160 2279 4160 2304 4161 2279 4161 2305 4161 2305 4162 2279 4162 2280 4162 2305 4163 2280 4163 2306 4163 2306 4164 2280 4164 2281 4164 2306 4165 2281 4165 2307 4165 2307 4166 2281 4166 2282 4166 2307 4167 2282 4167 2308 4167 2308 4168 2282 4168 2283 4168 2308 4169 2283 4169 2309 4169 2309 4170 2283 4170 2284 4170 2309 4171 2284 4171 2310 4171 2310 4172 2284 4172 2285 4172 2310 4173 2285 4173 2311 4173 2311 4174 2285 4174 2286 4174 2311 4175 2286 4175 2312 4175 2312 4176 2286 4176 2287 4176 2312 4177 2287 4177 2313 4177 2313 4178 2287 4178 2288 4178 2313 4179 2288 4179 2314 4179 2314 4180 2288 4180 2289 4180 2314 4181 2289 4181 2315 4181 2315 4182 2289 4182 2290 4182 2315 4183 2290 4183 2316 4183 2316 4184 2290 4184 2291 4184 2316 4185 2291 4185 2317 4185 2317 4186 2291 4186 2292 4186 2317 4187 2292 4187 2318 4187 2318 4188 2292 4188 2293 4188 2318 4189 2293 4189 2319 4189 2319 4190 2293 4190 2294 4190 2319 4191 2294 4191 2320 4191 2320 4192 2294 4192 2295 4192 2320 4193 2295 4193 2321 4193 2321 4194 2295 4194 2296 4194 2321 4195 2296 4195 2322 4195 2322 4196 2296 4196 2297 4196 2322 4197 2297 4197 2323 4197 2323 4198 2297 4198 2298 4198 2323 4199 2298 4199 2324 4199 2324 4200 2298 4200 2299 4200 2324 4201 2299 4201 2325 4201 2325 4202 2299 4202 2300 4202 2325 4203 2300 4203 2326 4203 1702 4204 1705 4204 1703 4204 1703 4205 1705 4205 2301 4205 1703 4206 2301 4206 2327 4206 2327 4207 2301 4207 2302 4207 2327 4208 2302 4208 2328 4208 2328 4209 2302 4209 2303 4209 2328 4210 2303 4210 2329 4210 2329 4211 2303 4211 2304 4211 2329 4212 2304 4212 2330 4212 2330 4213 2304 4213 2305 4213 2330 4214 2305 4214 2331 4214 2331 4215 2305 4215 2306 4215 2331 4216 2306 4216 2332 4216 2332 4217 2306 4217 2307 4217 2332 4218 2307 4218 2333 4218 2333 4219 2307 4219 2308 4219 2333 4220 2308 4220 2334 4220 2334 4221 2308 4221 2309 4221 2334 4222 2309 4222 2335 4222 2335 4223 2309 4223 2310 4223 2335 4224 2310 4224 2336 4224 2336 4225 2310 4225 2311 4225 2336 4226 2311 4226 2337 4226 2337 4227 2311 4227 2312 4227 2337 4228 2312 4228 2338 4228 2338 4229 2312 4229 2313 4229 2338 4230 2313 4230 2339 4230 2339 4231 2313 4231 2314 4231 2339 4232 2314 4232 2340 4232 2340 4233 2314 4233 2315 4233 2340 4234 2315 4234 2341 4234 2341 4235 2315 4235 2316 4235 2341 4236 2316 4236 2342 4236 2342 4237 2316 4237 2317 4237 2342 4238 2317 4238 2343 4238 2343 4239 2317 4239 2318 4239 2343 4240 2318 4240 2344 4240 2344 4241 2318 4241 2319 4241 2344 4242 2319 4242 2345 4242 2345 4243 2319 4243 2320 4243 2345 4244 2320 4244 2346 4244 2346 4245 2320 4245 2321 4245 2346 4246 2321 4246 2347 4246 2347 4247 2321 4247 2322 4247 2347 4248 2322 4248 2348 4248 2348 4249 2322 4249 2323 4249 2348 4250 2323 4250 2349 4250 2349 4251 2323 4251 2324 4251 2349 4252 2324 4252 2350 4252 2350 4253 2324 4253 2325 4253 2350 4254 2325 4254 2351 4254 2351 4255 2325 4255 2326 4255 2351 4256 2326 4256 2352 4256 1700 4257 1703 4257 1701 4257 1701 4258 1703 4258 2327 4258 1701 4259 2327 4259 2353 4259 2353 4260 2327 4260 2328 4260 2353 4261 2328 4261 2354 4261 2354 4262 2328 4262 2329 4262 2354 4263 2329 4263 2355 4263 2355 4264 2329 4264 2330 4264 2355 4265 2330 4265 2356 4265 2356 4266 2330 4266 2331 4266 2356 4267 2331 4267 2357 4267 2357 4268 2331 4268 2332 4268 2357 4269 2332 4269 2358 4269 2358 4270 2332 4270 2333 4270 2358 4271 2333 4271 2359 4271 2359 4272 2333 4272 2334 4272 2359 4273 2334 4273 2360 4273 2360 4274 2334 4274 2335 4274 2360 4275 2335 4275 2361 4275 2361 4276 2335 4276 2336 4276 2361 4277 2336 4277 2362 4277 2362 4278 2336 4278 2337 4278 2362 4279 2337 4279 2363 4279 2363 4280 2337 4280 2338 4280 2363 4281 2338 4281 2364 4281 2364 4282 2338 4282 2339 4282 2364 4283 2339 4283 2365 4283 2365 4284 2339 4284 2340 4284 2365 4285 2340 4285 2366 4285 2366 4286 2340 4286 2341 4286 2366 4287 2341 4287 2367 4287 2367 4288 2341 4288 2342 4288 2367 4289 2342 4289 2368 4289 2368 4290 2342 4290 2343 4290 2368 4291 2343 4291 2369 4291 2369 4292 2343 4292 2344 4292 2369 4293 2344 4293 2370 4293 2370 4294 2344 4294 2345 4294 2370 4295 2345 4295 2371 4295 2371 4296 2345 4296 2346 4296 2371 4297 2346 4297 2372 4297 2372 4298 2346 4298 2347 4298 2372 4299 2347 4299 2373 4299 2373 4300 2347 4300 2348 4300 2373 4301 2348 4301 2374 4301 2374 4302 2348 4302 2349 4302 2374 4303 2349 4303 2375 4303 2375 4304 2349 4304 2350 4304 2375 4305 2350 4305 2376 4305 2376 4306 2350 4306 2351 4306 2376 4307 2351 4307 2377 4307 2377 4308 2351 4308 2352 4308 2377 4309 2352 4309 2378 4309 1698 4310 1701 4310 1699 4310 1699 4311 1701 4311 2353 4311 1699 4312 2353 4312 2379 4312 2379 4313 2353 4313 2354 4313 2379 4314 2354 4314 2380 4314 2380 4315 2354 4315 2355 4315 2380 4316 2355 4316 2381 4316 2381 4317 2355 4317 2356 4317 2381 4318 2356 4318 2382 4318 2382 4319 2356 4319 2357 4319 2382 4320 2357 4320 2383 4320 2383 4321 2357 4321 2358 4321 2383 4322 2358 4322 2384 4322 2384 4323 2358 4323 2359 4323 2384 4324 2359 4324 2385 4324 2385 4325 2359 4325 2360 4325 2385 4326 2360 4326 2386 4326 2386 4327 2360 4327 2361 4327 2386 4328 2361 4328 2387 4328 2387 4329 2361 4329 2362 4329 2387 4330 2362 4330 2388 4330 2388 4331 2362 4331 2363 4331 2388 4332 2363 4332 2389 4332 2389 4333 2363 4333 2364 4333 2389 4334 2364 4334 2390 4334 2390 4335 2364 4335 2365 4335 2390 4336 2365 4336 2391 4336 2391 4337 2365 4337 2366 4337 2391 4338 2366 4338 2392 4338 2392 4339 2366 4339 2367 4339 2392 4340 2367 4340 2393 4340 2393 4341 2367 4341 2368 4341 2393 4342 2368 4342 2394 4342 2394 4343 2368 4343 2369 4343 2394 4344 2369 4344 2395 4344 2395 4345 2369 4345 2370 4345 2395 4346 2370 4346 2396 4346 2396 4347 2370 4347 2371 4347 2396 4348 2371 4348 2397 4348 2397 4349 2371 4349 2372 4349 2397 4350 2372 4350 2398 4350 2398 4351 2372 4351 2373 4351 2398 4352 2373 4352 2399 4352 2399 4353 2373 4353 2374 4353 2399 4354 2374 4354 2400 4354 2400 4355 2374 4355 2375 4355 2400 4356 2375 4356 2401 4356 2401 4357 2375 4357 2376 4357 2401 4358 2376 4358 2402 4358 2402 4359 2376 4359 2377 4359 2402 4360 2377 4360 2403 4360 2403 4361 2377 4361 2378 4361 2403 4362 2378 4362 2404 4362 1697 4363 1699 4363 1696 4363 1696 4364 1699 4364 2379 4364 1696 4365 2379 4365 1695 4365 1695 4366 2379 4366 2380 4366 1695 4367 2380 4367 1694 4367 1694 4368 2380 4368 2381 4368 1694 4369 2381 4369 1693 4369 1693 4370 2381 4370 2382 4370 1693 4371 2382 4371 1692 4371 1692 4372 2382 4372 2383 4372 1692 4373 2383 4373 1691 4373 1691 4374 2383 4374 2384 4374 1691 4375 2384 4375 1690 4375 1690 4376 2384 4376 2385 4376 1690 4377 2385 4377 1689 4377 1689 4378 2385 4378 2386 4378 1689 4379 2386 4379 1688 4379 1688 4380 2386 4380 2387 4380 1688 4381 2387 4381 1687 4381 1687 4382 2387 4382 2388 4382 1687 4383 2388 4383 1686 4383 1686 4384 2388 4384 2389 4384 1686 4385 2389 4385 1685 4385 1685 4386 2389 4386 2390 4386 1685 4387 2390 4387 1684 4387 1684 4388 2390 4388 2391 4388 1684 4389 2391 4389 1683 4389 1683 4390 2391 4390 2392 4390 1683 4391 2392 4391 1682 4391 1682 4392 2392 4392 2393 4392 1682 4393 2393 4393 1681 4393 1681 4394 2393 4394 2394 4394 1681 4395 2394 4395 1680 4395 1680 4396 2394 4396 2395 4396 1680 4397 2395 4397 1679 4397 1679 4398 2395 4398 2396 4398 1679 4399 2396 4399 1678 4399 1678 4400 2396 4400 2397 4400 1678 4401 2397 4401 1677 4401 1677 4402 2397 4402 2398 4402 1677 4403 2398 4403 1676 4403 1676 4404 2398 4404 2399 4404 1676 4405 2399 4405 1675 4405 1675 4406 2399 4406 2400 4406 1675 4407 2400 4407 1674 4407 1674 4408 2400 4408 2401 4408 1674 4409 2401 4409 1673 4409 1673 4410 2401 4410 2402 4410 1673 4411 2402 4411 1672 4411 1672 4412 2402 4412 2403 4412 1672 4413 2403 4413 1669 4413 1669 4414 2403 4414 2404 4414 1669 4415 2404 4415 1670 4415 1653 4416 1652 4416 1728 4416 1728 4417 1652 4417 1902 4417 1728 4418 1902 4418 1914 4418 1914 4419 1902 4419 1901 4419 1914 4420 1901 4420 1956 4420 1956 4421 1901 4421 1900 4421 1956 4422 1900 4422 1961 4422 1961 4423 1900 4423 1899 4423 1961 4424 1899 4424 1967 4424 1967 4425 1899 4425 1898 4425 1967 4426 1898 4426 2140 4426 2140 4427 1898 4427 1897 4427 2140 4428 1897 4428 2156 4428 2156 4429 1897 4429 1896 4429 2156 4430 1896 4430 2173 4430 2173 4431 1896 4431 1895 4431 2173 4432 1895 4432 2191 4432 2191 4433 1895 4433 1894 4433 2191 4434 1894 4434 2210 4434 2210 4435 1894 4435 1718 4435 2405 4436 2406 4436 1975 4436 1975 4437 2116 4437 2405 4437 2405 4438 2116 4438 2110 4438 2405 4439 2110 4439 1721 4439 2407 4440 1724 4440 1780 4440 1780 4441 1784 4441 2407 4441 2407 4442 1784 4442 1782 4442 2407 4443 1782 4443 2406 4443 2406 4444 1782 4444 1781 4444 2406 4445 1781 4445 1975 4445 1724 4446 2407 4446 1725 4446 1725 4447 2407 4447 1655 4447 1725 4448 1655 4448 1951 4448 1951 4449 1655 4449 1654 4449 2407 4450 2406 4450 1655 4450 1655 4451 2406 4451 2405 4451 1655 4452 2405 4452 2408 4452 2409 4453 2410 4453 2411 4453 2411 4454 2410 4454 2412 4454 2411 4455 2412 4455 2413 4455 2413 4456 2412 4456 2414 4456 2413 4457 2414 4457 2415 4457 1657 4458 1655 4458 2416 4458 2416 4459 1655 4459 2408 4459 2416 4460 2408 4460 2414 4460 2414 4461 2408 4461 2417 4461 2414 4462 2417 4462 2415 4462 1643 4463 1648 4463 2418 4463 2418 4464 1648 4464 1651 4464 2418 4465 1651 4465 2419 4465 1651 4466 1666 4466 2420 4466 2420 4467 1666 4467 1663 4467 2420 4468 1663 4468 2416 4468 2416 4469 1663 4469 1660 4469 2416 4470 1660 4470 1657 4470 2421 4471 2422 4471 2423 4471 2423 4472 2422 4472 2424 4472 2423 4473 2424 4473 2425 4473 2425 4474 2424 4474 2426 4474 2425 4475 2426 4475 2420 4475 2420 4476 2426 4476 2427 4476 2420 4477 2427 4477 1651 4477 1651 4478 2427 4478 2428 4478 1651 4479 2428 4479 2419 4479 1729 4480 2418 4480 1771 4480 1771 4481 2418 4481 2419 4481 1771 4482 2419 4482 1772 4482 1772 4483 2419 4483 1773 4483 1773 4484 2419 4484 2428 4484 1773 4485 2428 4485 1770 4485 1770 4486 2428 4486 1769 4486 1769 4487 2428 4487 2427 4487 1769 4488 2427 4488 1767 4488 1767 4489 2427 4489 1766 4489 1766 4490 2427 4490 2426 4490 1766 4491 2426 4491 1764 4491 1764 4492 2426 4492 1762 4492 1762 4493 2426 4493 2424 4493 1762 4494 2424 4494 1968 4494 2424 4495 2422 4495 1971 4495 1971 4496 1970 4496 2424 4496 2424 4497 1970 4497 1969 4497 2424 4498 1969 4498 1968 4498 2421 4499 1755 4499 1753 4499 1753 4500 1760 4500 2421 4500 2421 4501 1760 4501 1758 4501 2421 4502 1758 4502 2422 4502 2422 4503 1758 4503 1757 4503 2422 4504 1757 4504 1971 4504 1755 4505 2421 4505 1756 4505 1756 4506 2421 4506 2423 4506 1756 4507 2423 4507 1750 4507 1750 4508 2423 4508 1748 4508 1748 4509 2423 4509 1746 4509 1746 4510 2423 4510 2425 4510 1746 4511 2425 4511 1744 4511 1744 4512 2425 4512 1740 4512 1740 4513 2425 4513 2420 4513 1740 4514 2420 4514 1741 4514 1741 4515 2420 4515 1742 4515 1742 4516 2420 4516 2416 4516 1742 4517 2416 4517 1743 4517 1743 4518 2416 4518 1739 4518 1739 4519 2416 4519 2414 4519 1739 4520 2414 4520 1737 4520 1737 4521 2414 4521 1732 4521 1732 4522 2414 4522 2412 4522 1732 4523 2412 4523 1733 4523 2410 4524 1810 4524 2412 4524 2412 4525 1810 4525 1735 4525 2412 4526 1735 4526 1733 4526 1809 4527 1810 4527 2410 4527 1796 4528 1803 4528 2409 4528 2409 4529 1803 4529 1805 4529 2409 4530 1805 4530 2410 4530 2410 4531 1805 4531 1807 4531 2410 4532 1807 4532 1809 4532 1796 4533 2409 4533 1797 4533 1797 4534 2409 4534 2411 4534 1797 4535 2411 4535 1799 4535 1799 4536 2411 4536 1800 4536 1800 4537 2411 4537 2413 4537 1800 4538 2413 4538 1794 4538 1794 4539 2413 4539 1795 4539 1795 4540 2413 4540 2415 4540 1795 4541 2415 4541 1792 4541 1792 4542 2415 4542 1791 4542 1791 4543 2415 4543 2417 4543 1791 4544 2417 4544 1789 4544 1789 4545 2417 4545 1788 4545 1788 4546 2417 4546 2408 4546 1788 4547 2408 4547 1786 4547 1786 4548 2408 4548 1723 4548 1723 4549 2408 4549 2405 4549 1723 4550 2405 4550 1721 4550 2429 4551 2430 4551 2431 4551 2431 4552 2430 4552 2432 4552 2431 4553 2432 4553 2433 4553 2433 4554 2432 4554 2434 4554 2433 4555 2434 4555 2435 4555 2436 4556 2434 4556 2432 4556 2436 4557 2432 4557 2437 4557 2437 4558 2432 4558 2430 4558 2437 4559 2430 4559 2438 4559 2439 4560 2440 4560 2441 4560 2439 4561 2441 4561 2442 4561 2442 4562 2441 4562 2443 4562 2442 4563 2443 4563 2444 4563 2444 4564 2443 4564 2445 4564 2444 4565 2445 4565 2446 4565 2441 4566 2440 4566 2447 4566 2448 4567 2445 4567 2443 4567 2441 4568 2447 4568 2443 4568 2443 4569 2447 4569 2449 4569 2443 4570 2449 4570 2448 4570 2450 4571 2448 4571 2449 4571 2450 4572 2449 4572 2451 4572 2451 4573 2449 4573 2447 4573 2451 4574 2447 4574 2452 4574 2453 4575 2454 4575 2455 4575 2453 4576 2455 4576 2456 4576 2456 4577 2455 4577 2457 4577 2456 4578 2457 4578 2458 4578 2459 4579 2460 4579 2457 4579 2454 4580 2461 4580 2462 4580 2459 4581 2457 4581 2462 4581 2462 4582 2457 4582 2455 4582 2462 4583 2455 4583 2454 4583 2463 4584 2460 4584 2459 4584 2463 4585 2459 4585 2464 4585 2464 4586 2459 4586 2462 4586 2464 4587 2462 4587 2465 4587 2465 4588 2462 4588 2461 4588 2465 4589 2461 4589 2466 4589 2466 4590 2467 4590 2465 4590 2465 4591 2467 4591 2468 4591 2465 4592 2468 4592 2464 4592 2464 4593 2468 4593 2469 4593 2464 4594 2469 4594 2463 4594 2467 4595 2470 4595 2471 4595 2467 4596 2471 4596 2468 4596 2468 4597 2471 4597 2472 4597 2468 4598 2472 4598 2469 4598 2461 4599 2454 4599 2453 4599 2470 4600 2467 4600 2473 4600 2473 4601 2467 4601 2466 4601 2473 4602 2466 4602 2474 4602 2452 4603 2447 4603 2440 4603 2475 4604 2439 4604 2476 4604 2476 4605 2439 4605 2477 4605 2476 4606 2477 4606 2478 4606 2475 4607 2474 4607 2439 4607 2439 4608 2474 4608 2466 4608 2439 4609 2466 4609 2440 4609 2440 4610 2466 4610 2461 4610 2440 4611 2461 4611 2452 4611 2452 4612 2461 4612 2453 4612 2446 4613 2479 4613 2444 4613 2444 4614 2479 4614 2480 4614 2444 4615 2480 4615 2442 4615 2442 4616 2480 4616 2477 4616 2442 4617 2477 4617 2439 4617 2479 4618 2481 4618 2482 4618 2479 4619 2482 4619 2480 4619 2480 4620 2482 4620 2478 4620 2480 4621 2478 4621 2477 4621 2448 4622 2450 4622 2445 4622 2445 4623 2450 4623 2438 4623 2481 4624 2479 4624 2483 4624 2483 4625 2479 4625 2446 4625 2438 4626 2430 4626 2429 4626 2438 4627 2429 4627 2445 4627 2445 4628 2429 4628 2484 4628 2445 4629 2484 4629 2446 4629 2485 4630 2486 4630 2484 4630 2484 4631 2486 4631 2487 4631 2484 4632 2487 4632 2446 4632 2446 4633 2487 4633 2488 4633 2446 4634 2488 4634 2483 4634 2484 4635 2429 4635 2431 4635 2484 4636 2431 4636 2489 4636 2489 4637 2431 4637 2433 4637 2489 4638 2433 4638 2490 4638 2490 4639 2433 4639 2435 4639 2490 4640 2435 4640 2491 4640 2492 4641 2493 4641 2494 4641 2492 4642 2494 4642 2495 4642 2495 4643 2494 4643 2496 4643 2495 4644 2496 4644 2497 4644 2498 4645 2499 4645 2500 4645 2498 4646 2500 4646 2501 4646 2501 4647 2500 4647 2502 4647 2501 4648 2502 4648 2503 4648 2504 4649 2502 4649 2505 4649 2505 4650 2502 4650 2500 4650 2505 4651 2500 4651 2506 4651 2506 4652 2500 4652 2499 4652 2506 4653 2499 4653 2507 4653 2508 4654 2504 4654 2505 4654 2508 4655 2505 4655 2509 4655 2509 4656 2505 4656 2506 4656 2509 4657 2506 4657 2510 4657 2510 4658 2506 4658 2507 4658 2510 4659 2507 4659 2511 4659 2510 4660 2511 4660 2492 4660 2497 4661 2508 4661 2509 4661 2510 4662 2492 4662 2509 4662 2509 4663 2492 4663 2495 4663 2509 4664 2495 4664 2497 4664 2435 4665 2434 4665 2436 4665 2512 4666 2513 4666 2514 4666 2514 4667 2513 4667 2491 4667 2514 4668 2491 4668 2515 4668 2503 4669 2502 4669 2504 4669 2516 4670 2508 4670 2517 4670 2517 4671 2508 4671 2497 4671 2517 4672 2497 4672 2496 4672 2516 4673 2515 4673 2508 4673 2508 4674 2515 4674 2491 4674 2508 4675 2491 4675 2504 4675 2504 4676 2491 4676 2435 4676 2504 4677 2435 4677 2503 4677 2503 4678 2435 4678 2436 4678 2490 4679 2491 4679 2513 4679 2485 4680 2484 4680 2489 4680 2490 4681 2513 4681 2489 4681 2489 4682 2513 4682 2518 4682 2489 4683 2518 4683 2485 4683 2513 4684 2512 4684 2519 4684 2513 4685 2519 4685 2518 4685 2518 4686 2519 4686 2486 4686 2518 4687 2486 4687 2485 4687 2520 4688 2521 4688 2522 4688 2523 4689 2524 4689 2525 4689 2514 4690 2515 4690 2526 4690 2493 4691 2527 4691 2494 4691 2481 4692 2483 4692 2528 4692 2529 4693 2476 4693 2530 4693 2530 4694 2476 4694 2478 4694 2530 4695 2478 4695 2531 4695 2531 4696 2478 4696 2482 4696 2531 4697 2482 4697 2532 4697 2532 4698 2482 4698 2481 4698 2532 4699 2481 4699 2533 4699 2533 4700 2481 4700 2528 4700 2534 4701 2535 4701 2473 4701 2473 4702 2535 4702 2536 4702 2473 4703 2536 4703 2470 4703 2470 4704 2536 4704 2537 4704 2470 4705 2537 4705 2471 4705 2527 4706 2493 4706 2538 4706 2539 4707 2517 4707 2540 4707 2540 4708 2517 4708 2496 4708 2540 4709 2496 4709 2541 4709 2541 4710 2496 4710 2494 4710 2541 4711 2494 4711 2542 4711 2542 4712 2494 4712 2527 4712 2486 4713 2519 4713 2543 4713 2543 4714 2519 4714 2544 4714 2544 4715 2519 4715 2512 4715 2544 4716 2512 4716 2545 4716 2545 4717 2512 4717 2514 4717 2545 4718 2514 4718 2546 4718 2547 4719 2548 4719 2549 4719 2549 4720 2548 4720 2487 4720 2549 4721 2487 4721 2550 4721 2543 4722 2551 4722 2486 4722 2486 4723 2551 4723 2552 4723 2486 4724 2552 4724 2487 4724 2487 4725 2552 4725 2553 4725 2487 4726 2553 4726 2550 4726 2547 4727 2554 4727 2548 4727 2548 4728 2554 4728 2555 4728 2548 4729 2555 4729 2556 4729 2556 4730 2555 4730 2557 4730 2556 4731 2557 4731 2558 4731 2520 4732 2559 4732 2488 4732 2488 4733 2559 4733 2560 4733 2488 4734 2560 4734 2483 4734 2483 4735 2560 4735 2561 4735 2483 4736 2561 4736 2528 4736 2562 4737 2563 4737 2564 4737 2564 4738 2563 4738 2565 4738 2564 4739 2565 4739 2566 4739 2566 4740 2565 4740 2567 4740 2566 4741 2567 4741 2568 4741 2569 4742 2570 4742 2571 4742 2571 4743 2572 4743 2573 4743 2574 4744 2575 4744 2576 4744 2576 4745 2575 4745 2577 4745 2570 4746 2569 4746 2578 4746 2578 4747 2569 4747 2579 4747 2578 4748 2579 4748 2577 4748 2580 4749 2581 4749 2582 4749 2582 4750 2581 4750 2583 4750 2582 4751 2583 4751 2574 4751 2574 4752 2583 4752 2584 4752 2574 4753 2584 4753 2575 4753 2585 4754 2586 4754 2587 4754 2588 4755 2589 4755 2538 4755 2538 4756 2589 4756 2590 4756 2538 4757 2590 4757 2527 4757 2527 4758 2590 4758 2591 4758 2527 4759 2591 4759 2542 4759 2592 4760 2593 4760 2594 4760 2594 4761 2593 4761 2595 4761 2594 4762 2595 4762 2585 4762 2585 4763 2595 4763 2596 4763 2585 4764 2596 4764 2586 4764 2539 4765 2592 4765 2517 4765 2517 4766 2592 4766 2594 4766 2517 4767 2594 4767 2516 4767 2516 4768 2594 4768 2597 4768 2598 4769 2599 4769 2526 4769 2600 4770 2601 4770 2556 4770 2548 4771 2602 4771 2603 4771 2603 4772 2602 4772 2604 4772 2599 4773 2600 4773 2526 4773 2526 4774 2600 4774 2556 4774 2526 4775 2556 4775 2514 4775 2514 4776 2556 4776 2558 4776 2514 4777 2558 4777 2546 4777 2601 4778 2605 4778 2556 4778 2556 4779 2605 4779 2606 4779 2556 4780 2606 4780 2548 4780 2548 4781 2606 4781 2607 4781 2548 4782 2607 4782 2602 4782 2604 4783 2608 4783 2603 4783 2603 4784 2608 4784 2609 4784 2603 4785 2609 4785 2526 4785 2526 4786 2609 4786 2610 4786 2526 4787 2610 4787 2598 4787 2611 4788 2612 4788 2613 4788 2614 4789 2615 4789 2594 4789 2594 4790 2615 4790 2616 4790 2594 4791 2616 4791 2597 4791 2597 4792 2616 4792 2617 4792 2617 4793 2618 4793 2597 4793 2597 4794 2618 4794 2619 4794 2597 4795 2619 4795 2613 4795 2613 4796 2619 4796 2620 4796 2613 4797 2620 4797 2611 4797 2612 4798 2621 4798 2585 4798 2585 4799 2621 4799 2622 4799 2585 4800 2622 4800 2594 4800 2594 4801 2622 4801 2623 4801 2594 4802 2623 4802 2614 4802 2525 4803 2524 4803 2613 4803 2613 4804 2524 4804 2624 4804 2613 4805 2624 4805 2625 4805 2625 4806 2603 4806 2613 4806 2613 4807 2603 4807 2526 4807 2613 4808 2526 4808 2597 4808 2597 4809 2526 4809 2515 4809 2597 4810 2515 4810 2516 4810 2626 4811 2627 4811 2521 4811 2521 4812 2627 4812 2628 4812 2625 4813 2629 4813 2603 4813 2603 4814 2629 4814 2630 4814 2603 4815 2630 4815 2631 4815 2631 4816 2626 4816 2603 4816 2603 4817 2626 4817 2521 4817 2603 4818 2521 4818 2548 4818 2548 4819 2521 4819 2520 4819 2548 4820 2520 4820 2487 4820 2487 4821 2520 4821 2488 4821 2628 4822 2632 4822 2525 4822 2525 4823 2632 4823 2633 4823 2525 4824 2633 4824 2523 4824 2577 4825 2579 4825 2576 4825 2576 4826 2579 4826 2585 4826 2576 4827 2585 4827 2538 4827 2538 4828 2585 4828 2587 4828 2538 4829 2587 4829 2588 4829 2537 4830 2580 4830 2471 4830 2471 4831 2580 4831 2582 4831 2471 4832 2582 4832 2472 4832 2472 4833 2582 4833 2574 4833 2472 4834 2574 4834 2634 4834 2634 4835 2574 4835 2576 4835 2634 4836 2576 4836 2635 4836 2635 4837 2576 4837 2538 4837 2635 4838 2538 4838 2636 4838 2636 4839 2538 4839 2493 4839 2637 4840 2638 4840 2566 4840 2639 4841 2564 4841 2640 4841 2640 4842 2564 4842 2641 4842 2642 4843 2522 4843 2643 4843 2643 4844 2522 4844 2639 4844 2643 4845 2639 4845 2644 4845 2644 4846 2639 4846 2640 4846 2638 4847 2645 4847 2566 4847 2566 4848 2645 4848 2646 4848 2566 4849 2646 4849 2564 4849 2564 4850 2646 4850 2647 4850 2564 4851 2647 4851 2641 4851 2642 4852 2648 4852 2522 4852 2522 4853 2648 4853 2649 4853 2522 4854 2649 4854 2650 4854 2650 4855 2637 4855 2522 4855 2522 4856 2637 4856 2566 4856 2522 4857 2566 4857 2520 4857 2520 4858 2566 4858 2568 4858 2520 4859 2568 4859 2559 4859 2628 4860 2525 4860 2521 4860 2521 4861 2525 4861 2651 4861 2521 4862 2651 4862 2522 4862 2522 4863 2651 4863 2652 4863 2522 4864 2652 4864 2639 4864 2573 4865 2653 4865 2654 4865 2571 4866 2573 4866 2569 4866 2569 4867 2573 4867 2654 4867 2569 4868 2654 4868 2655 4868 2653 4869 2573 4869 2656 4869 2656 4870 2573 4870 2652 4870 2656 4871 2652 4871 2657 4871 2658 4872 2659 4872 2651 4872 2655 4873 2660 4873 2569 4873 2569 4874 2660 4874 2661 4874 2569 4875 2661 4875 2662 4875 2659 4876 2663 4876 2651 4876 2651 4877 2663 4877 2664 4877 2651 4878 2664 4878 2652 4878 2652 4879 2664 4879 2665 4879 2652 4880 2665 4880 2657 4880 2612 4881 2585 4881 2613 4881 2613 4882 2585 4882 2579 4882 2613 4883 2579 4883 2525 4883 2525 4884 2579 4884 2569 4884 2525 4885 2569 4885 2651 4885 2651 4886 2569 4886 2662 4886 2651 4887 2662 4887 2658 4887 2572 4888 2534 4888 2573 4888 2573 4889 2534 4889 2473 4889 2573 4890 2473 4890 2652 4890 2652 4891 2473 4891 2474 4891 2652 4892 2474 4892 2639 4892 2639 4893 2474 4893 2475 4893 2639 4894 2475 4894 2564 4894 2564 4895 2475 4895 2476 4895 2564 4896 2476 4896 2562 4896 2562 4897 2476 4897 2529 4897</p>
        </triangles>
      </mesh>
    </geometry>
    </library_geometries>
  <library_visual_scenes>
    <visual_scene id="Scene" name="Scene">
      <node id="link_4" name="link_4" type="NODE">
        <matrix sid="transform">1 0 0 0 0 1 0 0 0 0 1 0 0 0 0 1</matrix>
        <instance_geometry url="#link_4-mesh" name="link_4" />
      </node>
      </visual_scene>
  </library_visual_scenes>
  <scene>
    <instance_visual_scene url="#Scene" />
  </scene>
</COLLADA>