<?xml version='1.0' encoding='utf-8'?>
<COLLADA xmlns="http://www.collada.org/2005/11/COLLADASchema" version="1.4.1">
  <asset>
    <contributor>
      <author>Blender User</author>
      <authoring_tool>Blender 4.5.7 LTS commit date:2026-02-16, commit time:13:34, hash:a9874eeece8d</authoring_tool>
    </contributor>
    <created>2026-06-15T02:28:52</created>
    <modified>2026-06-16T00:38:35</modified>
    <unit name="meter" meter="1" />
    <up_axis>Z_UP</up_axis>
  </asset>
  <library_cameras>
    <camera id="Camera-camera" name="Camera">
      <optics>
        <technique_common>
          <perspective>
            <xfov sid="xfov">39.59775</xfov>
            <aspect_ratio>1.777778</aspect_ratio>
            <znear sid="znear">0.1</znear>
            <zfar sid="zfar">100</zfar>
          </perspective>
        </technique_common>
      </optics>
      <extra>
        <technique profile="blender">
          <shiftx sid="shiftx" type="float">0</shiftx>
          <shifty sid="shifty" type="float">0</shifty>
          <dof_distance sid="dof_distance" type="float">10</dof_distance>
        </technique>
      </extra>
    </camera>
  </library_cameras>
  <library_lights>
    <light id="Light-light" name="Light">
      <technique_common>
        <point>
          <color sid="color">1000 1000 1000</color>
          <constant_attenuation>1</constant_attenuation>
          <linear_attenuation>0</linear_attenuation>
          <quadratic_attenuation>0</quadratic_attenuation>
        </point>
      </technique_common>
      <extra>
        <technique profile="blender">
          <type sid="type" type="int">0</type>
          <flag sid="flag" type="int">0</flag>
          <mode sid="mode" type="int">2097153</mode>
          <red sid="red" type="float">1</red>
          <green sid="green" type="float">1</green>
          <blue sid="blue" type="float">1</blue>
          <energy sid="blender_energy" type="float">1000</energy>
          <spotsize sid="spotsize" type="float">75</spotsize>
          <spotblend sid="spotblend" type="float">0.15</spotblend>
          <clipsta sid="clipsta" type="float">0.04999995</clipsta>
          <clipend sid="clipend" type="float">40</clipend>
          <radius sid="radius" type="float">0.1</radius>
          <area_shape sid="area_shape" type="int">1</area_shape>
          <area_size sid="area_size" type="float">0.1</area_size>
          <area_sizey sid="area_sizey" type="float">0.1</area_sizey>
          <area_sizez sid="area_sizez" type="float">1</area_sizez>
        </technique>
      </extra>
    </light>
  </library_lights>
  <library_geometries>
    <geometry id="link_1-mesh" name="link_1">
      <mesh>
        <source id="link_1-mesh-positions">
          <float_array id="link_1-mesh-positions-array" count="23358">0.02699995 -0.02999997 0.12085 0.02699995 -0.02999997 0.10385 0.02814805 -0.02977162 0.10385 0.02814805 -0.02977162 0.12085 0.02912127 -0.02912127 0.10385 0.02912127 -0.02912127 0.12085 0.02977162 -0.02814805 0.10385 0.02977162 -0.02814805 0.12085 0.02999997 -0.02699995 0.10385 0.02999997 -0.02699995 0.12085 0.02999997 0.02699995 0.12085 0.02999997 0.02699995 0.10385 0.02959805 0.02849996 0.10385 0.02959805 0.02849996 0.12085 0.02849996 0.02959805 0.10385 0.02849996 0.02959805 0.12085 0.02699995 0.02999997 0.10385 0.02699995 0.02999997 0.12085 -0.02699995 0.02999997 0.12085 -0.02699995 0.02999997 0.10385 -0.02814805 0.02977162 0.10385 -0.02814805 0.02977162 0.12085 -0.02912127 0.02912127 0.10385 -0.02912127 0.02912127 0.12085 -0.02977162 0.02814805 0.10385 -0.02977162 0.02814805 0.12085 -0.02999997 0.02699995 0.10385 -0.02999997 0.02699995 0.12085 -0.02999997 -0.02699995 0.12085 -0.02999997 -0.02699995 0.10385 -0.02977162 -0.02814805 0.10385 -0.02977162 -0.02814805 0.12085 -0.02912127 -0.02912127 0.10385 -0.02912127 -0.02912127 0.12085 -0.02814805 -0.02977162 0.10385 -0.02814805 -0.02977162 0.12085 -0.02699995 -0.02999997 0.10385 -0.02699995 -0.02999997 0.12085 -0.04199999 0.000999987 0.20945 -0.02499997 0.001093506 0.2103099 -0.04199999 0.001093506 0.2103099 -0.02499997 0.001369655 0.2111296 -0.04199999 0.001369655 0.2111296 -0.02499997 0.001815617 0.2118707 -0.04199999 0.001815617 0.2118707 -0.02499997 0.002410411 0.2124986 -0.04199999 0.002410411 0.2124986 -0.02499997 0.003126323 0.212984 -0.04199999 0.003126323 0.212984 -0.02499997 0.003929853 0.2133042 -0.04199999 0.003929853 0.2133042 -0.02499997 0.004783391 0.2134441 -0.04199999 0.004783391 0.2134441 -0.02499997 0.005647122 0.2133973 -0.04199999 0.005647122 0.2133973 -0.02499997 0.006480515 0.2131659 -0.04199999 0.006480515 0.2131659 -0.02499997 0.007244706 0.2127608 -0.04199999 0.007244706 0.2127608 -0.02499997 0.007903933 0.2122008 -0.04199999 0.007903933 0.2122008 -0.02499997 0.008427381 0.2115122 -0.04199999 0.008427381 0.2115122 -0.02499997 0.008790612 0.2107272 -0.04199999 0.008790612 0.2107272 -0.02499997 0.008976519 0.2098824 -0.04199999 0.008976519 0.2098824 -0.02499997 0.008976519 0.2090175 -0.04199999 0.008976519 0.2090175 -0.02499997 0.008790612 0.2081727 -0.04199999 0.008790612 0.2081727 -0.02499997 0.008427381 0.2073878 -0.04199999 0.008427381 0.2073878 -0.02499997 0.007903933 0.2066992 -0.04199999 0.007903933 0.2066992 -0.02499997 0.007244706 0.2061392 -0.04199999 0.007244706 0.2061392 -0.02499997 0.006480515 0.2057341 -0.04199999 0.006480515 0.2057341 -0.02499997 0.005647122 0.2055026 -0.04199999 0.005647122 0.2055026 -0.02499997 0.004783391 0.2054558 -0.04199999 0.004783391 0.2054558 -0.02499997 0.003929853 0.2055958 -0.04199999 0.003929853 0.2055958 -0.02499997 0.003126323 0.2059159 -0.04199999 0.003126323 0.2059159 -0.02499997 0.002410411 0.2064013 -0.04199999 0.002410411 0.2064013 -0.02499997 0.001815617 0.2070293 -0.04199999 0.001815617 0.2070293 -0.02499997 0.001369655 0.2077704 -0.04199999 0.001369655 0.2077704 -0.02499997 0.001093506 0.2085901 -0.04199999 0.001093506 0.2085901 -0.02499997 0.000999987 0.20945 -0.02499997 0.004999995 0.20945 -0.04199999 0.004999995 0.20945 -0.04199999 -0.008999943 0.20945 -0.02499997 -0.008906424 0.2103099 -0.04199999 -0.008906424 0.2103099 -0.02499997 -0.008630275 0.2111296 -0.04199999 -0.008630275 0.2111296 -0.02499997 -0.008184373 0.2118707 -0.04199999 -0.008184373 0.2118707 -0.02499997 -0.007589519 0.2124986 -0.04199999 -0.007589519 0.2124986 -0.02499997 -0.006873607 0.212984 -0.04199999 -0.006873607 0.212984 -0.02499997 -0.006070077 0.2133042 -0.04199999 -0.006070077 0.2133042 -0.02499997 -0.005216538 0.2134441 -0.04199999 -0.005216538 0.2134441 -0.02499997 -0.004352867 0.2133973 -0.04199999 -0.004352867 0.2133973 -0.02499997 -0.003519415 0.2131659 -0.04199999 -0.003519415 0.2131659 -0.02499997 -0.002755224 0.2127608 -0.04199999 -0.002755224 0.2127608 -0.02499997 -0.002095997 0.2122008 -0.04199999 -0.002095997 0.2122008 -0.02499997 -0.001572549 0.2115122 -0.04199999 -0.001572549 0.2115122 -0.02499997 -0.001209378 0.2107272 -0.04199999 -0.001209378 0.2107272 -0.02499997 -0.001023411 0.2098824 -0.04199999 -0.001023411 0.2098824 -0.02499997 -0.001023411 0.2090175 -0.04199999 -0.001023411 0.2090175 -0.02499997 -0.001209378 0.2081727 -0.04199999 -0.001209378 0.2081727 -0.02499997 -0.001572549 0.2073878 -0.04199999 -0.001572549 0.2073878 -0.02499997 -0.002095997 0.2066992 -0.04199999 -0.002095997 0.2066992 -0.02499997 -0.002755224 0.2061392 -0.04199999 -0.002755224 0.2061392 -0.02499997 -0.003519415 0.2057341 -0.04199999 -0.003519415 0.2057341 -0.02499997 -0.004352867 0.2055026 -0.04199999 -0.004352867 0.2055026 -0.02499997 -0.005216538 0.2054558 -0.04199999 -0.005216538 0.2054558 -0.02499997 -0.006070077 0.2055958 -0.04199999 -0.006070077 0.2055958 -0.02499997 -0.006873607 0.2059159 -0.04199999 -0.006873607 0.2059159 -0.02499997 -0.007589519 0.2064013 -0.04199999 -0.007589519 0.2064013 -0.02499997 -0.008184373 0.2070293 -0.04199999 -0.008184373 0.2070293 -0.02499997 -0.008630275 0.2077704 -0.04199999 -0.008630275 0.2077704 -0.02499997 -0.008906424 0.2085901 -0.04199999 -0.008906424 0.2085901 -0.02499997 -0.008999943 0.20945 -0.02499997 -0.004999995 0.20945 -0.04199999 -0.004999995 0.20945 0.1299999 0.1368499 0.21613 0.1299999 0.11985 0.21613 0.1297716 0.11985 0.2149819 0.1297716 0.1368499 0.2149819 0.1291213 0.11985 0.2140086 0.1291213 0.1368499 0.2140086 0.128148 0.11985 0.2133584 0.128148 0.1368499 0.2133584 0.127 0.11985 0.2131299 0.127 0.1368499 0.2131299 0.07299995 0.1368499 0.2131299 0.07299995 0.11985 0.2131299 0.0718519 0.11985 0.2133584 0.0718519 0.1368499 0.2133584 0.07087868 0.11985 0.2140086 0.07087868 0.1368499 0.2140086 0.07022833 0.11985 0.2149819 0.07022833 0.1368499 0.2149819 0.06999999 0.11985 0.21613 0.06999999 0.1368499 0.21613 0.06999999 0.1368499 0.27013 0.06999999 0.11985 0.27013 0.07022833 0.11985 0.271278 0.07022833 0.1368499 0.271278 0.07087868 0.11985 0.2722513 0.07087868 0.1368499 0.2722513 0.0718519 0.11985 0.2729016 0.0718519 0.1368499 0.2729016 0.07299995 0.11985 0.27313 0.07299995 0.1368499 0.27313 0.127 0.1368499 0.27313 0.127 0.11985 0.27313 0.1285 0.11985 0.2727281 0.1285 0.1368499 0.2727281 0.129598 0.11985 0.27163 0.129598 0.1368499 0.27163 0.1299999 0.11985 0.27013 0.1299999 0.1368499 0.27013 0.105 0.22945 0.20113 0.1058599 0.2293565 0.21813 0.1058599 0.2293565 0.20113 0.1066795 0.2290803 0.21813 0.1066795 0.2290803 0.20113 0.1074207 0.2286344 0.21813 0.1074207 0.2286344 0.20113 0.1080486 0.2280395 0.21813 0.1080486 0.2280395 0.20113 0.108534 0.2273236 0.21813 0.108534 0.2273236 0.20113 0.1088542 0.2265201 0.21813 0.1088542 0.2265201 0.20113 0.1089941 0.2256665 0.21813 0.1089941 0.2256665 0.20113 0.1089473 0.2248029 0.21813 0.1089473 0.2248029 0.20113 0.1087159 0.2239694 0.21813 0.1087159 0.2239694 0.20113 0.1083107 0.2232052 0.21813 0.1083107 0.2232052 0.20113 0.1077508 0.222546 0.21813 0.1077508 0.222546 0.20113 0.1070622 0.2220225 0.21813 0.1070622 0.2220225 0.20113 0.1062772 0.2216594 0.21813 0.1062772 0.2216594 0.20113 0.1054325 0.2214734 0.21813 0.1054325 0.2214734 0.20113 0.1045675 0.2214734 0.21813 0.1045675 0.2214734 0.20113 0.1037228 0.2216594 0.21813 0.1037228 0.2216594 0.20113 0.1029378 0.2220225 0.21813 0.1029378 0.2220225 0.20113 0.1022492 0.222546 0.21813 0.1022492 0.222546 0.20113 0.1016892 0.2232052 0.21813 0.1016892 0.2232052 0.20113 0.1012841 0.2239694 0.21813 0.1012841 0.2239694 0.20113 0.1010527 0.2248029 0.21813 0.1010527 0.2248029 0.20113 0.1010059 0.2256665 0.21813 0.1010059 0.2256665 0.20113 0.1011458 0.2265201 0.21813 0.1011458 0.2265201 0.20113 0.101466 0.2273236 0.21813 0.101466 0.2273236 0.20113 0.1019513 0.2280395 0.21813 0.1019513 0.2280395 0.20113 0.1025793 0.2286344 0.21813 0.1025793 0.2286344 0.20113 0.1033204 0.2290803 0.21813 0.1033204 0.2290803 0.20113 0.1041401 0.2293565 0.21813 0.1041401 0.2293565 0.20113 0.105 0.22945 0.21813 0.105 0.22545 0.21813 0.105 0.22545 0.20113 0.09499996 0.22945 0.20113 0.09585988 0.2293565 0.21813 0.09585988 0.2293565 0.20113 0.0966795 0.2290803 0.21813 0.0966795 0.2290803 0.20113 0.09742069 0.2286344 0.21813 0.09742069 0.2286344 0.20113 0.09804862 0.2280395 0.21813 0.09804862 0.2280395 0.20113 0.09853404 0.2273236 0.21813 0.09853404 0.2273236 0.20113 0.09885418 0.2265201 0.21813 0.09885418 0.2265201 0.20113 0.09899413 0.2256665 0.21813 0.09899413 0.2256665 0.20113 0.09894728 0.2248029 0.21813 0.09894728 0.2248029 0.20113 0.0987159 0.2239694 0.21813 0.0987159 0.2239694 0.20113 0.0983107 0.2232052 0.21813 0.0983107 0.2232052 0.20113 0.09775078 0.222546 0.21813 0.09775078 0.222546 0.20113 0.09706217 0.2220225 0.21813 0.09706217 0.2220225 0.20113 0.09627717 0.2216594 0.21813 0.09627717 0.2216594 0.20113 0.09543246 0.2214734 0.21813 0.09543246 0.2214734 0.20113 0.09456747 0.2214734 0.21813 0.09456747 0.2214734 0.20113 0.09372276 0.2216594 0.21813 0.09372276 0.2216594 0.20113 0.09293776 0.2220225 0.21813 0.09293776 0.2220225 0.20113 0.09224915 0.222546 0.21813 0.09224915 0.222546 0.20113 0.09168922 0.2232052 0.21813 0.09168922 0.2232052 0.20113 0.09128409 0.2239694 0.21813 0.09128409 0.2239694 0.20113 0.09105265 0.2248029 0.21813 0.09105265 0.2248029 0.20113 0.09100586 0.2256665 0.21813 0.09100586 0.2256665 0.20113 0.09114575 0.2265201 0.21813 0.09114575 0.2265201 0.20113 0.09146595 0.2273236 0.21813 0.09146595 0.2273236 0.20113 0.09195131 0.2280395 0.21813 0.09195131 0.2280395 0.20113 0.0925793 0.2286344 0.21813 0.0925793 0.2286344 0.20113 0.09332042 0.2290803 0.21813 0.09332042 0.2290803 0.20113 0.09414011 0.2293565 0.21813 0.09414011 0.2293565 0.20113 0.09499996 0.22945 0.21813 0.09499996 0.22545 0.21813 0.09499996 0.22545 0.20113 0.131 0.03249996 0.24313 0.1291304 0.05099999 0.2537326 0.1291304 0.03249996 0.2537326 0.1237474 0.05099999 0.2630564 0.1237474 0.03249996 0.2630564 0.1155 0.05099999 0.2699768 0.1155 0.03249996 0.2699768 0.105383 0.05099999 0.2736591 0.105383 0.03249996 0.2736591 0.09461688 0.05099999 0.2736591 0.09461688 0.03249996 0.2736591 0.08449995 0.05099999 0.2699768 0.08449995 0.03249996 0.2699768 0.07625257 0.05099999 0.2630564 0.07625257 0.03249996 0.2630564 0.0708695 0.05099999 0.2537326 0.0708695 0.03249996 0.2537326 0.069 0.05099999 0.24313 0.069 0.03249996 0.24313 0.0708695 0.05099999 0.2325273 0.0708695 0.03249996 0.2325273 0.07625257 0.05099999 0.2232035 0.07625257 0.03249996 0.2232035 0.08449995 0.05099999 0.2162832 0.08449995 0.03249996 0.2162832 0.09461688 0.05099999 0.212601 0.09461688 0.03249996 0.212601 0.105383 0.05099999 0.212601 0.105383 0.03249996 0.212601 0.1155 0.05099999 0.2162832 0.1155 0.03249996 0.2162832 0.1237474 0.05099999 0.2232035 0.1237474 0.03249996 0.2232035 0.1291304 0.05099999 0.2325273 0.1291304 0.03249996 0.2325273 0.131 0.05099999 0.24313 0.1112228 0.03249996 0.229057 0.1162174 0.03249996 0.23532 0.118 0.03249996 0.24313 0.1162174 0.03249996 0.2509399 0.1112228 0.03249996 0.2572029 0.1040053 0.03249996 0.2606787 0.09599459 0.03249996 0.2606787 0.08877718 0.03249996 0.2572029 0.08378255 0.03249996 0.23532 0.08877718 0.03249996 0.229057 0.09599459 0.03249996 0.2255813 0.1040053 0.03249996 0.2255813 0.08378255 0.03249996 0.2509399 0.08199995 0.03249996 0.24313 0.118 0.02999997 0.24313 0.1162174 0.02999997 0.2509399 0.1112228 0.02999997 0.2572029 0.1040053 0.02999997 0.2606787 0.09599459 0.02999997 0.2606787 0.08877718 0.02999997 0.2572029 0.08378255 0.02999997 0.2509399 0.08199995 0.02999997 0.24313 0.08378255 0.02999997 0.23532 0.08877718 0.02999997 0.229057 0.09599459 0.02999997 0.2255813 0.1040053 0.02999997 0.2255813 0.1112228 0.02999997 0.229057 0.1162174 0.02999997 0.23532 0.1 0.02999997 0.23813 0.1025 0.02999997 0.2387998 0.1043301 0.02999997 0.24063 0.105 0.02999997 0.24313 0.1043301 0.02999997 0.24563 0.1025 0.02999997 0.2474601 0.1 0.02999997 0.24813 0.09749996 0.02999997 0.2474601 0.09566986 0.02999997 0.24563 0.09499996 0.02999997 0.24313 0.09566986 0.02999997 0.24063 0.09749996 0.02999997 0.2387998 0.105 0.03249996 0.24313 0.1043301 0.03249996 0.24563 0.1025 0.03249996 0.2474601 0.1 0.03249996 0.24813 0.09749996 0.03249996 0.2474601 0.09566986 0.03249996 0.24563 0.09499996 0.03249996 0.24313 0.09566986 0.03249996 0.24063 0.09749996 0.03249996 0.2387998 0.1 0.03249996 0.23813 0.1025 0.03249996 0.2387998 0.1043301 0.03249996 0.24063 0.1 0.03249996 0.24313 -0.06499999 0.05099999 0.05099999 -0.06599998 0.05099999 0.05812996 -0.06599998 0.05099999 0.03812998 -0.05231124 0.05099999 0.1424542 -0.05988681 0.05099999 0.1148907 0.1378162 0.05099999 0.284433 0.1265279 0.05099999 0.2924481 0.1552669 0.05099999 0.2340983 0.1557936 0.05099999 0.2479327 0.1529104 0.05099999 0.2614737 0.1467933 0.05099999 0.2738934 -0.06446731 0.05099999 0.08667445 0.102186 0.05099999 0.1660892 0.1173077 0.05099999 0.1836287 0.1345658 0.05099999 0.1990709 0.1443184 0.05099999 0.2088972 0.1513622 0.05099999 0.2208158 0.06749689 0.05099999 0.08123975 0.07196253 0.05099999 0.1039633 0.07932227 0.05099999 0.1259209 0.1136181 0.05099999 0.2974489 0.0998761 0.05099999 0.2991299 0.08614164 0.05099999 0.2973881 0.07325416 0.05099999 0.2923302 0.04890769 0.05099999 0.2773507 0.02630525 0.05099999 0.2598502 0.005706727 0.05099999 0.24003 0.06599998 0.05099999 0.05812996 0.06499999 0.05099999 0.05099999 0.06599998 0.05099999 0.03812998 0.06499999 0.05099999 0.04099994 -0.06499999 0.05099999 0.04099994 0.08945322 0.05099999 0.1467456 -0.0126509 0.05099999 0.2181181 -0.0285567 0.05099999 0.1943664 -0.04182767 0.05099999 0.1690481 0.06599998 0.06099998 0.03812998 -0.06599998 0.06099998 0.03812998 0.06599998 0.06099998 0.05812996 0.06749689 0.06099998 0.08123975 0.07196253 0.06099998 0.1039633 0.07932227 0.06099998 0.1259209 0.08945322 0.06099998 0.1467456 0.102186 0.06099998 0.1660892 0.1173077 0.06099998 0.1836287 0.1345658 0.06099998 0.1990709 0.1443184 0.06099998 0.2088972 0.1513622 0.06099998 0.2208158 0.1552669 0.06099998 0.2340983 0.1557936 0.06099998 0.2479327 0.1529104 0.06099998 0.2614737 0.1467933 0.06099998 0.2738934 0.1378162 0.06099998 0.284433 0.1265279 0.06099998 0.2924481 0.1136181 0.06099998 0.2974489 0.0998761 0.06099998 0.2991299 0.08614164 0.06099998 0.2973881 0.07325416 0.06099998 0.2923302 0.04890769 0.06099998 0.2773507 0.02630525 0.06099998 0.2598502 0.005706727 0.06099998 0.24003 -0.0126509 0.06099998 0.2181181 -0.0285567 0.06099998 0.1943664 -0.04182767 0.06099998 0.1690481 -0.05231124 0.06099998 0.1424542 -0.05988681 0.06099998 0.1148907 -0.06446731 0.06099998 0.08667445 -0.06599998 0.06099998 0.05812996 0.07946676 0.06099998 0.2786946 0.1030689 0.06099998 0.2840816 0.1150032 0.06099998 0.2813577 0.1256045 0.06099998 0.2752371 0.1339307 0.06099998 0.2662636 0.139242 0.06099998 0.2552345 0.1410665 0.06099998 0.24313 0.09086179 0.06099998 0.2831669 0.0698961 0.06099998 0.2151976 0.06300032 0.06099998 0.2253119 0.0698961 0.06099998 0.2710623 0.06300032 0.06099998 0.2609481 0.05939215 0.06099998 0.2492506 0.05893349 0.06099998 0.24313 0.05939215 0.06099998 0.2370094 0.09086179 0.06099998 0.2030931 0.07946676 0.06099998 0.2075653 0.139242 0.06099998 0.2310254 0.1339307 0.06099998 0.2199964 0.1256045 0.06099998 0.2110229 0.1150032 0.06099998 0.2049022 0.1030689 0.06099998 0.2021783 0.1339307 0.08499997 0.2662636 0.139242 0.08499997 0.2552345 0.1 0.08499997 0.24313 0.1410665 0.08499997 0.24313 0.139242 0.08499997 0.2310254 0.1030689 0.08499997 0.2840816 0.1150032 0.08499997 0.2813577 0.1256045 0.08499997 0.2752371 0.0698961 0.08499997 0.2710623 0.07946676 0.08499997 0.2786946 0.09086179 0.08499997 0.2831669 0.05939215 0.08499997 0.2370094 0.05939215 0.08499997 0.2492506 0.06300032 0.08499997 0.2609481 0.07946676 0.08499997 0.2075653 0.0698961 0.08499997 0.2151976 0.06300032 0.08499997 0.2253119 0.1150032 0.08499997 0.2049022 0.1030689 0.08499997 0.2021783 0.09086179 0.08499997 0.2030931 0.1339307 0.08499997 0.2199964 0.1256045 0.08499997 0.2110229 -0.02621316 -0.02987343 0.05099999 -0.02987343 -0.02621316 0.05099999 -0.06499999 -0.05249994 0.05099999 -0.03121316 -0.02121317 0.05099999 -0.03121316 0.02121317 0.05099999 -0.02987343 0.02621316 0.05099999 0.02621316 0.02987343 0.05099999 0.02987343 0.02621316 0.05099999 0.03121316 0.02121317 0.05099999 0.06499999 -0.05249994 0.05099999 0.03121316 -0.02121317 0.05099999 0.02987343 -0.02621316 0.05099999 0.02621316 -0.02987343 0.05099999 0.02121317 -0.03121316 0.05099999 -0.02121317 -0.03121316 0.05099999 -0.02621316 0.02987343 0.05099999 -0.02121317 0.03121316 0.05099999 0.02121317 0.03121316 0.05099999 -0.02899998 0 0 -0.02725106 0.00991857 0.006999969 -0.02725106 0.00991857 0 -0.02221524 0.01864081 0.006999969 -0.02221524 0.01864081 0 -0.01449996 0.02511471 0.006999969 -0.01449996 0.02511471 0 -0.005035758 0.02855938 0.006999969 -0.005035758 0.02855938 0 0.005035758 0.02855938 0.006999969 0.005035758 0.02855938 0 0.01449996 0.02511471 0.006999969 0.01449996 0.02511471 0 0.02221524 0.01864081 0.006999969 0.02221524 0.01864081 0 0.02725106 0.00991857 0.006999969 0.02725106 0.00991857 0 0.02899998 0 0.006999969 0.02899998 0 0 0.02725106 -0.00991857 0.006999969 0.02725106 -0.00991857 0 0.02221524 -0.01864081 0.006999969 0.02221524 -0.01864081 0 0.01449996 -0.02511471 0.006999969 0.01449996 -0.02511471 0 0.005035758 -0.02855938 0.006999969 0.005035758 -0.02855938 0 -0.005035758 -0.02855938 0.006999969 -0.005035758 -0.02855938 0 -0.01449996 -0.02511471 0.006999969 -0.01449996 -0.02511471 0 -0.02221524 -0.01864081 0.006999969 -0.02221524 -0.01864081 0 -0.02725106 -0.00991857 0.006999969 -0.02725106 -0.00991857 0 -0.02899998 0 0.006999969 0 0 0 -0.02899998 0 0 -0.03499996 0 0.006999969 -0.03328692 0.01081556 0.03099995 -0.03328692 0.01081556 0.006999969 -0.02831554 0.02057248 0.03099995 -0.02831554 0.02057248 0.006999969 -0.02057248 0.02831554 0.03099995 -0.02057248 0.02831554 0.006999969 -0.01081556 0.03328692 0.03099995 -0.01081556 0.03328692 0.006999969 0 0.03499996 0.03099995 0 0.03499996 0.006999969 0.01081556 0.03328692 0.03099995 0.01081556 0.03328692 0.006999969 0.02057248 0.02831554 0.03099995 0.02057248 0.02831554 0.006999969 0.02831554 0.02057248 0.03099995 0.02831554 0.02057248 0.006999969 0.03328692 0.01081556 0.03099995 0.03328692 0.01081556 0.006999969 0.03499996 0 0.03099995 0.03499996 0 0.006999969 0.03328692 -0.01081556 0.03099995 0.03328692 -0.01081556 0.006999969 0.02831554 -0.02057248 0.03099995 0.02831554 -0.02057248 0.006999969 0.02057248 -0.02831554 0.03099995 0.02057248 -0.02831554 0.006999969 0.01081556 -0.03328692 0.03099995 0.01081556 -0.03328692 0.006999969 0 -0.03499996 0.03099995 0 -0.03499996 0.006999969 -0.01081556 -0.03328692 0.03099995 -0.01081556 -0.03328692 0.006999969 -0.02057248 -0.02831554 0.03099995 -0.02057248 -0.02831554 0.006999969 -0.02831554 -0.02057248 0.03099995 -0.02831554 -0.02057248 0.006999969 -0.03328692 -0.01081556 0.03099995 -0.03328692 -0.01081556 0.006999969 -0.03499996 0 0.03099995 -0.03499996 0 0.006999969 -0.04649996 0 0.03099995 -0.0447756 0.01254552 0.04099994 -0.0447756 0.01254552 0.03099995 -0.03973048 0.02416062 0.04099994 -0.03973048 0.02416062 0.03099995 -0.03173869 0.03398382 0.04099994 -0.03173869 0.03398382 0.03099995 -0.021393 0.04128664 0.04099994 -0.021393 0.04128664 0.03099995 -0.009460687 0.04552739 0.04099994 -0.009460687 0.04552739 0.03099995 0.003173232 0.04639154 0.04099994 0.003173232 0.04639154 0.03099995 0.01557189 0.04381513 0.04099994 0.01557189 0.04381513 0.03099995 0.02681559 0.03798907 0.04099994 0.02681559 0.03798907 0.03099995 0.03607052 0.02934557 0.04099994 0.03607052 0.02934557 0.03099995 0.04265028 0.0185256 0.04099994 0.04265028 0.0185256 0.03099995 0.04606688 0.006331741 0.04099994 0.04606688 0.006331741 0.03099995 0.04606688 -0.006331741 0.04099994 0.04606688 -0.006331741 0.03099995 0.04265028 -0.0185256 0.04099994 0.04265028 -0.0185256 0.03099995 0.03607052 -0.02934557 0.04099994 0.03607052 -0.02934557 0.03099995 0.02681559 -0.03798907 0.04099994 0.02681559 -0.03798907 0.03099995 0.01557189 -0.04381513 0.04099994 0.01557189 -0.04381513 0.03099995 0.003173232 -0.04639154 0.04099994 0.003173232 -0.04639154 0.03099995 -0.009460687 -0.04552739 0.04099994 -0.009460687 -0.04552739 0.03099995 -0.021393 -0.04128664 0.04099994 -0.021393 -0.04128664 0.03099995 -0.03173869 -0.03398382 0.04099994 -0.03173869 -0.03398382 0.03099995 -0.03973048 -0.02416062 0.04099994 -0.03973048 -0.02416062 0.03099995 -0.0447756 -0.01254552 0.04099994 -0.0447756 -0.01254552 0.03099995 -0.04649996 0 0.04099994 -0.04649996 0 0.03099995 -0.06499999 -0.05249994 0.04099994 0.06499999 -0.05249994 0.04099994 -0.02121317 0.03121316 0.07499998 -0.02621316 0.02987343 0.07499998 -0.02987343 0.02621316 0.07499998 -0.03121316 0.02121317 0.07499998 -0.03121316 -0.02121317 0.07499998 -0.02987343 -0.02621316 0.07499998 -0.02621316 -0.02987343 0.07499998 -0.02121317 -0.03121316 0.07499998 0.02121317 -0.03121316 0.07499998 0.02621316 -0.02987343 0.07499998 0.02987343 -0.02621316 0.07499998 0.03121316 -0.02121317 0.07499998 0.03121316 0.02121317 0.07499998 0.02987343 0.02621316 0.07499998 0.02621316 0.02987343 0.07499998 0.02121317 0.03121316 0.07499998 -0.06599998 -0.05099999 0.05812996 -0.06599998 -0.06099998 0.05812996 -0.06446731 -0.06099998 0.08667445 -0.06446731 -0.05099999 0.08667445 -0.05988681 -0.06099998 0.1148907 -0.05988681 -0.05099999 0.1148907 -0.05231124 -0.06099998 0.1424542 -0.05231124 -0.05099999 0.1424542 -0.04182767 -0.06099998 0.1690481 -0.04182767 -0.05099999 0.1690481 -0.0285567 -0.06099998 0.1943664 -0.0285567 -0.05099999 0.1943664 -0.0126509 -0.06099998 0.2181181 -0.0126509 -0.05099999 0.2181181 0.005706727 -0.06099998 0.24003 0.005706727 -0.05099999 0.24003 0.02630525 -0.06099998 0.2598502 0.02630525 -0.05099999 0.2598502 0.04890769 -0.06099998 0.2773507 0.04890769 -0.05099999 0.2773507 0.07325416 -0.06099998 0.2923302 0.07325416 -0.05099999 0.2923302 0.08510971 -0.06099998 0.2971141 0.08510971 -0.05099999 0.2971141 0.0977413 -0.06099998 0.2990844 0.0977413 -0.05099999 0.2990844 0.1104906 -0.06099998 0.2981386 0.1104906 -0.05099999 0.2981386 0.1226932 -0.06099998 0.2943258 0.1226932 -0.05099999 0.2943258 0.1337131 -0.06099998 0.287845 0.1337131 -0.05099999 0.287845 0.1429759 -0.06099998 0.2790336 0.1429759 -0.05099999 0.2790336 0.1499989 -0.06099998 0.2683511 0.1499989 -0.05099999 0.2683511 0.1544162 -0.06099998 0.2563541 0.1544162 -0.05099999 0.2563541 0.1559974 -0.06099998 0.2436679 0.1559974 -0.05099999 0.2436679 0.1546602 -0.06099998 0.2309536 0.1546602 -0.05099999 0.2309536 0.1504742 -0.06099998 0.218874 0.1504742 -0.05099999 0.218874 0.1436577 -0.06099998 0.2080585 0.1436577 -0.05099999 0.2080585 0.1345658 -0.06099998 0.1990709 0.1345658 -0.05099999 0.1990709 0.1173077 -0.05099999 0.1836287 0.1173077 -0.06099998 0.1836287 0.102186 -0.05099999 0.1660892 0.102186 -0.06099998 0.1660892 0.08945322 -0.05099999 0.1467456 0.08945322 -0.06099998 0.1467456 0.07932227 -0.05099999 0.1259209 0.07932227 -0.06099998 0.1259209 0.07196253 -0.05099999 0.1039633 0.07196253 -0.06099998 0.1039633 0.06749689 -0.05099999 0.08123975 0.06749689 -0.06099998 0.08123975 0.06599998 -0.05099999 0.05812996 0.06599998 -0.06099998 0.05812996 0.06599998 -0.05099999 0.03812998 0.06599998 -0.06099998 0.03812998 -0.06599998 -0.05099999 0.03812998 -0.06599998 -0.06099998 0.03812998 -0.01899999 -0.023 0.19945 -0.01899999 -0.023 0.21995 -0.01930445 -0.02146923 0.19945 -0.01930445 -0.02146923 0.21995 -0.02017152 -0.02017152 0.19945 -0.02017152 -0.02017152 0.21995 -0.02146923 -0.01930445 0.19945 -0.02146923 -0.01930445 0.21995 -0.023 -0.01899999 0.19945 -0.023 -0.01899999 0.21995 -0.02394974 -0.01899999 0.22345 -0.02394974 -0.01899999 0.21995 -0.01947486 -0.01452511 0.22345 -0.01947486 -0.01452511 0.21995 -0.01699995 -0.0187 0.20245 -0.01699995 -0.0187 0.21995 -0.01614999 -0.01847219 0.20245 -0.01614999 -0.01847219 0.21995 -0.01552772 -0.01784998 0.20245 -0.01552772 -0.01784998 0.21995 -0.01529997 -0.01699995 0.20245 -0.01529997 -0.01699995 0.21995 -0.01552772 -0.01614999 0.20245 -0.01552772 -0.01614999 0.21995 -0.01614999 -0.01552772 0.20245 -0.01614999 -0.01552772 0.21995 -0.01699995 -0.01529997 0.20245 -0.01699995 -0.01529997 0.21995 -0.01784998 -0.01847219 0.21995 -0.0187 -0.01699995 0.21995 -0.01847219 -0.01784998 0.21995 -0.01899999 -0.02394974 0.21995 -0.01452511 -0.01947486 0.21995 -0.01367127 -0.01808154 0.21995 -0.01354306 -0.01645243 0.21995 -0.01416844 -0.0149427 0.21995 -0.01541101 -0.01388144 0.21995 -0.01699995 -0.01349997 0.21995 -0.01784998 -0.01552772 0.21995 -0.01833939 -0.0137664 0.21995 -0.01847219 -0.01614999 0.21995 -0.01699995 -0.01349997 0.22345 -0.01754748 -0.01354306 0.22345 -0.01858896 -0.01388144 0.22345 -0.01452511 -0.01947486 0.22345 -0.01388144 -0.01858896 0.22345 -0.01367127 -0.01808154 0.22345 -0.01354306 -0.01754748 0.22345 -0.01354306 -0.01645243 0.22345 -0.01388144 -0.01541101 0.22345 -0.01416844 -0.0149427 0.22345 -0.01452511 -0.01452511 0.22345 -0.01645243 -0.01354306 0.22345 -0.01541101 -0.01388144 0.22345 -0.01899999 -0.02394974 0.22345 -0.01899999 -0.02649998 0.22345 -0.01899999 -0.02649998 0.19945 -0.01599997 -0.02949994 0.22345 -0.01677644 -0.02939772 0.22345 -0.01599997 -0.02949994 0.19945 -0.01749998 -0.02909803 0.19945 -0.01749998 -0.02909803 0.22345 -0.0181213 -0.02862131 0.22345 -0.01859807 -0.02799999 0.19945 -0.01889777 -0.02727645 0.22345 -0.01859807 -0.02799999 0.22345 0.01599997 -0.02949994 0.22345 0.01599997 -0.02949994 0.19945 0.01899999 -0.02649998 0.19945 0.01899999 -0.02649998 0.22345 0.01889777 -0.02727645 0.22345 0.01859807 -0.02799999 0.19945 0.01859807 -0.02799999 0.22345 0.0181213 -0.02862131 0.22345 0.01749998 -0.02909803 0.19945 0.01677644 -0.02939772 0.22345 0.01749998 -0.02909803 0.22345 0.01899999 -0.02394974 0.22345 0.01899999 -0.02394974 0.21995 0.01899999 -0.023 0.21995 0.01899999 -0.023 0.19945 0.02649998 -0.01899999 0.22345 0.02394974 -0.01899999 0.22345 0.02394974 -0.01899999 0.21995 0.023 -0.01899999 0.21995 0.023 -0.01899999 0.19945 0.02649998 -0.01899999 0.19945 0.01947486 -0.01452511 0.22345 0.01947486 -0.01452511 0.21995 0.01699995 -0.01349997 0.22345 0.01699995 -0.01349997 0.21995 0.01754748 -0.01354306 0.22345 0.01833939 -0.0137664 0.21995 0.01858896 -0.01388144 0.22345 0.0187 -0.01699995 0.21995 0.01847219 -0.01784998 0.21995 0.02146923 -0.01930445 0.21995 0.01847219 -0.01614999 0.21995 0.01784998 -0.01552772 0.21995 0.01699995 -0.01529997 0.21995 0.01614999 -0.01552772 0.21995 0.01541101 -0.01388144 0.21995 0.01552772 -0.01614999 0.21995 0.01416844 -0.0149427 0.21995 0.01529997 -0.01699995 0.21995 0.01354306 -0.01645243 0.21995 0.01552772 -0.01784998 0.21995 0.01367127 -0.01808154 0.21995 0.01614999 -0.01847219 0.21995 0.01452511 -0.01947486 0.21995 0.01699995 -0.0187 0.21995 0.01784998 -0.01847219 0.21995 0.01930445 -0.02146923 0.21995 0.02017152 -0.02017152 0.21995 0.01645243 -0.01354306 0.22345 0.01541101 -0.01388144 0.22345 0.01452511 -0.01452511 0.22345 0.01416844 -0.0149427 0.22345 0.01388144 -0.01541101 0.22345 0.01354306 -0.01645243 0.22345 0.01354306 -0.01754748 0.22345 0.01452511 -0.01947486 0.22345 0.01388144 -0.01858896 0.22345 0.01367127 -0.01808154 0.22345 0.01449817 -0.01950174 0.2236413 0.01894831 -0.02397114 0.2236713 0.01447772 -0.01952219 0.2237 0.01879775 -0.02403348 0.2238516 0.01442152 -0.01957839 0.2238035 0.01434832 -0.01965165 0.223883 0.01869064 -0.02407783 0.2239122 0.01858288 -0.02412247 0.2239431 0.01417154 -0.01982837 0.22395 0.01849997 -0.0241568 0.22395 0.01755797 -0.0134769 0.2237 0.01758658 -0.01329612 0.223883 0.01641333 -0.01329612 0.223883 0.01982837 -0.01417154 0.22395 0.01881593 -0.01343595 0.22395 0.01965165 -0.01434832 0.223883 0.01870244 -0.0136587 0.223883 0.0136587 -0.01870244 0.223883 0.01343595 -0.01881593 0.22395 0.01329612 -0.01758658 0.223883 0.01304924 -0.01762568 0.22395 0.01329612 -0.01641333 0.223883 0.01304924 -0.01637423 0.22395 0.0136587 -0.01529753 0.223883 0.01343595 -0.01518398 0.22395 0.01434832 -0.01434832 0.223883 0.01417154 -0.01417154 0.22395 0.01529753 -0.0136587 0.223883 0.01518398 -0.01343595 0.22395 0.01637423 -0.01304924 0.22395 0.01762568 -0.01304924 0.22395 0.016442 -0.0134769 0.2237 0.01538062 -0.01382178 0.2237 0.01447772 -0.01447772 0.2237 0.01382178 -0.01538062 0.2237 0.0134769 -0.016442 0.2237 0.0134769 -0.01755797 0.2237 0.01382178 -0.01861935 0.2237 0.01861935 -0.01382178 0.2237 0.01952219 -0.01447772 0.2237 0.01957839 -0.01442152 0.2238035 0.0241568 -0.01849997 0.22395 0.02407783 -0.01869076 0.2239121 0.02405166 -0.01875382 0.2238807 0.02401071 -0.01885271 0.2238044 0.02397996 -0.01892691 0.2237102 0.02396559 -0.01896166 0.2236418 0.02395063 -0.01899778 0.2234967 0.02649998 -0.01893299 0.2237 0.02649998 -0.01874995 0.223883 0.02649998 -0.01849997 0.22395 0.02721172 -0.01865625 0.223883 0.02725911 -0.01883304 0.2237 0.02727645 -0.01889777 0.22345 0.02799999 -0.01859807 0.22345 0.02796649 -0.01854002 0.2237 0.02862131 -0.0181213 0.22345 0.02857393 -0.01807391 0.2237 0.02909803 -0.01749998 0.22345 0.02904003 -0.01746648 0.2237 0.02939772 -0.01677644 0.22345 0.02933305 -0.01675909 0.2237 0.02949994 -0.01599997 0.22345 0.02943301 -0.01599997 0.2237 0.027875 -0.01838153 0.223883 0.02844452 -0.01794451 0.223883 0.02888154 -0.01737499 0.223883 0.02915626 -0.01671171 0.223883 0.02924996 -0.01599997 0.223883 0.02714699 -0.01841479 0.22395 0.02774995 -0.01816505 0.22395 0.02826774 -0.01776772 0.22395 0.02866506 -0.01725 0.22395 0.0289148 -0.01664704 0.22395 0.02899998 -0.01599997 0.22395 0.02949994 -0.01599997 0.19945 0.02909803 -0.01749998 0.19945 0.02799999 -0.01859807 0.19945 0.02949994 0.01599997 0.22345 0.02949994 0.01599997 0.19945 -0.005499958 -0.02779996 0.19945 0.02779996 -0.005499958 0.19945 0.005499958 0.02779996 0.19945 0.005499958 0.01999998 0.19945 0.004299998 0.01999998 0.19945 0.004299998 -0.02779996 0.19945 -0.004299998 -0.02779996 0.19945 -0.004299998 -0.01999998 0.19945 -0.005499958 -0.01999998 0.19945 0.02779996 0.004299998 0.19945 0.02779996 -0.004299998 0.19945 0.01999998 -0.004299998 0.19945 0.01999998 -0.005499958 0.19945 -0.03299999 -0.01899999 0.19945 -0.03299999 -0.01729995 0.19945 -0.023 -0.01729995 0.19945 -0.02081871 -0.01773387 0.19945 -0.01896947 -0.01896947 0.19945 -0.01773387 -0.02081871 0.19945 -0.01729995 -0.023 0.19945 -0.01729995 -0.02649998 0.19945 -0.01712578 -0.02714997 0.19945 -0.01664996 -0.02762579 0.19945 -0.01599997 -0.02779996 0.19945 -0.004299998 0.01999998 0.19945 -0.005499958 0.01999998 0.19945 -0.004299998 0.02779996 0.19945 -0.005499958 0.02779996 0.19945 -0.03299999 0.01729995 0.19945 -0.03299999 0.01899999 0.19945 -0.023 0.01729995 0.19945 -0.023 0.01899999 0.19945 -0.02081871 0.01773387 0.19945 -0.02146923 0.01930445 0.19945 -0.01896947 0.01896947 0.19945 -0.02017152 0.02017152 0.19945 -0.01773387 0.02081871 0.19945 -0.01930445 0.02146923 0.19945 -0.01729995 0.023 0.19945 -0.01899999 0.023 0.19945 -0.01729995 0.02649998 0.19945 -0.01899999 0.02649998 0.19945 -0.017201 0.02699744 0.19945 -0.01859807 0.02799999 0.19945 0.01599997 0.02949994 0.19945 0.01749998 0.02909803 0.19945 0.01649749 0.02770102 0.19945 0.004299998 -0.01999998 0.19945 0.005499958 -0.01999998 0.19945 0.005499958 -0.02779996 0.19945 0.01599997 -0.02779996 0.19945 0.01664996 -0.02762579 0.19945 0.01712578 -0.02714997 0.19945 0.01729995 -0.02649998 0.19945 0.01729995 -0.023 0.19945 0.01930445 -0.02146923 0.19945 0.01773387 -0.02081871 0.19945 0.02017152 -0.02017152 0.19945 0.01896947 -0.01896947 0.19945 0.02146923 -0.01930445 0.19945 0.02081871 -0.01773387 0.19945 0.023 -0.01729995 0.19945 0.02649998 -0.01729995 0.19945 0.02714997 -0.01712578 0.19945 0.02762579 -0.01664996 0.19945 0.02779996 -0.01599997 0.19945 0.01599997 0.02779996 0.19945 0.004299998 0.02779996 0.19945 -0.01599997 0.02949994 0.19945 -0.01599997 0.02779996 0.19945 -0.01749998 0.02909803 0.19945 -0.01649749 0.02770102 0.19945 -0.01691919 0.0274192 0.19945 0.01999998 0.004299998 0.19945 0.01999998 0.005499958 0.19945 0.02779996 0.005499958 0.19945 0.02779996 0.01599997 0.19945 0.02909803 0.01749998 0.19945 0.02762579 0.01664996 0.19945 0.02799999 0.01859807 0.19945 0.02714997 0.01712578 0.19945 0.02649998 0.01899999 0.19945 0.02649998 0.01729995 0.19945 0.023 0.01899999 0.19945 0.023 0.01729995 0.19945 0.02146923 0.01930445 0.19945 0.02081871 0.01773387 0.19945 0.02017152 0.02017152 0.19945 0.01896947 0.01896947 0.19945 0.01930445 0.02146923 0.19945 0.01773387 0.02081871 0.19945 0.01899999 0.023 0.19945 0.01729995 0.023 0.19945 0.01899999 0.02649998 0.19945 0.01729995 0.02649998 0.19945 0.01859807 0.02799999 0.19945 0.017201 0.02699744 0.19945 0.01691919 0.0274192 0.19945 -0.023 0.01899999 0.21995 -0.02146923 0.01930445 0.21995 -0.02017152 0.02017152 0.21995 -0.01930445 0.02146923 0.21995 -0.01899999 0.023 0.21995 -0.01699995 0.01529997 0.20245 -0.01699995 0.01529997 0.21995 -0.01614999 0.01552772 0.20245 -0.01614999 0.01552772 0.21995 -0.01552772 0.01614999 0.20245 -0.01552772 0.01614999 0.21995 -0.01529997 0.01699995 0.20245 -0.01529997 0.01699995 0.21995 -0.01552772 0.01784998 0.20245 -0.01552772 0.01784998 0.21995 -0.01614999 0.01847219 0.20245 -0.01614999 0.01847219 0.21995 -0.01699995 0.0187 0.20245 -0.01699995 0.0187 0.21995 -0.0187 0.01699995 0.21995 -0.01847219 0.01784998 0.21995 -0.01784998 0.01847219 0.21995 -0.02394974 0.01899999 0.21995 -0.01847219 0.01614999 0.21995 -0.01947486 0.01452511 0.21995 -0.01784998 0.01552772 0.21995 -0.01815593 0.01369637 0.21995 -0.01660811 0.01352196 0.21995 -0.01513785 0.01403641 0.21995 -0.01403641 0.01513785 0.21995 -0.01352196 0.01660811 0.21995 -0.01369637 0.01815593 0.21995 -0.01452511 0.01947486 0.21995 -0.01899999 0.02394974 0.21995 -0.0281583 -0.01849997 0.21995 -0.03799998 -0.01849997 0.21995 -0.02799856 -0.01859885 0.2199401 -0.03799998 -0.01874995 0.219883 -0.02771842 -0.01874136 0.2198878 -0.03799998 -0.01885354 0.2198035 -0.02741414 -0.0188573 0.2197997 -0.03799998 -0.0189619 0.2196413 -0.02688354 -0.01897537 0.2196049 -0.02707296 -0.01894474 0.2196784 -0.03799998 -0.01893299 0.2197 -0.03799998 -0.01899999 0.2194499 -0.02649998 -0.01899999 0.2194499 -0.02651011 -0.01899993 0.2194541 -0.04049998 -0.01599997 0.21995 -0.04074996 -0.01599997 0.219883 -0.04065626 -0.01671171 0.219883 -0.04093301 -0.01599997 0.2197 -0.04083305 -0.01675909 0.2197 -0.04099994 -0.01599997 0.2194499 -0.04089772 -0.01677644 0.2194499 -0.04059803 -0.01749998 0.2194499 -0.04054003 -0.01746648 0.2197 -0.04012131 -0.0181213 0.2194499 -0.04007393 -0.01807391 0.2197 -0.03949999 -0.01859807 0.2194499 -0.0394665 -0.01854002 0.2197 -0.03877645 -0.01889777 0.2194499 -0.03875911 -0.01883304 0.2197 -0.04038155 -0.01737499 0.219883 -0.03994452 -0.01794451 0.219883 -0.03937494 -0.01838153 0.219883 -0.03871172 -0.01865625 0.219883 -0.04041481 -0.01664704 0.21995 -0.04016506 -0.01725 0.21995 -0.03976774 -0.01776772 0.21995 -0.03924995 -0.01816505 0.21995 -0.03864699 -0.01841479 0.21995 -0.03799998 0.01849997 0.21995 -0.0281583 0.01849997 0.21995 -0.03799998 0.0186913 0.2199119 -0.02799856 0.01859885 0.2199401 -0.03799998 0.01874995 0.219883 -0.02771842 0.01874136 0.2198878 -0.03799998 0.01885354 0.2198035 -0.02753365 0.01881629 0.2198372 -0.03799998 0.01893299 0.2197 -0.02712243 0.01893466 0.219697 -0.03799998 0.0189619 0.2196413 -0.02688354 0.01897537 0.2196049 -0.03799998 0.01899999 0.2194499 -0.02651011 0.01899993 0.2194541 -0.02649998 0.01899999 0.2194499 0.01849997 0.02649998 0.22395 0.01874995 0.02649998 0.223883 0.01865625 0.02721172 0.223883 0.01893299 0.02649998 0.2237 0.01883304 0.02725911 0.2237 0.01899999 0.02649998 0.22345 0.01889777 0.02727645 0.22345 0.01859807 0.02799999 0.22345 0.01854002 0.02796649 0.2237 0.0181213 0.02862131 0.22345 0.01807391 0.02857393 0.2237 0.01749998 0.02909803 0.22345 0.01746648 0.02904003 0.2237 0.01677644 0.02939772 0.22345 0.01675909 0.02933305 0.2237 0.01599997 0.02949994 0.22345 0.01599997 0.02943301 0.2237 0.01838153 0.027875 0.223883 0.01794451 0.02844452 0.223883 0.01737499 0.02888154 0.223883 0.01671171 0.02915626 0.223883 0.01599997 0.02924996 0.223883 0.01841479 0.02714699 0.22395 0.01816505 0.02774995 0.22395 0.01776772 0.02826774 0.22395 0.01725 0.02866506 0.22395 0.01664704 0.0289148 0.22395 0.01599997 0.02899998 0.22395 -0.01599997 0.02899998 0.22395 -0.01599997 0.02924996 0.223883 -0.01599997 0.02943301 0.2237 -0.01599997 0.02949994 0.22345 -0.01671171 0.02915626 0.223883 -0.01675909 0.02933305 0.2237 -0.01677644 0.02939772 0.22345 -0.01749998 0.02909803 0.22345 -0.01746648 0.02904003 0.2237 -0.0181213 0.02862131 0.22345 -0.01807391 0.02857393 0.2237 -0.01859807 0.02799999 0.22345 -0.01854002 0.02796649 0.2237 -0.01889777 0.02727645 0.22345 -0.01883304 0.02725911 0.2237 -0.01899999 0.02649998 0.22345 -0.01893299 0.02649998 0.2237 -0.01737499 0.02888154 0.223883 -0.01794451 0.02844452 0.223883 -0.01838153 0.027875 0.223883 -0.01865625 0.02721172 0.223883 -0.01874995 0.02649998 0.223883 -0.01664704 0.0289148 0.22395 -0.01725 0.02866506 0.22395 -0.01776772 0.02826774 0.22395 -0.01816505 0.02774995 0.22395 -0.01841479 0.02714699 0.22395 -0.01849997 0.02649998 0.22395 -0.01849997 0.0241568 0.22395 -0.01869076 0.02407783 0.2239121 -0.01885271 0.02401071 0.2238044 -0.01875382 0.02405166 0.2238807 -0.01899999 0.02394974 0.22345 -0.01899778 0.02395063 0.2234967 -0.01896166 0.02396559 0.2236418 -0.01892691 0.02397996 0.2237102 -0.01452511 0.01947486 0.22345 -0.01447772 0.01952219 0.2237 -0.01442152 0.01957839 0.2238035 -0.01434832 0.01965165 0.223883 -0.01417154 0.01982837 0.22395 -0.01582187 0.01363313 0.2237 -0.01576143 0.01346039 0.223883 -0.01500487 0.01382476 0.223883 -0.01567888 0.01322442 0.22395 -0.01487183 0.0136131 0.22395 -0.01660811 0.01352196 0.22345 -0.01699995 0.01349997 0.22345 -0.01699995 0.01343297 0.2237 -0.01584398 0.01369637 0.22345 -0.01417154 0.01417154 0.22395 -0.01434832 0.01434832 0.223883 -0.0136131 0.01487183 0.22395 -0.01382476 0.01500487 0.223883 -0.01322442 0.01567888 0.22395 -0.01346039 0.01576143 0.223883 -0.0130251 0.01655209 0.22395 -0.01327353 0.0165801 0.223883 -0.0130251 0.01744782 0.22395 -0.01327353 0.01741981 0.223883 -0.01322442 0.01832109 0.22395 -0.01346039 0.01823854 0.223883 -0.0136131 0.01912808 0.22395 -0.01382476 0.0189951 0.223883 -0.0151022 0.01397973 0.2237 -0.01447772 0.01447772 0.2237 -0.01397973 0.0151022 0.2237 -0.01363313 0.01582187 0.2237 -0.01345539 0.0166006 0.2237 -0.01345539 0.01739937 0.2237 -0.01363313 0.0181781 0.2237 -0.01397973 0.01889771 0.2237 -0.01699995 0.01299995 0.22395 -0.01699995 0.01324999 0.223883 -0.01513785 0.01403641 0.22345 -0.01452511 0.01452511 0.22345 -0.01403641 0.01513785 0.22345 -0.01369637 0.01584398 0.22345 -0.01352196 0.01660811 0.22345 -0.01352196 0.01739186 0.22345 -0.01369637 0.01815593 0.22345 -0.01403641 0.01886206 0.22345 -0.01982837 0.01417154 0.22395 -0.01912808 0.0136131 0.22395 -0.01965165 0.01434832 0.223883 -0.0189951 0.01382476 0.223883 -0.01952219 0.01447772 0.2237 -0.01889771 0.01397973 0.2237 -0.01947486 0.01452511 0.22345 -0.01886206 0.01403641 0.22345 -0.01832109 0.01322442 0.22395 -0.01823854 0.01346039 0.223883 -0.0181781 0.01363313 0.2237 -0.01815593 0.01369637 0.22345 -0.0241568 0.01849997 0.22395 -0.02412247 0.01858288 0.2239431 -0.02405351 0.01874947 0.2238833 -0.02403348 0.01879775 0.2238516 -0.02397757 0.0189327 0.2237005 -0.02397114 0.01894831 0.2236713 -0.02394974 0.01899999 0.22345 -0.02649998 0.01899999 0.22345 -0.02649998 0.01893299 0.2237 -0.02649998 0.01874995 0.223883 -0.02649998 0.01849997 0.22395 -0.02721172 0.01865625 0.223883 -0.02725911 0.01883304 0.2237 -0.02727645 0.01889777 0.22345 -0.02799999 0.01859807 0.22345 -0.02796649 0.01854002 0.2237 -0.02862131 0.0181213 0.22345 -0.02857393 0.01807391 0.2237 -0.02909803 0.01749998 0.22345 -0.02904003 0.01746648 0.2237 -0.02939772 0.01677644 0.22345 -0.02933305 0.01675909 0.2237 -0.02949994 0.01599997 0.22345 -0.02943301 0.01599997 0.2237 -0.027875 0.01838153 0.223883 -0.02844452 0.01794451 0.223883 -0.02888154 0.01737499 0.223883 -0.02915626 0.01671171 0.223883 -0.02924996 0.01599997 0.223883 -0.02714699 0.01841479 0.22395 -0.02774995 0.01816505 0.22395 -0.02826774 0.01776772 0.22395 -0.02866506 0.01725 0.22395 -0.0289148 0.01664704 0.22395 -0.02899998 0.01599997 0.22395 -0.02899998 -0.01599997 0.22395 -0.02924996 -0.01599997 0.223883 -0.02943301 -0.01599997 0.2237 -0.02949994 -0.01599997 0.22345 -0.02949994 0.01599997 0.21995 -0.02949994 -0.01599997 0.21995 -0.02909803 0.01749998 0.21995 -0.02909803 -0.01749998 0.21995 -0.04002249 0.01746946 0.21995 -0.03877252 0.0183776 0.21995 -0.03946942 0.01802253 0.21995 -0.04037761 0.0167725 0.21995 -0.04049998 0.01599997 0.21995 -0.03892701 0.01885312 0.2194499 -0.03891527 0.01881694 0.2196413 -0.03974097 0.01839625 0.2196413 -0.03949999 0.01859807 0.2194499 -0.03976333 0.01842701 0.2194499 -0.04042702 0.01776331 0.2194499 -0.04039621 0.01774096 0.2196413 -0.04059803 0.01749998 0.2194499 -0.04081696 0.01691526 0.2196413 -0.04085314 0.016927 0.2194499 -0.04099994 0.01599997 0.2194499 -0.04096192 0.01599997 0.2196413 -0.03888177 0.01871389 0.2198035 -0.03967726 0.01830852 0.2198035 -0.04030853 0.01767724 0.2198035 -0.04071384 0.01688176 0.2198035 -0.0408535 0.01599997 0.2198035 -0.03883165 0.01855957 0.2199119 -0.03958189 0.01817733 0.2199119 -0.04017734 0.01758188 0.2199119 -0.04055958 0.01683163 0.2199119 -0.04069131 0.01599997 0.2199119 -0.03929996 -0.007999956 0.20945 -0.04199999 -0.007999956 0.20945 -0.03929996 -0.007598042 0.21095 -0.04199999 -0.007598042 0.21095 -0.03929996 -0.006499946 0.2120481 -0.04199999 -0.006499946 0.2120481 -0.03929996 -0.004999995 0.21245 -0.04199999 -0.004999995 0.21245 -0.03929996 -0.003499984 0.2120481 -0.04199999 -0.003499984 0.2120481 -0.03929996 -0.002401888 0.21095 -0.04199999 -0.002401888 0.21095 -0.03929996 -0.001999974 0.20945 -0.04199999 -0.001999974 0.20945 -0.03929996 0.001999974 0.20945 -0.04199999 0.001999974 0.20945 -0.03929996 0.002401888 0.21095 -0.04199999 0.002401888 0.21095 -0.03929996 0.003499984 0.2120481 -0.04199999 0.003499984 0.2120481 -0.03929996 0.004999995 0.21245 -0.04199999 0.004999995 0.21245 -0.03929996 0.006499946 0.2120481 -0.04199999 0.006499946 0.2120481 -0.03929996 0.007598042 0.21095 -0.04199999 0.007598042 0.21095 -0.03929996 0.007999956 0.20945 -0.04199999 0.007999956 0.20945 -0.04099994 -0.008999943 0.20945 -0.04099994 -0.008695483 0.2109807 -0.04199999 -0.008695483 0.2109807 -0.04099994 -0.007828414 0.2122784 -0.04199999 -0.007828414 0.2122784 -0.04099994 -0.006530702 0.2131455 -0.04199999 -0.006530702 0.2131455 -0.04099994 -0.004999995 0.21345 -0.04199999 -0.004999995 0.21345 -0.04099994 -0.003204882 0.2130246 -0.04199999 -0.003204882 0.2130246 -0.04099994 -0.001791596 0.2118388 -0.04199999 -0.001791596 0.2118388 -0.04199999 0.001791596 0.2118388 -0.04099994 0.001791596 0.2118388 -0.04099994 0.003204882 0.2130246 -0.04199999 0.003204882 0.2130246 -0.04099994 0.004999995 0.21345 -0.04199999 0.004999995 0.21345 -0.04199999 0 0.21295 -0.04099994 0 0.21295 -0.04099994 7.23405e-4 0.2128146 -0.04199999 7.23405e-4 0.2128146 -0.04099994 0.001348793 0.2124267 -0.04199999 0.001348793 0.2124267 -0.04099994 -0.001348793 0.2124267 -0.04199999 -0.001348793 0.2124267 -0.04099994 -7.23405e-4 0.2128146 -0.04199999 -7.23405e-4 0.2128146 -0.04099994 0 0.21295 -0.04199999 0 0.21295 -0.04199999 0.008999943 0.20945 -0.04199999 0.008695483 0.2109807 -0.04199999 0.007828414 0.2122784 -0.04199999 0.006530702 0.2131455 -0.04099994 0.006530702 0.2131455 -0.04099994 0.007828414 0.2122784 -0.04099994 0.008695483 0.2109807 -0.04099994 0.008999943 0.20945 -0.04099994 0.01599997 0.20945 -0.04099994 0 0.21295 -0.04099994 -0.01599997 0.20945 -0.04059803 0.01749998 0.20945 -0.03949999 0.01859807 0.20945 -0.03799998 0.01899999 0.20945 -0.03299999 0.01899999 0.20945 0.01899999 0.02394974 0.22345 0.01899999 0.02394974 0.21995 0.01899999 0.023 0.21995 0.01699995 0.0187 0.21995 0.01784998 0.01847219 0.21995 0.01930445 0.02146923 0.21995 0.0187 0.01699995 0.21995 0.023 0.01899999 0.21995 0.01847219 0.01784998 0.21995 0.02146923 0.01930445 0.21995 0.02017152 0.02017152 0.21995 0.01614999 0.01847219 0.21995 0.01452511 0.01947486 0.21995 0.01552772 0.01784998 0.21995 0.01369637 0.01815593 0.21995 0.01529997 0.01699995 0.21995 0.01352196 0.01660811 0.21995 0.01552772 0.01614999 0.21995 0.01403641 0.01513785 0.21995 0.01614999 0.01552772 0.21995 0.01513785 0.01403641 0.21995 0.01699995 0.01529997 0.21995 0.01660811 0.01352196 0.21995 0.01784998 0.01552772 0.21995 0.01815593 0.01369637 0.21995 0.01847219 0.01614999 0.21995 0.01947486 0.01452511 0.21995 0.02394974 0.01899999 0.21995 0.01849997 0.0241568 0.22395 0.01417154 0.01982837 0.22395 0.01434832 0.01965165 0.223883 0.01875382 0.02405166 0.2238807 0.01447772 0.01952219 0.2237 0.01892691 0.02397996 0.2237102 0.01899778 0.02395063 0.2234967 0.01452511 0.01947486 0.22345 0.02394974 0.01899999 0.22345 0.01947486 0.01452511 0.22345 0.02395063 0.01899778 0.2234967 0.01952219 0.01447772 0.2237 0.02396559 0.01896166 0.2236418 0.02397996 0.01892691 0.2237102 0.01957839 0.01442152 0.2238035 0.02401071 0.01885271 0.2238044 0.02405166 0.01875382 0.2238807 0.01965165 0.01434832 0.223883 0.02407783 0.01869076 0.2239121 0.01982837 0.01417154 0.22395 0.0241568 0.01849997 0.22395 0.0189951 0.01382476 0.223883 0.01912808 0.0136131 0.22395 0.01699995 0.01299995 0.22395 0.01832109 0.01322442 0.22395 0.01699995 0.01324999 0.223883 0.01823854 0.01346039 0.223883 0.01699995 0.01343297 0.2237 0.0181781 0.01363313 0.2237 0.01699995 0.01349997 0.22345 0.01815593 0.01369637 0.22345 0.01889771 0.01397973 0.2237 0.01886206 0.01403641 0.22345 0.01397973 0.01889771 0.2237 0.01382476 0.0189951 0.223883 0.0136131 0.01912808 0.22395 0.01322442 0.01832109 0.22395 0.01346039 0.01823854 0.223883 0.0130251 0.01744782 0.22395 0.01327353 0.01741981 0.223883 0.0130251 0.01655209 0.22395 0.01327353 0.0165801 0.223883 0.01322442 0.01567888 0.22395 0.01346039 0.01576143 0.223883 0.0136131 0.01487183 0.22395 0.01382476 0.01500487 0.223883 0.01417154 0.01417154 0.22395 0.01434832 0.01434832 0.223883 0.01487183 0.0136131 0.22395 0.01500487 0.01382476 0.223883 0.01567888 0.01322442 0.22395 0.01576143 0.01346039 0.223883 0.01655209 0.0130251 0.22395 0.0165801 0.01327353 0.223883 0.01363313 0.0181781 0.2237 0.01345539 0.01739937 0.2237 0.01345539 0.0166006 0.2237 0.01363313 0.01582187 0.2237 0.01397973 0.0151022 0.2237 0.01447772 0.01447772 0.2237 0.0151022 0.01397973 0.2237 0.01582187 0.01363313 0.2237 0.0166006 0.01345539 0.2237 0.01403641 0.01886206 0.22345 0.01369637 0.01815593 0.22345 0.01352196 0.01739186 0.22345 0.01352196 0.01660811 0.22345 0.01369637 0.01584398 0.22345 0.01403641 0.01513785 0.22345 0.01452511 0.01452511 0.22345 0.01513785 0.01403641 0.22345 0.01584398 0.01369637 0.22345 0.01660811 0.01352196 0.22345 0.02649998 0.01899999 0.22345 0.02727645 0.01889777 0.22345 0.02799999 0.01859807 0.22345 0.02862131 0.0181213 0.22345 0.02939772 0.01677644 0.22345 0.02909803 0.01749998 0.22345 0.02899998 0.01599997 0.22395 0.02924996 0.01599997 0.223883 0.02915626 0.01671171 0.223883 0.02943301 0.01599997 0.2237 0.02933305 0.01675909 0.2237 0.02904003 0.01746648 0.2237 0.02857393 0.01807391 0.2237 0.02796649 0.01854002 0.2237 0.02725911 0.01883304 0.2237 0.02649998 0.01893299 0.2237 0.02888154 0.01737499 0.223883 0.02844452 0.01794451 0.223883 0.027875 0.01838153 0.223883 0.02721172 0.01865625 0.223883 0.02649998 0.01874995 0.223883 0.0289148 0.01664704 0.22395 0.02866506 0.01725 0.22395 0.02826774 0.01776772 0.22395 0.02774995 0.01816505 0.22395 0.02714699 0.01841479 0.22395 0.02649998 0.01849997 0.22395 0.008499979 0.009584009 0.22365 0.008499979 0.009584009 0.22395 0.008286833 0.01065552 0.22365 0.008286833 0.01065552 0.22395 0.007679879 0.01156389 0.22365 0.007679879 0.01156389 0.22395 0.006771504 0.01217085 0.22365 0.006771504 0.01217085 0.22395 0.005699992 0.01238399 0.22365 0.005699992 0.01238399 0.22395 -0.01229995 -0.002424836 0.22365 0.004299998 -0.01200884 0.22365 -0.01229995 0.002424836 0.22365 0.004299998 0.01200884 0.22365 0.007573544 -0.0116648 0.22365 0.008257925 -0.01072287 0.22365 0.008499979 -0.009584009 0.22365 0.005407273 -0.01236867 0.22365 0.006565213 -0.01224696 0.22365 0.004975259 0.01228857 0.22365 -0.01332485 0.001399993 0.22365 -0.01369994 0 0.22365 -0.01332485 -0.001399993 0.22365 0.004299998 -0.01200884 0.22395 0.005407273 -0.01236867 0.22395 0.006565213 -0.01224696 0.22395 0.007573544 -0.0116648 0.22395 0.008257925 -0.01072287 0.22395 0.008499979 -0.009584009 0.22395 -0.01229995 -0.002424836 0.22395 -0.01229995 0.002424836 0.22395 -0.01332485 0.001399993 0.22395 -0.01369994 0 0.22365 -0.01369994 0 0.22395 -0.01332485 -0.001399993 0.22395 0.004299998 0.01200884 0.22395 -0.01369994 0 0.22395 0.01599997 -0.02899998 0.22395 -0.01343595 -0.01881593 0.22395 -0.01417154 -0.01982837 0.22395 -0.01982837 -0.01417154 0.22395 -0.01881593 -0.01343595 0.22395 -0.01762568 -0.01304924 0.22395 -0.01637423 -0.01304924 0.22395 -0.01518398 -0.01343595 0.22395 -0.01417154 -0.01417154 0.22395 -0.01343595 -0.01518398 0.22395 -0.01304924 -0.01637423 0.22395 -0.01304924 -0.01762568 0.22395 0.01849997 -0.02649998 0.22395 0.01841479 -0.02714699 0.22395 0.01816505 -0.02774995 0.22395 -0.02649998 -0.01849997 0.22395 -0.0241568 -0.01849997 0.22395 -0.01725 -0.02866506 0.22395 -0.01664704 -0.0289148 0.22395 -0.01776772 -0.02826774 0.22395 -0.01599997 -0.02899998 0.22395 -0.01816505 -0.02774995 0.22395 0.004975259 0.01228857 0.22395 0.01664704 -0.0289148 0.22395 0.01725 -0.02866506 0.22395 0.01776772 -0.02826774 0.22395 -0.01849997 -0.0241568 0.22395 -0.01849997 -0.02649998 0.22395 -0.01841479 -0.02714699 0.22395 -0.0289148 -0.01664704 0.22395 -0.02866506 -0.01725 0.22395 -0.02714699 -0.01841479 0.22395 -0.02826774 -0.01776772 0.22395 -0.02774995 -0.01816505 0.22395 0.01599997 -0.02924996 0.223883 0.01671171 -0.02915626 0.223883 0.01599997 -0.02943301 0.2237 0.01675909 -0.02933305 0.2237 0.01746648 -0.02904003 0.2237 0.01807391 -0.02857393 0.2237 0.01854002 -0.02796649 0.2237 0.01883304 -0.02725911 0.2237 0.01893299 -0.02649998 0.2237 0.01737499 -0.02888154 0.223883 0.01794451 -0.02844452 0.223883 0.01838153 -0.027875 0.223883 0.01865625 -0.02721172 0.223883 0.01874995 -0.02649998 0.223883 -0.01599997 -0.02924996 0.223883 -0.01599997 -0.02943301 0.2237 -0.01874995 -0.02649998 0.223883 -0.01865625 -0.02721172 0.223883 -0.01893299 -0.02649998 0.2237 -0.01883304 -0.02725911 0.2237 -0.01854002 -0.02796649 0.2237 -0.01807391 -0.02857393 0.2237 -0.01746648 -0.02904003 0.2237 -0.01675909 -0.02933305 0.2237 -0.01838153 -0.027875 0.223883 -0.01794451 -0.02844452 0.223883 -0.01737499 -0.02888154 0.223883 -0.01671171 -0.02915626 0.223883 -0.01894831 -0.02397114 0.2236713 -0.01869064 -0.02407783 0.2239122 -0.01874947 -0.02405351 0.2238833 -0.01879775 -0.02403348 0.2238516 -0.0189327 -0.02397757 0.2237005 -0.01858288 -0.02412247 0.2239431 -0.01434832 -0.01965165 0.223883 -0.01442152 -0.01957839 0.2238035 -0.01447772 -0.01952219 0.2237 -0.01382178 -0.01861935 0.2237 -0.0136587 -0.01870244 0.223883 -0.01329612 -0.01758658 0.223883 -0.01329612 -0.01641333 0.223883 -0.0136587 -0.01529753 0.223883 -0.01434832 -0.01434832 0.223883 -0.01529753 -0.0136587 0.223883 -0.01641333 -0.01329612 0.223883 -0.0134769 -0.01755797 0.2237 -0.0134769 -0.016442 0.2237 -0.01382178 -0.01538062 0.2237 -0.01447772 -0.01447772 0.2237 -0.01538062 -0.01382178 0.2237 -0.016442 -0.0134769 0.2237 -0.01758658 -0.01329612 0.223883 -0.01870244 -0.0136587 0.223883 -0.01755797 -0.0134769 0.2237 -0.01861935 -0.01382178 0.2237 -0.01965165 -0.01434832 0.223883 -0.01952219 -0.01447772 0.2237 -0.02397114 -0.01894831 0.2236713 -0.02397757 -0.0189327 0.2237005 -0.02403348 -0.01879775 0.2238516 -0.02405351 -0.01874947 0.2238833 -0.02412247 -0.01858288 0.2239431 -0.02649998 -0.01874995 0.223883 -0.02649998 -0.01893299 0.2237 -0.02649998 -0.01899999 0.22345 -0.02915626 -0.01671171 0.223883 -0.02933305 -0.01675909 0.2237 -0.02939772 -0.01677644 0.22345 -0.02909803 -0.01749998 0.22345 -0.02904003 -0.01746648 0.2237 -0.02862131 -0.0181213 0.22345 -0.02857393 -0.01807391 0.2237 -0.02799999 -0.01859807 0.22345 -0.02796649 -0.01854002 0.2237 -0.02727645 -0.01889777 0.22345 -0.02725911 -0.01883304 0.2237 -0.02888154 -0.01737499 0.223883 -0.02844452 -0.01794451 0.223883 -0.027875 -0.01838153 0.223883 -0.02721172 -0.01865625 0.223883 -0.03799998 -0.01899999 0.20945 -0.03299999 -0.01899999 0.20945 -0.03949999 -0.01859807 0.20945 -0.04059803 -0.01749998 0.20945 -0.04049998 0.01299995 0.19945 -0.04049998 0.01299995 0.1849499 -0.04074996 0.01293301 0.1849499 -0.04074996 0.01293301 0.19945 -0.04093301 0.01274996 0.1849499 -0.04093301 0.01274996 0.19945 -0.04099994 0.01249998 0.1849499 -0.04099994 0.01249998 0.19945 -0.03799998 0.01299995 0.1849499 -0.03799998 0.01299995 0.19945 -0.03499996 0.01599997 0.1849499 -0.03503692 0.01553064 0.1849499 -0.03499996 0.01599997 0.19945 -0.03514683 0.01507294 0.19945 -0.03514683 0.01507294 0.1849499 -0.03532695 0.014638 0.1849499 -0.03557294 0.01423662 0.19945 -0.03557294 0.01423662 0.1849499 -0.03587865 0.01387864 0.1849499 -0.03623664 0.01357293 0.19945 -0.03623664 0.01357293 0.1849499 -0.03663802 0.01332694 0.1849499 -0.03707289 0.01314681 0.19945 -0.03753066 0.0130369 0.1849499 -0.03707289 0.01314681 0.1849499 -0.03499996 0.01849997 0.1849499 -0.03499996 0.01849997 0.19945 -0.0345 0.01599997 0.18445 -0.03469133 0.01599997 0.184488 -0.0345 0.01849997 0.18445 -0.03469133 0.01849997 0.184488 -0.03474998 0.01849997 0.184517 -0.03474998 0.01599997 0.184517 -0.03485351 0.01849997 0.1845964 -0.03485351 0.01599997 0.1845964 -0.03493297 0.01849997 0.1847 -0.03493297 0.01599997 0.1847 -0.03496193 0.01849997 0.1847586 -0.03496193 0.01599997 0.1847586 -0.03497076 0.01552021 0.1847 -0.03454303 0.01545244 0.18445 -0.03478997 0.01549154 0.184517 -0.0346713 0.01491838 0.18445 -0.03490906 0.01499569 0.184517 -0.03488147 0.01441103 0.18445 -0.03510421 0.01452451 0.184517 -0.0351684 0.01394271 0.18445 -0.03537064 0.01408964 0.184517 -0.03552508 0.01352512 0.18445 -0.03570187 0.01370185 0.184517 -0.03594273 0.01316839 0.18445 -0.03608965 0.01337069 0.184517 -0.03641098 0.01288145 0.18445 -0.03652453 0.0131042 0.184517 -0.0369184 0.01267129 0.18445 -0.03699564 0.01290905 0.184517 -0.03745245 0.01254308 0.18445 -0.03749155 0.01278996 0.184517 -0.03799998 0.01249998 0.18445 -0.03799998 0.01274996 0.184517 -0.03508311 0.01505219 0.1847 -0.03526729 0.0146076 0.1847 -0.0355187 0.01419723 0.1847 -0.03583127 0.01383131 0.1847 -0.03619724 0.01351875 0.1847 -0.03660756 0.01326727 0.1847 -0.03705221 0.0130831 0.1847 -0.03752017 0.01297074 0.1847 -0.03799998 0.01293301 0.1847 -0.04049998 0.01249998 0.18445 -0.04049998 0.01274996 0.184517 -0.04049998 0.01293301 0.1847 -0.04049998 -0.01249998 0.18445 -0.04074996 -0.01249998 0.184517 -0.04074996 0.01249998 0.184517 -0.04093301 -0.01249998 0.1847 -0.04093301 0.01249998 0.1847 -0.04099994 -0.01249998 0.1849499 -0.04049998 -0.01299995 0.1849499 -0.04074996 -0.01293301 0.1849499 -0.04074996 -0.01287496 0.1847335 -0.04093301 -0.01262497 0.1847335 -0.04093301 -0.01271647 0.184825 -0.04074996 -0.01271647 0.184575 -0.04049998 -0.01293301 0.1847 -0.04049998 -0.01274996 0.184517 -0.04093301 -0.01274996 0.1849499 -0.03799998 -0.01249998 0.18445 -0.03799998 -0.01274996 0.184517 -0.03799998 -0.01293301 0.1847 -0.03799998 -0.01299995 0.1849499 -0.03752017 -0.01297074 0.1847 -0.03749155 -0.01278996 0.184517 -0.03745245 -0.01254308 0.18445 -0.0369184 -0.01267129 0.18445 -0.03699564 -0.01290905 0.184517 -0.03641098 -0.01288145 0.18445 -0.03652453 -0.0131042 0.184517 -0.03594273 -0.01316839 0.18445 -0.03608965 -0.01337069 0.184517 -0.03552508 -0.01352512 0.18445 -0.03570187 -0.01370185 0.184517 -0.0351684 -0.01394271 0.18445 -0.03537064 -0.01408964 0.184517 -0.03488147 -0.01441103 0.18445 -0.03510421 -0.01452451 0.184517 -0.0346713 -0.01491838 0.18445 -0.03490906 -0.01499569 0.184517 -0.03454303 -0.01545244 0.18445 -0.03478997 -0.01549154 0.184517 -0.0345 -0.01599997 0.18445 -0.03474998 -0.01599997 0.184517 -0.03705221 -0.0130831 0.1847 -0.03660756 -0.01326727 0.1847 -0.03619724 -0.01351875 0.1847 -0.03583127 -0.01383131 0.1847 -0.0355187 -0.01419723 0.1847 -0.03526729 -0.0146076 0.1847 -0.03508311 -0.01505219 0.1847 -0.03497076 -0.01552021 0.1847 -0.03493297 -0.01599997 0.1847 -0.03753066 -0.0130369 0.1849499 -0.03707289 -0.01314681 0.1849499 -0.03663802 -0.01332694 0.1849499 -0.03623664 -0.01357293 0.1849499 -0.03587865 -0.01387864 0.1849499 -0.03557294 -0.01423662 0.1849499 -0.03532695 -0.014638 0.1849499 -0.03514683 -0.01507294 0.1849499 -0.03503692 -0.01553064 0.1849499 -0.03499996 -0.01599997 0.1849499 -0.0345 -0.01849997 0.18445 -0.03474998 -0.01849997 0.184517 -0.03493297 -0.01849997 0.1847 -0.03499996 -0.01849997 0.1849499 -0.03499996 -0.01849997 0.19945 -0.03499996 -0.01599997 0.19945 -0.03493297 -0.01874995 0.1849499 -0.03493297 -0.01874995 0.19945 -0.03474998 -0.01893299 0.1849499 -0.03474998 -0.01893299 0.19945 -0.0345 -0.01899999 0.1849499 -0.0345 -0.01899999 0.19945 -0.03493297 -0.01873093 0.1848543 -0.03493297 -0.01859563 0.184719 -0.03474998 -0.01890003 0.1847842 -0.03493297 -0.01867675 0.1847732 -0.03474998 -0.01880615 0.1846438 -0.03474998 -0.01866567 0.1845499 -0.0345 -0.0189619 0.1847586 -0.0345 -0.01893299 0.1847 -0.0345 -0.01885354 0.1845964 -0.0345 -0.01874995 0.184517 -0.0345 -0.0186913 0.184488 -0.02999997 -0.01849997 0.18445 -0.02999997 -0.01874995 0.184517 -0.02999997 -0.01893299 0.1847 -0.02999997 -0.01899999 0.1849499 -0.02999997 0.01849997 0.18445 -0.0345 0.01874995 0.184517 -0.02999997 0.01874995 0.184517 -0.0345 0.01893299 0.1847 -0.02999997 0.01893299 0.1847 -0.0345 0.01899999 0.1849499 -0.02999997 0.01899999 0.1849499 -0.03493297 0.01862496 0.1847335 -0.03493297 0.01874995 0.1849499 -0.03493297 0.01871645 0.184825 -0.03474998 0.01871645 0.184575 -0.03474998 0.018875 0.1847335 -0.03474998 0.01893299 0.1849499 -0.0345 0.01899999 0.19945 -0.03474998 0.01893299 0.19945 -0.03493297 0.01874995 0.19945 -0.03799998 0.01899999 0.19945 -0.02999997 0.01899999 0.19945 -0.03799998 0.01769995 0.20945 -0.03799998 0.01769995 0.19945 -0.03726238 0.01753163 0.20945 -0.03726238 0.01753163 0.19945 -0.03667086 0.01705992 0.20945 -0.03667086 0.01705992 0.19945 -0.03634262 0.01637828 0.20945 -0.03634262 0.01637828 0.19945 -0.03634262 0.01562166 0.20945 -0.03634262 0.01562166 0.19945 -0.03667086 0.01494002 0.20945 -0.03667086 0.01494002 0.19945 -0.03726238 0.01446831 0.20945 -0.03726238 0.01446831 0.19945 -0.03799998 0.01429998 0.20945 -0.03799998 0.01429998 0.19945 -0.04099994 0.01599997 0.19945 -0.03873759 0.01446831 0.19945 -0.03932911 0.01494002 0.19945 -0.03965735 0.01562166 0.19945 -0.03965735 0.01637828 0.19945 -0.04085314 0.016927 0.19945 -0.03932911 0.01705992 0.19945 -0.04042702 0.01776331 0.19945 -0.03976333 0.01842701 0.19945 -0.03873759 0.01753163 0.19945 -0.03892701 0.01885312 0.19945 -0.03892701 0.01885312 0.20945 -0.03976333 0.01842701 0.20945 -0.04042702 0.01776331 0.20945 -0.04085314 0.016927 0.20945 -0.03929996 -0.002180874 0.2084239 -0.04199999 -0.002180874 0.2084239 -0.03929996 -0.002701818 0.2075216 -0.04199999 -0.002701818 0.2075216 -0.03929996 -0.003499984 0.2068519 -0.04199999 -0.003499984 0.2068519 -0.03929996 -0.00447905 0.2064955 -0.04199999 -0.00447905 0.2064955 -0.03929996 -0.005520939 0.2064955 -0.04199999 -0.005520939 0.2064955 -0.03929996 -0.006499946 0.2068519 -0.04199999 -0.006499946 0.2068519 -0.03929996 -0.007298111 0.2075216 -0.04199999 -0.007298111 0.2075216 -0.03929996 -0.007819056 0.2084239 -0.04199999 -0.007819056 0.2084239 -0.04199999 -0.001127004 0.20845 -0.04199999 0.001127004 0.20845 -0.04099994 -0.001127004 0.20845 -0.04099994 0.001127004 0.20845 -0.04099994 0.008795678 0.2081879 -0.04199999 0.008795678 0.2081879 -0.04099994 0.008203625 0.2070549 -0.04199999 0.008203625 0.2070549 -0.04099994 0.007284283 0.2061664 -0.04199999 0.007284283 0.2061664 -0.04099994 0.006131649 0.2056134 -0.04199999 0.006131649 0.2056134 -0.04099994 0.004863381 0.2054523 -0.04199999 0.004863381 0.2054523 -0.04099994 0.003609061 0.2056996 -0.04199999 0.003609061 0.2056996 -0.04099994 0.002496838 0.20633 -0.04199999 0.002496838 0.20633 -0.04099994 0.001640319 0.2072791 -0.04199999 0.001640319 0.2072791 -0.03929996 0.007819056 0.2084239 -0.04199999 0.007819056 0.2084239 -0.03929996 0.007298111 0.2075216 -0.04199999 0.007298111 0.2075216 -0.03929996 0.006499946 0.2068519 -0.04199999 0.006499946 0.2068519 -0.03929996 0.005520939 0.2064955 -0.04199999 0.005520939 0.2064955 -0.03929996 0.00447905 0.2064955 -0.04199999 0.00447905 0.2064955 -0.03929996 0.003499984 0.2068519 -0.04199999 0.003499984 0.2068519 -0.03929996 0.002701818 0.2075216 -0.04199999 0.002701818 0.2075216 -0.03929996 0.002180874 0.2084239 -0.04199999 0.002180874 0.2084239 -0.04199999 -0.008795678 0.2081879 -0.04199999 -0.008203625 0.2070549 -0.04199999 -0.007284283 0.2061664 -0.04199999 -0.006131649 0.2056134 -0.04199999 -0.004863381 0.2054523 -0.04199999 -0.003609061 0.2056996 -0.04199999 -0.001640319 0.2072791 -0.04199999 -0.002496838 0.20633 -0.04099994 -0.001640319 0.2072791 -0.04099994 -0.002496838 0.20633 -0.04099994 -0.003609061 0.2056996 -0.04099994 -0.004863381 0.2054523 -0.04099994 -0.006131649 0.2056134 -0.04099994 -0.007284283 0.2061664 -0.04099994 -0.008203625 0.2070549 -0.04099994 -0.008795678 0.2081879 -0.04099994 -0.01599997 0.19945 -0.04085314 -0.016927 0.19945 -0.04085314 -0.016927 0.20945 -0.04042702 -0.01776331 0.19945 -0.04042702 -0.01776331 0.20945 -0.03976333 -0.01842701 0.19945 -0.03976333 -0.01842701 0.20945 -0.03892701 -0.01885312 0.19945 -0.03892701 -0.01885312 0.20945 -0.03799998 -0.01899999 0.19945 -0.04099994 -0.01249998 0.19945 -0.04093301 -0.01274996 0.19945 -0.04074996 -0.01293301 0.19945 -0.04049998 -0.01299995 0.19945 -0.03799998 -0.01299995 0.19945 -0.03707289 -0.01314681 0.19945 -0.03623664 -0.01357293 0.19945 -0.03557294 -0.01423662 0.19945 -0.03514683 -0.01507294 0.19945 -0.03799998 -0.01769995 0.20945 -0.03799998 -0.01769995 0.19945 -0.03873759 -0.01753163 0.20945 -0.03873759 -0.01753163 0.19945 -0.03932911 -0.01705992 0.20945 -0.03932911 -0.01705992 0.19945 -0.03965735 -0.01637828 0.20945 -0.03965735 -0.01637828 0.19945 -0.03965735 -0.01562166 0.20945 -0.03965735 -0.01562166 0.19945 -0.03932911 -0.01494002 0.20945 -0.03932911 -0.01494002 0.19945 -0.03873759 -0.01446831 0.20945 -0.03873759 -0.01446831 0.19945 -0.03799998 -0.01429998 0.20945 -0.03799998 -0.01429998 0.19945 -0.03726238 -0.01446831 0.20945 -0.03726238 -0.01446831 0.19945 -0.03667086 -0.01494002 0.20945 -0.03667086 -0.01494002 0.19945 -0.03634262 -0.01562166 0.20945 -0.03634262 -0.01562166 0.19945 -0.03634262 -0.01637828 0.20945 -0.03634262 -0.01637828 0.19945 -0.03667086 -0.01705992 0.20945 -0.03667086 -0.01705992 0.19945 -0.03726238 -0.01753163 0.20945 -0.03726238 -0.01753163 0.19945 -0.02999997 -0.01899999 0.19945 -0.02999997 0.01729995 0.19945 -0.02999997 0.01729995 0.18615 -0.02999997 -0.01729995 0.19945 -0.02999997 -0.01729995 0.18615 0.02959805 0.02849996 0.11545 0.02978932 0.02810424 0.11545 0.02972322 0.02807807 0.1150796 0.02898591 0.02723777 0.11445 0.02885955 0.02773618 0.11445 0.02919536 0.0278691 0.1145175 0.02866142 0.02811414 0.11445 0.02841418 0.02841418 0.11445 0.02866959 0.02866959 0.1145175 0.02795642 0.02875673 0.11445 0.0278691 0.02919536 0.1145175 0.02773618 0.02885955 0.11445 0.02699995 0.02899998 0.11445 0.02949994 0.02699995 0.114584 0.02899998 0.02699995 0.11445 0.02951359 0.0279951 0.1147392 0.02970343 0.02699995 0.1147392 0.02699995 0.02936112 0.1145175 0.02699995 0.02970343 0.1147392 0.0279951 0.02951359 0.1147392 0.02699995 0.02992886 0.1150796 0.02807807 0.02972322 0.1150796 0.02699995 0.02999997 0.11545 0.02810424 0.02978932 0.11545 0.02849996 0.02959805 0.11545 0.02891159 0.02891159 0.1147392 0.02907097 0.02907097 0.1150796 0.02912127 0.02912127 0.11545 0.02986598 0.02699995 0.11495 0.02992886 0.02699995 0.1150796 0.02999997 0.02699995 0.11545 0.02899998 0.01959997 0.11445 0.02949994 0.01959997 0.114584 0.02986598 0.01959997 0.11495 0.02999997 0.01959997 0.11545 0.02999997 0.01959997 0.11795 0.02629995 0.01959997 0.11795 0.02629995 0.01959997 0.11445 0.02779996 0.0151 0.1154177 0.02879995 0.0151 0.1163967 0.02827304 0.01476079 0.1159222 0.02379995 0.0151 0.1163967 0.02432692 0.01476079 0.1159222 0.02382826 0.01447296 0.1168745 0.02346152 0.01560163 0.1168745 0.02326667 0.01558119 0.11795 0.02324998 0.01589995 0.11795 0.02358555 0.01678192 0.1168745 0.02450722 0.0134325 0.11795 0.02462238 0.01359099 0.1168745 0.02477496 0.01325857 0.11795 0.02570658 0.01310825 0.1168745 0.02782499 0.01325857 0.11795 0.02693408 0.01291662 0.11795 0.02689337 0.01310825 0.1168745 0.02629995 0.01284998 0.11795 0.02566581 0.01291662 0.11795 0.02913844 0.01560163 0.1168745 0.02894133 0.01437497 0.11795 0.02877169 0.01447296 0.1168745 0.02809274 0.0134325 0.11795 0.02797758 0.01359099 0.1168745 0.02901434 0.01678192 0.1168745 0.02934998 0.01589995 0.11795 0.02933329 0.01558119 0.11795 0.02339923 0.01684248 0.11795 0.02403336 0.01794081 0.11795 0.02417898 0.01780974 0.1168745 0.0250594 0.01868629 0.11795 0.02513909 0.0185073 0.1168745 0.02629995 0.01894998 0.11795 0.02629995 0.01875406 0.1168745 0.0275405 0.01868629 0.11795 0.02746081 0.0185073 0.1168745 0.02856653 0.01794081 0.11795 0.02842098 0.01780974 0.1168745 0.02920067 0.01684248 0.11795 0.02709996 0.01339995 0.1163967 0.02496081 0.0140568 0.1159222 0.02549999 0.01377862 0.1159098 0.02549999 0.01339995 0.1163967 0.02629995 0.01339995 0.1162028 0.02684783 0.01339995 0.1162909 0.02544426 0.01467359 0.1152917 0.02549284 0.01449954 0.1153635 0.02549999 0.01439994 0.1154177 0.0248 0.0151 0.1154177 0.02500438 0.01506948 0.1153167 0.02535188 0.01483052 0.1152555 0.02520555 0.01497054 0.1152591 0.02365857 0.01437497 0.11795 0.02379995 0.01562374 0.1162248 0.0248 0.01669996 0.1154177 0.02417862 0.01669996 0.1159098 0.02460688 0.01742446 0.1159222 0.02379995 0.01669996 0.1163967 0.02523058 0.01684808 0.1152555 0.02507358 0.01675564 0.1152917 0.02489954 0.01670706 0.1153635 0.02724808 0.01696938 0.1152555 0.02715563 0.01712638 0.1152917 0.02799308 0.01742446 0.1159222 0.02710711 0.01730042 0.1153635 0.02709996 0.01739996 0.1154177 0.02722662 0.01798135 0.1159222 0.02709996 0.01839995 0.1163967 0.02842128 0.01669996 0.1159098 0.02779996 0.01669996 0.1154177 0.02739441 0.01682943 0.1152591 0.02759557 0.01673048 0.1153167 0.02879995 0.01669996 0.1163967 0.02879995 0.01589995 0.1162028 0.02879995 0.01562374 0.1162248 0.02722942 0.01480555 0.1152591 0.02736937 0.01495188 0.1152555 0.02763915 0.0140568 0.1159222 0.02752637 0.01504427 0.1152917 0.02770042 0.01509284 0.1153635 0.02709996 0.01377862 0.1159098 0.02709996 0.0144 0.1154177 0.02713048 0.01460438 0.1153167 0.02379995 0.01589995 0.1162028 0.02537328 0.01798135 0.1159222 0.02537053 0.01699441 0.1152591 0.02546948 0.01719558 0.1153167 0.02549999 0.01739996 0.1154177 0.02549999 0.01839995 0.1163967 0.02629995 0.01839995 0.1162028 0.02259999 0.01589995 0.11795 0.02999997 0.01219999 0.11795 0.02629995 0.01219999 0.11795 0.02309566 0.01404994 0.11795 0.02445 0.01269567 0.11795 0.02309566 0.01774996 0.11795 0.02445 0.01910424 0.11795 0.02899998 0.01219999 0.11445 0.02629995 0.01219999 0.11445 0.02986598 0.01219999 0.11495 0.02949994 0.01219999 0.114584 0.02999997 0.01219999 0.11545 0.02899998 -0.02699995 0.11445 0.02949994 -0.02699995 0.114584 0.02970349 -0.02699995 0.1147393 0.02986598 -0.02699995 0.11495 0.02992886 -0.02699995 0.1150797 0.02999997 -0.02699995 0.11545 0.02849996 -0.02959805 0.11545 0.02810424 -0.02978932 0.11545 0.02807807 -0.02972322 0.1150797 0.02724409 -0.0289852 0.11445 0.02773618 -0.02885955 0.11445 0.02786916 -0.02919548 0.1145175 0.0281192 -0.02865797 0.11445 0.02841418 -0.02841418 0.11445 0.02866971 -0.02866971 0.1145175 0.02875858 -0.02795308 0.11445 0.02919548 -0.02786916 0.1145175 0.02885955 -0.02773618 0.11445 0.02699995 -0.0293613 0.1145175 0.02699995 -0.02899998 0.11445 0.02972322 -0.02807807 0.1150797 0.02951365 -0.0279951 0.1147393 0.02978932 -0.02810424 0.11545 0.02959805 -0.02849996 0.11545 0.02891165 -0.02891165 0.1147393 0.02907103 -0.02907103 0.1150797 0.02912127 -0.02912127 0.11545 0.0279951 -0.02951365 0.1147393 0.02699995 -0.02970349 0.1147393 0.02699995 -0.02992886 0.1150797 0.02699995 -0.02999997 0.11545 0.01219999 -0.02999997 0.11545 0.01219999 -0.02986598 0.11495 0.01219999 -0.02949994 0.114584 0.01219999 -0.02629995 0.11795 0.01219999 -0.02999997 0.11795 0.01219999 -0.02629995 0.11445 0.01219999 -0.02899998 0.11445 -0.02699995 -0.02999997 0.11545 -0.02699995 -0.02995049 0.1151393 -0.02699995 -0.02986598 0.11495 -0.02699995 -0.02980691 0.1148594 -0.02699995 -0.02899998 0.11445 -0.02699995 -0.02930223 0.1144968 -0.02699995 -0.02949994 0.114584 -0.02788102 -0.029127 0.1144968 -0.02795642 -0.02875673 0.11445 -0.02884769 -0.02776533 0.11445 -0.02866142 -0.02811414 0.11445 -0.02862793 -0.02862793 0.1144968 -0.02841418 -0.02841418 0.11445 -0.02930223 -0.02699995 0.1144968 -0.02899998 -0.02699995 0.11445 -0.02898591 -0.02723777 0.11445 -0.02977162 -0.02814805 0.11545 -0.02999997 -0.02699995 0.11545 -0.02995049 -0.02699995 0.1151393 -0.02814805 -0.02977162 0.11545 -0.0281291 -0.0297259 0.1151393 -0.0297259 -0.0281291 0.1151393 -0.02980691 -0.02699995 0.1148594 -0.02959322 -0.02807414 0.1148594 -0.02958345 -0.02699995 0.1146379 -0.02938681 -0.02798861 0.1146379 -0.029127 -0.02788102 0.1144968 -0.02882677 -0.02882677 0.1146379 -0.02898478 -0.02898478 0.1148594 -0.02908629 -0.02908629 0.1151393 -0.02912127 -0.02912127 0.11545 -0.02798861 -0.02938681 0.1146379 -0.02807414 -0.02959322 0.1148594 -0.02999997 -0.02699995 0.12075 -0.02977162 -0.02814805 0.12075 -0.02912127 -0.02912127 0.12075 -0.02814805 -0.02977162 0.12075 -0.02699995 -0.02999997 0.12075 -0.02499997 -0.02749997 0.11445 -0.02499997 -0.02749997 0.12075 -0.02374994 -0.02716505 0.11445 -0.02374994 -0.02716505 0.12075 -0.02283489 -0.02625 0.11445 -0.02283489 -0.02625 0.12075 -0.02249997 -0.02499997 0.11445 -0.02249997 -0.02499997 0.12075 -0.02283489 -0.02374994 0.11445 -0.02283489 -0.02374994 0.12075 -0.02374994 -0.02283489 0.11445 -0.02374994 -0.02283489 0.12075 -0.02499997 -0.02249997 0.11445 -0.02499997 -0.02249997 0.12075 -0.02625 -0.02283489 0.11445 -0.02625 -0.02283489 0.12075 -0.02716505 -0.02374994 0.11445 -0.02716505 -0.02374994 0.12075 -0.02749997 -0.02499997 0.11445 -0.02749997 -0.02499997 0.12075 -0.02716505 -0.02625 0.11445 -0.02716505 -0.02625 0.12075 -0.02625 -0.02716505 0.11445 -0.02625 -0.02716505 0.12075 -0.01842129 -0.02912127 0.12075 -0.017448 -0.02977162 0.12075 -0.01629996 -0.02999997 0.12075 -0.02999997 -0.01629996 0.12075 -0.02977162 -0.017448 0.12075 -0.02912127 -0.01842129 0.12075 -0.02814805 -0.01907163 0.12075 -0.01907163 -0.02814805 0.12075 -0.01929998 -0.02699995 0.12075 -0.01929998 -0.02329999 0.12075 -0.01983588 -0.02129995 0.12075 -0.02129995 -0.01983588 0.12075 -0.02329999 -0.01929998 0.12075 -0.02699995 -0.01929998 0.12075 -0.01929998 -0.02699995 0.19845 -0.01907163 -0.02814805 0.19845 -0.01842129 -0.02912127 0.19845 -0.017448 -0.02977162 0.19845 -0.01629996 -0.02999997 0.19845 -0.01929998 -0.02329999 0.19845 -0.02329999 -0.01929998 0.19845 -0.02226471 -0.01943629 0.19845 -0.02129995 -0.01983588 0.19845 -0.02047157 -0.02047157 0.19845 -0.01983588 -0.02129995 0.19845 -0.01943629 -0.02226471 0.19845 -0.02699995 -0.01929998 0.19845 -0.02814805 -0.01907163 0.19845 -0.02912127 -0.01842129 0.19845 -0.02977162 -0.017448 0.19845 -0.02999997 -0.01629996 0.19845 -0.02899998 -0.01629996 0.19945 -0.02899998 -0.003999948 0.19945 -0.02938264 -0.003999948 0.1993739 -0.02938264 -0.01629996 0.1993739 -0.02970707 -0.003999948 0.1991571 -0.02970707 -0.01629996 0.1991571 -0.02992385 -0.003999948 0.1988326 -0.02992385 -0.01629996 0.1988326 -0.02999997 -0.003999948 0.19845 -0.02699995 -0.01829999 0.19945 -0.02776533 -0.0181477 0.19945 -0.02699995 -0.01868265 0.1993739 -0.02791178 -0.01850128 0.1993739 -0.02699995 -0.01900708 0.1991571 -0.02803593 -0.01880103 0.1991571 -0.02699995 -0.01922386 0.1988326 -0.0281189 -0.0190013 0.1988326 -0.02841418 -0.0177142 0.19945 -0.02868479 -0.0179848 0.1993739 -0.02891421 -0.01821416 0.1991571 -0.02906745 -0.01836746 0.1988326 -0.02884775 -0.01706534 0.19945 -0.02920126 -0.01721179 0.1993739 -0.02950102 -0.01733595 0.1991571 -0.02970129 -0.01741892 0.1988326 -0.02329999 -0.01829999 0.19945 -0.02329999 -0.01879996 0.199316 -0.02329999 -0.01900708 0.1991571 -0.02329999 -0.01916599 0.1989499 -0.02223002 -0.01930683 0.1989499 -0.02213531 -0.01895332 0.199316 -0.02123296 -0.01971983 0.1989499 -0.0203768 -0.0203768 0.1989499 -0.01971983 -0.02123296 0.1989499 -0.01930683 -0.02223002 0.1989499 -0.01916599 -0.02329999 0.1989499 -0.02104997 -0.01940286 0.199316 -0.02011799 -0.02011799 0.199316 -0.01940286 -0.02104997 0.199316 -0.01895332 -0.02213531 0.199316 -0.01879996 -0.02329999 0.199316 -0.02200585 -0.01847034 0.19945 -0.02079999 -0.01896983 0.19945 -0.01976442 -0.01976442 0.19945 -0.01896983 -0.02079999 0.19945 -0.01847034 -0.02200585 0.19945 -0.01829999 -0.02329999 0.19945 -0.01829999 -0.02699995 0.19945 -0.01879996 -0.02699995 0.199316 -0.01916599 -0.02699995 0.1989499 -0.01629996 -0.02970707 0.1991571 -0.01629996 -0.02949994 0.199316 -0.01725667 -0.02930968 0.199316 -0.01629996 -0.02899998 0.19945 -0.01706534 -0.02884775 0.19945 -0.0177142 -0.02841418 0.19945 -0.01806771 -0.02876776 0.199316 -0.0181477 -0.02776533 0.19945 -0.0186097 -0.02795666 0.199316 -0.01629996 -0.02986598 0.1989499 -0.01739674 -0.02964782 0.1989499 -0.01832658 -0.02902656 0.1989499 -0.01894783 -0.02809673 0.1989499 0.01629996 -0.02899998 0.19945 0.01629996 -0.02938264 0.1993739 0.01629996 -0.02970707 0.1991571 0.01629996 -0.02992385 0.1988326 0.01629996 -0.02999997 0.19845 0.01929998 -0.02699995 0.12075 0.01929998 -0.02699995 0.19845 0.01907163 -0.02814805 0.19845 0.01907163 -0.02814805 0.12075 0.01842129 -0.02912127 0.19845 0.01842129 -0.02912127 0.12075 0.017448 -0.02977162 0.19845 0.017448 -0.02977162 0.12075 0.01629996 -0.02999997 0.12075 0.02699995 -0.02999997 0.12075 0.01959997 -0.02999997 0.11795 0.01959997 -0.02999997 0.11545 0.02999997 -0.02699995 0.12075 0.02959805 -0.02849996 0.12075 0.02849996 -0.02959805 0.12075 0.02699995 -0.01929998 0.19845 0.02699995 -0.01929998 0.12075 0.02814805 -0.01907163 0.12075 0.02814805 -0.01907163 0.19845 0.02912127 -0.01842129 0.12075 0.02912127 -0.01842129 0.19845 0.02977162 -0.017448 0.12075 0.02977162 -0.017448 0.19845 0.02999997 -0.01629996 0.12075 0.02999997 -0.01629996 0.19845 0.02986598 -0.01629996 0.1989499 0.02964782 -0.01739674 0.1989499 0.02949994 -0.01629996 0.199316 0.02930968 -0.01725667 0.199316 0.02899998 -0.01629996 0.19945 0.02884775 -0.01706534 0.19945 0.02841418 -0.0177142 0.19945 0.02876776 -0.01806771 0.199316 0.02776533 -0.0181477 0.19945 0.02795666 -0.0186097 0.199316 0.02699995 -0.01829999 0.19945 0.02699995 -0.01879996 0.199316 0.02902656 -0.01832658 0.1989499 0.02809673 -0.01894783 0.1989499 0.02699995 -0.01916599 0.1989499 0.02938264 0.01629996 0.1993739 0.02899998 0.01629996 0.19945 0.02949994 0.01629996 0.199316 0.02970707 0.01629996 0.1991571 0.02986598 0.01629996 0.1989499 0.02992385 0.01629996 0.1988326 0.02999997 0.01629996 0.19845 0.02849996 0.01889806 0.19845 0.02814805 0.01907163 0.19845 0.0281189 0.0190013 0.1988326 0.02920126 0.01721179 0.1993739 0.02884775 0.01706534 0.19945 0.02776533 0.0181477 0.19945 0.02841418 0.0177142 0.19945 0.02791178 0.01850128 0.1993739 0.02868479 0.0179848 0.1993739 0.02803593 0.01880103 0.1991571 0.02891421 0.01821416 0.1991571 0.02950102 0.01733595 0.1991571 0.02906745 0.01836746 0.1988326 0.02970129 0.01741892 0.1988326 0.02699995 0.01829999 0.19945 0.02699995 0.01868265 0.1993739 0.02699995 0.01900708 0.1991571 0.02699995 0.01922386 0.1988326 0.02699995 0.01929998 0.19845 0.02912127 0.01842129 0.19845 0.02959805 0.01779997 0.19845 0.02977162 0.017448 0.19845 0.02699995 0.01929998 0.12075 0.02849996 0.01889806 0.12075 0.02959805 0.01779997 0.12075 0.02999997 0.01629996 0.12075 0.02999997 0.02699995 0.12075 0.02699995 0.02999997 0.12075 0.02849996 0.02959805 0.12075 0.02959805 0.02849996 0.12075 -0.02899998 -0.01959997 0.11445 -0.02949994 -0.01959997 0.114584 -0.02986598 -0.01959997 0.11495 -0.02629995 -0.01959997 0.11795 -0.02629995 -0.01959997 0.11445 -0.02999997 -0.01959997 0.11795 -0.02999997 -0.01959997 0.11545 -0.02809274 -0.01836746 0.11795 -0.02894133 -0.017425 0.11795 -0.02876758 -0.01732468 0.1168621 -0.02629995 -0.01894998 0.11795 -0.02693408 -0.01888334 0.11795 -0.02689242 -0.01868706 0.1168621 -0.02549999 -0.01839995 0.1163967 -0.02549999 -0.01801651 0.1159048 -0.02496343 -0.01773959 0.1159173 -0.0248 -0.01669996 0.1154177 -0.02379995 -0.01669996 0.1163967 -0.02433073 -0.01703691 0.1159173 -0.02535188 -0.01483052 0.1152555 -0.02544426 -0.01467359 0.1152917 -0.02461016 -0.01437842 0.1159173 -0.02549284 -0.01449954 0.1153635 -0.02549999 -0.01439994 0.1154177 -0.02537506 -0.01382267 0.1159173 -0.02549999 -0.01339995 0.1163967 -0.02418345 -0.0151 0.1159048 -0.0248 -0.0151 0.1154177 -0.02520555 -0.01497054 0.1152591 -0.02500438 -0.01506948 0.1153167 -0.02346622 -0.0161978 0.1168621 -0.02379995 -0.01589995 0.1162028 -0.02359008 -0.01501947 0.1168621 -0.02379995 -0.0151 0.1163967 -0.02418249 -0.01399338 0.1168621 -0.02537053 -0.01699441 0.1152591 -0.02523058 -0.01684808 0.1152555 -0.02507358 -0.01675564 0.1152917 -0.02489954 -0.01670706 0.1153635 -0.02549999 -0.01739996 0.1154177 -0.02546948 -0.01719558 0.1153167 -0.02629995 -0.01839995 0.1162028 -0.02575212 -0.01839995 0.1162909 -0.02570754 -0.01868706 0.1168621 -0.02797478 -0.01820516 0.1168621 -0.02763652 -0.01773959 0.1159173 -0.02709996 -0.01801651 0.1159048 -0.02715563 -0.01712638 0.1152917 -0.02710711 -0.01730042 0.1153635 -0.02709996 -0.01739996 0.1154177 -0.02779996 -0.01669996 0.1154177 -0.02759557 -0.01673048 0.1153167 -0.02724808 -0.01696938 0.1152555 -0.02739441 -0.01682943 0.1152591 -0.0279898 -0.01437842 0.1159173 -0.02841651 -0.0151 0.1159048 -0.02879995 -0.0151 0.1163967 -0.02736937 -0.01495188 0.1152555 -0.02752637 -0.01504427 0.1152917 -0.02779996 -0.0151 0.1154177 -0.02722942 -0.01480555 0.1152591 -0.02713048 -0.01460438 0.1153167 -0.02709996 -0.01439994 0.1154177 -0.02722483 -0.01382267 0.1159173 -0.02709996 -0.01339995 0.1163967 -0.02462518 -0.01820516 0.1168621 -0.02477496 -0.01854133 0.11795 -0.02566581 -0.01888334 0.11795 -0.02709996 -0.01839995 0.1163967 -0.02782499 -0.01854133 0.11795 -0.02913373 -0.0161978 0.1168621 -0.02879995 -0.01669996 0.1163967 -0.02826923 -0.01703691 0.1159173 -0.02933329 -0.01621878 0.11795 -0.02934998 -0.01589995 0.11795 -0.02900987 -0.01501947 0.1168621 -0.02920067 -0.01495748 0.11795 -0.02856653 -0.01385915 0.11795 -0.02841746 -0.01399338 0.1168621 -0.0275405 -0.01311367 0.11795 -0.0274589 -0.01329696 0.1168621 -0.02629995 -0.01284998 0.11795 -0.02629995 -0.01305061 0.1168621 -0.0250594 -0.01311367 0.11795 -0.02514106 -0.01329696 0.1168621 -0.02403336 -0.01385915 0.11795 -0.02339923 -0.01495748 0.11795 -0.02324998 -0.01589995 0.11795 -0.02326667 -0.01621878 0.11795 -0.02383232 -0.01732468 0.1168621 -0.02365857 -0.017425 0.11795 -0.02450722 -0.01836746 0.11795 -0.02629995 -0.01339995 0.1162028 -0.02379995 -0.01617616 0.1162248 -0.02879995 -0.01589995 0.1162028 -0.02879995 -0.01617616 0.1162248 -0.02999997 -0.01219999 0.11795 -0.02445 -0.01910424 0.11795 -0.02309566 -0.01404994 0.11795 -0.02445 -0.01269567 0.11795 -0.02629995 -0.01219999 0.11795 -0.02309566 -0.01774996 0.11795 -0.02259999 -0.01589995 0.11795 -0.02899998 -0.01219999 0.11445 -0.02629995 -0.01219999 0.11445 -0.02999997 -0.01219999 0.11545 -0.02992385 -0.01219999 0.1150673 -0.02970707 -0.01219999 0.1147429 -0.02938264 -0.01219999 0.1145261 -0.02899998 0.02699995 0.11445 -0.02937597 0.02699995 0.1145234 -0.02970367 0.02699995 0.1147395 -0.0299229 0.02699995 0.115065 -0.02999997 0.02699995 0.11545 -0.02977162 0.02814805 0.11545 -0.02970045 0.02811855 0.115065 -0.02949786 0.02803462 0.1147395 -0.02919507 0.02790921 0.1145234 -0.02875763 0.02795481 0.11445 -0.02912127 0.02912127 0.11545 -0.0290668 0.0290668 0.115065 -0.02891176 0.02891176 0.1147395 -0.02868002 0.02868002 0.1145234 -0.0281167 0.0286597 0.11445 -0.02814805 0.02977162 0.11545 -0.02811855 0.02970045 0.115065 -0.02803462 0.02949786 0.1147395 -0.02790921 0.02919507 0.1145234 -0.02724093 0.02898555 0.11445 -0.02699995 0.02999997 0.11545 -0.02699995 0.0299229 0.115065 -0.02699995 0.02970367 0.1147395 -0.02699995 0.02937597 0.1145234 -0.02699995 0.02899998 0.11445 -0.02999997 0.02699995 0.12075 -0.02977162 0.02814805 0.12075 -0.02912127 0.02912127 0.12075 -0.02814805 0.02977162 0.12075 -0.02699995 0.02999997 0.12075 -0.02499997 0.02249997 0.11445 -0.02499997 0.02249997 0.12075 -0.02374994 0.02283489 0.11445 -0.02374994 0.02283489 0.12075 -0.02283489 0.02374994 0.11445 -0.02283489 0.02374994 0.12075 -0.02249997 0.02499997 0.11445 -0.02249997 0.02499997 0.12075 -0.02283489 0.02625 0.11445 -0.02283489 0.02625 0.12075 -0.02374994 0.02716505 0.11445 -0.02374994 0.02716505 0.12075 -0.02499997 0.02749997 0.11445 -0.02499997 0.02749997 0.12075 -0.02625 0.02716505 0.11445 -0.02625 0.02716505 0.12075 -0.02716505 0.02625 0.11445 -0.02716505 0.02625 0.12075 -0.02749997 0.02499997 0.11445 -0.02749997 0.02499997 0.12075 -0.02716505 0.02374994 0.11445 -0.02716505 0.02374994 0.12075 -0.02625 0.02283489 0.11445 -0.02625 0.02283489 0.12075 -0.01779997 0.02959805 0.12075 -0.01629996 0.02999997 0.12075 -0.01889806 0.02849996 0.12075 -0.02977162 0.017448 0.12075 -0.02912127 0.01842129 0.12075 -0.02047157 0.02047157 0.12075 -0.01960444 0.02176922 0.12075 -0.01929998 0.02329999 0.12075 -0.01929998 0.02699995 0.12075 -0.02999997 0.01629996 0.12075 -0.02814805 0.01907163 0.12075 -0.02699995 0.01929998 0.12075 -0.02329999 0.01929998 0.12075 -0.02176922 0.01960444 0.12075 -0.02699995 0.01929998 0.19845 -0.02814805 0.01907163 0.19845 -0.02912127 0.01842129 0.19845 -0.02977162 0.017448 0.19845 -0.02999997 0.01629996 0.19845 -0.02329999 0.01929998 0.19845 -0.01929998 0.02329999 0.19845 -0.01937681 0.02251958 0.19845 -0.01960444 0.02176922 0.19845 -0.01997411 0.02107769 0.19845 -0.02047157 0.02047157 0.19845 -0.02107769 0.01997411 0.19845 -0.02176922 0.01960444 0.19845 -0.02251958 0.01937681 0.19845 -0.01929998 0.02699995 0.19845 -0.01919776 0.02777642 0.19845 -0.01889806 0.02849996 0.19845 -0.01842129 0.02912127 0.19845 -0.01629996 0.02999997 0.19845 -0.01707643 0.02989774 0.19845 -0.01779997 0.02959805 0.19845 0.01629996 0.02999997 0.12075 -0.01219999 0.02999997 0.11545 0.01629996 0.02999997 0.19845 -0.01219999 0.02999997 0.11795 -0.01959997 0.02999997 0.11795 -0.01959997 0.02999997 0.11545 -0.01629996 0.02899998 0.19945 0.01629996 0.02899998 0.19945 0.01629996 0.02949994 0.199316 -0.01629996 0.02949994 0.199316 0.01629996 0.02986598 0.1989499 -0.01629996 0.02986598 0.1989499 -0.01900708 0.02699995 0.1991571 -0.01879996 0.02699995 0.199316 -0.01871478 0.02764701 0.199316 -0.01829999 0.02699995 0.19945 -0.0182318 0.02751761 0.19945 -0.01922386 0.02699995 0.1988326 -0.01916599 0.02699995 0.1989499 -0.01906836 0.02774173 0.1989499 -0.01803201 0.02799999 0.19945 -0.01846504 0.02824997 0.199316 -0.0177142 0.02841418 0.19945 -0.01806771 0.02876776 0.199316 -0.01729995 0.028732 0.19945 -0.01754999 0.02916502 0.199316 -0.01681762 0.02893185 0.19945 -0.01694703 0.02941477 0.199316 -0.01878201 0.02843296 0.1989499 -0.01832658 0.02902656 0.1989499 -0.01773297 0.029482 0.1989499 -0.01704174 0.02976834 0.1989499 -0.01916599 0.02329999 0.1989499 -0.01829999 0.02329999 0.19945 -0.01879996 0.02329999 0.199316 -0.01900708 0.02329999 0.1991571 -0.01924544 0.02249348 0.1989499 -0.01888644 0.02242207 0.199316 -0.0194807 0.02171796 0.1989499 -0.01986271 0.02100324 0.1989499 -0.0203768 0.0203768 0.1989499 -0.02100324 0.01986271 0.1989499 -0.02171796 0.0194807 0.1989499 -0.02249348 0.01924544 0.1989499 -0.02329999 0.01916599 0.1989499 -0.0191425 0.02157789 0.199316 -0.01955837 0.02079993 0.199316 -0.02011799 0.02011799 0.199316 -0.02079993 0.01955837 0.199316 -0.02157789 0.0191425 0.199316 -0.02242207 0.01888644 0.199316 -0.02329999 0.01879996 0.199316 -0.01839607 0.0223245 0.19945 -0.01868057 0.02138656 0.19945 -0.01914262 0.02052211 0.19945 -0.01976442 0.01976442 0.19945 -0.02052211 0.01914262 0.19945 -0.02138656 0.01868057 0.19945 -0.0223245 0.01839607 0.19945 -0.02329999 0.01829999 0.19945 -0.02699995 0.01829999 0.19945 -0.02699995 0.01879996 0.199316 -0.02699995 0.01916599 0.1989499 -0.02986598 0.01629996 0.1989499 -0.02964782 0.01739674 0.1989499 -0.02949994 0.01629996 0.199316 -0.02930968 0.01725667 0.199316 -0.02899998 0.01629996 0.19945 -0.02884775 0.01706534 0.19945 -0.02841418 0.0177142 0.19945 -0.02876776 0.01806771 0.199316 -0.02776533 0.0181477 0.19945 -0.02795666 0.0186097 0.199316 -0.02902656 0.01832658 0.1989499 -0.02809673 0.01894783 0.1989499 -0.02899998 0.003999948 0.19945 -0.02949994 0.003999948 0.199316 -0.02986598 0.003999948 0.1989499 -0.02999997 0.003999948 0.19845 -0.02999997 0.003999948 0.19265 -0.02999997 -0.003999948 0.19265 -0.02499622 -0.02334618 0.11445 -0.02499622 -0.02334618 0.10385 -0.02417117 -0.02356725 0.11445 -0.02417117 -0.02356725 0.10385 -0.02356725 -0.02417117 0.11445 -0.02356725 -0.02417117 0.10385 -0.02334618 -0.02499622 0.11445 -0.02334618 -0.02499622 0.10385 -0.02356725 -0.0258212 0.11445 -0.02356725 -0.0258212 0.10385 -0.02417117 -0.02642512 0.11445 -0.02417117 -0.02642512 0.10385 -0.02499622 -0.02664619 0.11445 -0.02499622 -0.02664619 0.10385 -0.02499622 0.02664619 0.11445 -0.02499622 0.02664619 0.10385 -0.02417117 0.02642512 0.11445 -0.02417117 0.02642512 0.10385 -0.02356725 0.0258212 0.11445 -0.02356725 0.0258212 0.10385 -0.02334618 0.02499622 0.11445 -0.02334618 0.02499622 0.10385 -0.02356725 0.02417117 0.11445 -0.02356725 0.02417117 0.10385 -0.02417117 0.02356725 0.11445 -0.02417117 0.02356725 0.10385 -0.02499622 0.02334618 0.11445 -0.02499622 0.02334618 0.10385 0.02499622 0.02334618 0.11445 0.02499622 0.02334618 0.10385 0.02417117 0.02356725 0.11445 0.02417117 0.02356725 0.10385 0.02356725 0.02417117 0.11445 0.02356725 0.02417117 0.10385 0.02334618 0.02499622 0.11445 0.02334618 0.02499622 0.10385 0.02356725 0.0258212 0.11445 0.02356725 0.0258212 0.10385 0.02417117 0.02642512 0.11445 0.02417117 0.02642512 0.10385 0.02499622 0.02664619 0.11445 0.02499622 0.02664619 0.10385 0 0.02449995 0.10765 0 0.02449995 0.09564995 0.004254341 0.02412778 0.10765 0.004254341 0.02412778 0.09564995 0.008379459 0.02302247 0.10765 0.008379459 0.02302247 0.09564995 0.01224994 0.02121758 0.10765 0.01224994 0.02121758 0.09564995 0.01574826 0.01876807 0.10765 0.01574826 0.01876807 0.09564995 0.01876807 0.01574826 0.10765 0.01876807 0.01574826 0.09564995 0.02121758 0.01224994 0.10765 0.02121758 0.01224994 0.09564995 0.02302247 0.008379459 0.10765 0.02302247 0.008379459 0.09564995 0.02412778 0.004254341 0.10765 0.02412778 0.004254341 0.09564995 0.02449995 0 0.10765 0.02449995 0 0.09564995 0.02412778 -0.004254341 0.10765 0.02412778 -0.004254341 0.09564995 0.02302247 -0.008379459 0.10765 0.02302247 -0.008379459 0.09564995 0.02121758 -0.01224994 0.10765 0.02121758 -0.01224994 0.09564995 0.01876807 -0.01574826 0.10765 0.01876807 -0.01574826 0.09564995 0.01574826 -0.01876807 0.10765 0.01574826 -0.01876807 0.09564995 0.01224994 -0.02121758 0.10765 0.01224994 -0.02121758 0.09564995 0.008379459 -0.02302247 0.10765 0.008379459 -0.02302247 0.09564995 0.004254341 -0.02412778 0.10765 0.004254341 -0.02412778 0.09564995 0 -0.02449995 0.10765 0 -0.02449995 0.09564995 0 -0.02699995 0.09564995 0 -0.02699995 0.10385 -0.004688501 -0.02658981 0.10385 -0.004688501 -0.02658981 0.09564995 -0.009234488 -0.02537167 0.10385 -0.009234488 -0.02537167 0.09564995 -0.01349997 -0.02338266 0.10385 -0.01349997 -0.02338266 0.09564995 -0.01735526 -0.02068316 0.10385 -0.01735526 -0.02068316 0.09564995 -0.02068316 -0.01735526 0.10385 -0.02068316 -0.01735526 0.09564995 -0.02338266 -0.01349997 0.10385 -0.02338266 -0.01349997 0.09564995 -0.02537167 -0.009234488 0.10385 -0.02537167 -0.009234488 0.09564995 -0.02658981 -0.004688501 0.10385 -0.02658981 -0.004688501 0.09564995 -0.02699995 0 0.10385 -0.02699995 0 0.09564995 -0.02658981 0.004688501 0.10385 -0.02658981 0.004688501 0.09564995 -0.02537167 0.009234488 0.10385 -0.02537167 0.009234488 0.09564995 -0.02338266 0.01349997 0.10385 -0.02338266 0.01349997 0.09564995 -0.02068316 0.01735526 0.10385 -0.02068316 0.01735526 0.09564995 -0.01735526 0.02068316 0.10385 -0.01735526 0.02068316 0.09564995 -0.01349997 0.02338266 0.10385 -0.01349997 0.02338266 0.09564995 -0.009234488 0.02537167 0.10385 -0.009234488 0.02537167 0.09564995 -0.004688501 0.02658981 0.10385 -0.004688501 0.02658981 0.09564995 0 0.02699995 0.10385 0 0.02699995 0.09564995 0.004688501 0.02658981 0.09564995 0.009234488 0.02537167 0.09564995 0.01349997 0.02338266 0.09564995 0.01735526 0.02068316 0.09564995 0.02068316 0.01735526 0.09564995 0.02338266 0.01349997 0.09564995 0.02537167 0.009234488 0.09564995 0.02658981 0.004688501 0.09564995 0.02699995 0 0.09564995 0.02658981 -0.004688501 0.09564995 0.02537167 -0.009234488 0.09564995 0.02338266 -0.01349997 0.09564995 0.02068316 -0.01735526 0.09564995 0.01735526 -0.02068316 0.09564995 0.01349997 -0.02338266 0.09564995 0.009234488 -0.02537167 0.09564995 0.004688501 -0.02658981 0.09564995 -0.004254341 -0.02412778 0.09564995 -0.008379459 -0.02302247 0.09564995 -0.01224994 -0.02121758 0.09564995 -0.01574826 -0.01876807 0.09564995 -0.01876807 -0.01574826 0.09564995 -0.02121758 -0.01224994 0.09564995 -0.02302247 -0.008379459 0.09564995 -0.02412778 -0.004254341 0.09564995 -0.02449995 0 0.09564995 -0.02412778 0.004254341 0.09564995 -0.02302247 0.008379459 0.09564995 -0.02121758 0.01224994 0.09564995 -0.01876807 0.01574826 0.09564995 -0.01574826 0.01876807 0.09564995 -0.01224994 0.02121758 0.09564995 -0.008379459 0.02302247 0.09564995 -0.004254341 0.02412778 0.09564995 0.004688501 0.02658981 0.10385 0.009234488 0.02537167 0.10385 0.01349997 0.02338266 0.10385 0.01735526 0.02068316 0.10385 0.02068316 0.01735526 0.10385 0.02338266 0.01349997 0.10385 0.02537167 0.009234488 0.10385 0.02658981 0.004688501 0.10385 0.02699995 0 0.10385 0.02658981 -0.004688501 0.10385 0.02537167 -0.009234488 0.10385 0.02338266 -0.01349997 0.10385 0.02068316 -0.01735526 0.10385 0.01735526 -0.02068316 0.10385 0.01349997 -0.02338266 0.10385 0.009234488 -0.02537167 0.10385 0.004688501 -0.02658981 0.10385 0 -0.02699995 0.10385 0 -0.02699995 0.09564995 0.02999997 -0.02169501 0.11445 0.02999997 -0.02645748 0.11445 0.02999997 -0.02645748 0.10385 0.02999997 0.02645748 0.11445 0.02999997 0.02169501 0.11445 0.02999997 0.02645748 0.10385 0.02999997 0.01730734 0.11445 0.02999997 0 0.10385 0.02999997 0 0.11445 0.02999997 -0.01730734 0.11445 0.02645748 0.02999997 0.11445 0.02645748 0.02999997 0.10385 0 -0.02999997 0.10385 0 -0.02999997 0.11445 -0.009598076 -0.02999997 0.11445 0.02645748 -0.02999997 0.10385 0.02645748 -0.02999997 0.11445 0.02067309 -0.02999997 0.11445 -0.02645748 -0.02999997 0.10385 -0.02067309 -0.02999997 0.11445 -0.02645748 -0.02999997 0.11445 0.009598076 -0.02999997 0.11445 -0.02999997 -0.02645748 0.11445 -0.02999997 -0.02645748 0.10385 -0.02837842 -0.02818971 0.11445 -0.02818971 -0.02837842 0.11445 -0.02642512 0.0258212 0.10385 -0.02664619 0.02499622 0.10385 -0.02999997 0.02645748 0.10385 -0.02642512 -0.0258212 0.10385 0 -0.02999997 0.10385 -0.02999997 0 0.10385 -0.0258212 -0.02642512 0.10385 -0.0258212 -0.02356725 0.10385 -0.02642512 -0.02417117 0.10385 -0.02664619 -0.02499622 0.10385 -0.0258212 0.02642512 0.10385 -0.02645748 0.02999997 0.10385 0 0.02999997 0.10385 -0.02642512 0.02417117 0.10385 -0.0258212 0.02356725 0.10385 0.0258212 0.02642512 0.10385 0.02642512 0.0258212 0.10385 0.02664619 0.02499622 0.10385 0.02999997 0 0.10385 0.02642512 0.02417117 0.10385 0.0258212 0.02356725 0.10385 0.02499622 -0.02664619 0.10385 0.0258212 -0.02642512 0.10385 0.02642512 -0.0258212 0.10385 0.02664619 -0.02499622 0.10385 0.02417117 -0.02642512 0.10385 0.02356725 -0.0258212 0.10385 0.02334618 -0.02499622 0.10385 0.02356725 -0.02417117 0.10385 0.02417117 -0.02356725 0.10385 0.02499622 -0.02334618 0.10385 0.02642512 -0.02417117 0.10385 0.0258212 -0.02356725 0.10385 -0.02645748 0.02999997 0.11445 -0.02837842 0.02818971 0.11445 -0.02999997 0.02645748 0.11445 -0.02999997 0.02169501 0.11445 -0.02999997 -0.02169501 0.11445 -0.02999997 -0.01730734 0.11445 -0.02999997 0 0.11445 -0.02999997 0.01730734 0.11445 -0.02067309 -0.02169501 0.11445 0.007321238 0.01644378 0.11445 0.009598076 0.01730734 0.11445 0.003742396 0.01760661 0.11445 -0.007321238 -0.01644378 0.11445 -0.009598076 -0.01730734 0.11445 -0.003742396 -0.01760661 0.11445 -0.003742396 0.01760661 0.11445 0 0.01799994 0.11445 -0.005590379 0.01879382 0.11445 -0.008090376 0.01879382 0.11445 -0.007922887 0.01941883 0.11445 -0.009598076 0.02169501 0.11445 -0.005757868 0.0181688 0.11445 -0.006215393 0.01771128 0.11445 -0.007321238 0.01644378 0.11445 -0.006840348 0.01754385 0.11445 -0.007465362 0.01771128 0.11445 -0.009598076 0.01730734 0.11445 -0.007922887 0.0181688 0.11445 -0.007465362 0.01987636 0.11445 -0.006840348 0.02004384 0.11445 0 0.02169501 0.11445 -0.006215393 0.01987636 0.11445 -0.005757868 0.01941883 0.11445 -0.01790136 0.00188148 0.11445 -0.01711899 0.005562305 0.11445 -0.02067309 0.01730734 0.11445 -0.01558846 0.008999943 0.11445 -0.01337659 0.01204431 0.11445 -0.01058012 0.0145623 0.11445 -0.0113402 -0.01619589 0.11445 -0.01110571 -0.01532083 0.11445 -0.0113402 -0.01444584 0.11445 -0.01198071 -0.01380532 0.11445 -0.01198071 -0.0168364 0.11445 -0.0128557 -0.01707088 0.11445 -0.02067309 -0.01730734 0.11445 -0.0137307 -0.0168364 0.11445 -0.01437127 -0.01619589 0.11445 -0.0146057 -0.01532083 0.11445 -0.01558846 -0.008999943 0.11445 -0.01711899 -0.005562305 0.11445 -0.02067309 0 0.11445 -0.01790136 -0.00188148 0.11445 -0.01058012 -0.0145623 0.11445 -0.01337659 -0.01204431 0.11445 -0.0128557 -0.01357084 0.11445 -0.0137307 -0.01380532 0.11445 -0.01437127 -0.01444584 0.11445 0 -0.02169501 0.11445 0 -0.01799994 0.11445 -0.009598076 -0.02169501 0.11445 0.01337659 -0.01204431 0.11445 0.01058012 -0.0145623 0.11445 0.009598076 -0.01730734 0.11445 0.007321238 -0.01644378 0.11445 0.007465362 -0.01771128 0.11445 0.003742396 -0.01760661 0.11445 0.006215393 -0.01771128 0.11445 0.006840348 -0.01754385 0.11445 0.007922887 -0.0181688 0.11445 0.008090376 -0.01879382 0.11445 0.009598076 -0.02169501 0.11445 0.007922887 -0.01941883 0.11445 0.007465362 -0.01987636 0.11445 0.006840348 -0.02004384 0.11445 0.006215393 -0.01987636 0.11445 0.005757868 -0.01941883 0.11445 0.005590379 -0.01879382 0.11445 0.005757868 -0.0181688 0.11445 0.02067309 0 0.11445 0.02067309 0.01730734 0.11445 0.0146057 0.01532083 0.11445 0.01558846 0.008999943 0.11445 0.01711899 0.005562305 0.11445 0.01790136 0.00188148 0.11445 0.01790136 -0.00188148 0.11445 0.02067309 -0.01730734 0.11445 0.01711899 -0.005562305 0.11445 0.01558846 -0.008999943 0.11445 0.01198071 0.01380532 0.11445 0.0113402 0.01444584 0.11445 0.01110571 0.01532083 0.11445 0.0113402 0.01619589 0.11445 0.01198071 0.0168364 0.11445 0.0128557 0.01707088 0.11445 0.0137307 0.0168364 0.11445 0.01437127 0.01619589 0.11445 0.01437127 0.01444584 0.11445 0.0137307 0.01380532 0.11445 0.0128557 0.01357084 0.11445 0.01337659 0.01204431 0.11445 0.01058012 0.0145623 0.11445 0.009598076 0.02169501 0.11445 -0.02832311 0.02169501 0.11445 -0.02067309 0.02169501 0.11445 -0.02642512 0.02417117 0.11445 -0.02664619 0.02499622 0.11445 -0.02642512 0.0258212 0.11445 -0.0258212 0.02642512 0.11445 -0.02067309 0.02999997 0.11445 -0.0258212 0.02356725 0.11445 0.02664619 0.02499622 0.11445 0.02642512 0.02417117 0.11445 0.0258212 0.02356725 0.11445 0.02067309 0.02169501 0.11445 0.02067309 0.02999997 0.11445 0.0258212 0.02642512 0.11445 0.02642512 0.0258212 0.11445 0.02417117 -0.02642512 0.11445 0.02356725 -0.0258212 0.11445 0.02067309 -0.02832311 0.11445 0.0258212 -0.02642512 0.11445 0.02818971 -0.02837842 0.11445 0.02642512 -0.0258212 0.11445 0.02499622 -0.02664619 0.11445 0.02334618 -0.02499622 0.11445 0.02067309 -0.02169501 0.11445 0.02356725 -0.02417117 0.11445 0.02417117 -0.02356725 0.11445 0.02499622 -0.02334618 0.11445 0.0258212 -0.02356725 0.11445 0.02642512 -0.02417117 0.11445 0.02664619 -0.02499622 0.11445 -0.02067309 -0.02832311 0.11445 -0.02664619 -0.02499622 0.11445 -0.02642512 -0.02417117 0.11445 -0.02832311 -0.02169501 0.11445 -0.0258212 -0.02356725 0.11445 -0.0258212 -0.02642512 0.11445 -0.02642512 -0.0258212 0.11445 -0.02832311 0.01730734 0.11445 -0.02832311 0 0.11445 -0.02832311 -0.01730734 0.11445 -0.009598076 0.02999997 0.11445 0 0.02999997 0.11445 0.009598076 0.02999997 0.11445 0.009598076 -0.02832311 0.11445 0 -0.02832311 0.11445 -0.009598076 -0.02832311 0.11445 0 -0.02999997 0.11445 0.02999997 0 0.11445 -0.02499622 0.0227462 0.07429999 -0.02499622 0.0227462 0.06809997 -0.02612119 0.02304762 0.07429999 -0.02612119 0.02304762 0.06809997 -0.02694475 0.02387118 0.07429999 -0.02694475 0.02387118 0.06809997 -0.02724617 0.02499622 0.07429999 -0.02724617 0.02499622 0.06809997 -0.02694475 0.02612119 0.07429999 -0.02694475 0.02612119 0.06809997 -0.02612119 0.02694475 0.07429999 -0.02612119 0.02694475 0.06809997 -0.02499622 0.02724617 0.07429999 -0.02499622 0.02724617 0.06809997 -0.02387118 0.02694475 0.07429999 -0.02387118 0.02694475 0.06809997 -0.02304762 0.02612119 0.07429999 -0.02304762 0.02612119 0.06809997 -0.0227462 0.02499622 0.07429999 -0.0227462 0.02499622 0.06809997 -0.02304762 0.02387118 0.07429999 -0.02304762 0.02387118 0.06809997 -0.02387118 0.02304762 0.07429999 -0.02387118 0.02304762 0.06809997 -0.02499622 -0.0227462 0.07429999 -0.02499622 -0.0227462 0.06809997 -0.02387118 -0.02304762 0.07429999 -0.02387118 -0.02304762 0.06809997 -0.02304762 -0.02387118 0.07429999 -0.02304762 -0.02387118 0.06809997 -0.0227462 -0.02499622 0.07429999 -0.0227462 -0.02499622 0.06809997 -0.02304762 -0.02612119 0.07429999 -0.02304762 -0.02612119 0.06809997 -0.02387118 -0.02694475 0.07429999 -0.02387118 -0.02694475 0.06809997 -0.02499622 -0.02724617 0.07429999 -0.02499622 -0.02724617 0.06809997 0.02499622 -0.02724617 0.07429999 0.02499622 -0.02724617 0.06809997 0.02387118 -0.02694475 0.07429999 0.02387118 -0.02694475 0.06809997 0.02304762 -0.02612119 0.07429999 0.02304762 -0.02612119 0.06809997 0.0227462 -0.02499622 0.07429999 0.0227462 -0.02499622 0.06809997 0.02304762 -0.02387118 0.07429999 0.02304762 -0.02387118 0.06809997 0.02387118 -0.02304762 0.07429999 0.02387118 -0.02304762 0.06809997 0.02499622 -0.0227462 0.07429999 0.02499622 -0.0227462 0.06809997 0.02499622 0.0227462 0.07429999 0.02499622 0.0227462 0.06809997 0.02387118 0.02304762 0.07429999 0.02387118 0.02304762 0.06809997 0.02304762 0.02387118 0.07429999 0.02304762 0.02387118 0.06809997 0.0227462 0.02499622 0.07429999 0.0227462 0.02499622 0.06809997 0.02304762 0.02612119 0.07429999 0.02304762 0.02612119 0.06809997 0.02387118 0.02694475 0.07429999 0.02387118 0.02694475 0.06809997 0.02499622 0.02724617 0.07429999 0.02499622 0.02724617 0.06809997 0.02612119 0.02694475 0.07429999 0.02612119 0.02694475 0.06809997 0.02694475 0.02612119 0.07429999 0.02694475 0.02612119 0.06809997 0.02724617 0.02499622 0.07429999 0.02724617 0.02499622 0.06809997 0.02694475 0.02387118 0.07429999 0.02694475 0.02387118 0.06809997 0.02612119 0.02304762 0.07429999 0.02612119 0.02304762 0.06809997 -0.02310103 -0.002140581 0.07659995 -0.02412778 -0.004254341 0.07659995 -0.02231431 -0.006348967 0.07659995 -0.02302247 -0.008379459 0.07659995 -0.02076774 -0.0103411 0.07659995 -0.02121758 -0.01224994 0.07659995 -0.01851397 -0.0139811 0.07659995 -0.01876807 -0.01574826 0.07659995 -0.0156297 -0.01714497 0.07659995 -0.01574826 -0.01876807 0.07659995 -0.01221323 -0.01972502 0.07659995 -0.01224994 -0.02121758 0.07659995 -0.00838077 -0.02163332 0.07659995 -0.008379459 -0.02302247 0.07659995 -0.004262983 -0.02280497 0.07659995 -0.004254341 -0.02412778 0.07659995 0 -0.02319997 0.07659995 0 -0.02449995 0.07659995 0.004262983 -0.02280497 0.07659995 0.004254341 -0.02412778 0.07659995 0.00838077 -0.02163332 0.07659995 0.008379459 -0.02302247 0.07659995 0.01221323 -0.01972502 0.07659995 0.01224994 -0.02121758 0.07659995 0.0156297 -0.01714497 0.07659995 0.01574826 -0.01876807 0.07659995 0.01851397 -0.0139811 0.07659995 0.01876807 -0.01574826 0.07659995 0.02076774 -0.0103411 0.07659995 0.02121758 -0.01224994 0.07659995 0.02231431 -0.006348967 0.07659995 0.02302247 -0.008379459 0.07659995 0.02310103 -0.002140581 0.07659995 0.02412778 -0.004254341 0.07659995 0.02449995 0 0.07659995 0.02310103 0.002140581 0.07659995 0.02412778 0.004254341 0.07659995 0.02231431 0.006348967 0.07659995 0.02302247 0.008379459 0.07659995 0.02076774 0.0103411 0.07659995 0.02121758 0.01224994 0.07659995 0.01851397 0.0139811 0.07659995 0.01876807 0.01574826 0.07659995 0.0156297 0.01714497 0.07659995 0.01574826 0.01876807 0.07659995 0.01221323 0.01972502 0.07659995 0.01224994 0.02121758 0.07659995 0.00838077 0.02163332 0.07659995 0.008379459 0.02302247 0.07659995 0.004262983 0.02280497 0.07659995 0.004254341 0.02412778 0.07659995 0 0.02319997 0.07659995 0 0.02449995 0.07659995 -0.004262983 0.02280497 0.07659995 -0.004254341 0.02412778 0.07659995 -0.00838077 0.02163332 0.07659995 -0.008379459 0.02302247 0.07659995 -0.01221323 0.01972502 0.07659995 -0.01224994 0.02121758 0.07659995 -0.0156297 0.01714497 0.07659995 -0.01574826 0.01876807 0.07659995 -0.01851397 0.0139811 0.07659995 -0.01876807 0.01574826 0.07659995 -0.02076774 0.0103411 0.07659995 -0.02121758 0.01224994 0.07659995 -0.02231431 0.006348967 0.07659995 -0.02302247 0.008379459 0.07659995 -0.02310103 0.002140581 0.07659995 -0.02412778 0.004254341 0.07659995 -0.02449995 0 0.07659995 0 0.02449995 0.07859998 -0.004254341 0.02412778 0.07859998 -0.008379459 0.02302247 0.07859998 -0.01224994 0.02121758 0.07859998 -0.01574826 0.01876807 0.07859998 -0.01876807 0.01574826 0.07859998 -0.02121758 0.01224994 0.07859998 -0.02302247 0.008379459 0.07859998 -0.02412778 0.004254341 0.07859998 -0.02449995 0 0.07859998 -0.02412778 -0.004254341 0.07859998 -0.02302247 -0.008379459 0.07859998 -0.02121758 -0.01224994 0.07859998 -0.01876807 -0.01574826 0.07859998 -0.01574826 -0.01876807 0.07859998 -0.01224994 -0.02121758 0.07859998 -0.008379459 -0.02302247 0.07859998 -0.004254341 -0.02412778 0.07859998 0 -0.02449995 0.07859998 -0.02690774 -0.00222963 0.07859998 -0.02617377 -0.006628096 0.07859998 -0.02472585 -0.01084578 0.07859998 -0.02260345 -0.01476758 0.07859998 -0.01986449 -0.01828658 0.07859998 -0.01658374 -0.02130675 0.07859998 -0.01285058 -0.02374577 0.07859998 -0.008766829 -0.02553701 0.07859998 -0.004444003 -0.02663171 0.07859998 0 -0.02449995 0.07859998 0 -0.02699995 0.07859998 0.004254341 -0.02412778 0.07859998 0.004444003 -0.02663171 0.07859998 0.008379459 -0.02302247 0.07859998 0.008766829 -0.02553701 0.07859998 0.01224994 -0.02121758 0.07859998 0.01285058 -0.02374577 0.07859998 0.01574826 -0.01876807 0.07859998 0.01658374 -0.02130675 0.07859998 0.01876807 -0.01574826 0.07859998 0.01986449 -0.01828658 0.07859998 0.02121758 -0.01224994 0.07859998 0.02260345 -0.01476758 0.07859998 0.02302247 -0.008379459 0.07859998 0.02472585 -0.01084578 0.07859998 0.02412778 -0.004254341 0.07859998 0.02617377 -0.006628096 0.07859998 0.02449995 0 0.07859998 0.02690774 -0.00222963 0.07859998 0.02690774 0.00222963 0.07859998 0.02412778 0.004254341 0.07859998 0.02617377 0.006628096 0.07859998 0.02302247 0.008379459 0.07859998 0.02472585 0.01084578 0.07859998 0.02121758 0.01224994 0.07859998 0.02260345 0.01476758 0.07859998 0.01876807 0.01574826 0.07859998 0.01986449 0.01828658 0.07859998 0.01574826 0.01876807 0.07859998 0.01658374 0.02130675 0.07859998 0.01224994 0.02121758 0.07859998 0.01285058 0.02374577 0.07859998 0.008379459 0.02302247 0.07859998 0.008766829 0.02553701 0.07859998 0.004254341 0.02412778 0.07859998 0.004444003 0.02663171 0.07859998 0 0.02449995 0.07859998 0 0.02699995 0.07859998 -0.004444003 0.02663171 0.07859998 -0.008766829 0.02553701 0.07859998 -0.01285058 0.02374577 0.07859998 -0.01658374 0.02130675 0.07859998 -0.01986449 0.01828658 0.07859998 -0.02260345 0.01476758 0.07859998 -0.02472585 0.01084578 0.07859998 -0.02617377 0.006628096 0.07859998 -0.02690774 0.00222963 0.07859998 0 -0.02699995 0.07429999 0 -0.02699995 0.07859998 -0.004444003 -0.02663171 0.07429999 -0.008766829 -0.02553701 0.07429999 -0.01285058 -0.02374577 0.07429999 -0.01658374 -0.02130675 0.07429999 -0.01986449 -0.01828658 0.07429999 -0.02260345 -0.01476758 0.07429999 -0.02472585 -0.01084578 0.07429999 -0.02617377 -0.006628096 0.07429999 -0.02690774 -0.00222963 0.07429999 -0.02699995 0 0.07429999 -0.02690774 0.00222963 0.07429999 -0.02617377 0.006628096 0.07429999 -0.02472585 0.01084578 0.07429999 -0.02260345 0.01476758 0.07429999 -0.01986449 0.01828658 0.07429999 -0.01658374 0.02130675 0.07429999 -0.01285058 0.02374577 0.07429999 -0.008766829 0.02553701 0.07429999 -0.004444003 0.02663171 0.07429999 0 0.02699995 0.07429999 0.004444003 0.02663171 0.07429999 0.008766829 0.02553701 0.07429999 0.01285058 0.02374577 0.07429999 0.01658374 0.02130675 0.07429999 0.01986449 0.01828658 0.07429999 0.02260345 0.01476758 0.07429999 0.02472585 0.01084578 0.07429999 0.02617377 0.006628096 0.07429999 0.02690774 0.00222963 0.07429999 0.02699995 0 0.07429999 0.02690774 -0.00222963 0.07429999 0.02617377 -0.006628096 0.07429999 0.02472585 -0.01084578 0.07429999 0.02260345 -0.01476758 0.07429999 0.01986449 -0.01828658 0.07429999 0.01658374 -0.02130675 0.07429999 0.01285058 -0.02374577 0.07429999 0.008766829 -0.02553701 0.07429999 0.004444003 -0.02663171 0.07429999 0 -0.02699995 0.07429999 -0.02999997 0.02645748 0.07429999 -0.02999997 0.02645748 0.06809997 -0.02999997 0 0.07429999 -0.02999997 -0.02645748 0.06809997 -0.02999997 -0.02645748 0.07429999 0.02999997 -0.02645748 0.07429999 0.02999997 -0.02645748 0.06809997 0.02999997 0 0.07429999 0.02999997 0.02645748 0.06809997 0.02999997 0.02645748 0.07429999 0.02645748 -0.02999997 0.07429999 0.02645748 -0.02999997 0.06809997 -0.02645748 0.02999997 0.07429999 0 0.02999997 0.07429999 -0.02999997 0 0.07429999 -0.02645748 -0.02999997 0.07429999 -0.02612119 -0.02694475 0.07429999 0 -0.02999997 0.07429999 -0.02694475 -0.02612119 0.07429999 -0.02724617 -0.02499622 0.07429999 -0.02694475 -0.02387118 0.07429999 -0.02612119 -0.02304762 0.07429999 0.02694475 -0.02612119 0.07429999 0.02612119 -0.02694475 0.07429999 0.02999997 0 0.07429999 0.02612119 -0.02304762 0.07429999 0.02694475 -0.02387118 0.07429999 0.02724617 -0.02499622 0.07429999 0.02645748 0.02999997 0.07429999 0 0.02319997 0.09659999 0 0.02349996 0.0963 -0.003867924 0.02317947 0.0963 -0.003818571 0.02288353 0.09659999 -0.007630407 0.02222669 0.0963 -0.007533013 0.02194291 0.09659999 -0.01118475 0.02066761 0.0963 -0.01104193 0.02040374 0.09659999 -0.01443397 0.01854479 0.0963 -0.01424968 0.01830804 0.09659999 -0.01728945 0.0159161 0.0963 -0.01706874 0.01571291 0.09659999 -0.0196734 0.01285326 0.0963 -0.01942223 0.01268917 0.09659999 -0.02152067 0.009439826 0.0963 -0.02124589 0.009319305 0.09659999 -0.02278089 0.005768895 0.0963 -0.02249008 0.005695223 0.09659999 -0.02341973 0.001940608 0.0963 -0.02312076 0.001915812 0.09659999 -0.02341973 -0.001940608 0.0963 -0.02312076 -0.001915812 0.09659999 -0.02278089 -0.005768895 0.0963 -0.02249008 -0.005695223 0.09659999 -0.02152067 -0.009439826 0.0963 -0.02124589 -0.009319305 0.09659999 -0.0196734 -0.01285326 0.0963 -0.01942223 -0.01268917 0.09659999 -0.01728945 -0.0159161 0.0963 -0.01706874 -0.01571291 0.09659999 -0.01443397 -0.01854479 0.0963 -0.01424968 -0.01830804 0.09659999 -0.01118475 -0.02066761 0.0963 -0.01104193 -0.02040374 0.09659999 -0.007630407 -0.02222669 0.0963 -0.007533013 -0.02194291 0.09659999 -0.003867924 -0.02317947 0.0963 -0.003818571 -0.02288353 0.09659999 0 -0.02349996 0.0963 0 -0.02319997 0.09659999 0 0.02349996 0.0963 0 0.02349996 0.0769 -0.003867924 0.02317947 0.0769 -0.007630407 0.02222669 0.0769 -0.01118475 0.02066761 0.0769 -0.01443397 0.01854479 0.0769 -0.01728945 0.0159161 0.0769 -0.0196734 0.01285326 0.0769 -0.02152067 0.009439826 0.0769 -0.02278089 0.005768895 0.0769 -0.02341973 0.001940608 0.0769 -0.02341973 -0.001940608 0.0769 -0.02278089 -0.005768895 0.0769 -0.02152067 -0.009439826 0.0769 -0.0196734 -0.01285326 0.0769 -0.01728945 -0.0159161 0.0769 -0.01443397 -0.01854479 0.0769 -0.01118475 -0.02066761 0.0769 -0.007630407 -0.02222669 0.0769 -0.003867924 -0.02317947 0.0769 0 -0.02349996 0.0769 0.003867924 -0.02317947 0.0769 0.003867924 -0.02317947 0.0963 0.007630407 -0.02222669 0.0769 0.007630407 -0.02222669 0.0963 0.01118475 -0.02066761 0.0769 0.01118475 -0.02066761 0.0963 0.01443397 -0.01854479 0.0769 0.01443397 -0.01854479 0.0963 0.01728945 -0.0159161 0.0769 0.01728945 -0.0159161 0.0963 0.0196734 -0.01285326 0.0769 0.0196734 -0.01285326 0.0963 0.02152067 -0.009439826 0.0769 0.02152067 -0.009439826 0.0963 0.02278089 -0.005768895 0.0769 0.02278089 -0.005768895 0.0963 0.02341973 -0.001940608 0.0769 0.02341973 -0.001940608 0.0963 0.02341973 0.001940608 0.0769 0.02341973 0.001940608 0.0963 0.02278089 0.005768895 0.0769 0.02278089 0.005768895 0.0963 0.02152067 0.009439826 0.0769 0.02152067 0.009439826 0.0963 0.0196734 0.01285326 0.0769 0.0196734 0.01285326 0.0963 0.01728945 0.0159161 0.0769 0.01728945 0.0159161 0.0963 0.01443397 0.01854479 0.0769 0.01443397 0.01854479 0.0963 0.01118475 0.02066761 0.0769 0.01118475 0.02066761 0.0963 0.007630407 0.02222669 0.0769 0.007630407 0.02222669 0.0963 0.003867924 0.02317947 0.0769 0.003867924 0.02317947 0.0963 0 0.02349996 0.0769 0 0.02349996 0.0963 -0.01183521 0.02030211 0.09884995 -0.01183521 0.02030211 0.09665 -0.01475125 0.01829338 0.09665 -0.01475125 0.01829338 0.09884995 -0.01733237 0.01586937 0.09665 -0.01733237 0.01586937 0.09884995 -0.01951998 0.01308506 0.09665 -0.01951998 0.01308506 0.09884995 -0.02126443 0.01000362 0.09665 -0.02126443 0.01000362 0.09884995 -0.02252608 0.006695091 0.09665 -0.02252608 0.006695091 0.09884995 -0.02327632 0.003234565 0.09665 -0.02327632 0.003234565 0.09884995 -0.02349805 -2.99359e-4 0.09665 -0.02349805 -2.99359e-4 0.09884995 -0.02318632 -0.003826498 0.09665 -0.02318632 -0.003826498 0.09884995 0.02047926 -0.01152592 0.09884995 0.02047926 -0.01152592 0.09665 0.02195495 -0.008380234 0.09665 0.02195495 -0.008380234 0.09884995 0.02295064 -0.005051314 0.09665 0.02295064 -0.005051314 0.09884995 0.02344459 -0.001612007 0.09665 0.02344459 -0.001612007 0.09884995 0.02342605 0.001862525 0.09665 0.02342605 0.001862525 0.09884995 0.02289533 0.005296409 0.09665 0.02289533 0.005296409 0.09884995 0.02186411 0.00861448 0.09665 0.02186411 0.00861448 0.09884995 0.02035492 0.0117442 0.09665 0.02035492 0.0117442 0.09884995 0.01840072 0.0146172 0.09665 0.01840072 0.0146172 0.09884995 -0.005355834 -0.0228815 0.09665 -0.0083521 -0.02196568 0.09665 0.004021286 -0.01981991 0.09665 -0.007999956 0 0.09665 -0.01614773 -0.005131363 0.09665 -0.01715129 -0.004152536 0.09665 -0.01685166 -0.014638 0.09665 -0.01720118 -0.01490432 0.09665 -0.01763111 -0.01499509 0.09665 0.005212724 -0.01627373 0.09665 -0.01580786 -0.007843613 0.09665 0.006467342 -0.0158171 0.09665 0.00779581 -0.01595002 0.09665 0.01896506 -0.01180154 0.09665 0.01734566 -0.01044267 0.09665 -0.01848018 -0.003706037 0.09665 -0.01987117 -0.003880321 0.09665 -0.02185767 -0.004603385 0.09665 -0.01970297 -0.01052343 0.09665 -0.0155369 -0.01307111 0.09665 -0.01771646 -0.009800434 0.09665 -0.01447182 -0.01221632 0.09665 -0.01653885 -0.009039819 0.09665 -0.01316076 -0.0118342 0.09665 0.01039195 -0.01978021 0.09665 0.01527267 -0.01739913 0.09665 0.01517546 -0.01782369 0.09665 0.01183521 -0.02030211 0.09665 0.01142191 -0.02043408 0.09665 0.01099157 -0.02037858 0.09665 0.01518017 -0.01697349 0.09665 0.01491546 -0.0166276 0.09665 0.01329606 -0.01526874 0.09665 0.009659469 -0.01776778 0.09665 0.01244962 -0.01415127 0.09665 0.008935093 -0.0166462 0.09665 0.01217186 -0.0127772 0.09665 0.01251775 -0.01141864 0.09665 -0.01805847 -0.01489281 0.09665 -0.01840072 -0.0146172 0.09665 -0.02030247 -0.01112627 0.09665 -0.02006995 -0.01075798 0.09665 -0.02035635 -0.01155847 0.09665 -0.02022141 -0.0119726 0.09665 0.014907 -0.01816672 0.09665 0.01062524 -0.02014601 0.09665 0.004280507 -0.01722949 0.09665 -0.0097512 -0.01370471 0.09665 -0.01060599 -0.0126397 0.09665 0.01609814 -0.009803116 0.09665 3.70819e-4 0.0202431 0.09665 4.30297e-4 0.01888084 0.09665 -0.003842175 0.01868915 0.09665 -0.01180326 -0.01198285 0.09665 0.003855288 -0.01849514 0.09665 -0.02228957 -0.004659593 0.09665 -0.02270442 -0.004526913 0.09665 -0.02302354 -0.004230499 0.09665 -0.01119989 -0.02065938 0.09665 -0.01153075 -0.02037024 0.09665 -0.01170569 -0.01996713 0.09665 0.01978689 -0.01201933 0.09665 0.01935166 -0.01200211 0.09665 0.02018815 -0.01184988 0.09665 0.01045387 0.01277506 0.09665 0.01469671 -0.009768187 0.09665 0.009683668 0.01384168 0.09665 0.009361624 0.01511734 0.09665 -0.01566827 -0.006448686 0.09665 -0.007727384 -0.002070546 0.09665 -0.006928145 -0.003999948 0.09665 -0.005656838 -0.005656838 0.09665 -0.01169091 -0.01952797 0.09665 -0.01148933 -0.0191375 0.09665 -0.01017457 -0.01757061 0.09665 -0.009517729 -0.01637333 0.09665 -0.009369015 -0.01501584 0.09665 0.01156347 0.01206815 0.09665 0.0128557 0.01182085 0.09665 0.01385951 0.01196789 0.09665 -0.003983557 0.02315986 0.09665 -2.57876e-4 0.02349853 0.09665 -0.004753768 0.02183234 0.09665 -0.007727384 0.002070546 0.09665 -0.006928145 0.003999948 0.09665 0.002070546 -0.007727384 0.09665 0.003999948 -0.006928145 0.09665 0.005656838 -0.005656838 0.09665 0.01341885 -0.01034474 0.09665 -0.003999948 -0.006928145 0.09665 -0.002070546 -0.007727384 0.09665 0 -0.007999956 0.09665 0.004679024 -0.02267616 0.09665 0.004385054 -0.02299529 0.09665 0.004810154 -0.02226257 0.09665 0.003983557 -0.02315986 0.09665 0.004753768 -0.02183234 0.09665 8.67322e-4 -0.02348399 0.09665 -0.00226438 -0.02339065 0.09665 -0.004021286 0.01981991 0.09665 -0.009022474 0.01673507 0.09665 -0.008028626 0.01603919 0.09665 0.002141714 0.01684123 0.09665 0.003472924 0.01654613 0.09665 0.002070546 0.007727384 0.09665 -2.46902e-4 0.02349859 0.09665 1.75716e-4 0.02340495 0.09665 5.19142e-4 0.02314138 0.09665 0 0.007999956 0.09665 -0.002070546 0.007727384 0.09665 0.001059889 0.01767134 0.09665 -0.003999948 0.006928145 0.09665 -0.005656838 0.005656838 0.09665 0.01170569 0.01996713 0.09665 0.01169091 0.01952797 0.09665 0.01148933 0.0191375 0.09665 -0.004810154 0.02226257 0.09665 -0.004679024 0.02267616 0.09665 -0.004385054 0.02299529 0.09665 7.37905e-4 0.02232497 0.09665 7.19024e-4 0.02275747 0.09665 -0.01039195 0.01978021 0.09665 -0.009659469 0.01776778 0.09665 0.007478177 0.02195096 0.09665 0.007927 0.02205735 0.09665 0.006928145 -0.003999948 0.09665 0.007727384 -0.002070546 0.09665 0.007999956 0 0.09665 0.007727384 0.002070546 0.09665 0.004550278 0.01673609 0.09665 0.009533345 0.01642179 0.09665 -0.006840348 0.0157938 0.09665 -0.005716562 0.01601225 0.09665 -0.004756391 0.01663583 0.09665 -0.004099726 0.01757359 0.09665 0.007124841 0.02165448 0.09665 0.006942152 0.02123099 0.09665 0.006575107 0.01914912 0.09665 0.01017457 0.01757061 0.09665 0.006200909 0.01812112 0.09665 0.005497694 0.01728308 0.09665 0.006928145 0.003999948 0.09665 0.005656838 0.005656838 0.09665 0.003999948 0.006928145 0.09665 0.0176177 0.01499521 0.09665 0.01805239 0.01489573 0.09665 0.01719504 0.01490151 0.09665 0.01685166 0.014638 0.09665 0.0155369 0.01307111 0.09665 0.01477903 0.01239663 0.09665 -0.01093554 0.02035641 0.09665 -0.01060426 0.02012443 0.09665 -0.01133161 0.02043819 0.09665 -0.01159244 0.02040356 0.09665 0.01153075 0.02037024 0.09665 0.01119989 0.02065938 0.09665 0.008279263 0.02199321 0.09665 -0.01970297 -0.01052343 0.09884995 -0.02006995 -0.01075798 0.09884995 -0.02030247 -0.01112627 0.09884995 -0.02035635 -0.01155847 0.09884995 -0.02022141 -0.0119726 0.09884995 0.1214065 0.12085 0.2371478 0.1215717 0.12085 0.2370876 0.1233464 0.12085 0.2404477 0.1219874 0.12085 0.23703 0.12239 0.12085 0.2371481 0.07926678 0.12085 0.2480207 0.07658219 0.12085 0.2450938 0.0803619 0.12085 0.2473531 0.07654434 0.12085 0.2416869 0.07699948 0.12085 0.2383104 0.07760989 0.12085 0.2491119 0.07729107 0.12085 0.2488391 0.07711225 0.12085 0.2484594 0.1228877 0.12085 0.2378005 0.1227089 0.12085 0.2374209 0.08282488 0.12085 0.2477473 0.08430743 0.12085 0.2462514 0.08365708 0.12085 0.2487232 0.08521789 0.12085 0.2492529 0.08395612 0.12085 0.2499704 0.0790413 0.12085 0.2537593 0.08489179 0.12085 0.2573662 0.08101844 0.12085 0.2569847 0.08464425 0.12085 0.2584509 0.08348757 0.12085 0.2598509 0.1103654 0.12085 0.2220395 0.1136153 0.12085 0.2239761 0.09565955 0.12085 0.2243361 0.07959109 0.12085 0.2523673 0.07975631 0.12085 0.2523072 0.0808494 0.12085 0.2526972 0.07859343 0.12085 0.2491122 0.07842826 0.12085 0.2491723 0.07801258 0.12085 0.2492299 0.09387701 0.12085 0.257912 0.08964425 0.12085 0.2584509 0.09111088 0.12085 0.2564335 0.08939665 0.12085 0.2573662 0.08868628 0.12085 0.2544437 0.09541201 0.12085 0.2232514 0.09471827 0.12085 0.2223815 0.09561187 0.12085 0.2200433 0.0937159 0.12085 0.2218988 0.09196418 0.12085 0.2210466 0.07923567 0.12085 0.2525904 0.08558547 0.12085 0.2564963 0.08200603 0.12085 0.2526015 0.0865879 0.12085 0.2560136 0.08302015 0.12085 0.2520372 0.0837112 0.12085 0.2511048 0.09937328 0.12085 0.2196384 0.1031509 0.12085 0.2198421 0.1068469 0.12085 0.2206496 0.08500486 0.12085 0.2254989 0.08510714 0.12085 0.2250715 0.08538275 0.12085 0.2247292 0.1031214 0.12085 0.2274374 0.09471827 0.12085 0.2262907 0.09541201 0.12085 0.2254208 0.08870297 0.12085 0.2564963 0.08770054 0.12085 0.2560136 0.08669644 0.12085 0.2520191 0.08489179 0.12085 0.2595356 0.08558547 0.12085 0.2604055 0.08638459 0.12085 0.2622839 0.0865879 0.12085 0.2608882 0.08963453 0.12085 0.2642204 0.08770054 0.12085 0.2608882 0.09315305 0.12085 0.2656104 0.08870297 0.12085 0.2604055 0.09684902 0.12085 0.2664178 0.08939665 0.12085 0.2595356 0.08164066 0.12085 0.2472549 0.08430743 0.12085 0.2400085 0.08399999 0.12085 0.24313 0.07934057 0.12085 0.2319301 0.07962971 0.12085 0.2315992 0.08003282 0.12085 0.2314243 0.07893419 0.12085 0.2533536 0.07900303 0.12085 0.2529397 0.1191398 0.12085 0.2441656 0.1159999 0.12085 0.24313 0.1202524 0.12085 0.2441656 0.1235 0.12085 0.24313 0.1212549 0.12085 0.2446483 0.1219485 0.12085 0.2455182 0.09065955 0.12085 0.2243361 0.08536195 0.12085 0.2262783 0.08509564 0.12085 0.2259288 0.08692884 0.12085 0.2275931 0.09090715 0.12085 0.2254208 0.08778363 0.12085 0.2286581 0.09160083 0.12085 0.2262907 0.08816576 0.12085 0.2299692 0.1204088 0.12085 0.2338926 0.1202436 0.12085 0.2339528 0.1191505 0.12085 0.2335628 0.08242934 0.12085 0.2329553 0.07793813 0.12085 0.2350351 0.08086246 0.12085 0.2316406 0.08047199 0.12085 0.231439 0.1221961 0.12085 0.246603 0.123319 0.12085 0.246041 0.1219485 0.12085 0.2476876 0.1227788 0.12085 0.2489072 0.1212549 0.12085 0.2485575 0.1218877 0.12085 0.2516844 0.1202524 0.12085 0.2490403 0.09090715 0.12085 0.2232514 0.08852475 0.12085 0.2226222 0.09160083 0.12085 0.2223815 0.09260326 0.12085 0.2218988 0.08669644 0.12085 0.2342408 0.08521789 0.12085 0.237007 0.08498412 0.12085 0.2337609 0.09260326 0.12085 0.2267735 0.08736026 0.12085 0.232524 0.0880171 0.12085 0.2313267 0.1 0.12085 0.2271299 0.09687852 0.12085 0.2274374 0.0937159 0.12085 0.2267735 0.09387701 0.12085 0.2283479 0.08362662 0.12085 0.2336122 0.08629518 0.12085 0.2333788 0.08868628 0.12085 0.2318162 0.09111088 0.12085 0.2298265 0.1061229 0.12085 0.2283479 0.1088891 0.12085 0.2298265 0.1181374 0.12085 0.2446483 0.1174437 0.12085 0.2455182 0.1156926 0.12085 0.2462514 0.1171962 0.12085 0.246603 0.114782 0.12085 0.2492529 0.1174437 0.12085 0.2476876 0.1133035 0.12085 0.2520191 0.1113137 0.12085 0.2544437 0.1209587 0.12085 0.2325006 0.1210668 0.12085 0.232953 0.120985 0.12085 0.233349 0.114782 0.12085 0.237007 0.1133035 0.12085 0.2342408 0.1113137 0.12085 0.2318162 0.1088891 0.12085 0.2564335 0.112775 0.12085 0.2535839 0.1138417 0.12085 0.2528136 0.1181374 0.12085 0.2485575 0.1151174 0.12085 0.2524917 0.1206594 0.12085 0.2543299 0.1203702 0.12085 0.2546607 0.1199671 0.12085 0.2548357 0.1169798 0.12085 0.2342228 0.117994 0.12085 0.2336585 0.1165124 0.12085 0.226409 0.1189815 0.12085 0.2292753 0.1207531 0.12085 0.2336803 0.1162887 0.12085 0.2351551 0.1160438 0.12085 0.2362896 0.1163429 0.12085 0.2375367 0.1156926 0.12085 0.2400085 0.1171751 0.12085 0.2385126 0.1183593 0.12085 0.239005 0.119638 0.12085 0.2389068 0.1207332 0.12085 0.2382393 0.1195279 0.12085 0.254821 0.1191375 0.12085 0.2546194 0.1191398 0.12085 0.2490403 0.1175706 0.12085 0.2533046 0.1164218 0.12085 0.2526634 0.09687852 0.12085 0.2588226 0.1 0.12085 0.25913 0.1043881 0.12085 0.2662166 0.1031214 0.12085 0.2588226 0.1006267 0.12085 0.2666217 0.1130711 0.12085 0.2586669 0.1123967 0.12085 0.257909 0.1119679 0.12085 0.2569895 0.1061229 0.12085 0.257912 0.1118209 0.12085 0.2559857 0.1120681 0.12085 0.2546935 0.1149952 0.12085 0.2607477 0.1148958 0.12085 0.2611824 0.1149015 0.12085 0.2603251 0.1146172 0.12085 0.2615307 0.114638 0.12085 0.2599816 0.1114752 0.12085 0.2636378 0.1080358 0.12085 0.2652134 0.07665377 0.13045 0.2181338 0.07665377 0.11985 0.2181338 0.0764327 0.13045 0.2189587 0.0764327 0.11985 0.2189587 0.07582873 0.13045 0.2195627 0.07582873 0.11985 0.2195627 0.07500374 0.13045 0.2197837 0.07500374 0.11985 0.2197837 0.07417875 0.13045 0.2195627 0.07417875 0.11985 0.2195627 0.07357484 0.13045 0.2189587 0.07357484 0.11985 0.2189587 0.07335376 0.13045 0.2181338 0.07335376 0.11985 0.2181338 0.07357484 0.13045 0.2173088 0.07357484 0.11985 0.2173088 0.07417875 0.13045 0.2167048 0.07417875 0.11985 0.2167048 0.07500374 0.13045 0.2164837 0.07500374 0.11985 0.2164837 0.07582873 0.13045 0.2167048 0.07582873 0.11985 0.2167048 0.0764327 0.13045 0.2173088 0.0764327 0.11985 0.2173088 0.1266462 0.13045 0.2181338 0.1266462 0.11985 0.2181338 0.1264252 0.13045 0.2189587 0.1264252 0.11985 0.2189587 0.1258212 0.13045 0.2195627 0.1258212 0.11985 0.2195627 0.1249962 0.13045 0.2197837 0.1249962 0.11985 0.2197837 0.1241712 0.13045 0.2195627 0.1241712 0.11985 0.2195627 0.1235672 0.13045 0.2189587 0.1235672 0.11985 0.2189587 0.1233462 0.13045 0.2181338 0.1233462 0.11985 0.2181338 0.1235672 0.13045 0.2173088 0.1235672 0.11985 0.2173088 0.1241712 0.13045 0.2167048 0.1241712 0.11985 0.2167048 0.1249962 0.13045 0.2164837 0.1249962 0.11985 0.2164837 0.1258212 0.13045 0.2167048 0.1258212 0.11985 0.2167048 0.1264252 0.13045 0.2173088 0.1264252 0.11985 0.2173088 0.1266462 0.13045 0.2681262 0.1266462 0.11985 0.2681262 0.1264252 0.13045 0.2689512 0.1264252 0.11985 0.2689512 0.1258212 0.13045 0.2695552 0.1258212 0.11985 0.2695552 0.1249962 0.13045 0.2697762 0.1249962 0.11985 0.2697762 0.1241712 0.13045 0.2695552 0.1241712 0.11985 0.2695552 0.1235672 0.13045 0.2689512 0.1235672 0.11985 0.2689512 0.1233462 0.13045 0.2681262 0.1233462 0.11985 0.2681262 0.1235672 0.13045 0.2673012 0.1235672 0.11985 0.2673012 0.1241712 0.13045 0.2666973 0.1241712 0.11985 0.2666973 0.1249962 0.13045 0.2664762 0.1249962 0.11985 0.2664762 0.1258212 0.13045 0.2666973 0.1258212 0.11985 0.2666973 0.1264252 0.13045 0.2673012 0.1264252 0.11985 0.2673012 0.1245 0.12365 0.24313 0.1245 0.11165 0.24313 0.1241278 0.12365 0.2473844 0.1241278 0.11165 0.2473844 0.1230224 0.12365 0.2515095 0.1230224 0.11165 0.2515095 0.1212176 0.12365 0.25538 0.1212176 0.11165 0.25538 0.118768 0.12365 0.2588783 0.118768 0.11165 0.2588783 0.1157483 0.12365 0.2618981 0.1157483 0.11165 0.2618981 0.11225 0.12365 0.2643476 0.11225 0.11165 0.2643476 0.1083795 0.12365 0.2661525 0.1083795 0.11165 0.2661525 0.1042544 0.12365 0.2672578 0.1042544 0.11165 0.2672578 0.1 0.12365 0.26763 0.1 0.11165 0.26763 0.09574562 0.12365 0.2672578 0.09574562 0.11165 0.2672578 0.0916205 0.12365 0.2661525 0.0916205 0.11165 0.2661525 0.08774995 0.12365 0.2643476 0.08774995 0.11165 0.2643476 0.0842517 0.12365 0.2618981 0.0842517 0.11165 0.2618981 0.08275187 0.12365 0.2605298 0.08123189 0.11165 0.2588783 0.07549995 0.11165 0.24313 0.07549995 0.12365 0.24313 0.07587218 0.11165 0.2473844 0.07587218 0.12365 0.2473844 0.07697749 0.11165 0.2515095 0.07697749 0.12365 0.2515095 0.07878237 0.11165 0.25538 0.07878237 0.12365 0.25538 0.08123189 0.12365 0.2588783 0.08381545 0.12365 0.233666 0.0860688 0.12365 0.2334865 0.08537262 0.12365 0.2337048 0.08270615 0.12365 0.2499704 0.08284723 0.12365 0.2504138 0.08250516 0.12365 0.2507204 0.08250838 0.12365 0.2510631 0.08195614 0.12365 0.2512694 0.08178758 0.12365 0.2515679 0.08120614 0.12365 0.2514704 0.07959109 0.12365 0.2523673 0.07760989 0.12365 0.2491119 0.07801258 0.12365 0.2492299 0.07842826 0.12365 0.2491723 0.08288031 0.12365 0.2502656 0.0828523 0.12365 0.249546 0.0828036 0.12365 0.2493889 0.08250516 0.12365 0.2492204 0.08229887 0.12365 0.2486681 0.08195614 0.12365 0.2486714 0.0815013 0.12365 0.2482962 0.08120614 0.12365 0.2484704 0.08062469 0.12365 0.2483729 0.08045613 0.12365 0.2486714 0.07990711 0.12365 0.2492204 0.07923567 0.12365 0.2525904 0.07970613 0.12365 0.2499704 0.07990711 0.12365 0.2507204 0.08045613 0.12365 0.2512694 0.07878237 0.12365 0.23088 0.07934057 0.12365 0.2319301 0.07697749 0.12365 0.2347505 0.07765907 0.12365 0.2358406 0.07587218 0.12365 0.2388756 0.07671064 0.12365 0.2399904 0.07652634 0.12365 0.2442432 0.07711225 0.12365 0.2484594 0.07729107 0.12365 0.2488391 0.08123189 0.12365 0.2273817 0.08275187 0.12365 0.2257302 0.08086246 0.12365 0.2316406 0.08047199 0.12365 0.231439 0.08003282 0.12365 0.2314243 0.07962971 0.12365 0.2315992 0.08380407 0.12365 0.2287587 0.08316355 0.12365 0.2293992 0.08467906 0.12365 0.2285242 0.08292907 0.12365 0.2302742 0.08242934 0.12365 0.2329553 0.08316355 0.12365 0.2311492 0.08380407 0.12365 0.2317898 0.08467906 0.12365 0.2320242 0.08555406 0.12365 0.2317898 0.0867924 0.12365 0.2330642 0.08619463 0.12365 0.2311492 0.08642911 0.12365 0.2302742 0.08817797 0.12365 0.2303615 0.08779364 0.12365 0.231871 0.08555406 0.12365 0.2287587 0.08536195 0.12365 0.2262783 0.08619463 0.12365 0.2293992 0.08692884 0.12365 0.2275931 0.08786934 0.12365 0.2288347 0.08538275 0.12365 0.2247292 0.08510714 0.12365 0.2250715 0.0842517 0.12365 0.2243619 0.08500486 0.12365 0.2254989 0.120985 0.12365 0.233349 0.1210668 0.12365 0.232953 0.1224725 0.12365 0.2333711 0.1209587 0.12365 0.2325006 0.08509564 0.12365 0.2259288 0.08885675 0.12365 0.2224399 0.08774995 0.12365 0.2219123 0.09268003 0.12365 0.2207991 0.0916205 0.12365 0.2201075 0.09673273 0.12365 0.2198582 0.09574562 0.12365 0.2190022 0.1008879 0.12365 0.2196468 0.1 0.12365 0.21863 0.1050152 0.12365 0.2201713 0.1042544 0.12365 0.2190022 0.1089853 0.12365 0.2214156 0.1083795 0.12365 0.2201075 0.1126737 0.12365 0.2233405 0.11225 0.12365 0.2219123 0.115965 0.12365 0.2258856 0.1157483 0.12365 0.2243619 0.1187558 0.12365 0.2289712 0.118768 0.12365 0.2273817 0.1212176 0.12365 0.23088 0.1170709 0.12365 0.2559857 0.1168364 0.12365 0.2568607 0.1204088 0.12365 0.2338926 0.1207531 0.12365 0.2336803 0.1209543 0.12365 0.2334138 0.1146172 0.12365 0.2615307 0.1148958 0.12365 0.2611824 0.1199671 0.12365 0.2548357 0.1195279 0.12365 0.254821 0.1191375 0.12365 0.2546194 0.1168364 0.12365 0.2551108 0.1175706 0.12365 0.2533046 0.1161959 0.12365 0.2544702 0.1161676 0.12365 0.2525897 0.1153209 0.12365 0.2542358 0.1153209 0.12365 0.2577357 0.1149952 0.12365 0.2607477 0.1144459 0.12365 0.2575013 0.1149015 0.12365 0.2603251 0.1180438 0.12365 0.2349905 0.1182124 0.12365 0.2346921 0.1187939 0.12365 0.2347896 0.1195438 0.12365 0.2349905 0.1200929 0.12365 0.2355396 0.1161959 0.12365 0.2575013 0.1230224 0.12365 0.2347505 0.1241278 0.12365 0.2388756 0.1228877 0.12365 0.2378005 0.1202938 0.12365 0.2362896 0.114638 0.12365 0.2599816 0.1130711 0.12365 0.2586669 0.1138053 0.12365 0.2568607 0.1121488 0.12365 0.2574649 0.1135709 0.12365 0.2559857 0.1118209 0.12365 0.2559857 0.1138053 0.12365 0.2551108 0.1121751 0.12365 0.2544515 0.1144459 0.12365 0.2544702 0.113166 0.12365 0.2532277 0.1145932 0.12365 0.2525622 0.07900303 0.12365 0.2529397 0.07893419 0.12365 0.2533536 0.0790413 0.12365 0.2537593 0.08124417 0.12365 0.2572888 0.08275032 0.12365 0.2590893 0.08403497 0.12365 0.2603744 0.1227089 0.12365 0.2374209 0.12239 0.12365 0.2371481 0.1219874 0.12365 0.23703 0.1200929 0.12365 0.2370396 0.1215717 0.12365 0.2370876 0.1195438 0.12365 0.2375886 0.1193752 0.12365 0.237887 0.1187939 0.12365 0.2377896 0.1185719 0.12365 0.237975 0.1180438 0.12365 0.2375886 0.1178187 0.12365 0.2376821 0.1174948 0.12365 0.2370396 0.1172859 0.12365 0.2370746 0.1172938 0.12365 0.2362896 0.1170938 0.12365 0.2362896 0.1174948 0.12365 0.2355396 0.1172329 0.12365 0.2356162 0.1176272 0.12365 0.235053 0.1111432 0.12365 0.2638201 0.1073199 0.12365 0.2654609 0.1032672 0.12365 0.2664018 0.09911209 0.12365 0.2666132 0.09498476 0.12365 0.2660886 0.09101468 0.12365 0.2648444 0.08732622 0.12365 0.2629196 0.1203702 0.12365 0.2546607 0.1206594 0.12365 0.2543299 0.122223 0.12365 0.2507713 0.1231785 0.12365 0.2470036 0.1235 0.12365 0.24313 0.1233464 0.12365 0.2404477 0.07587218 0.11165 0.2388756 0.07697749 0.11165 0.2347505 0.07878237 0.11165 0.23088 0.08123189 0.11165 0.2273817 0.0842517 0.11165 0.2243619 0.1230224 0.11165 0.2347505 0.1212176 0.11165 0.23088 0.118768 0.11165 0.2273817 0.1157483 0.11165 0.2243619 0.11225 0.11165 0.2219123 0.1083795 0.11165 0.2201075 0.1042544 0.11165 0.2190022 0.1 0.11165 0.21863 0.09574562 0.11165 0.2190022 0.0916205 0.11165 0.2201075 0.08774995 0.11165 0.2219123 0.1241278 0.11165 0.2388756 0.07299995 0.11165 0.24313 0.07299995 0.11985 0.24313 0.07341015 0.11985 0.2384415 0.07341015 0.11165 0.2384415 0.07462829 0.11985 0.2338954 0.07462829 0.11165 0.2338954 0.0766173 0.11985 0.2296299 0.0766173 0.11165 0.2296299 0.07931679 0.11985 0.2257747 0.07931679 0.11165 0.2257747 0.0826447 0.11985 0.2224467 0.0826447 0.11165 0.2224467 0.08649998 0.11985 0.2197473 0.08649998 0.11165 0.2197473 0.09076541 0.11985 0.2177582 0.09076541 0.11165 0.2177582 0.09531146 0.11985 0.2165402 0.09531146 0.11165 0.2165402 0.1 0.11985 0.21613 0.1 0.11165 0.21613 0.1046885 0.11985 0.2165402 0.1046885 0.11165 0.2165402 0.1092345 0.11985 0.2177582 0.1092345 0.11165 0.2177582 0.1134999 0.11985 0.2197473 0.1134999 0.11165 0.2197473 0.1173552 0.11985 0.2224467 0.1173552 0.11165 0.2224467 0.1206832 0.11985 0.2257747 0.1206832 0.11165 0.2257747 0.1233826 0.11985 0.2296299 0.1233826 0.11165 0.2296299 0.1253716 0.11985 0.2338954 0.1253716 0.11165 0.2338954 0.1265898 0.11985 0.2384415 0.1265898 0.11165 0.2384415 0.127 0.11985 0.24313 0.127 0.11165 0.24313 0.08649998 0.11165 0.2665127 0.0826447 0.11165 0.2638132 0.07931679 0.11165 0.2604852 0.0766173 0.11165 0.25663 0.07462829 0.11165 0.2523645 0.07341015 0.11165 0.2478185 0.1265898 0.11165 0.2478185 0.1253716 0.11165 0.2523645 0.1233826 0.11165 0.25663 0.1206832 0.11165 0.2604852 0.1173552 0.11165 0.2638132 0.1134999 0.11165 0.2665127 0.1092345 0.11165 0.2685017 0.1046885 0.11165 0.2697198 0.1 0.11165 0.27013 0.09531146 0.11165 0.2697198 0.09076541 0.11165 0.2685017 0.1265898 0.11985 0.2478185 0.1253716 0.11985 0.2523645 0.1233826 0.11985 0.25663 0.1206832 0.11985 0.2604852 0.1173552 0.11985 0.2638132 0.1134999 0.11985 0.2665127 0.1092345 0.11985 0.2685017 0.1046885 0.11985 0.2697198 0.1 0.11985 0.27013 0.09531146 0.11985 0.2697198 0.09076541 0.11985 0.2685017 0.08649998 0.11985 0.2665127 0.0826447 0.11985 0.2638132 0.07931679 0.11985 0.2604852 0.0766173 0.11985 0.25663 0.07462829 0.11985 0.2523645 0.07341015 0.11985 0.2478185 0.1299999 0.11985 0.24313 0.1299999 0.13045 0.24313 0.1299999 0.13045 0.2527281 0.1299999 0.11985 0.2166724 0.1299999 0.13045 0.2166724 0.1299999 0.13045 0.2224569 0.1299999 0.11985 0.2695875 0.1299999 0.13045 0.2638031 0.1299999 0.13045 0.2695875 0.1299999 0.13045 0.2335319 0.1264575 0.13045 0.27313 0.1264575 0.11985 0.27313 0.07830494 0.13045 0.27313 0.07354247 0.13045 0.27313 0.07354247 0.11985 0.27313 0.121695 0.13045 0.27313 0.1173074 0.13045 0.27313 0.1 0.11985 0.27313 0.1 0.13045 0.27313 0.08269262 0.13045 0.27313 0.06999999 0.13045 0.2695875 0.06999999 0.11985 0.2695875 0.07162153 0.13045 0.2713198 0.06999999 0.13045 0.2527281 0.06999999 0.11985 0.24313 0.06999999 0.13045 0.2638031 0.06999999 0.13045 0.24313 0.06999999 0.13045 0.2335319 0.06999999 0.11985 0.2166724 0.06999999 0.13045 0.2224569 0.06999999 0.13045 0.2166724 0.07181024 0.13045 0.2147515 0.07354247 0.13045 0.2131299 0.07354247 0.11985 0.2131299 0.07162153 0.13045 0.2149402 0.1 0.11985 0.2131299 0.1264575 0.11985 0.2131299 0.07335376 0.11985 0.2681262 0.07357484 0.11985 0.2689512 0.0764327 0.11985 0.2689512 0.07665377 0.11985 0.2681262 0.07357484 0.11985 0.2673012 0.07417875 0.11985 0.2666973 0.07500374 0.11985 0.2664762 0.07582873 0.11985 0.2666973 0.0764327 0.11985 0.2673012 0.07417875 0.11985 0.2695552 0.07500374 0.11985 0.2697762 0.07582873 0.11985 0.2695552 0.1281898 0.13045 0.2147515 0.1264575 0.13045 0.2131299 0.121695 0.13045 0.2131299 0.07830494 0.13045 0.2131299 0.08269262 0.13045 0.2131299 0.1 0.13045 0.2131299 0.1173074 0.13045 0.2131299 0.1164438 0.13045 0.2504513 0.1173074 0.13045 0.2527281 0.1176066 0.13045 0.2468724 0.08795565 0.13045 0.2565066 0.08543765 0.13045 0.2537101 0.08269262 0.13045 0.2527281 0.08355617 0.13045 0.2504513 0.0801236 0.13045 0.2505954 0.07995611 0.13045 0.2499704 0.07830494 0.13045 0.2527281 0.08355617 0.13045 0.2358087 0.08269262 0.13045 0.2335319 0.08239334 0.13045 0.2393876 0.08316355 0.13045 0.2311492 0.08292907 0.13045 0.2302742 0.1187939 0.13045 0.2350395 0.1194188 0.13045 0.235207 0.121695 0.13045 0.2335319 0.1164438 0.13045 0.2358087 0.1176066 0.13045 0.2393876 0.1177113 0.13045 0.2369146 0.1175438 0.13045 0.2362896 0.1177113 0.13045 0.2356646 0.1173074 0.13045 0.2335319 0.1181688 0.13045 0.235207 0.1198763 0.13045 0.2356646 0.1200438 0.13045 0.2362896 0.121695 0.13045 0.24313 0.1198763 0.13045 0.2369146 0.1194188 0.13045 0.2373721 0.118 0.13045 0.24313 0.1187939 0.13045 0.2375396 0.1181688 0.13045 0.2373721 0.1018815 0.13045 0.2252286 0.1055623 0.13045 0.2260109 0.1173074 0.13045 0.2224569 0.109 0.13045 0.2275415 0.1120443 0.13045 0.2297534 0.1145623 0.13045 0.2325499 0.08269262 0.13045 0.2224569 0.08316355 0.13045 0.2293992 0.08380407 0.13045 0.2287587 0.08467906 0.13045 0.2285242 0.09099996 0.13045 0.2275415 0.09443765 0.13045 0.2260109 0.1 0.13045 0.2224569 0.09811848 0.13045 0.2252286 0.08555406 0.13045 0.2287587 0.08619463 0.13045 0.2293992 0.08642911 0.13045 0.2302742 0.08795565 0.13045 0.2297534 0.08619463 0.13045 0.2311492 0.08543765 0.13045 0.2325499 0.08555406 0.13045 0.2317898 0.08467906 0.13045 0.2320242 0.08380407 0.13045 0.2317898 0.07830494 0.13045 0.24313 0.08199995 0.13045 0.24313 0.07830494 0.13045 0.2335319 0.08120614 0.13045 0.2512204 0.08058112 0.13045 0.2510529 0.0801236 0.13045 0.2493454 0.08058112 0.13045 0.2488878 0.08120614 0.13045 0.2487204 0.08239334 0.13045 0.2468724 0.08183115 0.13045 0.2488878 0.08228868 0.13045 0.2493454 0.08245611 0.13045 0.2499704 0.08228868 0.13045 0.2505954 0.08183115 0.13045 0.2510529 0.1 0.13045 0.2638031 0.1173074 0.13045 0.2638031 0.1153209 0.13045 0.2577357 0.109 0.13045 0.2587184 0.1055623 0.13045 0.260249 0.1170709 0.13045 0.2559857 0.1168364 0.13045 0.2568607 0.1161959 0.13045 0.2575013 0.1018815 0.13045 0.2610314 0.09811848 0.13045 0.2610314 0.08269262 0.13045 0.2638031 0.09443765 0.13045 0.260249 0.09099996 0.13045 0.2587184 0.1144459 0.13045 0.2575013 0.1138053 0.13045 0.2568607 0.1135709 0.13045 0.2559857 0.1120443 0.13045 0.2565066 0.1138053 0.13045 0.2551108 0.1145623 0.13045 0.2537101 0.1144459 0.13045 0.2544702 0.1153209 0.13045 0.2542358 0.1161959 0.13045 0.2544702 0.1168364 0.13045 0.2551108 0.121695 0.13045 0.2527281 0.121695 0.13045 0.2148069 0.121695 0.13045 0.2224569 0.121695 0.13045 0.2638031 0.07335376 0.13045 0.2681262 0.07357484 0.13045 0.2673012 0.07167685 0.13045 0.2638031 0.07417875 0.13045 0.2666973 0.07500374 0.13045 0.2664762 0.07830494 0.13045 0.2638031 0.07582873 0.13045 0.2666973 0.0764327 0.13045 0.2673012 0.07357484 0.13045 0.2689512 0.07417875 0.13045 0.2695552 0.07665377 0.13045 0.2681262 0.0764327 0.13045 0.2689512 0.07582873 0.13045 0.2695552 0.07500374 0.13045 0.2697762 0.07167685 0.13045 0.2224569 0.07830494 0.13045 0.2224569 0.07830494 0.13045 0.2148069 0.1173074 0.13045 0.2148069 0.1 0.13045 0.2148069 0.08269262 0.13045 0.2148069 0.07167685 0.13045 0.2527281 0.07167685 0.13045 0.24313 0.07167685 0.13045 0.2335319 0.1227462 0.09029996 0.2181338 0.1227462 0.0841 0.2181338 0.1230477 0.09029996 0.2170087 0.1230477 0.0841 0.2170087 0.1238712 0.09029996 0.2161852 0.1238712 0.0841 0.2161852 0.1249962 0.09029996 0.2158837 0.1249962 0.0841 0.2158837 0.1261212 0.09029996 0.2161852 0.1261212 0.0841 0.2161852 0.1269447 0.09029996 0.2170087 0.1269447 0.0841 0.2170087 0.1272462 0.09029996 0.2181338 0.1272462 0.0841 0.2181338 0.1269447 0.09029996 0.2192587 0.1269447 0.0841 0.2192587 0.1261212 0.09029996 0.2200823 0.1261212 0.0841 0.2200823 0.1249962 0.09029996 0.2203838 0.1249962 0.0841 0.2203838 0.1238712 0.09029996 0.2200823 0.1238712 0.0841 0.2200823 0.1230477 0.09029996 0.2192587 0.1230477 0.0841 0.2192587 0.07275372 0.09029996 0.2181338 0.07275372 0.0841 0.2181338 0.0730552 0.09029996 0.2170087 0.0730552 0.0841 0.2170087 0.07387876 0.09029996 0.2161852 0.07387876 0.0841 0.2161852 0.07500374 0.09029996 0.2158837 0.07500374 0.0841 0.2158837 0.07612878 0.09029996 0.2161852 0.07612878 0.0841 0.2161852 0.07695233 0.09029996 0.2170087 0.07695233 0.0841 0.2170087 0.07725375 0.09029996 0.2181338 0.07725375 0.0841 0.2181338 0.07695233 0.09029996 0.2192587 0.07695233 0.0841 0.2192587 0.07612878 0.09029996 0.2200823 0.07612878 0.0841 0.2200823 0.07500374 0.09029996 0.2203838 0.07500374 0.0841 0.2203838 0.07387876 0.09029996 0.2200823 0.07387876 0.0841 0.2200823 0.0730552 0.09029996 0.2192587 0.0730552 0.0841 0.2192587 0.07275372 0.09029996 0.2681262 0.07275372 0.0841 0.2681262 0.0730552 0.09029996 0.2670012 0.0730552 0.0841 0.2670012 0.07387876 0.09029996 0.2661777 0.07387876 0.0841 0.2661777 0.07500374 0.09029996 0.2658762 0.07500374 0.0841 0.2658762 0.07612878 0.09029996 0.2661777 0.07612878 0.0841 0.2661777 0.07695233 0.09029996 0.2670012 0.07695233 0.0841 0.2670012 0.07725375 0.09029996 0.2681262 0.07725375 0.0841 0.2681262 0.07695233 0.09029996 0.2692512 0.07695233 0.0841 0.2692512 0.07612878 0.09029996 0.2700748 0.07612878 0.0841 0.2700748 0.07500374 0.09029996 0.2703762 0.07500374 0.0841 0.2703762 0.07387876 0.09029996 0.2700748 0.07387876 0.0841 0.2700748 0.0730552 0.09029996 0.2692512 0.0730552 0.0841 0.2692512 0.1227462 0.09029996 0.2681262 0.1227462 0.0841 0.2681262 0.1230477 0.09029996 0.2670012 0.1230477 0.0841 0.2670012 0.1238712 0.09029996 0.2661777 0.1238712 0.0841 0.2661777 0.1249962 0.09029996 0.2658762 0.1249962 0.0841 0.2658762 0.1261212 0.09029996 0.2661777 0.1261212 0.0841 0.2661777 0.1269447 0.09029996 0.2670012 0.1269447 0.0841 0.2670012 0.1272462 0.09029996 0.2681262 0.1272462 0.0841 0.2681262 0.1269447 0.09029996 0.2692512 0.1269447 0.0841 0.2692512 0.1261212 0.09029996 0.2700748 0.1261212 0.0841 0.2700748 0.1249962 0.09029996 0.2703762 0.1249962 0.0841 0.2703762 0.1238712 0.09029996 0.2700748 0.1238712 0.0841 0.2700748 0.1230477 0.09029996 0.2692512 0.1230477 0.0841 0.2692512 0.07549995 0.09259998 0.24313 0.07549995 0.09459996 0.24313 0.07587218 0.09259998 0.2473844 0.07587218 0.09459996 0.2473844 0.07697749 0.09259998 0.2515095 0.07697749 0.09459996 0.2515095 0.07878237 0.09259998 0.25538 0.07878237 0.09459996 0.25538 0.08123189 0.09259998 0.2588783 0.08123189 0.09459996 0.2588783 0.0842517 0.09259998 0.2618981 0.0842517 0.09459996 0.2618981 0.08774995 0.09259998 0.2643476 0.08774995 0.09459996 0.2643476 0.0916205 0.09259998 0.2661525 0.0916205 0.09459996 0.2661525 0.09574562 0.09259998 0.2672578 0.09574562 0.09459996 0.2672578 0.1 0.09259998 0.26763 0.1 0.09459996 0.26763 0.1042544 0.09259998 0.2672578 0.1042544 0.09459996 0.2672578 0.1083795 0.09259998 0.2661525 0.1083795 0.09459996 0.2661525 0.11225 0.09259998 0.2643476 0.11225 0.09459996 0.2643476 0.1157483 0.09259998 0.2618981 0.1157483 0.09459996 0.2618981 0.118768 0.09259998 0.2588783 0.118768 0.09459996 0.2588783 0.1212176 0.09259998 0.25538 0.1212176 0.09459996 0.25538 0.1230224 0.09259998 0.2515095 0.1230224 0.09459996 0.2515095 0.1241278 0.09259998 0.2473844 0.1241278 0.09459996 0.2473844 0.1245 0.09259998 0.24313 0.1245 0.09459996 0.24313 0.1021406 0.09259998 0.2200289 0.1 0.09259998 0.21863 0.09785938 0.09259998 0.2200289 0.09574562 0.09259998 0.2190022 0.09365099 0.09259998 0.2208156 0.0916205 0.09259998 0.2201075 0.08965885 0.09259998 0.2223622 0.08774995 0.09259998 0.2219123 0.08601886 0.09259998 0.224616 0.0842517 0.09259998 0.2243619 0.08285498 0.09259998 0.2275002 0.08123189 0.09259998 0.2273817 0.08027493 0.09259998 0.2309167 0.07878237 0.09259998 0.23088 0.07836663 0.09259998 0.2347491 0.07697749 0.09259998 0.2347505 0.07719498 0.09259998 0.238867 0.07587218 0.09259998 0.2388756 0.07679998 0.09259998 0.24313 0.07719498 0.09259998 0.247393 0.07836663 0.09259998 0.2515108 0.08027493 0.09259998 0.2553432 0.08285498 0.09259998 0.2587597 0.08601886 0.09259998 0.261644 0.08965885 0.09259998 0.2638978 0.09365099 0.09259998 0.2654443 0.09785938 0.09259998 0.266231 0.1021406 0.09259998 0.266231 0.1063489 0.09259998 0.2654443 0.1103411 0.09259998 0.2638978 0.1139811 0.09259998 0.261644 0.117145 0.09259998 0.2587597 0.119725 0.09259998 0.2553432 0.1216334 0.09259998 0.2515108 0.1228049 0.09259998 0.247393 0.1231999 0.09259998 0.24313 0.1228049 0.09259998 0.238867 0.1241278 0.09259998 0.2388756 0.1216334 0.09259998 0.2347491 0.1230224 0.09259998 0.2347505 0.119725 0.09259998 0.2309167 0.1212176 0.09259998 0.23088 0.117145 0.09259998 0.2275002 0.118768 0.09259998 0.2273817 0.1139811 0.09259998 0.224616 0.1157483 0.09259998 0.2243619 0.1103411 0.09259998 0.2223622 0.11225 0.09259998 0.2219123 0.1063489 0.09259998 0.2208156 0.1083795 0.09259998 0.2201075 0.1042544 0.09259998 0.2190022 0.1241278 0.09459996 0.2388756 0.1230224 0.09459996 0.2347505 0.1212176 0.09459996 0.23088 0.118768 0.09459996 0.2273817 0.1157483 0.09459996 0.2243619 0.11225 0.09459996 0.2219123 0.1083795 0.09459996 0.2201075 0.1042544 0.09459996 0.2190022 0.1 0.09459996 0.21863 0.09574562 0.09459996 0.2190022 0.0916205 0.09459996 0.2201075 0.08774995 0.09459996 0.2219123 0.0842517 0.09459996 0.2243619 0.08123189 0.09459996 0.2273817 0.07878237 0.09459996 0.23088 0.07697749 0.09459996 0.2347505 0.07587218 0.09459996 0.2388756 0.09777033 0.09459996 0.2162222 0.09337186 0.09459996 0.2169561 0.08915418 0.09459996 0.2184041 0.08523237 0.09459996 0.2205265 0.08171337 0.09459996 0.2232654 0.07869321 0.09459996 0.2265462 0.07625418 0.09459996 0.2302794 0.07446289 0.09459996 0.2343631 0.07336825 0.09459996 0.2386859 0.07299995 0.09459996 0.24313 0.07336825 0.09459996 0.247574 0.07446289 0.09459996 0.2518969 0.07625418 0.09459996 0.2559806 0.07869321 0.09459996 0.2597137 0.08171337 0.09459996 0.2629945 0.08523237 0.09459996 0.2657335 0.08915418 0.09459996 0.2678559 0.09337186 0.09459996 0.2693038 0.09777033 0.09459996 0.2700378 0.1022296 0.09459996 0.2700378 0.1066281 0.09459996 0.2693038 0.1108458 0.09459996 0.2678559 0.1147676 0.09459996 0.2657335 0.1182866 0.09459996 0.2629945 0.1213068 0.09459996 0.2597137 0.1237457 0.09459996 0.2559806 0.125537 0.09459996 0.2518969 0.1266317 0.09459996 0.247574 0.127 0.09459996 0.24313 0.1266317 0.09459996 0.2386859 0.125537 0.09459996 0.2343631 0.1237457 0.09459996 0.2302794 0.1213068 0.09459996 0.2265462 0.1182866 0.09459996 0.2232654 0.1147676 0.09459996 0.2205265 0.1108458 0.09459996 0.2184041 0.1066281 0.09459996 0.2169561 0.1022296 0.09459996 0.2162222 0.07299995 0.09029996 0.24313 0.07336825 0.09029996 0.2386859 0.07446289 0.09029996 0.2343631 0.07625418 0.09029996 0.2302794 0.07869321 0.09029996 0.2265462 0.08171337 0.09029996 0.2232654 0.08523237 0.09029996 0.2205265 0.08915418 0.09029996 0.2184041 0.09337186 0.09029996 0.2169561 0.09777033 0.09029996 0.2162222 0.1 0.09029996 0.21613 0.1022296 0.09029996 0.2162222 0.1066281 0.09029996 0.2169561 0.1108458 0.09029996 0.2184041 0.1147676 0.09029996 0.2205265 0.1182866 0.09029996 0.2232654 0.1213068 0.09029996 0.2265462 0.1237457 0.09029996 0.2302794 0.125537 0.09029996 0.2343631 0.1266317 0.09029996 0.2386859 0.127 0.09029996 0.24313 0.1266317 0.09029996 0.247574 0.125537 0.09029996 0.2518969 0.1237457 0.09029996 0.2559806 0.1213068 0.09029996 0.2597137 0.1182866 0.09029996 0.2629945 0.1147676 0.09029996 0.2657335 0.1108458 0.09029996 0.2678559 0.1066281 0.09029996 0.2693038 0.1022296 0.09029996 0.2700378 0.1 0.09029996 0.27013 0.09777033 0.09029996 0.2700378 0.09337186 0.09029996 0.2693038 0.08915418 0.09029996 0.2678559 0.08523237 0.09029996 0.2657335 0.08171337 0.09029996 0.2629945 0.07869321 0.09029996 0.2597137 0.07625418 0.09029996 0.2559806 0.07446289 0.09029996 0.2518969 0.07336825 0.09029996 0.247574 0.07354247 0.09029996 0.27313 0.07354247 0.0841 0.27313 0.1 0.09029996 0.27313 0.1264575 0.0841 0.27313 0.1264575 0.09029996 0.27313 0.06999999 0.09029996 0.2695875 0.06999999 0.0841 0.2695875 0.06999999 0.09029996 0.2166724 0.06999999 0.0841 0.2166724 0.06999999 0.09029996 0.24313 0.1299999 0.09029996 0.2695875 0.1299999 0.0841 0.2695875 0.1299999 0.09029996 0.24313 0.1299999 0.0841 0.2166724 0.1299999 0.09029996 0.2166724 0.1264575 0.09029996 0.2131299 0.1264575 0.0841 0.2131299 0.1 0.09029996 0.2131299 0.07354247 0.0841 0.2131299 0.07354247 0.09029996 0.2131299 0.1235 0.1123 0.24313 0.1235 0.09289997 0.24313 0.1231794 0.09289997 0.239262 0.1231794 0.1123 0.239262 0.1222267 0.09289997 0.2354995 0.1222267 0.1123 0.2354995 0.1206676 0.09289997 0.2319452 0.1206676 0.1123 0.2319452 0.1185448 0.09289997 0.228696 0.1185448 0.1123 0.228696 0.1159161 0.09289997 0.2258405 0.1159161 0.1123 0.2258405 0.1128532 0.09289997 0.2234566 0.1128532 0.1123 0.2234566 0.1094398 0.09289997 0.2216093 0.1094398 0.1123 0.2216093 0.1057689 0.09289997 0.2203491 0.1057689 0.1123 0.2203491 0.1019406 0.09289997 0.2197102 0.1019406 0.1123 0.2197102 0.09805935 0.09289997 0.2197102 0.09805935 0.1123 0.2197102 0.09423106 0.09289997 0.2203491 0.09423106 0.1123 0.2203491 0.09056013 0.09289997 0.2216093 0.09056013 0.1123 0.2216093 0.08714669 0.09289997 0.2234566 0.08714669 0.1123 0.2234566 0.08408385 0.09289997 0.2258405 0.08408385 0.1123 0.2258405 0.08145517 0.09289997 0.228696 0.08145517 0.1123 0.228696 0.07933235 0.09289997 0.2319452 0.07933235 0.1123 0.2319452 0.07777327 0.09289997 0.2354995 0.07777327 0.1123 0.2354995 0.07682049 0.09289997 0.239262 0.07682049 0.1123 0.239262 0.07649999 0.09289997 0.24313 0.07649999 0.1123 0.24313 0.07682049 0.09289997 0.246998 0.07682049 0.1123 0.246998 0.07777327 0.09289997 0.2507604 0.07777327 0.1123 0.2507604 0.07933235 0.09289997 0.2543147 0.07933235 0.1123 0.2543147 0.08145517 0.09289997 0.257564 0.08145517 0.1123 0.257564 0.08408385 0.09289997 0.2604195 0.08408385 0.1123 0.2604195 0.08714669 0.09289997 0.2628034 0.08714669 0.1123 0.2628034 0.09056013 0.09289997 0.2646507 0.09056013 0.1123 0.2646507 0.09423106 0.09289997 0.2659109 0.09423106 0.1123 0.2659109 0.09805935 0.09289997 0.2665497 0.09805935 0.1123 0.2665497 0.1019406 0.09289997 0.2665497 0.1019406 0.1123 0.2665497 0.1057689 0.09289997 0.2659109 0.1057689 0.1123 0.2659109 0.1094398 0.09289997 0.2646507 0.1094398 0.1123 0.2646507 0.1128532 0.09289997 0.2628034 0.1128532 0.1123 0.2628034 0.1159161 0.09289997 0.2604195 0.1159161 0.1123 0.2604195 0.1185448 0.09289997 0.257564 0.1185448 0.1123 0.257564 0.1206676 0.09289997 0.2543147 0.1206676 0.1123 0.2543147 0.1222267 0.09289997 0.2507604 0.1222267 0.1123 0.2507604 0.1231794 0.09289997 0.246998 0.1231794 0.1123 0.246998 0.07679998 0.1126 0.24313 0.07711637 0.1126 0.2469485 0.07805705 0.1126 0.2506631 0.07959616 0.1126 0.254172 0.08169192 0.1126 0.2573797 0.08428704 0.1126 0.2601988 0.08731079 0.1126 0.2625523 0.09068065 0.1126 0.2643759 0.09430474 0.1126 0.2656201 0.09808415 0.1126 0.2662507 0.1019158 0.1126 0.2662507 0.1056953 0.1126 0.2656201 0.1093193 0.1126 0.2643759 0.1126891 0.1126 0.2625523 0.1157129 0.1126 0.2601988 0.118308 0.1126 0.2573797 0.1204038 0.1126 0.254172 0.1219429 0.1126 0.2506631 0.1228836 0.1126 0.2469485 0.1231999 0.1126 0.24313 0.1203021 0.11485 0.2312947 0.1203021 0.11265 0.2312947 0.1182934 0.11265 0.2283787 0.1182934 0.11485 0.2283787 0.1158694 0.11265 0.2257975 0.1158694 0.11485 0.2257975 0.113085 0.11265 0.2236099 0.113085 0.11485 0.2236099 0.1100037 0.11265 0.2218655 0.1100037 0.11485 0.2218655 0.1066951 0.11265 0.2206039 0.1066951 0.11485 0.2206039 0.1032346 0.11265 0.2198536 0.1032346 0.11485 0.2198536 0.09970062 0.11265 0.2196319 0.09970062 0.11485 0.2196319 0.09617346 0.11265 0.2199436 0.09617346 0.11485 0.2199436 0.08847403 0.11485 0.2636093 0.08847403 0.11265 0.2636093 0.09161972 0.11265 0.265085 0.09161972 0.11485 0.265085 0.09494864 0.11265 0.2660807 0.09494864 0.11485 0.2660807 0.09838795 0.11265 0.2665746 0.09838795 0.11485 0.2665746 0.1018625 0.11265 0.2665561 0.1018625 0.11485 0.2665561 0.1052964 0.11265 0.2660254 0.1052964 0.11485 0.2660254 0.1086145 0.11265 0.2649942 0.1086145 0.11485 0.2649942 0.1117442 0.11265 0.2634849 0.1117442 0.11485 0.2634849 0.1146172 0.11265 0.2615307 0.1146172 0.11485 0.2615307 0.1220573 0.11485 0.251057 0.1220573 0.11265 0.251057 0.121951 0.11265 0.2506082 0.121951 0.11485 0.2506082 0.1216545 0.11265 0.2502549 0.1216545 0.11485 0.2502549 0.121231 0.11265 0.2500722 0.121231 0.11485 0.2500722 0.1197802 0.11485 0.232738 0.1197802 0.11265 0.232738 0.1201244 0.11265 0.2325257 0.1201244 0.11485 0.2325257 0.1203564 0.11265 0.2321944 0.1203564 0.11485 0.2321944 0.1204382 0.11265 0.2317984 0.1204382 0.11485 0.2317984 0.09599995 0.11265 0.2362018 0.09434312 0.11265 0.2374731 0.09355127 0.11265 0.2274616 0.08798062 0.11265 0.2629169 0.08799785 0.11265 0.2624817 0.08819842 0.11265 0.262095 0.08955729 0.11265 0.2604756 0.09019684 0.11265 0.2592282 0.08404994 0.11265 0.2509258 0.08965522 0.11265 0.2565489 0.08858126 0.11265 0.2556478 0.09023177 0.11265 0.2578267 0.1138417 0.11265 0.2528136 0.112775 0.11265 0.2535839 0.1120681 0.11265 0.2546935 0.08335375 0.11265 0.2520651 0.1234049 0.11265 0.2433057 0.1231414 0.11265 0.2436491 0.1227574 0.11265 0.243849 0.1056568 0.11265 0.2487868 0.1176713 0.11265 0.2441899 0.104 0.11265 0.2500582 0.1168413 0.11265 0.2452717 0.1020705 0.11265 0.2508574 0.09215635 0.11265 0.2273221 0.08418285 0.11265 0.2495973 0.08372622 0.11265 0.2483428 0.108 0.11265 0.24313 0.1234986 0.11265 0.2428831 0.1077274 0.11265 0.2410594 0.1234986 0.11265 0.2428721 0.1069282 0.11265 0.23913 0.1056568 0.11265 0.2374731 0.1160392 0.11265 0.2351014 0.09584742 0.11265 0.2259786 0.1167351 0.11265 0.2341074 0.09629392 0.11265 0.2246497 0.1177678 0.11265 0.2334705 0.09611958 0.11265 0.2232587 0.09539657 0.11265 0.2212723 0.08815008 0.11265 0.2633181 0.122325 0.11265 0.2438679 0.1202431 0.11265 0.2435008 0.1188809 0.11265 0.2435603 0.1077274 0.11265 0.2452005 0.1069282 0.11265 0.24713 0.09307175 0.11265 0.23913 0.09227257 0.11265 0.2410594 0.09792941 0.11265 0.2354026 0.0948686 0.11265 0.2269822 0.1 0.11265 0.23513 0.1157938 0.11265 0.2362896 0.1160123 0.11265 0.2374134 0.1166358 0.11265 0.2383735 0.1175736 0.11265 0.2390302 0.1186891 0.11265 0.2392877 0.1118209 0.11265 0.2559857 0.1119679 0.11265 0.2569895 0.08021974 0.11265 0.2535219 0.08260083 0.11265 0.2584027 0.08217626 0.11265 0.2583055 0.07969784 0.11265 0.2549653 0.07956588 0.11265 0.2545519 0.07962137 0.11265 0.2541216 0.08302646 0.11265 0.2583101 0.08337235 0.11265 0.2580455 0.08473116 0.11265 0.2564261 0.08223217 0.11265 0.2527894 0.08584868 0.11265 0.2555797 0.08722275 0.11265 0.2553018 0.1020705 0.11265 0.2354026 0.104 0.11265 0.2362018 0.1164218 0.11265 0.2526634 0.1151174 0.11265 0.2524917 0.1167361 0.11265 0.2476803 0.08183324 0.11265 0.258037 0.07985395 0.11265 0.2537553 0.08536195 0.11265 0.2262783 0.08509564 0.11265 0.2259288 0.08500486 0.11265 0.2254989 0.09534031 0.11265 0.2208403 0.09547299 0.11265 0.2204255 0.09576946 0.11265 0.2201064 0.0827704 0.11265 0.2474105 0.08629518 0.11265 0.2333788 0.08736026 0.11265 0.232524 0.07660931 0.11265 0.2408656 0.07711845 0.11265 0.2377741 0.08018004 0.11265 0.2471513 0.07803428 0.11265 0.2347779 0.08150482 0.11265 0.2469853 0.1191375 0.11265 0.2546194 0.1219933 0.11265 0.2514093 0.1191492 0.11265 0.2497051 0.1175706 0.11265 0.2533046 0.1181212 0.11265 0.2493309 0.1172831 0.11265 0.2486277 0.092 0.11265 0.24313 0.09227257 0.11265 0.2452005 0.09792941 0.11265 0.2508574 0.1 0.11265 0.25113 0.08538275 0.11265 0.2247292 0.08802735 0.11265 0.2229086 0.08947652 0.11265 0.223427 0.09096014 0.11265 0.2265911 0.0880171 0.11265 0.2313267 0.07934057 0.11265 0.2319301 0.07962971 0.11265 0.2315992 0.08003282 0.11265 0.2314243 0.1218323 0.11265 0.2383762 0.1222625 0.11265 0.2383198 0.1226761 0.11265 0.2384509 0.1165461 0.11265 0.246603 0.08816576 0.11265 0.2299692 0.08778363 0.11265 0.2286581 0.09019953 0.11265 0.2254135 0.08692884 0.11265 0.2275931 0.08047199 0.11265 0.231439 0.08086246 0.11265 0.2316406 0.08242934 0.11265 0.2329553 0.08362662 0.11265 0.2336122 0.08498412 0.11265 0.2337609 0.07732379 0.11265 0.2478091 0.07700467 0.11265 0.2475151 0.0768401 0.11265 0.2471136 0.1204035 0.11265 0.2315375 0.1198199 0.11265 0.2391086 0.1231599 0.11265 0.2391464 0.1229953 0.11265 0.2387449 0.1199671 0.11265 0.2548357 0.1195279 0.11265 0.254821 0.1203702 0.11265 0.2546607 0.1206594 0.11265 0.2543299 0.09307175 0.11265 0.24713 0.09434312 0.11265 0.2487868 0.09599995 0.11265 0.2500582 0.08510714 0.11265 0.2250715 0.08844149 0.11265 0.2227736 0.08887368 0.11265 0.2228274 0.08924198 0.11265 0.22306 0.1149952 0.11265 0.2607477 0.1148958 0.11265 0.2611824 0.1149015 0.11265 0.2603251 0.114638 0.11265 0.2599816 0.1130711 0.11265 0.2586669 0.1123967 0.11265 0.257909 0.07651597 0.11265 0.2439973 0.07816761 0.11265 0.2478837 0.07773739 0.11265 0.2479402 0.1206594 0.11485 0.2543299 0.1219933 0.11485 0.2514093 0.1226961 0.11835 0.246603 0.1226961 0.1126 0.246603 0.1226552 0.1126 0.2461091 0.1226552 0.11835 0.2461091 0.1225336 0.1126 0.2456288 0.1225336 0.11835 0.2456288 0.1223345 0.1126 0.2451751 0.1223345 0.11835 0.2451751 0.1220635 0.1126 0.2447603 0.1220635 0.11835 0.2447603 0.121728 0.1126 0.2443957 0.121728 0.11835 0.2443957 0.1213369 0.1126 0.2440915 0.1213369 0.11835 0.2440915 0.1209012 0.1126 0.2438556 0.1209012 0.11835 0.2438556 0.1204326 0.1126 0.2436947 0.1204326 0.11835 0.2436947 0.1199439 0.1126 0.2436132 0.1199439 0.11835 0.2436132 0.1194484 0.1126 0.2436132 0.1194484 0.11835 0.2436132 0.1189597 0.1126 0.2436947 0.1189597 0.11835 0.2436947 0.1184911 0.1126 0.2438556 0.1184911 0.11835 0.2438556 0.1180553 0.1126 0.2440915 0.1180553 0.11835 0.2440915 0.1176643 0.1126 0.2443957 0.1176643 0.11835 0.2443957 0.117398 0.11835 0.2446746 0.1174355 0.1126 0.2446308 0.1173287 0.11835 0.2447603 0.1173287 0.1126 0.2447603 0.1170577 0.1126 0.2451751 0.1170577 0.11835 0.2451751 0.1168587 0.1126 0.2456288 0.1168587 0.11835 0.2456288 0.116737 0.1126 0.2461091 0.116737 0.11835 0.2461091 0.1166961 0.1126 0.246603 0.1166961 0.11835 0.246603 0.08547484 0.23945 0.2626048 0.08547484 0.2359499 0.2626048 0.08099997 0.23945 0.2670797 0.08099997 0.2359499 0.2670797 0.07699996 0.21545 0.22413 0.07699996 0.2359499 0.22413 0.07853072 0.21545 0.2238255 0.07853072 0.2359499 0.2238255 0.07982838 0.21545 0.2229584 0.07982838 0.2359499 0.2229584 0.0806955 0.21545 0.2216607 0.0806955 0.2359499 0.2216607 0.08099997 0.21545 0.22013 0.08099997 0.2359499 0.22013 0.08099997 0.23945 0.2191802 0.08099997 0.2359499 0.2191802 0.08547484 0.23945 0.2236551 0.08547484 0.2359499 0.2236551 0.08129996 0.21845 0.22613 0.08129996 0.2359499 0.22613 0.0815277 0.21845 0.22698 0.0815277 0.2359499 0.22698 0.08214998 0.21845 0.2276022 0.08214998 0.2359499 0.2276022 0.083 0.21845 0.2278299 0.083 0.2359499 0.2278299 0.08384996 0.21845 0.2276022 0.08384996 0.2359499 0.2276022 0.08447223 0.21845 0.22698 0.08447223 0.2359499 0.22698 0.08469998 0.21845 0.22613 0.08469998 0.2359499 0.22613 0.0815277 0.2359499 0.22528 0.07605022 0.2359499 0.22413 0.0805251 0.2359499 0.2286049 0.08191841 0.2359499 0.2294587 0.08354747 0.2359499 0.2295869 0.08505725 0.2359499 0.2289615 0.08611851 0.2359499 0.227719 0.08649998 0.2359499 0.22613 0.08447223 0.2359499 0.22528 0.08623355 0.2359499 0.2247906 0.08384996 0.2359499 0.2246577 0.083 0.2359499 0.22443 0.08214998 0.2359499 0.2246577 0.08649998 0.23945 0.22613 0.08645689 0.23945 0.2255824 0.08611851 0.23945 0.224541 0.0805251 0.23945 0.2286049 0.081411 0.23945 0.2292485 0.08191841 0.23945 0.2294587 0.08245247 0.23945 0.2295869 0.08354747 0.23945 0.2295869 0.08458894 0.23945 0.2292485 0.08505725 0.23945 0.2289615 0.08547484 0.23945 0.2286049 0.08645689 0.23945 0.2266775 0.08611851 0.23945 0.227719 0.07605022 0.23945 0.22413 0.07349997 0.23945 0.22413 0.07349997 0.21545 0.22413 0.07049995 0.23945 0.2271299 0.07064682 0.23945 0.2262029 0.07049995 0.21545 0.2271299 0.07090193 0.21545 0.22563 0.07173663 0.23945 0.2247029 0.07199996 0.21545 0.2245319 0.07107293 0.23945 0.2253666 0.07090193 0.23945 0.22563 0.07257294 0.23945 0.2242768 0.07199996 0.23945 0.2245319 0.07049995 0.23945 0.25913 0.07049995 0.21545 0.25913 0.07349997 0.23945 0.26213 0.0727235 0.23945 0.2620278 0.07349997 0.21545 0.26213 0.07199996 0.21545 0.2617281 0.07199996 0.23945 0.2617281 0.07137864 0.23945 0.2612513 0.07090193 0.21545 0.26063 0.07060217 0.23945 0.2599065 0.07090193 0.23945 0.26063 0.07605022 0.23945 0.26213 0.07605022 0.2359499 0.26213 0.07699996 0.2359499 0.26213 0.07699996 0.21545 0.26213 0.0805251 0.23945 0.2576551 0.0805251 0.2359499 0.2576551 0.08649998 0.2359499 0.26013 0.08649998 0.23945 0.26013 0.08645689 0.23945 0.2595825 0.08611851 0.2359499 0.2585411 0.08611851 0.23945 0.2585411 0.08547484 0.23945 0.2576551 0.08505725 0.2359499 0.2572984 0.08505725 0.23945 0.2572984 0.08458894 0.23945 0.2570115 0.08354747 0.2359499 0.2566731 0.08354747 0.23945 0.2566731 0.08245247 0.23945 0.2566731 0.08191841 0.2359499 0.2568013 0.081411 0.23945 0.2570115 0.08191841 0.23945 0.2568013 0.08645689 0.23945 0.2606775 0.08623355 0.2359499 0.2614694 0.08611851 0.23945 0.2617189 0.08469998 0.21845 0.26013 0.08469998 0.2359499 0.26013 0.08447223 0.21845 0.25928 0.08447223 0.2359499 0.25928 0.08384996 0.21845 0.2586578 0.08384996 0.2359499 0.2586578 0.083 0.21845 0.25843 0.083 0.2359499 0.25843 0.08214998 0.21845 0.2586578 0.08214998 0.2359499 0.2586578 0.0815277 0.21845 0.25928 0.0815277 0.2359499 0.25928 0.08129996 0.21845 0.26013 0.08129996 0.2359499 0.26013 0.083 0.2359499 0.26183 0.08214998 0.2359499 0.2616022 0.0806955 0.2359499 0.2645993 0.08099997 0.2359499 0.26613 0.08384996 0.2359499 0.2616022 0.08447223 0.2359499 0.26098 0.0815277 0.2359499 0.26098 0.07853072 0.2359499 0.2624345 0.07982838 0.2359499 0.2633016 0.08099997 0.21545 0.26613 0.0806955 0.21545 0.2645993 0.07982838 0.21545 0.2633016 0.07853072 0.21545 0.2624345 0.1152999 0.21845 0.26013 0.1152999 0.2359499 0.26013 0.1155278 0.21845 0.26098 0.1155278 0.2359499 0.26098 0.11615 0.21845 0.2616022 0.11615 0.2359499 0.2616022 0.117 0.21845 0.26183 0.117 0.2359499 0.26183 0.11785 0.21845 0.2616022 0.11785 0.2359499 0.2616022 0.1184722 0.21845 0.26098 0.1184722 0.2359499 0.26098 0.1187 0.21845 0.26013 0.1187 0.2359499 0.26013 0.1184722 0.21845 0.25928 0.1184722 0.2359499 0.25928 0.11785 0.21845 0.2586578 0.11785 0.2359499 0.2586578 0.117 0.21845 0.25843 0.117 0.2359499 0.25843 0.11615 0.21845 0.2586578 0.11615 0.2359499 0.2586578 0.1155278 0.21845 0.25928 0.1155278 0.2359499 0.25928 0.1214693 0.2359499 0.2624345 0.123 0.2359499 0.26213 0.1239497 0.2359499 0.26213 0.1194748 0.2359499 0.2576551 0.118156 0.2359499 0.2568264 0.1166081 0.2359499 0.256652 0.1151379 0.2359499 0.2571665 0.1140365 0.2359499 0.2582679 0.113522 0.2359499 0.2597381 0.1136964 0.2359499 0.261286 0.1145251 0.2359499 0.2626048 0.119 0.2359499 0.2670797 0.119 0.2359499 0.26613 0.1193044 0.2359499 0.2645993 0.1201716 0.2359499 0.2633016 0.123 0.21545 0.26213 0.1214693 0.21545 0.2624345 0.1201716 0.21545 0.2633016 0.1193044 0.21545 0.2645993 0.119 0.21545 0.26613 0.0722 0.21545 0.23763 0.0722 0.21545 0.24743 0.0722 0.21545 0.23883 0.07999998 0.21545 0.23883 0.07999998 0.21545 0.23763 0.0945 0.21545 0.27093 0.1159999 0.21545 0.27263 0.08399999 0.21545 0.27263 0.08099997 0.21545 0.21013 0.08269995 0.21545 0.21013 0.08269995 0.21545 0.22013 0.08226609 0.21545 0.2223113 0.08103048 0.21545 0.2241605 0.07918125 0.21545 0.2253961 0.07699996 0.21545 0.22583 0.07349997 0.21545 0.22583 0.07284998 0.21545 0.2260041 0.07237416 0.21545 0.22648 0.0722 0.21545 0.2271299 0.1043 0.21545 0.27093 0.09569996 0.21545 0.27093 0.09569996 0.21545 0.26313 0.0945 0.21545 0.26313 0.1278 0.21545 0.24863 0.1295 0.21545 0.2271299 0.1295 0.21545 0.25913 0.1278 0.21545 0.23883 0.1278 0.21545 0.24743 0.12 0.21545 0.24743 0.12 0.21545 0.24863 0.07999998 0.21545 0.24743 0.07999998 0.21545 0.24863 0.0722 0.21545 0.24863 0.0722 0.21545 0.25913 0.07237416 0.21545 0.25978 0.07284998 0.21545 0.2602558 0.07349997 0.21545 0.26043 0.07699996 0.21545 0.26043 0.07918125 0.21545 0.2608639 0.08103048 0.21545 0.2620995 0.08226609 0.21545 0.2639487 0.08269995 0.21545 0.26613 0.08099997 0.21545 0.26963 0.08269995 0.21545 0.26963 0.08140188 0.21545 0.27113 0.08287411 0.21545 0.27028 0.08249998 0.21545 0.2722281 0.08335 0.21545 0.2707558 0.08399999 0.21545 0.27093 0.1043 0.21545 0.26313 0.1055 0.21545 0.26313 0.1055 0.21545 0.27093 0.1159999 0.21545 0.27093 0.1175 0.21545 0.2722281 0.11665 0.21545 0.2707558 0.1185981 0.21545 0.27113 0.1171258 0.21545 0.27028 0.119 0.21545 0.26963 0.1173 0.21545 0.26963 0.1173 0.21545 0.26613 0.1177338 0.21545 0.2639487 0.1189695 0.21545 0.2620995 0.1208187 0.21545 0.2608639 0.123 0.21545 0.26043 0.1265 0.21545 0.26213 0.1265 0.21545 0.26043 0.128 0.21545 0.2617281 0.1271499 0.21545 0.2602558 0.1290981 0.21545 0.26063 0.1276258 0.21545 0.25978 0.1278 0.21545 0.25913 0.12 0.21545 0.23883 0.12 0.21545 0.23763 0.1278 0.21545 0.23763 0.1278 0.21545 0.2271299 0.1290981 0.21545 0.22563 0.1276258 0.21545 0.22648 0.128 0.21545 0.2245319 0.1271499 0.21545 0.2260041 0.1265 0.21545 0.22413 0.1265 0.21545 0.22583 0.123 0.21545 0.22413 0.123 0.21545 0.22583 0.1214693 0.21545 0.2238255 0.1208187 0.21545 0.2253961 0.1201716 0.21545 0.2229584 0.1189695 0.21545 0.2241605 0.1193044 0.21545 0.2216607 0.1177338 0.21545 0.2223113 0.119 0.21545 0.22013 0.1173 0.21545 0.22013 0.119 0.21545 0.21013 0.1173 0.21545 0.21013 0.119 0.2359499 0.22013 0.1193044 0.2359499 0.2216607 0.1201716 0.2359499 0.2229584 0.1214693 0.2359499 0.2238255 0.123 0.2359499 0.22413 0.1152999 0.21845 0.22613 0.1152999 0.2359499 0.22613 0.1155278 0.21845 0.22698 0.1155278 0.2359499 0.22698 0.11615 0.21845 0.2276022 0.11615 0.2359499 0.2276022 0.117 0.21845 0.2278299 0.117 0.2359499 0.2278299 0.11785 0.21845 0.2276022 0.11785 0.2359499 0.2276022 0.1184722 0.21845 0.22698 0.1184722 0.2359499 0.22698 0.1187 0.21845 0.22613 0.1187 0.2359499 0.22613 0.117 0.2359499 0.22443 0.11785 0.2359499 0.2246577 0.119 0.2359499 0.2191802 0.11615 0.2359499 0.2246577 0.1145251 0.2359499 0.2236551 0.1155278 0.2359499 0.22528 0.1136964 0.2359499 0.224974 0.113522 0.2359499 0.2265219 0.1140365 0.2359499 0.2279921 0.1151379 0.2359499 0.2290935 0.1166081 0.2359499 0.2296079 0.118156 0.2359499 0.2294335 0.1194748 0.2359499 0.2286049 0.1239497 0.2359499 0.22413 0.1184722 0.2359499 0.22528 0.092 0.22545 0.20383 0.092 0.22545 0.20113 0.09240192 0.22695 0.20383 0.09240192 0.22695 0.20113 0.09349995 0.228048 0.20383 0.09349995 0.228048 0.20113 0.09499996 0.22845 0.20383 0.09499996 0.22845 0.20113 0.09649997 0.228048 0.20383 0.09649997 0.228048 0.20113 0.09759807 0.22695 0.20383 0.09759807 0.22695 0.20113 0.09799998 0.22545 0.20383 0.09799998 0.22545 0.20113 0.1019999 0.22545 0.20383 0.1019999 0.22545 0.20113 0.1022971 0.2267516 0.20383 0.1022971 0.2267516 0.20113 0.1031295 0.2277955 0.20383 0.1031295 0.2277955 0.20113 0.1043324 0.2283747 0.20383 0.1043324 0.2283747 0.20113 0.1056675 0.2283747 0.20383 0.1056675 0.2283747 0.20113 0.1068704 0.2277955 0.20383 0.1068704 0.2277955 0.20113 0.1077029 0.2267516 0.20383 0.1077029 0.2267516 0.20113 0.108 0.22545 0.20383 0.108 0.22545 0.20113 0.09099996 0.22545 0.20113 0.09099996 0.22545 0.20213 0.09130448 0.2269807 0.20213 0.09130448 0.2269807 0.20113 0.09217154 0.2282784 0.20213 0.09217154 0.2282784 0.20113 0.09346926 0.2291455 0.20213 0.09346926 0.2291455 0.20113 0.09499996 0.22945 0.20213 0.09679508 0.2290245 0.20213 0.09679508 0.2290245 0.20113 0.0982083 0.2278388 0.20213 0.0982083 0.2278388 0.20113 0.1017916 0.2278388 0.20113 0.1017916 0.2278388 0.20213 0.1032049 0.2290245 0.20213 0.1032049 0.2290245 0.20113 0.105 0.22945 0.20213 0.1 0.22895 0.20113 0.1 0.22895 0.20213 0.1007234 0.2288146 0.20213 0.1007234 0.2288146 0.20113 0.1013488 0.2284266 0.20213 0.1013488 0.2284266 0.20113 0.09865111 0.2284266 0.20213 0.09865111 0.2284266 0.20113 0.0992766 0.2288146 0.20213 0.0992766 0.2288146 0.20113 0.109 0.22545 0.20113 0.1086955 0.2269807 0.20113 0.1078284 0.2282784 0.20113 0.1065307 0.2291455 0.20113 0.1065307 0.2291455 0.20213 0.1078284 0.2282784 0.20213 0.1086955 0.2269807 0.20213 0.109 0.22545 0.20213 0.1188535 0.2358036 0.20513 0.118933 0.2357 0.20513 0.1188331 0.2357 0.2043709 0.119 0.23545 0.20513 0.1188977 0.23545 0.2043535 0.1185 0.2359499 0.20513 0.11875 0.235883 0.20513 0.1186563 0.235883 0.2044182 0.1185981 0.23545 0.20363 0.1185401 0.2357 0.2036635 0.1181213 0.23545 0.2030087 0.1180739 0.2357 0.203056 0.1175 0.23545 0.2025319 0.1174665 0.2357 0.2025899 0.1167764 0.23545 0.2022322 0.1167591 0.2357 0.2022969 0.1159999 0.23545 0.20213 0.1159999 0.2357 0.202197 0.1183816 0.235883 0.203755 0.1179445 0.235883 0.2031854 0.117375 0.235883 0.2027484 0.1167117 0.235883 0.2024737 0.1159999 0.235883 0.20238 0.1184148 0.2359499 0.2044829 0.118165 0.2359499 0.20388 0.1177678 0.2359499 0.2033622 0.11725 0.2359499 0.2029649 0.116647 0.2359499 0.2027152 0.1159999 0.2359499 0.20263 0.119 0.2354541 0.2166199 0.119 0.23545 0.21663 0.1189754 0.235605 0.2162464 0.1188553 0.2358017 0.2157097 0.1185 0.2359499 0.2149717 0.1185989 0.2359401 0.2151314 0.1187414 0.2358878 0.2154115 0.1188163 0.2358372 0.2155963 0.1185 0.23995 0.21663 0.11875 0.239883 0.21663 0.1186563 0.239883 0.2159182 0.118933 0.2397 0.21663 0.1188331 0.2397 0.2158709 0.119 0.23945 0.21663 0.1188977 0.23945 0.2158535 0.1185981 0.23945 0.21513 0.1185401 0.2397 0.2151635 0.1181213 0.23945 0.2145087 0.1180739 0.2397 0.214556 0.1175 0.23945 0.2140319 0.1174665 0.2397 0.2140899 0.1167764 0.23945 0.2137322 0.1167591 0.2397 0.2137969 0.1159999 0.23945 0.21363 0.1159999 0.2397 0.213697 0.1183816 0.239883 0.215255 0.1179445 0.239883 0.2146854 0.117375 0.239883 0.2142484 0.1167117 0.239883 0.2139737 0.1159999 0.239883 0.21388 0.1184148 0.23995 0.2159829 0.118165 0.23995 0.21538 0.1177678 0.23995 0.2148622 0.11725 0.23995 0.2144649 0.116647 0.23995 0.2142152 0.1159999 0.23995 0.21413 0.119 0.23945 0.2191802 0.1189483 0.2396713 0.2191588 0.1189327 0.2397004 0.2191523 0.1187977 0.2398517 0.2190964 0.1187494 0.2398833 0.2190765 0.1185829 0.239943 0.2190074 0.1185 0.23995 0.2189731 0.1141716 0.23995 0.2233015 0.1143483 0.239883 0.2234783 0.1144778 0.2397 0.2236077 0.1145251 0.23945 0.2236551 0.1136131 0.23995 0.2240018 0.1138247 0.239883 0.2241349 0.1139797 0.2397 0.2242322 0.1140365 0.23945 0.2242678 0.1132245 0.23995 0.2248089 0.1134604 0.239883 0.2248914 0.1136332 0.2397 0.2249519 0.1136964 0.23945 0.224974 0.113 0.23995 0.22613 0.11325 0.239883 0.22613 0.113433 0.2397 0.22613 0.1134999 0.23945 0.22613 0.1136332 0.2397 0.227308 0.1134604 0.239883 0.2273685 0.1138247 0.239883 0.2281251 0.1132245 0.23995 0.2274511 0.1136131 0.23995 0.2282581 0.113522 0.23945 0.2265219 0.1136964 0.23945 0.2272859 0.1141716 0.23995 0.2289584 0.1143483 0.239883 0.2287817 0.1148719 0.23995 0.2295169 0.1150048 0.239883 0.2293052 0.1156789 0.23995 0.2299055 0.1157614 0.239883 0.2296695 0.1165521 0.23995 0.2301048 0.1165801 0.239883 0.2298564 0.1174479 0.23995 0.2301048 0.1174198 0.239883 0.2298564 0.1183211 0.23995 0.2299055 0.1182385 0.239883 0.2296695 0.1191281 0.23995 0.2295169 0.1189951 0.239883 0.2293052 0.1198284 0.23995 0.2289584 0.1196516 0.239883 0.2287817 0.1195784 0.2398035 0.2287084 0.1139797 0.2397 0.2280277 0.1144778 0.2397 0.2286522 0.1151022 0.2397 0.2291502 0.1158218 0.2397 0.2294968 0.1166006 0.2397 0.2296745 0.1173993 0.2397 0.2296745 0.1181781 0.2397 0.2294968 0.1188977 0.2397 0.2291502 0.1195222 0.2397 0.2286522 0.1140365 0.23945 0.2279921 0.1145251 0.23945 0.2286049 0.1151379 0.23945 0.2290935 0.115844 0.23945 0.2294335 0.1166081 0.23945 0.2296079 0.1173918 0.23945 0.2296079 0.118156 0.23945 0.2294335 0.1188621 0.23945 0.2290935 0.1194748 0.23945 0.2286049 0.1239497 0.23945 0.22413 0.1239506 0.2394968 0.2241322 0.1239656 0.2396419 0.2241683 0.12398 0.2397102 0.2242031 0.1240108 0.2398043 0.2242773 0.1240517 0.2398808 0.2243762 0.1240778 0.2399122 0.2244392 0.1241568 0.23995 0.2246299 0.1265 0.23995 0.2246299 0.1265 0.239883 0.22438 0.1265 0.2397 0.224197 0.1265 0.23945 0.22413 0.1294619 0.2396413 0.2271299 0.1295 0.23945 0.2271299 0.1293978 0.23945 0.2263535 0.1293535 0.2398035 0.2271299 0.129433 0.2397 0.2271299 0.129333 0.2397 0.2263709 0.1291913 0.2399119 0.2271299 0.12925 0.239883 0.2271299 0.1291562 0.239883 0.2264182 0.1289148 0.23995 0.2264829 0.129 0.23995 0.2271299 0.1290981 0.23945 0.22563 0.12904 0.2397 0.2256635 0.1286213 0.23945 0.2250087 0.1285739 0.2397 0.225056 0.128 0.23945 0.2245319 0.1279665 0.2397 0.2245899 0.1272764 0.23945 0.2242322 0.1272591 0.2397 0.2242969 0.1288815 0.239883 0.225755 0.1284445 0.239883 0.2251854 0.127875 0.239883 0.2247484 0.1272117 0.239883 0.2244737 0.128665 0.23995 0.22588 0.1282677 0.23995 0.2253622 0.12775 0.23995 0.2249649 0.127147 0.23995 0.2247152 0.129 0.23995 0.25913 0.1291913 0.2399119 0.25913 0.12925 0.239883 0.25913 0.1293535 0.2398035 0.25913 0.129433 0.2397 0.25913 0.1294619 0.2396413 0.25913 0.1295 0.23945 0.25913 0.1265 0.23995 0.26163 0.1265 0.239883 0.26188 0.1272117 0.239883 0.2617863 0.1265 0.2397 0.262063 0.1272591 0.2397 0.2619631 0.1279665 0.2397 0.2616701 0.127875 0.239883 0.2615116 0.1285739 0.2397 0.261204 0.1284445 0.239883 0.2610746 0.12904 0.2397 0.2605965 0.1288815 0.239883 0.260505 0.129333 0.2397 0.2598891 0.1291562 0.239883 0.2598417 0.1293978 0.23945 0.2599065 0.1290981 0.23945 0.26063 0.1286213 0.23945 0.2612513 0.128 0.23945 0.2617281 0.1272764 0.23945 0.2620278 0.1265 0.23945 0.26213 0.127147 0.23995 0.2615448 0.12775 0.23995 0.261295 0.1282677 0.23995 0.2608978 0.128665 0.23995 0.26038 0.1289148 0.23995 0.259777 0.1239497 0.23945 0.26213 0.1239506 0.2394968 0.2621278 0.12398 0.2397102 0.262057 0.1240517 0.2398808 0.2618839 0.1241568 0.23995 0.26163 0.1198284 0.23995 0.2573016 0.1196516 0.239883 0.2574784 0.1195784 0.2398035 0.2575516 0.1195222 0.2397 0.2576078 0.1194748 0.23945 0.2576551 0.1188977 0.2397 0.2571097 0.1189951 0.239883 0.2569548 0.1191281 0.23995 0.2567431 0.1183211 0.23995 0.2563545 0.1182385 0.239883 0.2565904 0.1174479 0.23995 0.2561551 0.1174198 0.239883 0.2564036 0.1165521 0.23995 0.2561551 0.1165801 0.239883 0.2564036 0.1156789 0.23995 0.2563545 0.1157614 0.239883 0.2565904 0.1148719 0.23995 0.2567431 0.1150048 0.239883 0.2569548 0.1141716 0.23995 0.2573016 0.1143483 0.239883 0.2574784 0.1136131 0.23995 0.2580019 0.1138247 0.239883 0.2581349 0.1132245 0.23995 0.2588089 0.1134604 0.239883 0.2588915 0.1130251 0.23995 0.2596821 0.1132736 0.239883 0.2597101 0.113 0.23995 0.26013 0.11325 0.239883 0.26013 0.1181781 0.2397 0.2567632 0.1173993 0.2397 0.2565854 0.1166006 0.2397 0.2565854 0.1158218 0.2397 0.2567632 0.1151022 0.2397 0.2571097 0.1144778 0.2397 0.2576078 0.1139797 0.2397 0.2582322 0.1136332 0.2397 0.2589519 0.1134554 0.2397 0.2597306 0.113433 0.2397 0.26013 0.1188621 0.23945 0.2571665 0.118156 0.23945 0.2568264 0.1173918 0.23945 0.256652 0.1166081 0.23945 0.256652 0.115844 0.23945 0.2568264 0.1151379 0.23945 0.2571665 0.1145251 0.23945 0.2576551 0.1140365 0.23945 0.2582679 0.1136964 0.23945 0.258974 0.113522 0.23945 0.2597381 0.1134999 0.23945 0.26013 0.1132245 0.23995 0.2614511 0.1134604 0.239883 0.2613685 0.1136332 0.2397 0.2613081 0.1136964 0.23945 0.261286 0.1136131 0.23995 0.2622581 0.1138247 0.239883 0.2621251 0.1139797 0.2397 0.2620278 0.1140365 0.23945 0.2619921 0.1141716 0.23995 0.2629584 0.1143483 0.239883 0.2627816 0.1144778 0.2397 0.2626522 0.1145251 0.23945 0.2626048 0.119 0.23945 0.2670797 0.1189978 0.2394968 0.2670807 0.1189269 0.2397102 0.26711 0.1187538 0.2398808 0.2671817 0.1185 0.23995 0.2672868 0.08149999 0.23995 0.26963 0.08124995 0.239883 0.26963 0.08134371 0.239883 0.2703418 0.08106696 0.2397 0.26963 0.08116692 0.2397 0.2703891 0.08099997 0.23945 0.26963 0.08110219 0.23945 0.2704064 0.08140188 0.23945 0.27113 0.08145993 0.2397 0.2710965 0.08187866 0.23945 0.2717513 0.08192604 0.2397 0.271704 0.08249998 0.23945 0.2722281 0.08253347 0.2397 0.2721701 0.08322352 0.23945 0.2725278 0.08324086 0.2397 0.2724631 0.08399999 0.23945 0.27263 0.08399999 0.2397 0.272563 0.08161842 0.239883 0.271005 0.08205544 0.239883 0.2715746 0.08262497 0.239883 0.2720116 0.08328825 0.239883 0.2722863 0.08399999 0.239883 0.27238 0.08158516 0.23995 0.270277 0.08183491 0.23995 0.27088 0.08223223 0.23995 0.2713978 0.08274996 0.23995 0.271795 0.08335292 0.23995 0.2720448 0.08399999 0.23995 0.27213 0.1159999 0.23995 0.27213 0.1159999 0.239883 0.27238 0.1159999 0.2397 0.272563 0.1159999 0.23945 0.27263 0.1167117 0.239883 0.2722863 0.1167591 0.2397 0.2724631 0.1167764 0.23945 0.2725278 0.1175 0.23945 0.2722281 0.1174665 0.2397 0.2721701 0.1181213 0.23945 0.2717513 0.1180739 0.2397 0.271704 0.1185981 0.23945 0.27113 0.1185401 0.2397 0.2710965 0.1188977 0.23945 0.2704064 0.1188331 0.2397 0.2703891 0.119 0.23945 0.26963 0.118933 0.2397 0.26963 0.117375 0.239883 0.2720116 0.1179445 0.239883 0.2715746 0.1183816 0.239883 0.271005 0.1186563 0.239883 0.2703418 0.11875 0.239883 0.26963 0.116647 0.23995 0.2720448 0.11725 0.23995 0.271795 0.1177678 0.23995 0.2713978 0.118165 0.23995 0.27088 0.1184148 0.23995 0.270277 0.1185 0.23995 0.26963 0.109584 0.23965 0.25163 0.09041595 0.23965 0.25163 0.109584 0.23995 0.25163 0.09041595 0.23995 0.25163 0.1106555 0.23965 0.2514169 0.1106555 0.23995 0.2514169 0.1115639 0.23965 0.2508099 0.1115639 0.23995 0.2508099 0.1121708 0.23965 0.2499015 0.1121708 0.23995 0.2499015 0.112384 0.23965 0.24883 0.112384 0.23995 0.24883 0.1122886 0.23965 0.2481053 0.1120089 0.23965 0.24743 0.08799111 0.23965 0.24743 0.1024249 0.23965 0.23083 0.09757512 0.23965 0.23083 0.08833515 0.23965 0.2507036 0.08927708 0.23965 0.2513879 0.08775299 0.23965 0.2496952 0.08763128 0.23965 0.2485373 0.1014 0.23965 0.2298051 0.1 0.23965 0.22943 0.09859997 0.23965 0.2298051 0.08799111 0.23995 0.24743 0.09757512 0.23995 0.23083 0.1024249 0.23995 0.23083 0.1014 0.23995 0.2298051 0.1 0.23995 0.22943 0.09859997 0.23995 0.2298051 0.1120089 0.23995 0.24743 0.08775299 0.23995 0.2496952 0.08763128 0.23995 0.2485373 0.07099997 0.23995 0.25913 0.08399999 0.23995 0.21413 0.08118402 0.23995 0.256566 0.08237421 0.23995 0.2561792 0.08833515 0.23995 0.2507036 0.08118402 0.23995 0.229694 0.08017152 0.23995 0.2289584 0.0728529 0.23995 0.2615448 0.07349997 0.23995 0.26163 0.07584315 0.23995 0.2246299 0.07349997 0.23995 0.2246299 0.07099997 0.23995 0.2271299 0.08362573 0.23995 0.2561792 0.08481591 0.23995 0.256566 0.08927708 0.23995 0.2513879 0.07108515 0.23995 0.259777 0.07133489 0.23995 0.26038 0.07173222 0.23995 0.2608978 0.08017152 0.23995 0.2573016 0.07584315 0.23995 0.26163 0.08695071 0.23995 0.2255042 0.08695071 0.23995 0.2267557 0.08149999 0.23995 0.21663 0.08149999 0.23995 0.2189731 0.08582842 0.23995 0.2233015 0.07272744 0.23995 0.2247523 0.07203054 0.23995 0.2251074 0.07112234 0.23995 0.2263574 0.07147741 0.23995 0.2256605 0.1122886 0.23995 0.2481053 0.08582842 0.23995 0.2573016 0.086564 0.23995 0.258314 0.08695071 0.23995 0.2595043 0.086564 0.23995 0.261946 0.08695071 0.23995 0.2607557 0.07225 0.23995 0.261295 0.086564 0.23995 0.2279459 0.08582842 0.23995 0.2289584 0.08481591 0.23995 0.229694 0.08362573 0.23995 0.2300807 0.08237421 0.23995 0.2300807 0.08149999 0.23995 0.2672868 0.08582842 0.23995 0.2629584 0.08322745 0.23995 0.2142523 0.086564 0.23995 0.224314 0.08253049 0.23995 0.2146074 0.08197742 0.23995 0.2151605 0.08162236 0.23995 0.2158575 0.08399999 0.2399119 0.2139386 0.08399999 0.239883 0.21388 0.08399999 0.2398035 0.2137764 0.08399999 0.2397 0.213697 0.08399999 0.2396413 0.2136681 0.08399999 0.23945 0.21363 0.1159999 0.2359499 0.21363 0.08399999 0.2359499 0.21363 0.1175 0.2359499 0.2140319 0.08149999 0.2359499 0.20513 0.08149999 0.2359499 0.2149717 0.08249998 0.2359499 0.2140319 0.08322745 0.2359499 0.2027523 0.08253049 0.2359499 0.2031074 0.08162236 0.2359499 0.2043575 0.08197742 0.2359499 0.2036605 0.08399999 0.2359499 0.20263 0.0814011 0.2359401 0.2151314 0.08130866 0.2359119 0.20513 0.08124995 0.235883 0.20513 0.08125853 0.2358878 0.2154115 0.08106625 0.2356988 0.2160028 0.08114641 0.2358036 0.20513 0.08106696 0.2357 0.20513 0.08105522 0.2356784 0.216057 0.08099997 0.23545 0.20513 0.08099997 0.23545 0.21663 0.08103805 0.2356413 0.20513 0.08099997 0.2354541 0.2166199 0.08102458 0.235605 0.2162464 0.08399999 0.2356413 0.2021681 0.08399999 0.23545 0.20213 0.0830729 0.23545 0.2022768 0.08399999 0.2357 0.202197 0.0830847 0.2356413 0.202313 0.08225899 0.2356413 0.2027337 0.08249998 0.23545 0.2025319 0.08223664 0.23545 0.2027029 0.08157294 0.23545 0.2033666 0.0816037 0.2356413 0.203389 0.08140188 0.23545 0.20363 0.08118301 0.2356413 0.2042147 0.08114683 0.23545 0.2042029 0.08399999 0.235883 0.20238 0.08399999 0.2358036 0.2022764 0.0831182 0.2358036 0.2024161 0.08232271 0.2358036 0.2028214 0.08169138 0.2358036 0.2034527 0.08128607 0.2358036 0.2042482 0.08399999 0.2359119 0.2024386 0.08316832 0.2359119 0.2025703 0.08241802 0.2359119 0.2029526 0.08182263 0.2359119 0.203548 0.08144038 0.2359119 0.2042983 0.1159999 0.22545 0.20213 0.08399999 0.22545 0.20213 0.1175 0.22545 0.2025319 0.1185981 0.22545 0.20363 0.119 0.22545 0.20513 0.119 0.22545 0.21013 0.08100217 0.2394968 0.2670807 0.08107304 0.2397102 0.26711 0.08114725 0.2398043 0.2671408 0.08124613 0.2398808 0.2671817 0.08569312 0.2399119 0.2628231 0.08557838 0.2398035 0.2627084 0.08550179 0.2396413 0.2626318 0.08615243 0.2396413 0.2585238 0.08550179 0.2396413 0.2576282 0.0864945 0.2396413 0.2606835 0.08624899 0.2398035 0.2584745 0.08557838 0.2398035 0.2575516 0.08639353 0.2399119 0.2584009 0.08569312 0.2399119 0.2574369 0.08472907 0.2399119 0.2567365 0.08359581 0.2399119 0.2563682 0.08240419 0.2399119 0.2563682 0.0846554 0.2398035 0.256881 0.08357042 0.2398035 0.2565284 0.08242952 0.2398035 0.2565284 0.08460623 0.2396413 0.2569776 0.08355343 0.2396413 0.2566355 0.08244651 0.2396413 0.2566355 0.08639353 0.2399119 0.2618591 0.08624899 0.2398035 0.2617855 0.08615243 0.2396413 0.2617362 0.08676177 0.2399119 0.2607258 0.08660155 0.2398035 0.2607004 0.0864945 0.2396413 0.2595765 0.08660155 0.2398035 0.2595596 0.08676177 0.2399119 0.2595342 0.08139371 0.2396413 0.2569776 0.08134454 0.2398035 0.256881 0.08127087 0.2399119 0.2567365 0.08030682 0.2399119 0.2574369 0.08042156 0.2398035 0.2575516 0.08049821 0.2396413 0.2576282 0.07602882 0.2396713 0.2620784 0.07602238 0.2397004 0.2620627 0.07596647 0.2398517 0.2619277 0.07594645 0.2398833 0.2618795 0.07587748 0.239943 0.2617129 0.07349997 0.239883 0.26188 0.07349997 0.2397 0.262063 0.0706464 0.2398035 0.25913 0.07056695 0.2397 0.25913 0.0706669 0.2397 0.2598891 0.07074999 0.239883 0.25913 0.07084369 0.239883 0.2598417 0.07095992 0.2397 0.2605965 0.07142603 0.2397 0.261204 0.07203346 0.2397 0.2616701 0.07274085 0.2397 0.2619631 0.07111841 0.239883 0.260505 0.07155543 0.239883 0.2610746 0.07212495 0.239883 0.2615116 0.07278823 0.239883 0.2617863 0.07080864 0.2399119 0.2271299 0.0706464 0.2398035 0.2271299 0.07053804 0.2396413 0.2271299 0.07349997 0.2396413 0.224168 0.07349997 0.2397 0.224197 0.07258468 0.2396413 0.224313 0.07175898 0.2396413 0.2247337 0.07110369 0.2396413 0.225389 0.070683 0.2396413 0.2262147 0.07349997 0.239883 0.22438 0.07349997 0.2398035 0.2242764 0.07261818 0.2398035 0.2244161 0.0718227 0.2398035 0.2248214 0.07119143 0.2398035 0.2254527 0.07078611 0.2398035 0.2262482 0.07349997 0.2399119 0.2244386 0.07266831 0.2399119 0.2245703 0.07191807 0.2399119 0.2249526 0.07132261 0.2399119 0.225548 0.07094037 0.2399119 0.2262983 0.07602882 0.2396713 0.2241816 0.07602238 0.2397004 0.2241972 0.07596647 0.2398517 0.2243322 0.07594645 0.2398833 0.2243805 0.07587748 0.239943 0.2245471 0.08049821 0.2396413 0.2286317 0.08047771 0.2397 0.2286522 0.08042156 0.2398035 0.2287084 0.08034831 0.239883 0.2287817 0.08030682 0.2399119 0.2288231 0.08139371 0.2396413 0.2292824 0.08134454 0.2398035 0.229379 0.08127087 0.2399119 0.2295235 0.08240419 0.2399119 0.2298917 0.08639353 0.2399119 0.2244009 0.08359581 0.2399119 0.2298917 0.08472907 0.2399119 0.2295235 0.08242952 0.2398035 0.2297315 0.08357042 0.2398035 0.2297315 0.0846554 0.2398035 0.229379 0.08676177 0.2399119 0.2267258 0.08676177 0.2399119 0.2255342 0.08660155 0.2398035 0.2267004 0.08660155 0.2398035 0.2255595 0.0864945 0.2396413 0.2266834 0.08624899 0.2398035 0.2244745 0.08244651 0.2396413 0.2296245 0.08355343 0.2396413 0.2296245 0.08460623 0.2396413 0.2292824 0.08569312 0.2399119 0.2234368 0.08565163 0.239883 0.2234783 0.08557838 0.2398035 0.2235515 0.08552223 0.2397 0.2236077 0.0864945 0.2396413 0.2255765 0.08615243 0.2396413 0.2245237 0.08550179 0.2396413 0.2236282 0.08550179 0.2396413 0.2286317 0.08557838 0.2398035 0.2287084 0.08569312 0.2399119 0.2288231 0.08639353 0.2399119 0.2278591 0.08624899 0.2398035 0.2277854 0.08615243 0.2396413 0.2277362 0.08105164 0.2396713 0.2191588 0.08106726 0.2397004 0.2191523 0.0812022 0.2398517 0.2190964 0.08125048 0.2398833 0.2190765 0.08141708 0.239943 0.2190074 0.08099997 0.23945 0.21663 0.08103805 0.2396413 0.21663 0.08106696 0.2397 0.21663 0.08114641 0.2398035 0.21663 0.08124995 0.239883 0.21663 0.08130866 0.2399119 0.21663 0.0830729 0.23945 0.2137768 0.0830847 0.2396413 0.213813 0.08225899 0.2396413 0.2142337 0.08249998 0.23945 0.2140319 0.08223664 0.23945 0.214203 0.08157294 0.23945 0.2148666 0.0816037 0.2396413 0.214889 0.08140188 0.23945 0.21513 0.08118301 0.2396413 0.2157147 0.08114683 0.23945 0.2157029 0.0831182 0.2398035 0.2139161 0.08232271 0.2398035 0.2143214 0.08169138 0.2398035 0.2149527 0.08128607 0.2398035 0.2157482 0.08316832 0.2399119 0.2140703 0.08241802 0.2399119 0.2144526 0.08182263 0.2399119 0.215048 0.08144038 0.2399119 0.2157983 0.08099997 0.22545 0.20513 0.08099997 0.22545 0.21013 0.08140188 0.22545 0.20363 0.08249998 0.22545 0.2025319 0.08279895 0.23395 0.2161325 0.08269995 0.23395 0.21663 0.08269995 0.23395 0.20743 0.1173 0.23395 0.20743 0.1173 0.23395 0.21663 0.117201 0.23395 0.2161325 0.08399999 0.23395 0.21533 0.08350247 0.23395 0.215429 0.08308076 0.23395 0.2157107 0.1146481 0.23395 0.2069907 0.1159999 0.23395 0.21533 0.1141392 0.23395 0.2064819 0.08586072 0.23395 0.2064819 0.1138126 0.23395 0.2058407 0.08399999 0.23395 0.20743 0.08471071 0.23395 0.2073174 0.08535188 0.23395 0.2069907 0.08629995 0.23395 0.20513 0.08629995 0.23395 0.20383 0.1137 0.23395 0.20383 0.1169192 0.23395 0.2157107 0.1164975 0.23395 0.215429 0.1159999 0.23395 0.20743 0.1152892 0.23395 0.2073174 0.08618742 0.23395 0.2058407 0.1137 0.23395 0.20513 0.113 0.21545 0.20263 0.113 0.20095 0.20263 0.112933 0.20095 0.20238 0.112933 0.21545 0.20238 0.11275 0.20095 0.202197 0.11275 0.21545 0.202197 0.1125 0.20095 0.20213 0.1125 0.21545 0.20213 0.113 0.20095 0.20513 0.113 0.21545 0.20513 0.1159999 0.20095 0.20813 0.1159999 0.21545 0.20813 0.1185 0.20095 0.20813 0.1185 0.21545 0.20813 0.1155307 0.20095 0.2080931 0.1150729 0.21545 0.2079831 0.1150729 0.20095 0.2079831 0.114638 0.20095 0.207803 0.1142366 0.21545 0.207557 0.1142366 0.20095 0.207557 0.1138787 0.20095 0.2072513 0.1135729 0.21545 0.2068933 0.1135729 0.20095 0.2068933 0.113327 0.20095 0.206492 0.1131468 0.21545 0.206057 0.1130369 0.20095 0.2055993 0.1131468 0.20095 0.206057 0.1159999 0.2007 0.2081969 0.1155202 0.2007 0.2081592 0.1159999 0.2005169 0.20838 0.1154916 0.2005169 0.2083399 0.1159999 0.20045 0.20863 0.1154525 0.20045 0.2085869 0.1149184 0.20045 0.2084587 0.1149957 0.2005169 0.2082209 0.114411 0.20045 0.2082485 0.1145245 0.2005169 0.2080258 0.1139428 0.20045 0.2079615 0.1140897 0.2005169 0.2077593 0.1135251 0.20045 0.2076048 0.1137019 0.2005169 0.207428 0.1131684 0.20045 0.2071872 0.1133707 0.2005169 0.2070403 0.1128814 0.20045 0.2067189 0.1131042 0.2005169 0.2066054 0.1126713 0.20045 0.2062115 0.112909 0.2005169 0.2061343 0.1125431 0.20045 0.2056775 0.11279 0.2005169 0.2056384 0.1125 0.20045 0.20513 0.11275 0.2005169 0.20513 0.1128535 0.2005964 0.20513 0.1150522 0.2007 0.2080469 0.1146076 0.2007 0.2078627 0.1141973 0.2007 0.2076112 0.1138313 0.2007 0.2072986 0.1135187 0.2007 0.2069327 0.1132673 0.2007 0.2065224 0.1130831 0.2007 0.2060777 0.1129707 0.2007 0.2056097 0.112933 0.2007 0.20513 0.1125 0.20045 0.20263 0.1126913 0.200488 0.20263 0.1128535 0.2005964 0.20263 0.1129619 0.2007586 0.20263 0.08749997 0.20045 0.20263 0.08749997 0.2005169 0.20238 0.1125 0.2005169 0.20238 0.08749997 0.2007 0.202197 0.1125 0.2007 0.202197 0.08749997 0.20095 0.20213 0.08749997 0.20045 0.20513 0.08724999 0.2005169 0.20513 0.08724999 0.2005169 0.20263 0.08706694 0.2007 0.20513 0.08706694 0.2007 0.20263 0.08699995 0.20095 0.20513 0.08699995 0.20095 0.20263 0.08702921 0.2007 0.2056097 0.08720993 0.2005169 0.2056384 0.08745688 0.20045 0.2056775 0.08732867 0.20045 0.2062115 0.0870909 0.2005169 0.2061343 0.0871185 0.20045 0.2067189 0.08689576 0.2005169 0.2066054 0.08683156 0.20045 0.2071872 0.08662927 0.2005169 0.2070403 0.08647483 0.20045 0.2076048 0.0862981 0.2005169 0.207428 0.08605724 0.20045 0.2079615 0.08591026 0.2005169 0.2077593 0.08558893 0.20045 0.2082485 0.08547544 0.2005169 0.2080258 0.08508151 0.20045 0.2084587 0.08500427 0.2005169 0.2082209 0.08454751 0.20045 0.2085869 0.08450841 0.2005169 0.2083399 0.08399999 0.20045 0.20863 0.08399999 0.2005169 0.20838 0.08691686 0.2007 0.2060777 0.08673268 0.2007 0.2065224 0.08648121 0.2007 0.2069327 0.08616864 0.2007 0.2072986 0.08580273 0.2007 0.2076112 0.08539235 0.2007 0.2078627 0.0849477 0.2007 0.2080469 0.08447974 0.2007 0.2081592 0.08399999 0.2007 0.2081969 0.08696305 0.20095 0.2055993 0.08685314 0.20095 0.206057 0.08667302 0.20095 0.206492 0.08642703 0.20095 0.2068933 0.08612132 0.20095 0.2072513 0.08576333 0.20095 0.207557 0.08536195 0.20095 0.207803 0.08492702 0.20095 0.2079831 0.08446925 0.20095 0.2080931 0.08399999 0.20095 0.20813 0.08149999 0.21545 0.20813 0.08149999 0.20095 0.20813 0.08124995 0.20095 0.2081969 0.08124995 0.21545 0.2081969 0.08106696 0.20095 0.20838 0.08106696 0.21545 0.20838 0.08099997 0.20095 0.20863 0.08099997 0.21545 0.20863 0.08399999 0.21545 0.20813 0.08149999 0.20045 0.20863 0.08149999 0.2005169 0.20838 0.08149999 0.2007 0.2081969 0.08149999 0.20045 0.2131299 0.08124995 0.2005169 0.2131299 0.08124995 0.2005169 0.20863 0.08106696 0.2007 0.2131299 0.08106696 0.2007 0.20863 0.08099997 0.20095 0.2131299 0.1185 0.20045 0.2131299 0.1185 0.20045 0.20863 0.11875 0.2005169 0.20863 0.1186913 0.200488 0.2131299 0.1188535 0.2005964 0.20863 0.1188535 0.2005964 0.2131299 0.118933 0.2007 0.20863 0.1189619 0.2007586 0.2131299 0.119 0.20095 0.20863 0.119 0.20095 0.2131299 0.1187165 0.2005749 0.20838 0.118625 0.2007335 0.2081969 0.1187165 0.200825 0.2081969 0.11875 0.20095 0.2081969 0.118875 0.2007335 0.20838 0.118933 0.20095 0.20838 0.1185 0.2005169 0.20838 0.1185 0.2007 0.2081969 0.119 0.21545 0.20863 0.118933 0.21545 0.20838 0.11875 0.21545 0.2081969 0.119 0.21545 0.20513 0.119 0.21545 0.2131299 0.1143 0.22545 0.20513 0.1143 0.21545 0.20513 0.1144683 0.22545 0.2043924 0.1144683 0.21545 0.2043924 0.1149401 0.22545 0.2038009 0.1149401 0.21545 0.2038009 0.1156217 0.22545 0.2034726 0.1156217 0.21545 0.2034726 0.1163783 0.22545 0.2034726 0.1163783 0.21545 0.2034726 0.1170599 0.22545 0.2038009 0.1170599 0.21545 0.2038009 0.1175316 0.22545 0.2043924 0.1175316 0.21545 0.2043924 0.1177 0.22545 0.20513 0.1177 0.21545 0.20513 0.1175316 0.22545 0.2058676 0.1175316 0.21545 0.2058676 0.1170599 0.22545 0.2064591 0.1170599 0.21545 0.2064591 0.1163783 0.22545 0.2067874 0.1163783 0.21545 0.2067874 0.1156217 0.22545 0.2067874 0.1156217 0.21545 0.2067874 0.1149401 0.22545 0.2064591 0.1149401 0.21545 0.2064591 0.1144683 0.22545 0.2058676 0.1144683 0.21545 0.2058676 0.1159999 0.21545 0.20213 0.116927 0.21545 0.2022768 0.1177634 0.21545 0.2027029 0.118427 0.21545 0.2033666 0.1188532 0.21545 0.2042029 0.1188532 0.22545 0.2042029 0.118427 0.22545 0.2033666 0.1177634 0.22545 0.2027029 0.116927 0.22545 0.2022768 0.09781903 0.2244239 0.20383 0.09781903 0.2244239 0.20113 0.09729808 0.2235216 0.20383 0.09729808 0.2235216 0.20113 0.09649997 0.2228519 0.20383 0.09649997 0.2228519 0.20113 0.09552091 0.2224956 0.20383 0.09552091 0.2224956 0.20113 0.09447902 0.2224956 0.20383 0.09447902 0.2224956 0.20113 0.09349995 0.2228519 0.20383 0.09349995 0.2228519 0.20113 0.09270185 0.2235216 0.20383 0.09270185 0.2235216 0.20113 0.0921809 0.2244239 0.20383 0.0921809 0.2244239 0.20113 0.09887295 0.22445 0.20113 0.101127 0.22445 0.20113 0.09887295 0.22445 0.20213 0.101127 0.22445 0.20213 0.1087957 0.2241879 0.20213 0.1087957 0.2241879 0.20113 0.1082036 0.2230548 0.20213 0.1082036 0.2230548 0.20113 0.1072843 0.2221664 0.20213 0.1072843 0.2221664 0.20113 0.1061316 0.2216134 0.20213 0.1061316 0.2216134 0.20113 0.1048634 0.2214523 0.20213 0.1048634 0.2214523 0.20113 0.1036091 0.2216996 0.20213 0.1036091 0.2216996 0.20113 0.1024969 0.22233 0.20213 0.1024969 0.22233 0.20113 0.1016403 0.2232791 0.20213 0.1016403 0.2232791 0.20113 0.107819 0.2244239 0.20383 0.107819 0.2244239 0.20113 0.1072981 0.2235216 0.20383 0.1072981 0.2235216 0.20113 0.1065 0.2228519 0.20383 0.1065 0.2228519 0.20113 0.1055209 0.2224956 0.20383 0.1055209 0.2224956 0.20113 0.104479 0.2224956 0.20383 0.104479 0.2224956 0.20113 0.1035 0.2228519 0.20383 0.1035 0.2228519 0.20113 0.1027019 0.2235216 0.20383 0.1027019 0.2235216 0.20113 0.1021809 0.2244239 0.20383 0.1021809 0.2244239 0.20113 0.09835964 0.2232791 0.20113 0.09750312 0.22233 0.20113 0.0963909 0.2216996 0.20113 0.09513658 0.2214523 0.20113 0.09386831 0.2216134 0.20113 0.09271562 0.2221664 0.20113 0.09179633 0.2230548 0.20113 0.09120428 0.2241879 0.20113 0.09835964 0.2232791 0.20213 0.09750312 0.22233 0.20213 0.0963909 0.2216996 0.20213 0.09513658 0.2214523 0.20213 0.09386831 0.2216134 0.20213 0.09271562 0.2221664 0.20213 0.09179633 0.2230548 0.20213 0.09120428 0.2241879 0.20213 0.08399999 0.21545 0.20213 0.0830729 0.21545 0.2022768 0.0830729 0.22545 0.2022768 0.08223664 0.21545 0.2027029 0.08223664 0.22545 0.2027029 0.08157294 0.21545 0.2033666 0.08157294 0.22545 0.2033666 0.08114683 0.21545 0.2042029 0.08114683 0.22545 0.2042029 0.08099997 0.21545 0.20513 0.08749997 0.21545 0.20213 0.08730864 0.20095 0.2021681 0.08730864 0.21545 0.2021681 0.0871464 0.20095 0.2022764 0.0871464 0.21545 0.2022764 0.08703804 0.20095 0.2024386 0.08703804 0.21545 0.2024386 0.08699995 0.21545 0.20263 0.08699995 0.21545 0.20513 0.08685314 0.21545 0.206057 0.08642703 0.21545 0.2068933 0.08576333 0.21545 0.207557 0.08492702 0.21545 0.2079831 0.0823 0.22545 0.20513 0.0823 0.21545 0.20513 0.08246833 0.22545 0.2043924 0.08246833 0.21545 0.2043924 0.08294004 0.22545 0.2038009 0.08294004 0.21545 0.2038009 0.08362168 0.22545 0.2034726 0.08362168 0.21545 0.2034726 0.08437824 0.22545 0.2034726 0.08437824 0.21545 0.2034726 0.08505994 0.22545 0.2038009 0.08505994 0.21545 0.2038009 0.08553165 0.22545 0.2043924 0.08553165 0.21545 0.2043924 0.08569997 0.22545 0.20513 0.08569997 0.21545 0.20513 0.08553165 0.22545 0.2058676 0.08553165 0.21545 0.2058676 0.08505994 0.22545 0.2064591 0.08505994 0.21545 0.2064591 0.08437824 0.22545 0.2067874 0.08437824 0.21545 0.2067874 0.08362168 0.22545 0.2067874 0.08362168 0.21545 0.2067874 0.08294004 0.22545 0.2064591 0.08294004 0.21545 0.2064591 0.08246833 0.22545 0.2058676 0.08246833 0.21545 0.2058676 0.08099997 0.21545 0.2131299 0.08269995 0.21545 0.2131299 0.08269995 0.20215 0.2131299 0.1173 0.21545 0.2131299 0.1173 0.20215 0.2131299 0.1225 0.13045 0.26813 0.1225 0.13675 0.26813 0.1228349 0.13045 0.26938 0.1228349 0.13675 0.26938 0.12375 0.13045 0.270295 0.12375 0.13675 0.270295 0.125 0.13045 0.27063 0.125 0.13675 0.27063 0.12625 0.13045 0.270295 0.12625 0.13675 0.270295 0.127165 0.13045 0.26938 0.127165 0.13675 0.26938 0.1274999 0.13045 0.26813 0.1274999 0.13675 0.26813 0.127165 0.13045 0.26688 0.127165 0.13675 0.26688 0.12625 0.13045 0.2659649 0.12625 0.13675 0.2659649 0.125 0.13045 0.26563 0.125 0.13675 0.26563 0.12375 0.13045 0.2659649 0.12375 0.13675 0.2659649 0.1228349 0.13045 0.26688 0.1228349 0.13675 0.26688 0.1177999 0.13675 0.2727281 0.1163 0.13675 0.27313 0.127 0.13675 0.27313 0.1204715 0.13675 0.2636016 0.1196045 0.13675 0.2648993 0.1193 0.13675 0.26643 0.1291213 0.13675 0.2615513 0.1297716 0.13675 0.260578 0.128148 0.13675 0.2622016 0.127 0.13675 0.26243 0.1233 0.13675 0.26243 0.1217693 0.13675 0.2627345 0.1299999 0.13675 0.25943 0.1299999 0.13675 0.27013 0.129598 0.13675 0.27163 0.1285 0.13675 0.2727281 0.118898 0.13675 0.27163 0.1193 0.13675 0.27013 0.1299999 0.1314499 0.27013 0.1297894 0.1314499 0.2712343 0.129598 0.1314499 0.27163 0.1291213 0.1314499 0.2722513 0.1285 0.1314499 0.2727281 0.1281043 0.1314499 0.2729194 0.127 0.1314499 0.27313 0.1225 0.13045 0.21813 0.1225 0.13675 0.21813 0.1228349 0.13045 0.21938 0.1228349 0.13675 0.21938 0.12375 0.13045 0.220295 0.12375 0.13675 0.220295 0.125 0.13045 0.22063 0.125 0.13675 0.22063 0.12625 0.13045 0.220295 0.12625 0.13675 0.220295 0.127165 0.13045 0.21938 0.127165 0.13675 0.21938 0.1274999 0.13045 0.21813 0.1274999 0.13675 0.21813 0.127165 0.13045 0.21688 0.127165 0.13675 0.21688 0.12625 0.13045 0.2159649 0.12625 0.13675 0.2159649 0.125 0.13045 0.2156299 0.125 0.13675 0.2156299 0.12375 0.13045 0.2159649 0.12375 0.13675 0.2159649 0.1228349 0.13045 0.21688 0.1228349 0.13675 0.21688 0.1299999 0.13675 0.21613 0.1184213 0.13675 0.2140086 0.117448 0.13675 0.2133584 0.1299999 0.13675 0.22683 0.129598 0.13675 0.2253299 0.1285 0.13675 0.2242319 0.1190716 0.13675 0.2149819 0.1193 0.13675 0.21613 0.1193 0.13675 0.21983 0.1163 0.13675 0.2131299 0.127 0.13675 0.2131299 0.128148 0.13675 0.2133584 0.1291213 0.13675 0.2140086 0.1297716 0.13675 0.2149819 0.1196045 0.13675 0.2213607 0.1204715 0.13675 0.2226584 0.1217693 0.13675 0.2235255 0.1233 0.13675 0.22383 0.127 0.13675 0.22383 0.127 0.1314499 0.2131299 0.128148 0.1314499 0.2133584 0.1291213 0.1314499 0.2140086 0.1297716 0.1314499 0.2149819 0.1299999 0.1314499 0.21613 0.07249999 0.13045 0.21813 0.07249999 0.13675 0.21813 0.0728349 0.13045 0.21938 0.0728349 0.13675 0.21938 0.07374995 0.13045 0.220295 0.07374995 0.13675 0.220295 0.07499998 0.13045 0.22063 0.07499998 0.13675 0.22063 0.07624995 0.13045 0.220295 0.07624995 0.13675 0.220295 0.07716506 0.13045 0.21938 0.07716506 0.13675 0.21938 0.07749998 0.13045 0.21813 0.07749998 0.13675 0.21813 0.07716506 0.13045 0.21688 0.07716506 0.13675 0.21688 0.07624995 0.13045 0.2159649 0.07624995 0.13675 0.2159649 0.07499998 0.13045 0.2156299 0.07499998 0.13675 0.2156299 0.07374995 0.13045 0.2159649 0.07374995 0.13675 0.2159649 0.0728349 0.13045 0.21688 0.0728349 0.13675 0.21688 0.07022833 0.13675 0.2256819 0.07087868 0.13675 0.2247086 0.06999999 0.13675 0.22683 0.06999999 0.13675 0.21613 0.07022833 0.13675 0.2149819 0.07087868 0.13675 0.2140086 0.0718519 0.13675 0.2133584 0.07299995 0.13675 0.2131299 0.08069998 0.13675 0.21613 0.08092832 0.13675 0.2149819 0.0837 0.13675 0.2131299 0.08255195 0.13675 0.2133584 0.08157867 0.13675 0.2140086 0.0718519 0.13675 0.2240583 0.07299995 0.13675 0.22383 0.07669997 0.13675 0.22383 0.0787 0.13675 0.2232941 0.08016407 0.13675 0.22183 0.08069998 0.13675 0.21983 0.07299995 0.1314499 0.2131299 0.0718519 0.1314499 0.2133584 0.07087868 0.1314499 0.2140086 0.07022833 0.1314499 0.2149819 0.06999999 0.1314499 0.21613 0.07099997 0.13045 0.26273 0.07099997 0.13045 0.27013 0.07063865 0.1305176 0.27013 0.07061731 0.1305261 0.26273 0.07029646 0.1307393 0.27013 0.07029289 0.1307429 0.26273 0.0700711 0.1310796 0.27013 0.0700761 0.1310673 0.26273 0.06999999 0.1314499 0.27013 0.06999999 0.1314499 0.26273 0.06999999 0.1339499 0.26273 0.07370001 0.1339499 0.26273 0.07370001 0.13045 0.26273 0.0722 0.1314177 0.25823 0.07119995 0.1323968 0.25823 0.07173073 0.1319172 0.257893 0.0762 0.1323968 0.25983 0.07640987 0.132862 0.2599105 0.07581746 0.132862 0.2609366 0.07464808 0.1312555 0.2579606 0.07455563 0.1312918 0.2578036 0.07503652 0.1319172 0.2571904 0.07310754 0.132862 0.2562429 0.07315212 0.132291 0.25653 0.07289999 0.1323968 0.25653 0.07370001 0.1322028 0.25653 0.07429242 0.132862 0.2562429 0.07449996 0.1323968 0.25653 0.07537478 0.132862 0.2567248 0.07449996 0.1319048 0.2569135 0.07450711 0.1313635 0.2576295 0.07449996 0.1314177 0.25753 0.07479441 0.1312591 0.2581005 0.07499557 0.1313167 0.2581995 0.07519996 0.1314177 0.25823 0.07566922 0.1319172 0.257893 0.0762 0.1322028 0.25903 0.0762 0.1322248 0.2587538 0.07653373 0.132862 0.2587321 0.0762 0.1323968 0.25823 0.07616764 0.132862 0.2576053 0.07519996 0.1314177 0.25983 0.07581651 0.1319048 0.25983 0.0753898 0.1319172 0.2605515 0.07476937 0.1312555 0.2599781 0.07492637 0.1312918 0.2598857 0.07510042 0.1313635 0.2598371 0.07275187 0.1312555 0.2600994 0.07284432 0.1312918 0.2602564 0.07201015 0.1319172 0.2605515 0.07289284 0.1313635 0.2604305 0.07289999 0.1314177 0.26053 0.07277512 0.1319172 0.2611073 0.07289999 0.1323968 0.26153 0.07158344 0.1319048 0.25983 0.0722 0.1314177 0.25983 0.07260555 0.1312591 0.2599595 0.07240438 0.1313167 0.2598605 0.07158249 0.132862 0.2609366 0.07099008 0.132862 0.2599105 0.07119995 0.1323968 0.25983 0.07119995 0.1322028 0.25903 0.07086622 0.132862 0.2587321 0.07119995 0.1322248 0.2587538 0.07277053 0.1312591 0.2579355 0.07263058 0.1312555 0.2580819 0.07236343 0.1319172 0.2571904 0.07247358 0.1312918 0.2581743 0.07229954 0.1313635 0.2582229 0.07289999 0.1319048 0.2569135 0.07289999 0.1314177 0.25753 0.07286947 0.1313167 0.2577344 0.0748589 0.132862 0.261633 0.07462483 0.1319172 0.2611073 0.07123231 0.132862 0.2576053 0.07202517 0.132862 0.2567248 0.07462942 0.1312591 0.2601245 0.07453048 0.1313167 0.2603256 0.07449996 0.1314177 0.26053 0.07449996 0.1323968 0.26153 0.07370001 0.1322028 0.26153 0.07370001 0.132862 0.2618794 0.07254105 0.132862 0.261633 0.07673329 0.1339499 0.2587112 0.07674998 0.1339499 0.25903 0.07634133 0.1339499 0.257505 0.07549273 0.1339499 0.2565625 0.07522499 0.1339499 0.2563886 0.07433408 0.1339499 0.2560467 0.07370001 0.1339499 0.25598 0.07306587 0.1339499 0.2560467 0.07217496 0.1339499 0.2563886 0.07660073 0.1339499 0.2599725 0.07596659 0.1339499 0.2610709 0.0749405 0.1339499 0.2618163 0.07370001 0.1339499 0.26208 0.07245945 0.1339499 0.2618163 0.07143336 0.1339499 0.2610709 0.07079923 0.1339499 0.2599725 0.07064998 0.1339499 0.25903 0.07066667 0.1339499 0.2587112 0.07105863 0.1339499 0.257505 0.07190722 0.1339499 0.2565625 0.07690429 0.1339499 0.26088 0.07554996 0.1339499 0.2622343 0.06999999 0.1339499 0.25533 0.07739996 0.1339499 0.25903 0.07690429 0.1339499 0.25718 0.07554996 0.1339499 0.2558257 0.07370001 0.1339499 0.25533 0.06999999 0.1314499 0.25533 0.07013398 0.13095 0.25533 0.07049995 0.130584 0.25533 0.07370001 0.13045 0.25533 0.07099997 0.13045 0.25533 0.07004946 0.1311393 0.21613 0.07013398 0.13095 0.21613 0.07019305 0.1308593 0.21613 0.07099997 0.13045 0.21613 0.07069772 0.1304967 0.21613 0.07049995 0.130584 0.21613 0.07027405 0.1311393 0.2150009 0.07188582 0.13045 0.2144685 0.07158577 0.13045 0.2147157 0.07137203 0.1304967 0.214502 0.07124322 0.13045 0.2151735 0.07087296 0.1304967 0.215249 0.07223463 0.13045 0.2142822 0.07211893 0.1304967 0.2140029 0.07276219 0.13045 0.2141441 0.07299995 0.130584 0.21363 0.07299995 0.13045 0.21413 0.07299995 0.1311393 0.2131795 0.07187086 0.1311393 0.2134041 0.07091367 0.1311393 0.2140436 0.07040673 0.1308593 0.2150558 0.07101517 0.1308593 0.2141452 0.07192581 0.1308593 0.2135367 0.07299995 0.13095 0.2132639 0.07201135 0.1306378 0.2137432 0.07117319 0.1306378 0.2143031 0.07061314 0.1306378 0.2151413 0.07299995 0.1308593 0.2133231 0.08039999 0.1314499 0.2131299 0.08039999 0.13095 0.2132639 0.08039999 0.130584 0.21363 0.08039999 0.13045 0.21413 0.08039999 0.1339499 0.2131299 0.08039999 0.1339499 0.21683 0.08039999 0.13045 0.21683 0.08163249 0.1339499 0.2150372 0.08257496 0.1339499 0.2141886 0.08267527 0.132862 0.2143623 0.08104997 0.1339499 0.21683 0.08111661 0.1339499 0.2161958 0.08131289 0.132862 0.2162376 0.08160001 0.1323968 0.21763 0.08198344 0.1319048 0.21763 0.08226037 0.1319172 0.2181665 0.08329999 0.1314177 0.21833 0.08329999 0.1323968 0.21933 0.08296304 0.1319172 0.2187992 0.08516937 0.1312555 0.2177781 0.08532637 0.1312918 0.2176856 0.08562153 0.1319172 0.2185198 0.08550041 0.1313635 0.2176371 0.08559995 0.1314177 0.21763 0.08617728 0.1319172 0.2177549 0.0866 0.1323968 0.21763 0.08489996 0.1319048 0.2189465 0.08489996 0.1314177 0.21833 0.08502942 0.1312591 0.2179244 0.08493047 0.1313167 0.2181256 0.08380216 0.132862 0.2196637 0.0841 0.1322028 0.21933 0.08498048 0.132862 0.2195399 0.08489996 0.1323968 0.21933 0.08600658 0.132862 0.2189475 0.08300554 0.1312591 0.2177594 0.08315187 0.1312555 0.2178994 0.08324432 0.1312918 0.2180564 0.08329284 0.1313635 0.2182304 0.08259999 0.1314177 0.21763 0.08280438 0.1313167 0.2176605 0.08160001 0.1322028 0.21683 0.08160001 0.132291 0.2173779 0.08131289 0.132862 0.2174224 0.08179479 0.132862 0.2151551 0.08226037 0.1319172 0.2154934 0.08198344 0.1319048 0.21603 0.08287358 0.1312918 0.2159743 0.08269953 0.1313635 0.2160229 0.08259999 0.1314177 0.21603 0.08329999 0.1314177 0.21533 0.08326947 0.1313167 0.2155344 0.08303058 0.1312555 0.2158819 0.08317053 0.1312591 0.2157355 0.08562153 0.1319172 0.2151401 0.08489996 0.1319048 0.2147135 0.08489996 0.1323968 0.21433 0.08504807 0.1312555 0.2157605 0.08495563 0.1312918 0.2156035 0.08489996 0.1314177 0.21533 0.0851944 0.1312591 0.2159005 0.08539557 0.1313167 0.2159994 0.08559995 0.1314177 0.21603 0.08617728 0.1319172 0.2159051 0.0866 0.1323968 0.21603 0.08179479 0.132862 0.2185048 0.08145862 0.1339499 0.218355 0.08111661 0.1339499 0.2174641 0.08160001 0.1323968 0.21603 0.08145862 0.1339499 0.215305 0.08380216 0.132862 0.2139962 0.08329999 0.1323968 0.21433 0.08296304 0.1319172 0.2148607 0.08378118 0.1339499 0.2137967 0.0841 0.1339499 0.21378 0.08498048 0.132862 0.21412 0.08504247 0.1339499 0.2139292 0.08614081 0.1339499 0.2145634 0.08600658 0.132862 0.2147125 0.08688628 0.1339499 0.2155894 0.086703 0.132862 0.215671 0.08714997 0.1339499 0.21683 0.08694934 0.132862 0.21683 0.08688628 0.1339499 0.2180705 0.086703 0.132862 0.2179889 0.08614081 0.1339499 0.2190966 0.08504247 0.1339499 0.2197307 0.0841 0.1339499 0.21988 0.08378118 0.1339499 0.2198632 0.08267527 0.132862 0.2192976 0.08257496 0.1339499 0.2194713 0.08163249 0.1339499 0.2186227 0.0866 0.1322028 0.21683 0.08382374 0.1322248 0.21933 0.0841 0.1322028 0.21433 0.08382374 0.1322248 0.21433 0.08594995 0.1339499 0.2200343 0.08730429 0.1339499 0.21868 0.08779996 0.1339499 0.21683 0.08779996 0.1339499 0.2131299 0.08089566 0.1339499 0.21868 0.08224999 0.1339499 0.2200343 0.0841 0.1339499 0.22053 0.08779996 0.13045 0.21413 0.08779996 0.13045 0.21683 0.08779996 0.1314499 0.2131299 0.08779996 0.1310673 0.2132061 0.08779996 0.1307429 0.2134228 0.08779996 0.1305261 0.2137473 0.127 0.13045 0.21413 0.127 0.1305233 0.213754 0.127 0.1307395 0.2134263 0.127 0.1310651 0.213207 0.1280346 0.1307395 0.2136321 0.1281185 0.1310651 0.2134295 0.1279092 0.1305233 0.2139348 0.1279548 0.13045 0.2143723 0.1286801 0.1305233 0.2144499 0.1286597 0.13045 0.2150133 0.1291951 0.1305233 0.2152207 0.1289855 0.13045 0.215889 0.1293759 0.1305233 0.21613 0.129 0.13045 0.21613 0.1297004 0.1310651 0.2150114 0.1290668 0.1310651 0.2140631 0.1289117 0.1307395 0.2142182 0.1294978 0.1307395 0.2150953 0.1299229 0.1310651 0.21613 0.129866 0.13095 0.21613 0.1297037 0.1307395 0.21613 0.1295 0.130584 0.21613 0.129 0.13045 0.2235299 0.1295 0.130584 0.2235299 0.129866 0.13095 0.2235299 0.1299999 0.1314499 0.2235299 0.1263 0.1339499 0.2235299 0.1263 0.13045 0.2235299 0.1299999 0.1339499 0.2235299 0.1238 0.1323968 0.2264299 0.1235901 0.132862 0.2263495 0.1241825 0.132862 0.2253234 0.1253519 0.1312555 0.2282994 0.1254443 0.1312918 0.2284564 0.1249634 0.1319172 0.2290696 0.1268924 0.132862 0.2300171 0.1268478 0.132291 0.22973 0.1271 0.1323968 0.22973 0.1263 0.1322028 0.22973 0.1257076 0.132862 0.2300171 0.1255 0.1323968 0.22973 0.1246252 0.132862 0.2295352 0.1255 0.1319048 0.2293465 0.1254929 0.1313635 0.2286304 0.1255 0.1314177 0.22873 0.1252055 0.1312591 0.2281594 0.1250044 0.1313167 0.2280605 0.1248 0.1314177 0.22803 0.1243307 0.1319172 0.2283669 0.1238 0.1322028 0.22723 0.1238 0.1322248 0.2275062 0.1234662 0.132862 0.2275278 0.1238 0.1323968 0.22803 0.1238324 0.132862 0.2286546 0.1248 0.1314177 0.2264299 0.1241835 0.1319048 0.2264299 0.1246101 0.1319172 0.2257084 0.1252306 0.1312555 0.2262819 0.1250736 0.1312918 0.2263743 0.1248995 0.1313635 0.2264229 0.1272481 0.1312555 0.2261605 0.1271557 0.1312918 0.2260035 0.1279898 0.1319172 0.2257084 0.1271071 0.1313635 0.2258295 0.1271 0.1314177 0.22573 0.1272249 0.1319172 0.2251527 0.1271 0.1323968 0.22473 0.1284165 0.1319048 0.2264299 0.1278 0.1314177 0.2264299 0.1273944 0.1312591 0.2263005 0.1275956 0.1313167 0.2263995 0.1284175 0.132862 0.2253234 0.1290099 0.132862 0.2263495 0.1288 0.1323968 0.2264299 0.1288 0.1322028 0.22723 0.1291337 0.132862 0.2275278 0.1288 0.1322248 0.2275062 0.1272294 0.1312591 0.2283244 0.1273694 0.1312555 0.2281781 0.1276366 0.1319172 0.2290696 0.1275264 0.1312918 0.2280856 0.1282692 0.1319172 0.2283669 0.1278 0.1314177 0.22803 0.1288 0.1323968 0.22803 0.1271 0.1319048 0.2293465 0.1271 0.1314177 0.22873 0.1271305 0.1313167 0.2285256 0.125141 0.132862 0.2246269 0.1253751 0.1319172 0.2251527 0.1287676 0.132862 0.2286546 0.1279748 0.132862 0.2295352 0.1253705 0.1312591 0.2261355 0.1254695 0.1313167 0.2259344 0.1255 0.1314177 0.22573 0.1255 0.1323968 0.22473 0.1263 0.1322028 0.22473 0.1263 0.132862 0.2243806 0.1274589 0.132862 0.2246269 0.1232667 0.1339499 0.2275488 0.12325 0.1339499 0.22723 0.1236586 0.1339499 0.2287549 0.1245073 0.1339499 0.2296975 0.124775 0.1339499 0.2298713 0.1256659 0.1339499 0.2302133 0.1263 0.1339499 0.23028 0.1269341 0.1339499 0.2302133 0.127825 0.1339499 0.2298713 0.1233993 0.1339499 0.2262875 0.1240334 0.1339499 0.2251891 0.1250594 0.1339499 0.2244437 0.1263 0.1339499 0.22418 0.1275405 0.1339499 0.2244437 0.1285666 0.1339499 0.2251891 0.1292007 0.1339499 0.2262875 0.12935 0.1339499 0.22723 0.1293333 0.1339499 0.2275488 0.1289414 0.1339499 0.2287549 0.1280927 0.1339499 0.2296975 0.1230957 0.1339499 0.22538 0.12445 0.1339499 0.2240257 0.1299999 0.1339499 0.23093 0.1226 0.1339499 0.22723 0.1230957 0.1339499 0.22908 0.12445 0.1339499 0.2304342 0.1263 0.1339499 0.23093 0.1263 0.13045 0.23093 0.129 0.13045 0.23093 0.1297071 0.1307429 0.23093 0.1293827 0.1305261 0.23093 0.1299238 0.1310673 0.23093 0.1299999 0.1314499 0.23093 0.129 0.13045 0.27013 0.1293612 0.1305175 0.27013 0.1297034 0.1307392 0.27013 0.1299288 0.1310796 0.27013 0.1280781 0.1310796 0.2728532 0.1272377 0.13045 0.2721159 0.1277362 0.13045 0.2719896 0.1278691 0.1305175 0.2723253 0.1281141 0.13045 0.2717915 0.1284142 0.13045 0.2715442 0.1286696 0.1305175 0.2717996 0.1287567 0.13045 0.2710865 0.1291953 0.1305175 0.2709991 0.1288595 0.13045 0.2708662 0.127 0.130584 0.27263 0.127 0.13045 0.27213 0.1279951 0.1307392 0.2726436 0.127 0.1307392 0.2728334 0.1295136 0.1307392 0.2711251 0.1297232 0.1310796 0.2712081 0.1289116 0.1307392 0.2720416 0.129071 0.1310796 0.272201 0.127 0.13095 0.272996 0.127 0.1310796 0.2730588 0.1195999 0.13045 0.27213 0.1195999 0.130584 0.27263 0.1195999 0.13095 0.272996 0.1195999 0.1314499 0.27313 0.1195999 0.1339499 0.27313 0.1195999 0.1339499 0.26943 0.1195999 0.13045 0.26943 0.1151 0.1314177 0.27093 0.1151 0.1323968 0.27193 0.1147608 0.1319222 0.2714031 0.1151 0.1323968 0.26693 0.1147608 0.1319222 0.2674569 0.1144729 0.1328744 0.2669583 0.1156017 0.1328744 0.2665916 0.1155812 0.1339499 0.2663967 0.1159 0.1339499 0.26638 0.116782 0.1328744 0.2667156 0.1134325 0.1339499 0.2676373 0.113591 0.1328744 0.2677524 0.1132586 0.1339499 0.267905 0.1131083 0.1328744 0.2688366 0.1132586 0.1339499 0.270955 0.1129166 0.1339499 0.2700641 0.1131083 0.1328744 0.2700234 0.11285 0.1339499 0.26943 0.1129166 0.1339499 0.2687959 0.1156017 0.1328744 0.2722684 0.114375 0.1339499 0.2720714 0.1144729 0.1328744 0.2719017 0.1134325 0.1339499 0.2712227 0.113591 0.1328744 0.2711076 0.116782 0.1328744 0.2721444 0.1159 0.1339499 0.27248 0.1155812 0.1339499 0.2724633 0.1168425 0.1339499 0.2665293 0.1179409 0.1339499 0.2671634 0.1178097 0.1328744 0.267309 0.1186863 0.1339499 0.2681894 0.1185073 0.1328744 0.2682691 0.11895 0.1339499 0.26943 0.118754 0.1328744 0.26943 0.1186863 0.1339499 0.2706705 0.1185073 0.1328744 0.2705909 0.1179409 0.1339499 0.2716966 0.1178097 0.1328744 0.271551 0.1168425 0.1339499 0.2723307 0.1134 0.1323968 0.27023 0.1140568 0.1319222 0.2680909 0.1137787 0.1319097 0.26863 0.1134 0.1323968 0.26863 0.1134 0.1322028 0.26943 0.1134 0.132291 0.2699778 0.1146736 0.1312918 0.2685743 0.1144995 0.1313635 0.2686229 0.1144 0.1314177 0.26863 0.1151 0.1314177 0.26793 0.1150695 0.1313167 0.2681344 0.1148306 0.1312555 0.2684819 0.1149705 0.1312591 0.2683355 0.114375 0.1339499 0.2667886 0.1156238 0.1322248 0.26693 0.1167 0.1314177 0.26793 0.1167 0.1319097 0.2673087 0.1174245 0.1319222 0.2677369 0.1167 0.1323968 0.26693 0.1168481 0.1312555 0.2683606 0.1167557 0.1312918 0.2682036 0.1167071 0.1313635 0.2680295 0.1169694 0.1312555 0.2703781 0.1171264 0.1312918 0.2702857 0.1174245 0.1319222 0.2711231 0.1173005 0.1313635 0.2702371 0.1174 0.1314177 0.27023 0.1179813 0.1319222 0.2703567 0.1184 0.1323968 0.27023 0.1167 0.1319097 0.2715513 0.1167 0.1314177 0.27093 0.1168294 0.1312591 0.2705245 0.1167305 0.1313167 0.2707256 0.1167 0.1323968 0.27193 0.1159 0.1322028 0.27193 0.1156238 0.1322248 0.27193 0.1148055 0.1312591 0.2703595 0.1149519 0.1312555 0.2704994 0.1140568 0.1319222 0.2707691 0.1150443 0.1312918 0.2706564 0.1150929 0.1313635 0.2708305 0.1137787 0.1319097 0.27023 0.1144 0.1314177 0.27023 0.1146044 0.1313167 0.2702605 0.1159 0.1322028 0.26693 0.1179813 0.1319222 0.2685033 0.1169944 0.1312591 0.2685005 0.1171956 0.1313167 0.2685995 0.1174 0.1314177 0.26863 0.1184 0.1323968 0.26863 0.1184 0.1322028 0.26943 0.1122 0.1339499 0.27313 0.1122 0.1339499 0.26943 0.11775 0.1339499 0.2662257 0.1191043 0.1339499 0.26758 0.1159 0.1339499 0.26573 0.11405 0.1339499 0.2662257 0.1126957 0.1339499 0.26758 0.1122 0.13045 0.27213 0.1122 0.13045 0.26943 0.1122 0.13095 0.272996 0.1122 0.130584 0.27263 0.1122 0.1314499 0.27313 0.07299995 0.13045 0.27213 0.07299995 0.130584 0.27263 0.07299995 0.1307393 0.2728335 0.07299995 0.13095 0.272996 0.07299995 0.1310796 0.2730589 0.07299995 0.1314499 0.27313 0.0704019 0.1314499 0.27163 0.07021063 0.1314499 0.2712343 0.07027673 0.1310796 0.2712081 0.0710147 0.13045 0.2703741 0.0711404 0.13045 0.2708662 0.07080441 0.1305176 0.2709992 0.07134199 0.13045 0.2712492 0.07158577 0.13045 0.2715442 0.07133024 0.1305176 0.2717997 0.07204687 0.13045 0.2718886 0.07213079 0.1305176 0.2723255 0.07226377 0.13045 0.2719895 0.07192188 0.1310796 0.2728533 0.07200485 0.1307393 0.2726437 0.07189571 0.1314499 0.2729194 0.0715 0.1314499 0.2727281 0.07108831 0.1307393 0.2720417 0.07092893 0.1310796 0.272201 0.07087868 0.1314499 0.2722513 0.07048624 0.1307393 0.2711251 0.07299995 0.13675 0.27313 0.0715 0.13675 0.2727281 0.0704019 0.13675 0.27163 0.06999999 0.13675 0.27013 0.07249999 0.13045 0.26813 0.07249999 0.13675 0.26813 0.0728349 0.13045 0.26938 0.0728349 0.13675 0.26938 0.07374995 0.13045 0.270295 0.07374995 0.13675 0.270295 0.07499998 0.13045 0.27063 0.07499998 0.13675 0.27063 0.07624995 0.13045 0.270295 0.07624995 0.13675 0.270295 0.07716506 0.13045 0.26938 0.07716506 0.13675 0.26938 0.07749998 0.13045 0.26813 0.07749998 0.13675 0.26813 0.07716506 0.13045 0.26688 0.07716506 0.13675 0.26688 0.07624995 0.13045 0.2659649 0.07624995 0.13675 0.2659649 0.07499998 0.13045 0.26563 0.07499998 0.13675 0.26563 0.07374995 0.13045 0.2659649 0.07374995 0.13675 0.2659649 0.0728349 0.13045 0.26688 0.0728349 0.13675 0.26688 0.07022833 0.13675 0.260578 0.06999999 0.13675 0.25943 0.0718519 0.13675 0.2622016 0.07087868 0.13675 0.2615513 0.08255195 0.13675 0.2729016 0.08157867 0.13675 0.2722513 0.0837 0.13675 0.27313 0.0787 0.13675 0.2629659 0.07669997 0.13675 0.26243 0.07299995 0.13675 0.26243 0.08016407 0.13675 0.26443 0.08069998 0.13675 0.26643 0.08069998 0.13675 0.27013 0.08092832 0.13675 0.271278 0.07299995 0.21445 0.26243 0.07669997 0.21445 0.26243 0.0718519 0.21445 0.2622016 0.07087868 0.21445 0.2615513 0.07022833 0.21445 0.260578 0.06999999 0.21445 0.25943 0.06999999 0.21445 0.22683 0.07299995 0.21445 0.22383 0.0718519 0.21445 0.2240583 0.07087868 0.21445 0.2247086 0.07022833 0.21445 0.2256819 0.07669997 0.21445 0.22383 0.08069998 0.21445 0.21983 0.08056366 0.21445 0.2208653 0.08016407 0.21445 0.22183 0.07952839 0.21445 0.2226584 0.0787 0.21445 0.2232941 0.07773524 0.21445 0.2236937 0.08069998 0.21445 0.21613 0.08092832 0.21445 0.2149819 0.08157867 0.21445 0.2140086 0.08255195 0.21445 0.2133584 0.0837 0.21445 0.2131299 0.0837 0.21545 0.21413 0.09599995 0.21545 0.21413 0.09599995 0.2153738 0.2137473 0.0837 0.2153738 0.2137473 0.09599995 0.2151571 0.2134228 0.0837 0.2151571 0.2134228 0.09599995 0.2148327 0.2132061 0.0837 0.2148327 0.2132061 0.09599995 0.21445 0.2131299 0.08169996 0.21545 0.21613 0.08185219 0.21545 0.2153646 0.0813173 0.2153738 0.21613 0.08149868 0.2153738 0.2152181 0.08099287 0.2151571 0.21613 0.08119893 0.2151571 0.215094 0.08077609 0.2148327 0.21613 0.08099865 0.2148327 0.2150111 0.08228576 0.21545 0.2147158 0.08201515 0.2153738 0.2144452 0.08178573 0.2151571 0.2142158 0.08163249 0.2148327 0.2140625 0.08293461 0.21545 0.2142822 0.08278816 0.2153738 0.2139286 0.08266401 0.2151571 0.213629 0.08258104 0.2148327 0.2134287 0.08169996 0.21545 0.21983 0.0812 0.215316 0.21983 0.08099287 0.2151571 0.21983 0.08083397 0.21495 0.21983 0.08069306 0.21495 0.2208999 0.08104664 0.215316 0.2209947 0.08028012 0.21495 0.221897 0.07962316 0.21495 0.2227531 0.07876694 0.21495 0.2234101 0.07776993 0.21495 0.2238231 0.07669997 0.21495 0.2239639 0.0805971 0.215316 0.22208 0.07988196 0.215316 0.223012 0.07894998 0.215316 0.2237271 0.07786464 0.215316 0.2241767 0.07669997 0.215316 0.22433 0.08152961 0.21545 0.2211241 0.08103013 0.21545 0.22233 0.08023554 0.21545 0.2233655 0.07919996 0.21545 0.2241601 0.07799404 0.21545 0.2246596 0.07669997 0.21545 0.22483 0.07299995 0.21545 0.22483 0.07299995 0.215316 0.22433 0.07299995 0.21495 0.2239639 0.07029289 0.2151571 0.22683 0.07049995 0.215316 0.22683 0.07069027 0.215316 0.2258732 0.07099997 0.21545 0.22683 0.07115221 0.21545 0.2260646 0.07158577 0.21545 0.2254158 0.07123219 0.215316 0.2250622 0.07223463 0.21545 0.2249822 0.07204329 0.215316 0.2245203 0.07013398 0.21495 0.22683 0.07035213 0.21495 0.2257332 0.07097339 0.21495 0.2248034 0.07190322 0.21495 0.2241821 0.0700761 0.2148327 0.25943 0.07099997 0.21545 0.25943 0.07013398 0.21495 0.25943 0.07029289 0.2151571 0.25943 0.07049995 0.215316 0.25943 0.07061731 0.2153738 0.25943 0.07299995 0.21495 0.262296 0.07190322 0.21495 0.2620779 0.07299995 0.215316 0.26193 0.07204329 0.215316 0.2617397 0.07123219 0.215316 0.2611978 0.07097339 0.21495 0.2614566 0.07069027 0.215316 0.2603867 0.07035213 0.21495 0.2605268 0.07115221 0.21545 0.2601954 0.07158577 0.21545 0.2608442 0.07223463 0.21545 0.2612777 0.07299995 0.21545 0.26143 0.07669997 0.21545 0.26143 0.07669997 0.215316 0.26193 0.07669997 0.21495 0.262296 0.08099287 0.2151571 0.26643 0.0812 0.215316 0.26643 0.08104664 0.215316 0.2652653 0.07786464 0.215316 0.2620833 0.07776993 0.21495 0.2624369 0.07773524 0.21445 0.2625663 0.0787 0.21445 0.2629659 0.07876694 0.21495 0.2628499 0.07952839 0.21445 0.2636016 0.07962316 0.21495 0.2635068 0.08016407 0.21445 0.26443 0.08028012 0.21495 0.264363 0.08056366 0.21445 0.2653947 0.08069306 0.21495 0.2653601 0.08069998 0.21445 0.26643 0.08083397 0.21495 0.26643 0.07894998 0.215316 0.2625329 0.07988196 0.215316 0.263248 0.0805971 0.215316 0.26418 0.07799404 0.21545 0.2616004 0.07919996 0.21545 0.2620999 0.08023554 0.21545 0.2628945 0.08103013 0.21545 0.26393 0.08152961 0.21545 0.2651359 0.08169996 0.21545 0.26643 0.08169996 0.21545 0.27013 0.0813173 0.2153738 0.27013 0.08099287 0.2151571 0.27013 0.08077609 0.2148327 0.27013 0.08069998 0.21445 0.27013 0.0837 0.21545 0.27213 0.08293461 0.21545 0.2719777 0.0837 0.2153738 0.2725127 0.08278816 0.2153738 0.2723313 0.0837 0.215316 0.27263 0.08266401 0.2151571 0.2726311 0.08258104 0.2148327 0.2728313 0.0837 0.21495 0.272996 0.0837 0.2151571 0.2728371 0.08255195 0.21445 0.2729016 0.0837 0.21445 0.27313 0.0837 0.2148327 0.2730539 0.08228576 0.21545 0.2715442 0.08201515 0.2153738 0.2718148 0.08178573 0.2151571 0.2720442 0.08163249 0.2148327 0.2721975 0.08157867 0.21445 0.2722513 0.08185219 0.21545 0.2708954 0.08149868 0.2153738 0.2710418 0.08119893 0.2151571 0.271166 0.08099865 0.2148327 0.2712489 0.08092832 0.21445 0.271278 0.1163 0.21545 0.27213 0.1163 0.215316 0.27263 0.1163 0.21495 0.272996 0.1163 0.21445 0.27313 0.1190071 0.2151571 0.27013 0.1188 0.215316 0.27013 0.1187148 0.215316 0.2707771 0.1183 0.21545 0.27013 0.1182318 0.21545 0.2706477 0.1192238 0.2148327 0.27013 0.119166 0.21495 0.27013 0.1190683 0.21495 0.2708718 0.1191977 0.21445 0.2709065 0.1193 0.21445 0.27013 0.118032 0.21545 0.27113 0.118465 0.215316 0.27138 0.1177142 0.21545 0.2715442 0.1180678 0.215316 0.2718977 0.1173 0.21545 0.271862 0.11755 0.215316 0.2722951 0.1168176 0.21545 0.2720618 0.116947 0.215316 0.2725448 0.1187821 0.21495 0.271563 0.1183266 0.21495 0.2721566 0.117733 0.21495 0.272612 0.1170418 0.21495 0.2728984 0.118898 0.21445 0.27163 0.1184213 0.21445 0.2722513 0.1177999 0.21445 0.2727281 0.1170764 0.21445 0.2730278 0.1193 0.21445 0.26643 0.119166 0.21495 0.26643 0.1183 0.21545 0.26643 0.1188 0.215316 0.26643 0.1190071 0.2151571 0.26643 0.1192454 0.21495 0.2656235 0.1193768 0.21445 0.2656496 0.1188864 0.215316 0.2655521 0.1196045 0.21445 0.2648993 0.1194807 0.21495 0.264848 0.1199741 0.21445 0.2642077 0.1198627 0.21495 0.2641333 0.1204715 0.21445 0.2636016 0.1203768 0.21495 0.2635068 0.1210777 0.21445 0.2631041 0.1210033 0.21495 0.2629927 0.1217693 0.21445 0.2627345 0.121718 0.21495 0.2626107 0.1225196 0.21445 0.2625069 0.1224935 0.21495 0.2623754 0.1233 0.21445 0.26243 0.1233 0.21495 0.262296 0.1191425 0.215316 0.2647079 0.1195583 0.215316 0.2639299 0.120118 0.215316 0.263248 0.1207999 0.215316 0.2626884 0.1215779 0.215316 0.2622725 0.122422 0.215316 0.2620165 0.1233 0.215316 0.26193 0.1183961 0.21545 0.2654545 0.1186806 0.21545 0.2645166 0.1191426 0.21545 0.2636522 0.1197645 0.21545 0.2628945 0.1205222 0.21545 0.2622727 0.1213865 0.21545 0.2618106 0.1223245 0.21545 0.2615261 0.1233 0.21545 0.26143 0.127 0.21545 0.26143 0.127 0.215316 0.26193 0.127 0.21495 0.262296 0.127 0.21445 0.26243 0.1297071 0.2151571 0.25943 0.1295 0.215316 0.25943 0.1293097 0.215316 0.2603867 0.129 0.21545 0.25943 0.1288477 0.21545 0.2601954 0.1284142 0.21545 0.2608442 0.1287677 0.215316 0.2611978 0.1277654 0.21545 0.2612777 0.1279567 0.215316 0.2617397 0.1299999 0.21445 0.25943 0.129866 0.21495 0.25943 0.1296479 0.21495 0.2605268 0.1290265 0.21495 0.2614566 0.1280968 0.21495 0.2620779 0.1297716 0.21445 0.260578 0.1291213 0.21445 0.2615513 0.128148 0.21445 0.2622016 0.129 0.21545 0.22683 0.1293827 0.2153738 0.22683 0.1297071 0.2151571 0.22683 0.1299238 0.2148327 0.22683 0.1299999 0.21445 0.22683 0.129598 0.21445 0.2253299 0.1291213 0.21445 0.2247086 0.1290675 0.2148327 0.2247624 0.1277654 0.21545 0.2249822 0.1284142 0.21545 0.2254158 0.1279118 0.2153738 0.2246286 0.1286848 0.2153738 0.2251452 0.1280359 0.2151571 0.2243289 0.1289142 0.2151571 0.2249158 0.1281189 0.2148327 0.2241287 0.127 0.21545 0.22483 0.127 0.2153738 0.2244473 0.127 0.2151571 0.2241229 0.127 0.2148327 0.2239061 0.127 0.21445 0.22383 0.128148 0.21445 0.2240583 0.1285 0.21445 0.2242319 0.1297716 0.21445 0.2256819 0.1297013 0.2148327 0.2257111 0.129501 0.2151571 0.225794 0.1292013 0.2153738 0.2259182 0.1288477 0.21545 0.2260646 0.1233 0.21545 0.22483 0.1233 0.2153738 0.2244473 0.1233 0.2151571 0.2241229 0.1233 0.2148327 0.2239061 0.1233 0.21445 0.22383 0.1218731 0.2153738 0.2242213 0.1219734 0.2151571 0.2239128 0.1220404 0.2148327 0.2237066 0.1220639 0.21445 0.2236342 0.1209489 0.21445 0.223066 0.1204715 0.21445 0.2226584 0.1200023 0.2148327 0.2222259 0.1209041 0.2148327 0.2231276 0.1200639 0.21445 0.2221811 0.1194958 0.21445 0.2210661 0.1194233 0.2148327 0.2210896 0.1193 0.21445 0.21983 0.1192238 0.2148327 0.21983 0.1207767 0.2151571 0.223303 0.119827 0.2151571 0.2223533 0.1192172 0.2151571 0.2211565 0.1190071 0.2151571 0.21983 0.120586 0.2153738 0.2235655 0.1195645 0.2153738 0.222544 0.1189087 0.2153738 0.2212568 0.1186826 0.2153738 0.21983 0.1217549 0.21545 0.2245852 0.120361 0.21545 0.2238751 0.1192549 0.21545 0.2227689 0.1185447 0.21545 0.2213751 0.1183 0.21545 0.21983 0.1183 0.21545 0.21613 0.1188 0.215316 0.21613 0.1190071 0.2151571 0.21613 0.119166 0.21495 0.21613 0.1193 0.21445 0.21613 0.1163 0.21445 0.2131299 0.1163 0.21495 0.2132639 0.1173968 0.21495 0.2134821 0.1163 0.215316 0.21363 0.1172567 0.215316 0.2138203 0.1163 0.21545 0.21413 0.1170653 0.21545 0.2142822 0.1177142 0.21545 0.2147158 0.1180678 0.215316 0.2143622 0.1181477 0.21545 0.2153646 0.1186097 0.215316 0.2151733 0.1183266 0.21495 0.2141034 0.1189478 0.21495 0.2150332 0.117448 0.21445 0.2133584 0.1184213 0.21445 0.2140086 0.1190716 0.21445 0.2149819 0.104 0.21545 0.21413 0.104 0.215316 0.21363 0.104 0.21495 0.2132639 0.104 0.21445 0.2131299 0.104 0.2086499 0.2131299 0.09599995 0.2086499 0.2131299 0.08559995 0.1324999 0.21603 0.0866 0.1324999 0.21603 0.0866 0.1324999 0.21763 0.08499377 0.1324999 0.21568 0.085105 0.1324999 0.215825 0.08327615 0.1324999 0.2155112 0.08524996 0.1324999 0.2159362 0.08160001 0.1324999 0.21763 0.08160001 0.1324999 0.21603 0.08259999 0.1324999 0.21763 0.08259999 0.1324999 0.21603 0.08278113 0.1324999 0.2176538 0.08278113 0.1324999 0.2160061 0.08294999 0.1324999 0.2177237 0.08309495 0.1324999 0.217835 0.08541882 0.1324999 0.2160061 0.08329999 0.1324999 0.21933 0.08329999 0.1324999 0.21833 0.08489996 0.1324999 0.21933 0.08327615 0.1324999 0.2181488 0.08499377 0.1324999 0.21798 0.0849238 0.1324999 0.2181488 0.08294999 0.1324999 0.2159362 0.08489996 0.1324999 0.21833 0.08320617 0.1324999 0.21798 0.085105 0.1324999 0.217835 0.08309495 0.1324999 0.215825 0.08524996 0.1324999 0.2177237 0.08320617 0.1324999 0.21568 0.08541882 0.1324999 0.2176538 0.08559995 0.1324999 0.21763 0.08329999 0.1324999 0.21433 0.08489996 0.1324999 0.21433 0.08329999 0.1324999 0.21533 0.08489996 0.1324999 0.21533 0.0849238 0.1324999 0.2155112 0.07289999 0.1324999 0.25753 0.07289999 0.1324999 0.25653 0.07449996 0.1324999 0.25653 0.07280617 0.1324999 0.26018 0.07501882 0.1324999 0.2598538 0.07287615 0.1324999 0.2603488 0.07484996 0.1324999 0.2599238 0.074705 0.1324999 0.260035 0.07287615 0.1324999 0.2577112 0.07449996 0.1324999 0.26153 0.07289999 0.1324999 0.26153 0.07449996 0.1324999 0.26053 0.07289999 0.1324999 0.26053 0.0745238 0.1324999 0.2603488 0.07459378 0.1324999 0.26018 0.0762 0.1324999 0.25823 0.0762 0.1324999 0.25983 0.07519996 0.1324999 0.25983 0.07119995 0.1324999 0.25983 0.07119995 0.1324999 0.25823 0.0722 0.1324999 0.25983 0.0722 0.1324999 0.25823 0.07238113 0.1324999 0.2598538 0.07238113 0.1324999 0.2582061 0.07254999 0.1324999 0.2581362 0.07269495 0.1324999 0.2580249 0.07280617 0.1324999 0.25788 0.07519996 0.1324999 0.25823 0.07501882 0.1324999 0.2582061 0.07254999 0.1324999 0.2599238 0.07449996 0.1324999 0.25753 0.0745238 0.1324999 0.2577112 0.07459378 0.1324999 0.25788 0.07269495 0.1324999 0.260035 0.074705 0.1324999 0.2580249 0.07484996 0.1324999 0.2581362 0.02121317 0.03121316 0.05599999 0.02380138 0.03087246 0.05599999 0.02380138 0.03087246 0.05099999 0.02621316 0.02987343 0.05599999 0.02828425 0.02828425 0.05599999 0.02828425 0.02828425 0.05099999 0.02987343 0.02621316 0.05599999 0.03087246 0.02380138 0.05599999 0.03087246 0.02380138 0.05099999 0.03121316 0.02121317 0.05599999 0.03121316 -0.02121317 0.05599999 0.03121316 0.02036058 0.05599999 0.03087246 -0.02380138 0.05599999 0.03087246 -0.02380138 0.05099999 0.02987343 -0.02621316 0.05599999 0.02828425 -0.02828425 0.05599999 0.02828425 -0.02828425 0.05099999 0.02621316 -0.02987343 0.05599999 0.02380138 -0.03087246 0.05599999 0.02380138 -0.03087246 0.05099999 0.02121317 -0.03121316 0.05599999 -0.03121316 0.02121317 0.05599999 -0.03087246 0.02380138 0.05599999 -0.03087246 0.02380138 0.05099999 -0.02987343 0.02621316 0.05599999 -0.02828425 0.02828425 0.05599999 -0.02828425 0.02828425 0.05099999 -0.02621316 0.02987343 0.05599999 -0.02380138 0.03087246 0.05599999 -0.02380138 0.03087246 0.05099999 -0.02121317 0.03121316 0.05599999 -0.02121317 -0.03121316 0.05599999 -0.02380138 -0.03087246 0.05599999 -0.02380138 -0.03087246 0.05099999 -0.02621316 -0.02987343 0.05599999 -0.02828425 -0.02828425 0.05599999 -0.02828425 -0.02828425 0.05099999 -0.02987343 -0.02621316 0.05599999 -0.03087246 -0.02380138 0.05599999 -0.03087246 -0.02380138 0.05099999 -0.03121316 -0.02121317 0.05599999 -0.03121316 0.02036058 0.05599999 0.02613371 -0.02696639 0.05599999 0.02499622 -0.02727121 0.05599999 -0.02272123 0.02499622 0.05599999 -0.02302598 0.02385872 0.05599999 0.02036058 0.02036058 0.05599999 -0.02385872 0.02302598 0.05599999 -0.02499622 0.02272123 0.05599999 -0.02613371 0.02302598 0.05599999 -0.02696639 0.02385872 0.05599999 -0.02727121 0.02499622 0.05599999 -0.02696639 0.02613371 0.05599999 -0.02613371 0.02696639 0.05599999 -0.02302598 0.02613371 0.05599999 0.02036058 0.03121316 0.05599999 -0.02385872 0.02696639 0.05599999 -0.02499622 0.02727121 0.05599999 0.02385872 0.02302598 0.05599999 0.02499622 0.02272123 0.05599999 0.02613371 0.02302598 0.05599999 0.02696639 0.02385872 0.05599999 0.02727121 0.02499622 0.05599999 0.02696639 0.02613371 0.05599999 0.02302598 0.02385872 0.05599999 0.02272123 0.02499622 0.05599999 0.02302598 0.02613371 0.05599999 0.02385872 0.02696639 0.05599999 0.02499622 0.02727121 0.05599999 0.02613371 0.02696639 0.05599999 0.02385872 -0.02696639 0.05599999 0.02036058 -0.03121316 0.05599999 0.02302598 -0.02385872 0.05599999 0.02272123 -0.02499622 0.05599999 0.02302598 -0.02613371 0.05599999 0.02696639 -0.02613371 0.05599999 0.02727121 -0.02499622 0.05599999 0.02696639 -0.02385872 0.05599999 0.02613371 -0.02302598 0.05599999 0.02499622 -0.02272123 0.05599999 0.02385872 -0.02302598 0.05599999 -0.02696639 -0.02613371 0.05599999 -0.02727121 -0.02499622 0.05599999 -0.02696639 -0.02385872 0.05599999 -0.02613371 -0.02302598 0.05599999 -0.02499622 -0.02272123 0.05599999 -0.01760661 0.003742396 0.05599999 -0.01644378 0.007321238 0.05599999 -0.02302598 -0.02385872 0.05599999 -0.01204431 -0.01337659 0.05599999 -0.02385872 -0.02302598 0.05599999 -0.0145623 -0.01058012 0.05599999 -0.02272123 -0.02499622 0.05599999 -0.005562305 -0.01711899 0.05599999 -0.008999943 -0.01558846 0.05599999 -0.0145623 0.01058012 0.05599999 -0.01204431 0.01337659 0.05599999 -0.008999943 0.01558846 0.05599999 0.00188148 0.01790136 0.05599999 -0.00188148 0.01790136 0.05599999 -0.005562305 0.01711899 0.05599999 -0.02613371 -0.02696639 0.05599999 -0.02499622 -0.02727121 0.05599999 -0.02385872 -0.02696639 0.05599999 -0.02302598 -0.02613371 0.05599999 -0.00188148 -0.01790136 0.05599999 0.01760661 -0.003742396 0.05599999 0.01644378 -0.007321238 0.05599999 0.005562305 0.01711899 0.05599999 0.008999943 0.01558846 0.05599999 0.01204431 0.01337659 0.05599999 0.01799994 0 0.05599999 0.01760661 0.003742396 0.05599999 -0.01644378 -0.007321238 0.05599999 -0.01760661 -0.003742396 0.05599999 -0.01799994 0 0.05599999 0.0145623 0.01058012 0.05599999 0.01644378 0.007321238 0.05599999 0.0145623 -0.01058012 0.05599999 0.01204431 -0.01337659 0.05599999 0.008999943 -0.01558846 0.05599999 0.005562305 -0.01711899 0.05599999 0.00188148 -0.01790136 0.05599999 0.03121316 -0.02121317 0.06809997 0.03121316 -0.02121317 0.05609995 0.03121316 0.0203731 0.06809997 0.03121316 0.02121317 0.05609995 0.03121316 0.02121317 0.06809997 0.02121317 -0.03121316 0.06809997 0.02121317 -0.03121316 0.05609995 0.02380138 -0.03087246 0.05609995 0.02380138 -0.03087246 0.06809997 0.02621316 -0.02987343 0.05609995 0.02621316 -0.02987343 0.06809997 0.02828425 -0.02828425 0.05609995 0.02828425 -0.02828425 0.06809997 0.02987343 -0.02621316 0.05609995 0.02987343 -0.02621316 0.06809997 0.03087246 -0.02380138 0.05609995 0.03087246 -0.02380138 0.06809997 -0.03121316 -0.02121317 0.06809997 -0.03121316 -0.02121317 0.05609995 -0.03087246 -0.02380138 0.05609995 -0.03087246 -0.02380138 0.06809997 -0.02987343 -0.02621316 0.05609995 -0.02987343 -0.02621316 0.06809997 -0.02828425 -0.02828425 0.05609995 -0.02828425 -0.02828425 0.06809997 -0.02621316 -0.02987343 0.05609995 -0.02621316 -0.02987343 0.06809997 -0.02380138 -0.03087246 0.05609995 -0.02380138 -0.03087246 0.06809997 -0.02121317 -0.03121316 0.05609995 -0.02121317 -0.03121316 0.06809997 -0.03121316 0.02121317 0.06809997 -0.03121316 0.02121317 0.05609995 -0.03121316 0.0203731 0.06809997 -0.02121317 0.03121316 0.06809997 -0.02121317 0.03121316 0.05609995 -0.02380138 0.03087246 0.05609995 -0.02380138 0.03087246 0.06809997 -0.02621316 0.02987343 0.05609995 -0.02621316 0.02987343 0.06809997 -0.02828425 0.02828425 0.05609995 -0.02828425 0.02828425 0.06809997 -0.02987343 0.02621316 0.05609995 -0.02987343 0.02621316 0.06809997 -0.03087246 0.02380138 0.05609995 -0.03087246 0.02380138 0.06809997 0.0261712 -0.02703136 0.06809997 0.02499622 -0.02734619 0.06809997 0.02499622 0.02264618 0.06809997 0.0203731 0.0203731 0.06809997 0.02382117 0.02296102 0.06809997 0.02703136 0.0261712 0.06809997 0.02734619 0.02499622 0.06809997 0.03087246 0.02380138 0.06809997 0.02703136 0.02382117 0.06809997 0.0261712 0.02296102 0.06809997 0.02296102 0.02382117 0.06809997 0.02264618 0.02499622 0.06809997 0.0203731 0.03121316 0.06809997 0.02296102 0.0261712 0.06809997 0.02121317 0.03121316 0.06809997 0.02382117 0.02703136 0.06809997 0.02380138 0.03087246 0.06809997 0.02499622 0.02734619 0.06809997 0.02621316 0.02987343 0.06809997 0.0261712 0.02703136 0.06809997 0.02828425 0.02828425 0.06809997 0.02987343 0.02621316 0.06809997 0.02382117 -0.02703136 0.06809997 0.0203731 -0.03121316 0.06809997 0.02296102 -0.02382117 0.06809997 0.02264618 -0.02499622 0.06809997 0.02296102 -0.0261712 0.06809997 0.02382117 -0.02296102 0.06809997 0.02499622 -0.02264618 0.06809997 0.0261712 -0.02296102 0.06809997 0.02703136 -0.02382117 0.06809997 0.02734619 -0.02499622 0.06809997 0.02703136 -0.0261712 0.06809997 -0.02703136 -0.02382117 0.06809997 -0.02734619 -0.02499622 0.06809997 -0.02703136 -0.0261712 0.06809997 0.00559318 0.01721411 0.06809997 0.009049952 0.015675 0.06809997 -0.01653516 -0.007361888 0.06809997 -0.02499622 -0.02264618 0.06809997 -0.01464319 -0.01063889 0.06809997 -0.02382117 -0.02296102 0.06809997 -0.01211124 -0.01345092 0.06809997 -0.02296102 -0.02382117 0.06809997 -0.02264618 -0.02499622 0.06809997 -0.00559318 -0.01721411 0.06809997 -0.009049952 -0.015675 0.06809997 -0.01770442 -0.003763198 0.06809997 -0.0261712 -0.02296102 0.06809997 -0.0261712 -0.02703136 0.06809997 -0.02499622 -0.02734619 0.06809997 -0.02382117 -0.02703136 0.06809997 -0.02296102 -0.0261712 0.06809997 -0.001891911 -0.01800084 0.06809997 0.01211124 0.01345092 0.06809997 0.01464319 0.01063889 0.06809997 0.01653516 0.007361888 0.06809997 0.009049952 -0.015675 0.06809997 0.00559318 -0.01721411 0.06809997 0.001891911 -0.01800084 0.06809997 -0.01809996 0 0.06809997 -0.01770442 0.003763198 0.06809997 -0.01653516 0.007361888 0.06809997 -0.01464319 0.01063889 0.06809997 -0.01211124 0.01345092 0.06809997 -0.009049952 0.015675 0.06809997 0.01770442 0.003763198 0.06809997 0.01809996 0 0.06809997 0.01770442 -0.003763198 0.06809997 0.01653516 -0.007361888 0.06809997 0.01464319 -0.01063889 0.06809997 0.01211124 -0.01345092 0.06809997 -0.00559318 0.01721411 0.06809997 -0.001891911 0.01800084 0.06809997 0.001891911 0.01800084 0.06809997 -0.02264618 0.02499622 0.06809997 -0.02296102 0.02382117 0.06809997 -0.02296102 0.0261712 0.06809997 -0.02382117 0.02703136 0.06809997 -0.02499622 0.02734619 0.06809997 -0.0261712 0.02703136 0.06809997 -0.02703136 0.0261712 0.06809997 -0.02734619 0.02499622 0.06809997 -0.02703136 0.02382117 0.06809997 -0.0261712 0.02296102 0.06809997 -0.02499622 0.02264618 0.06809997 -0.02382117 0.02296102 0.06809997 0.03087246 0.02380138 0.05609995 0.02987343 0.02621316 0.05609995 0.02828425 0.02828425 0.05609995 0.02621316 0.02987343 0.05609995 0.02380138 0.03087246 0.05609995 0.02121317 0.03121316 0.05609995 0.06499999 0.04649996 0.151 0.06499999 -0.05099999 0.151 0.05499994 0.04649996 0.151 0.05499994 -0.05099999 0.151 0.05499994 -0.05099999 0.1809999 0.05499994 0.04649996 0.1809999 0.06499999 -0.05099999 0.1809999 0.06499999 0.04649996 0.1809999</float_array>
          <technique_common>
            <accessor source="#link_1-mesh-positions-array" count="7786" stride="3">
              <param name="X" type="float" />
              <param name="Y" type="float" />
              <param name="Z" type="float" />
            </accessor>
          </technique_common>
        </source>
        <source id="link_1-mesh-normals">
          <float_array id="link_1-mesh-normals-array" count="38328">0.1950896 -0.9807854 0 0.1950896 -0.9807854 0 0.5555698 -0.8314698 0 0.5555698 -0.8314698 0 0.8314698 -0.5555698 0 0.8314698 -0.5555698 0 0.9807854 -0.1950896 0 0.9807854 -0.1950896 0 1 0 0 1 0 0 0.9659259 0.2588189 0 0.9659259 0.2588189 0 0.7071068 0.7071068 0 0.7071068 0.7071068 0 0.2588189 0.9659259 0 0.2588189 0.9659259 0 0 1 0 0 1 0 -0.1950896 0.9807854 0 -0.1950896 0.9807854 0 -0.5555698 0.8314698 0 -0.5555698 0.8314698 0 -0.8314698 0.5555698 0 -0.8314698 0.5555698 0 -0.9807854 0.1950896 0 -0.9807854 0.1950896 0 -1 0 0 -1 0 0 -0.9807854 -0.1950896 0 -0.9807854 -0.1950896 0 -0.8314698 -0.5555698 0 -0.8314698 -0.5555698 0 -0.5555698 -0.8314698 0 -0.5555698 -0.8314698 0 -0.1950896 -0.9807854 0 -0.1950896 -0.9807854 0 0 -1 0 0 -1 0 0 0 1 0 0 1 0 0 1 0 0 1 0 0 1 0 0 1 0 0 1 0 0 1 0 0 1 0 0 1 0 0 1 0 0 1 0 0 1 0 0 1 0 0 1 0 0 1 0 0 1 0 0 -1 0 0 -1 0 0 -1 0 0 -1 0 0 -1 0 0 -1 0 0 -1 0 0 -1 0 0 -1 0 0 -1 0 0 -1 0 0 -1 0 0 -1 0 0 -1 0 0 -1 0 0 -1 0 0 -1 0 -0.9941378 0.1081202 0 -0.9476542 0.3192986 0 -0.9476542 0.3192986 0 -0.8568567 0.5155546 0 -0.8568567 0.5155546 0 -0.7259947 0.6877003 0 -0.7259947 0.6877003 0 -0.5611913 0.8276861 0 -0.5611913 0.8276861 0 -0.3701379 0.9289768 0 -0.3701379 0.9289768 0 -0.1617686 0.9868287 0 -0.1617686 0.9868287 0 0.05412954 0.9985339 0 0.05412954 0.9985339 0 0.2675293 0.9635497 0 0.2675293 0.9635497 0 0.4684057 0.8835135 0 0.4684057 0.8835135 0 0.6473946 0.762155 0 0.6473946 0.762155 0 0.796093 0.6051744 0 0.796093 0.6051744 0 0.9075755 0.4198889 0 0.9075755 0.4198889 0 0.9766198 0.2149739 0 0.9766198 0.2149739 0 1 0 0 1 0 0 0.9766206 -0.2149704 0 0.9766206 -0.2149704 0 0.9075755 -0.4198889 0 0.9075755 -0.4198889 0 0.796093 -0.6051744 0 0.796093 -0.6051744 0 0.6473946 -0.762155 0 0.6473946 -0.762155 0 0.4684057 -0.8835135 0 0.4684057 -0.8835135 0 0.2675293 -0.9635497 0 0.2675293 -0.9635497 0 0.05412954 -0.9985339 0 0.05412954 -0.9985339 0 -0.1617854 -0.986826 0 -0.1617854 -0.986826 0 -0.3701379 -0.9289768 0 -0.3701379 -0.9289768 0 -0.5611795 -0.8276941 0 -0.5611795 -0.8276941 0 -0.7259947 -0.6877003 0 -0.7259947 -0.6877003 0 -0.8568567 -0.5155546 0 -0.8568567 -0.5155546 0 -0.9476542 -0.3192986 0 -0.9476542 -0.3192986 0 -0.9941381 -0.1081184 0 -0.9941381 -0.1081184 0 -0.9941378 0.1081202 1 0 0 1 0 0 1 0 0 1 0 0 1 0 0 1 0 0 1 0 0 1 0 0 1 0 0 1 0 0 1 0 0 1 0 0 1 0 0 1 0 0 1 0 0 1 0 0 1 0 0 1 0 0 1 0 0 1 0 0 1 0 0 1 0 0 1 0 0 1 0 0 1 0 0 1 0 0 1 0 0 1 0 0 1 0 0 -1 0 0 -1 0 0 -1 0 0 -1 0 0 -1 0 0 -1 0 0 -1 0 0 -1 0 0 -1 0 0 -1 0 0 -1 0 0 -1 0 0 -1 0 0 -1 0 0 -1 0 0 -1 0 0 -1 0 0 -1 0 0 -1 0 0 -1 0 0 -1 0 0 -1 0 0 -1 0 0 -1 0 0 -1 0 0 -1 0 0 -1 0 0 -1 0 0 -1 0 0 0 -0.9941378 0.1081203 0 -0.9476544 0.319298 0 -0.9476544 0.319298 0 -0.8568568 0.5155545 0 -0.8568568 0.5155545 0 -0.7259945 0.6877005 0 -0.7259945 0.6877005 0 -0.5611913 0.8276861 0 -0.5611913 0.8276861 0 -0.3701378 0.9289768 0 -0.3701378 0.9289768 0 -0.1617687 0.9868287 0 -0.1617687 0.9868287 0 0.05412954 0.9985339 0 0.05412954 0.9985339 0 0.2675293 0.9635497 0 0.2675293 0.9635497 0 0.4684056 0.8835136 0 0.4684056 0.8835136 0 0.6473947 0.7621549 0 0.6473947 0.7621549 0 0.7960932 0.6051741 0 0.7960932 0.6051741 0 0.9075751 0.4198896 0 0.9075751 0.4198896 0 0.9766198 0.2149736 0 0.9766198 0.2149736 0 1 0 0 1 0 0 0.9766207 -0.2149699 0 0.9766207 -0.2149699 0 0.9075751 -0.4198896 0 0.9075751 -0.4198896 0 0.7960932 -0.6051741 0 0.7960932 -0.6051741 0 0.6473947 -0.7621549 0 0.6473947 -0.7621549 0 0.4684056 -0.8835136 0 0.4684056 -0.8835136 0 0.2675293 -0.9635497 0 0.2675293 -0.9635497 0 0.05412954 -0.9985339 0 0.05412954 -0.9985339 0 -0.1617855 -0.986826 0 -0.1617855 -0.986826 0 -0.3701378 -0.9289768 0 -0.3701378 -0.9289768 0 -0.5611795 -0.8276941 0 -0.5611795 -0.8276941 0 -0.7259945 -0.6877005 0 -0.7259945 -0.6877005 0 -0.8568568 -0.5155545 0 -0.8568568 -0.5155545 0 -0.9476544 -0.319298 0 -0.9476544 -0.319298 0 -0.994138 -0.1081185 0 -0.994138 -0.1081185 0 -0.9941378 0.1081203 1 0 0 1 0 0 1 0 0 1 0 0 1 0 0 1 0 0 1 0 0 1 0 0 1 0 0 1 0 0 1 0 0 1 0 0 1 0 0 1 0 0 1 0 0 1 0 0 1 0 0 1 0 0 1 0 0 1 0 0 1 0 0 1 0 0 1 0 0 1 0 0 1 0 0 1 0 0 1 0 0 1 0 0 1 0 0 -1 0 0 -1 0 0 -1 0 0 -1 0 0 -1 0 0 -1 0 0 -1 0 0 -1 0 0 -1 0 0 -1 0 0 -1 0 0 -1 0 0 -1 0 0 -1 0 0 -1 0 0 -1 0 0 -1 0 0 -1 0 0 -1 0 0 -1 0 0 -1 0 0 -1 0 0 -1 0 0 -1 0 0 -1 0 0 -1 0 0 -1 0 0 -1 0 0 -1 0 0 0.9807857 0 -0.1950878 0.9807857 0 -0.1950878 0.8314702 0 -0.5555695 0.8314702 0 -0.5555695 0.5555695 0 -0.8314702 0.5555695 0 -0.8314702 0.1950902 0 -0.9807853 0.1950902 0 -0.9807853 0 0 -1 0 0 -1 -0.1950891 0 -0.9807856 -0.1950891 0 -0.9807856 -0.5555695 0 -0.8314702 -0.5555695 0 -0.8314702 -0.8314702 0 -0.5555695 -0.8314702 0 -0.5555695 -0.9807857 0 -0.1950878 -0.9807857 0 -0.1950878 -1 0 0 -1 0 0 -0.9807853 0 0.1950902 -0.9807853 0 0.1950902 -0.8314661 0 0.5555753 -0.8314661 0 0.5555753 -0.5555695 0 0.8314702 -0.5555695 0 0.8314702 -0.1951013 0 0.9807831 -0.1951013 0 0.9807831 0 0 1 0 0 1 0.2588139 0 0.9659272 0.2588139 0 0.9659272 0.7071115 0 0.707102 0.7071115 0 0.707102 0.9659266 0 0.2588164 0.9659266 0 0.2588164 1 0 0 1 0 0 0 1 0 0 1 0 0 1 0 0 1 0 0 1 0 0 1 0 0 1 0 0 1 0 0 1 0 0 1 0 0 1 0 0 1 0 0 1 0 0 1 0 0 1 0 0 1 0 0 1 0 0 -1 0 0 -1 0 0 -1 0 0 -1 0 0 -1 0 0 -1 0 0 -1 0 0 -1 0 0 -1 0 0 -1 0 0 -1 0 0 -1 0 0 -1 0 0 -1 0 0 -1 0 0 -1 0 0 -1 0 0.1081206 0.9941378 0 0.3192987 0.9476541 0 0.3192987 0.9476541 0 0.5155569 0.8568554 0 0.5155569 0.8568554 0 0.6876988 0.7259961 0 0.6876988 0.7259961 0 0.8276901 0.5611854 0 0.8276901 0.5611854 0 0.9289785 0.3701339 0 0.9289785 0.3701339 0 0.9868258 0.1617863 0 0.9868258 0.1617863 0 0.9985335 -0.05413794 0 0.9985335 -0.05413794 0 0.9635494 -0.2675301 0 0.9635494 -0.2675301 0 0.8835124 -0.4684076 0 0.8835124 -0.4684076 0 0.7621633 -0.6473848 0 0.7621633 -0.6473848 0 0.6051641 -0.7961007 0 0.6051641 -0.7961007 0 0.4198915 -0.9075743 0 0.4198915 -0.9075743 0 0.2149673 -0.9766212 0 0.2149673 -0.9766212 0 0 -1 0 0 -1 0 -0.214969 -0.9766209 0 -0.214969 -0.9766209 0 -0.4198915 -0.9075743 0 -0.4198915 -0.9075743 0 -0.6051641 -0.7961007 0 -0.6051641 -0.7961007 0 -0.7621633 -0.6473848 0 -0.7621633 -0.6473848 0 -0.8835124 -0.4684076 0 -0.8835124 -0.4684076 0 -0.9635494 -0.2675301 0 -0.9635494 -0.2675301 0 -0.9985335 -0.05413794 0 -0.9985335 -0.05413794 0 -0.9868272 0.1617779 0 -0.9868272 0.1617779 0 -0.9289755 0.3701413 0 -0.9289755 0.3701413 0 -0.8276901 0.5611854 0 -0.8276901 0.5611854 0 -0.6876988 0.7259961 0 -0.6876988 0.7259961 0 -0.5155569 0.8568554 0 -0.5155569 0.8568554 0 -0.3192987 0.9476541 0 -0.3192987 0.9476541 0 -0.1081215 0.9941377 0 -0.1081215 0.9941377 0 0.1081206 0.9941378 0 0 0 1 0 0 1 0 0 1 0 0 1 0 0 1 0 0 1 0 0 1 0 0 1 0 0 1 0 0 1 0 0 1 0 0 1 0 0 1 0 0 1 0 0 1 0 0 1 0 0 1 0 0 1 0 0 1 0 0 1 0 0 1 0 0 1 0 0 1 0 0 1 0 0 1 0 0 1 0 0 1 0 0 1 0 0 1 0 0 -1 0 0 -1 0 0 -1 0 0 -1 0 0 -1 0 0 -1 0 0 -1 0 0 -1 0 0 -1 0 0 -1 0 0 -1 0 0 -1 0 0 -1 0 0 -1 0 0 -1 0 0 -1 0 0 -1 0 0 -1 0 0 -1 0 0 -1 0 0 -1 0 0 -1 0 0 -1 0 0 -1 0 0 -1 0 0 -1 0 0 -1 0 0 -1 0 0 -1 0.1081206 0.9941378 0 0.3193013 0.9476532 0 0.3193013 0.9476532 0 0.5155531 0.8568576 0 0.5155531 0.8568576 0 0.6876988 0.7259961 0 0.6876988 0.7259961 0 0.8276901 0.5611854 0 0.8276901 0.5611854 0 0.9289785 0.3701339 0 0.9289785 0.3701339 0 0.9868258 0.1617863 0 0.9868258 0.1617863 0 0.9985335 -0.05413794 0 0.9985335 -0.05413794 0 0.9635494 -0.2675301 0 0.9635494 -0.2675301 0 0.8835089 -0.4684144 0 0.8835089 -0.4684144 0 0.7621675 -0.6473798 0 0.7621675 -0.6473798 0 0.6051641 -0.7961007 0 0.6051641 -0.7961007 0 0.4198915 -0.9075743 0 0.4198915 -0.9075743 0 0.2149673 -0.9766212 0 0.2149673 -0.9766212 0 0 -1 0 0 -1 0 -0.2149673 -0.9766212 0 -0.2149673 -0.9766212 0 -0.4198915 -0.9075743 0 -0.4198915 -0.9075743 0 -0.6051641 -0.7961007 0 -0.6051641 -0.7961007 0 -0.7621675 -0.6473798 0 -0.7621675 -0.6473798 0 -0.8835124 -0.4684076 0 -0.8835124 -0.4684076 0 -0.9635494 -0.2675301 0 -0.9635494 -0.2675301 0 -0.9985335 -0.05413794 0 -0.9985335 -0.05413794 0 -0.9868272 0.1617779 0 -0.9868272 0.1617779 0 -0.9289785 0.3701339 0 -0.9289785 0.3701339 0 -0.8276861 0.5611913 0 -0.8276861 0.5611913 0 -0.6876988 0.7259961 0 -0.6876988 0.7259961 0 -0.5155569 0.8568554 0 -0.5155569 0.8568554 0 -0.3192987 0.9476541 0 -0.3192987 0.9476541 0 -0.1081215 0.9941377 0 -0.1081215 0.9941377 0 0.1081206 0.9941378 0 0 0 1 0 0 1 0 0 1 0 0 1 0 0 1 0 0 1 0 0 1 0 0 1 0 0 1 0 0 1 0 0 1 0 0 1 0 0 1 0 0 1 0 0 1 0 0 1 0 0 1 0 0 1 0 0 1 0 0 1 0 0 1 0 0 1 0 0 1 0 0 1 0 0 1 0 0 1 0 0 1 0 0 1 0 0 1 0 0 -1 0 0 -1 0 0 -1 0 0 -1 0 0 -1 0 0 -1 0 0 -1 0 0 -1 0 0 -1 0 0 -1 0 0 -1 0 0 -1 0 0 -1 0 0 -1 0 0 -1 0 0 -1 0 0 -1 0 0 -1 0 0 -1 0 0 -1 0 0 -1 0 0 -1 0 0 -1 0 0 -1 0 0 -1 0 0 -1 0 0 -1 0 0 -1 0 0 -1 0.9848077 0 0.1736482 0.8660259 0 0.4999992 0.8660259 0 0.4999992 0.6427875 0 0.7660445 0.6427875 0 0.7660445 0.3420202 0 0.9396927 0.3420202 0 0.9396927 0 0 1 0 0 1 -0.3420204 0 0.9396925 -0.3420204 0 0.9396925 -0.6427875 0 0.7660445 -0.6427875 0 0.7660445 -0.8660256 0 0.4999997 -0.8660256 0 0.4999997 -0.9848077 0 0.1736482 -0.9848077 0 0.1736482 -0.9848077 0 -0.1736482 -0.9848077 0 -0.1736482 -0.8660252 0 -0.5000002 -0.8660252 0 -0.5000002 -0.6427875 0 -0.7660445 -0.6427875 0 -0.7660445 -0.3420204 0 -0.9396925 -0.3420204 0 -0.9396925 0 0 -1 0 0 -1 0.3420202 0 -0.9396927 0.3420202 0 -0.9396927 0.6427875 0 -0.7660445 0.6427875 0 -0.7660445 0.8660256 0 -0.4999997 0.8660256 0 -0.4999997 0.9848077 0 -0.1736482 0.9848077 0 -0.1736482 0.9848077 0 0.1736482 0 -1 0 0 -1 0 0 -1 0 0 -1 0 0 -1 0 0 -1 0 0 -1 0 0 -1 0 0 -1 0 0 -1 0 0 -1 0 0 -1 0 0 -1 0 0 -1 0 0 -1 0 0 -1 0 0 -1 0 0 -1 0 0 -1 0 0 -1 0 0 -1 0 0 -1 0 0 -1 0 0 -1 0 0 -1 0 0 -1 0 0 -1 0 0 -1 0 0 -1 0 0 -1 0 0 -1 0 0 -1 0 0.9749279 0 0.2225207 0.7818309 0 0.6234905 0.7818309 0 0.6234905 0.4338855 0 0.900968 0.4338855 0 0.900968 0 0 1 0 0 1 -0.4338859 0 0.9009679 -0.4338859 0 0.9009679 -0.7818309 0 0.6234905 -0.7818309 0 0.6234905 -0.9749279 0 0.2225207 -0.9749279 0 0.2225207 -0.9749279 0 -0.2225207 -0.9749279 0 -0.2225207 -0.7818317 0 -0.6234896 -0.7818317 0 -0.6234896 -0.4338828 0 -0.9009693 -0.4338828 0 -0.9009693 0 0 -1 0 0 -1 0.4338825 0 -0.9009695 0.4338825 0 -0.9009695 0.7818317 0 -0.6234896 0.7818317 0 -0.6234896 0.9749279 0 -0.2225207 0.9749279 0 -0.2225207 0.9749279 0 0.2225207 0 -1 0 0 -1 0 0 -1 0 0 -1 0 0 -1 0 0 -1 0 0 -1 0 0 -1 0 0 -1 0 0 -1 0 0 -1 0 0 -1 0 0 -1 0 0 -1 0 0 -1 0 0 -1 0 0 -1 0 0 -1 0 0 -1 0 0 -1 0 0 -1 0 0 -1 0 0 -1 0 0 -1 0 0 -1 0 0 -1 0 -0.9659264 0 -0.258817 -0.9659264 0 -0.258817 -0.7071068 0 -0.7071068 -0.7071068 0 -0.7071068 -0.258817 0 -0.9659264 -0.258817 0 -0.9659264 0.2588163 0 -0.9659266 0.2588163 0 -0.9659266 0.7071082 0 -0.7071054 0.7071082 0 -0.7071054 0.9659256 0 -0.2588197 0.9659256 0 -0.2588197 0.9659256 0 0.2588197 0.9659256 0 0.2588197 0.7071082 0 0.7071054 0.7071082 0 0.7071054 0.2588163 0 0.9659266 0.2588163 0 0.9659266 -0.258817 0 0.9659264 -0.258817 0 0.9659264 -0.7071068 0 0.7071068 -0.7071068 0 0.7071068 -0.9659264 0 0.258817 -0.9659264 0 0.258817 0 -1 0 0 -1 0 0 -1 0 0 -1 0 0 -1 0 0 -1 0 0 -1 0 0 -1 0 0 -1 0 0 -1 0 0 -1 0 0 -1 0 0 -1 0 0 -1 0 0 -1 0 0 -1 0 0 -1 0 0 -1 0 0 -1 0 0 -1 0 0 -1 0 0 -1 0 0 -1 0 0 -1 0 0 -1 0 0 -1 0 0 -1 0 0 -1 0 0 -1 0 0 -1 0 0 -1 0 0 -1 0 0 -1 0 0 -1 0 0 -1 0 0 -1 0 0 -1 0 0 -1 0 0 -1 0 0 -1 0 0 -1 0 0 -1 0 0 -1 0 0 -1 0 0 -1 0 0 -1 0 0 -1 0 0 -1 0 0 -1 0 0 -1 0 0 -1 0 0 -1 0 0 -1 0 0 -1 0 0 -1 0 0 -1 0 0 -1 0 0 -1 0 0 -1 0 0 -1 0 0 -1 0 0 -1 0 0 -1 0 0 -1 0 0 -1 0 0 -1 0 0 -1 0 0 -1 0 0 0 -1 0 0 -1 1 0 0 1 0 0 0.9979088 0 -0.06463754 0.9979088 0 -0.06463754 0.9812317 0 -0.1928325 0.9812317 0 -0.1928325 0.9481562 0 -0.3178046 0.9481562 0 -0.3178046 0.8992353 0 -0.4374654 0.8992353 0 -0.4374654 0.8352857 0 -0.5498161 0.8352857 0 -0.5498161 0.7573775 0 -0.6529773 0.7573775 0 -0.6529773 0.6668114 0 -0.7452265 0.6668114 0 -0.7452265 0.7097672 0 -0.7044363 0.7097672 0 -0.7044363 0.8608939 0 -0.5087846 0.8608939 0 -0.5087846 0.9594038 0 -0.2820362 0.9594038 0 -0.2820362 0.9992759 0 -0.03804916 0.9992759 0 -0.03804916 0.9780732 0 0.2082614 0.9780732 0 0.2082614 0.8970912 0 0.4418455 0.8970912 0 0.4418455 0.7612807 0 0.6484225 0.7612807 0 0.6484225 0.5789407 0 0.8153697 0.5789407 0 0.8153697 0.3612172 0 0.9324817 0.3612172 0 0.9324817 0.121416 0 0.9926018 0.121416 0 0.9926018 -0.1258074 0 0.9920548 -0.1258074 0 0.9920548 -0.3653394 0 0.9308745 -0.3653394 0 0.9308745 -0.5240239 0 0.8517035 -0.5240239 0 0.8517035 -0.6122125 0 0.7906934 -0.6122125 0 0.7906934 -0.6933614 0 0.7205899 -0.6933614 0 0.7205899 -0.7665363 0 0.642201 -0.7665363 0 0.642201 -0.8308968 0 0.5564267 -0.8308968 0 0.5564267 -0.8857023 0 0.4642538 -0.8857023 0 0.4642538 -0.9303227 0 0.3667422 -0.9303227 0 0.3667422 -0.9642448 0 0.2650132 -0.9642448 0 0.2650132 -0.9870786 0 0.160237 -0.9870786 0 0.160237 -0.9985615 0 0.05361771 -0.9985615 0 0.05361771 -1 0 0 -1 0 0 0 1 0 0 1 0 0 1 0 0 1 0 0 1 0 0 1 0 0 1 0 0 1 0 0 1 0 0 1 0 0 1 0 0 1 0 0 1 0 0 1 0 0 1 0 0 1 0 0 1 0 0 1 0 0 1 0 0 1 0 0 1 0 0 1 0 0 1 0 0 1 0 0 1 0 0 1 0 0 1 0 0 1 0 0 1 0 0 1 0 0 1 0 0 1 0 0 1 0 0 1 0 0 1 0 0 1 0 0 1 0 0 1 0 0 1 0 0 1 0 0 1 0 0 1 0 0 1 0 0 1 0 0 1 0 0 1 0 0 1 0 0 1 0 0 1 0 0 1 0 0 1 0 0 1 0 0 1 0 0 1 0 0 1 0 0 1 0 0 1 0 0 1 0 0 1 0 0 1 0 0 1 0 0 1 0 0 1 0 0 1 0 0 1 0 0 1 0 0 1 0 0 1 0 0 1 0 0 1 0 0 1 0 0 1 0 0 1 0 0 1 0 0 1 0 -0.9972038 0 0.07473015 -0.9555729 0 0.2947548 -0.9555729 0 0.2947548 -0.8262386 0 0.5633204 -0.8262386 0 0.5633204 -0.6234895 0 0.7818318 -0.6234895 0 0.7818318 -0.3653419 0 0.9308734 -0.3653419 0 0.9308734 -0.0747292 0 0.9972038 -0.0747292 0 0.9972038 0.22252 0 0.9749282 0.22252 0 0.9749282 0.5000007 0 0.866025 0.5000007 0 0.866025 0.7330524 0 0.6801722 0.7330524 0 0.6801722 0.9009686 0 0.4338842 0.9009686 0 0.4338842 0.9888306 0 0.1490433 0.9888306 0 0.1490433 0.9888306 0 -0.1490435 0.9888306 0 -0.1490435 0.9009689 0 -0.4338837 0.9009689 0 -0.4338837 0.7330524 0 -0.6801722 0.7330524 0 -0.6801722 0.4999998 0 -0.8660255 0.4999998 0 -0.8660255 0.2225212 0 -0.9749279 0.2225212 0 -0.9749279 -0.07473045 0 -0.9972038 -0.07473045 0 -0.9972038 -0.3653409 0 -0.9308739 -0.3653409 0 -0.9308739 -0.6234895 0 -0.7818318 -0.6234895 0 -0.7818318 -0.8262389 0 -0.5633198 -0.8262389 0 -0.5633198 -0.9555729 0 -0.2947548 -0.9555729 0 -0.2947548 -0.9972038 0 -0.07473033 -0.9998174 0.01910817 0 0 0 1 0 0 1 0 0 1 0 0 1 0 0 1 0 0 1 0 0 1 0 0 1 0 0 1 0 0 1 0 0 1 0 0 1 0 0 1 0 0 1 0 0 1 0 0 1 0 0 1 0 0 1 0 0 1 0 0 1 -0.9848077 0.1736481 0 -0.8660254 0.5000001 0 -0.8660254 0.5000001 0 -0.6427877 0.7660444 0 -0.6427877 0.7660444 0 -0.34202 0.9396927 0 -0.34202 0.9396927 0 0 1 0 0 1 0 0.34202 0.9396927 0 0.34202 0.9396927 0 0.6427877 0.7660444 0 0.6427877 0.7660444 0 0.8660254 0.5000001 0 0.8660254 0.5000001 0 0.9848077 0.1736481 0 0.9848077 0.1736481 0 0.9848077 -0.1736481 0 0.9848077 -0.1736481 0 0.8660254 -0.5000001 0 0.8660254 -0.5000001 0 0.6427877 -0.7660444 0 0.6427877 -0.7660444 0 0.34202 -0.9396927 0 0.34202 -0.9396927 0 0 -1 0 0 -1 0 -0.34202 -0.9396927 0 -0.34202 -0.9396927 0 -0.6427877 -0.7660444 0 -0.6427877 -0.7660444 0 -0.8660254 -0.5000001 0 -0.8660254 -0.5000001 0 -0.9848077 -0.1736481 0 -0.9848077 -0.1736481 0 -0.9848077 0.1736481 0 0 0 -1 0 0 -1 0 0 -1 0 0 -1 0 0 -1 0 0 -1 0 0 -1 0 0 -1 0 0 -1 0 0 -1 0 0 -1 0 0 -1 0 0 -1 0 0 -1 0 0 -1 0 0 -1 0 0 -1 0 0 -1 -0.9876884 0.1564345 0 -0.8910065 0.4539905 0 -0.8910065 0.4539905 0 -0.7071068 0.7071068 0 -0.7071068 0.7071068 0 -0.4539905 0.8910065 0 -0.4539905 0.8910065 0 -0.1564345 0.9876884 0 -0.1564345 0.9876884 0 0.1564345 0.9876884 0 0.1564345 0.9876884 0 0.4539905 0.8910065 0 0.4539905 0.8910065 0 0.7071068 0.7071068 0 0.7071068 0.7071068 0 0.8910065 0.4539905 0 0.8910065 0.4539905 0 0.9876884 0.1564345 0 0.9876884 0.1564345 0 0.9876884 -0.1564345 0 0.9876884 -0.1564345 0 0.8910065 -0.4539905 0 0.8910065 -0.4539905 0 0.7071068 -0.7071068 0 0.7071068 -0.7071068 0 0.4539905 -0.8910065 0 0.4539905 -0.8910065 0 0.1564345 -0.9876884 0 0.1564345 -0.9876884 0 -0.1564345 -0.9876884 0 -0.1564345 -0.9876884 0 -0.4539905 -0.8910065 0 -0.4539905 -0.8910065 0 -0.7071068 -0.7071068 0 -0.7071068 -0.7071068 0 -0.8910065 -0.4539905 0 -0.8910065 -0.4539905 0 -0.9876884 -0.1564345 0 -0.9876884 -0.1564345 0 -0.9876884 0.1564345 0 0 0 -1 0 0 -1 0 0 -1 0 0 -1 0 0 -1 0 0 -1 0 0 -1 0 0 -1 0 0 -1 0 0 -1 0 0 -1 0 0 -1 0 0 -1 0 0 -1 0 0 -1 0 0 -1 0 0 -1 0 0 -1 0 0 -1 0 0 -1 0 0 -1 0 0 -1 0 0 -1 0 0 -1 0 0 -1 0 0 -1 0 0 -1 0 0 -1 0 0 -1 0 0 -1 0 0 -1 0 0 -1 0 0 -1 0 0 -1 0 0 -1 0 0 -1 0 0 -1 0 0 -1 -0.9906859 0.1361667 0 -0.9172113 0.398401 0 -0.9172113 0.398401 0 -0.7757112 0.6310881 0 -0.7757112 0.6310881 0 -0.5766803 0.8169699 0 -0.5766803 0.8169699 0 -0.3348796 0.9422609 0 -0.3348796 0.9422609 0 -0.06824249 0.9976688 0 -0.06824249 0.9976688 0 0.2034561 0.979084 0 0.2034561 0.979084 0 0.4600651 0.8878852 0 0.4600651 0.8878852 0 0.6825531 0.730836 0 0.6825531 0.730836 0 0.8544193 0.5195841 0 0.8544193 0.5195841 0 0.9629173 0.2697966 0 0.9629173 0.2697966 0 1 0 0 1 0 0 0.9629173 -0.2697966 0 0.9629173 -0.2697966 0 0.8544193 -0.5195841 0 0.8544193 -0.5195841 0 0.6825531 -0.730836 0 0.6825531 -0.730836 0 0.4600651 -0.8878852 0 0.4600651 -0.8878852 0 0.2034561 -0.979084 0 0.2034561 -0.979084 0 -0.06824249 -0.9976688 0 -0.06824249 -0.9976688 0 -0.3348796 -0.9422609 0 -0.3348796 -0.9422609 0 -0.5766803 -0.8169699 0 -0.5766803 -0.8169699 0 -0.7757112 -0.6310881 0 -0.7757112 -0.6310881 0 -0.9172113 -0.398401 0 -0.9172113 -0.398401 0 -0.9906859 -0.1361667 0 -0.9906859 -0.1361667 0 -0.9906859 0.1361667 0 0 0 -1 0 0 -1 0 0 -1 0 0 -1 0 0 -1 0 0 -1 0 0 -1 0 0 -1 0 0 -1 0 0 -1 0 0 -1 0 0 -1 0 0 -1 0 0 -1 0 0 -1 0 0 -1 0 0 -1 0 0 -1 0 0 -1 0 0 -1 0 0 -1 0 0 -1 0 0 -1 0 0 -1 0 0 -1 0 0 -1 0 0 -1 0 0 -1 0 0 -1 0 0 -1 0 0 -1 0 0 -1 0 0 -1 0 0 -1 0 0 -1 0 0 -1 0 0 -1 0 0 -1 0 0 -1 0 0 -1 0 0 -1 0 0 -1 0 0 -1 -1 0 0 -1 0 0 0 -1 0 0 -1 0 1 0 0 1 0 0 0 0 -1 0 0 -1 0 0 -1 0 0 -1 0 0 -1 0 0 -1 0 0 -1 0 0 -1 0 0 -1 0 0 -1 0 0 -1 0 0 -1 0 0 -1 0 0 -1 0 0 -1 0 0 -1 0 0 -1 0 0 -1 0 0 -1 0 0 -1 0 0 -1 0 0 -1 0 0 -1 0 0 -1 0 0 -1 0 0 -1 0 0 -1 -0.2588192 0.9659258 0 -0.2588192 0.9659258 0 -0.7071068 0.7071068 0 -0.7071068 0.7071068 0 -0.9659258 0.2588192 0 -0.9659258 0.2588192 0 -1 0 0 -1 0 0 -0.9659258 -0.2588192 0 -0.9659258 -0.2588192 0 -0.7071068 -0.7071068 0 -0.7071068 -0.7071068 0 -0.2588192 -0.9659258 0 -0.2588192 -0.9659258 0 0 -1 0 0 -1 0 0.2588192 -0.9659258 0 0.2588192 -0.9659258 0 0.7071068 -0.7071068 0 0.7071068 -0.7071068 0 0.9659258 -0.2588192 0 0.9659258 -0.2588192 0 1 0 0 1 0 0 0.9659258 0.2588192 0 0.9659258 0.2588192 0 0.7071068 0.7071068 0 0.7071068 0.7071068 0 0.2588192 0.9659258 0 0.2588192 0.9659258 0 0 1 0 0 1 0 0 0 1 0 0 1 0 0 1 0 0 1 0 0 1 0 0 1 0 0 1 0 0 1 0 0 1 0 0 1 0 0 1 0 0 1 0 0 1 0 0 1 -0.9985615 0 0.05361771 -0.9985615 0 0.05361771 -0.9870786 0 0.160237 -0.9870786 0 0.160237 -0.9642448 0 0.2650132 -0.9642448 0 0.2650132 -0.9303227 0 0.3667422 -0.9303227 0 0.3667422 -0.8857023 0 0.4642538 -0.8857023 0 0.4642538 -0.8308968 0 0.5564267 -0.8308968 0 0.5564267 -0.7665363 0 0.642201 -0.7665363 0 0.642201 -0.6933614 0 0.7205899 -0.6933614 0 0.7205899 -0.6122125 0 0.7906934 -0.6122125 0 0.7906934 -0.5240239 0 0.8517035 -0.5240239 0 0.8517035 -0.3741972 0 0.9273492 -0.3741972 0 0.9273492 -0.154122 0 0.9880518 -0.154122 0 0.9880518 0.0739839 0 0.9972594 0.0739839 0 0.9972594 0.2982341 0 0.9544928 0.2982341 0 0.9544928 0.5069405 0 0.861981 0.5069405 0 0.861981 0.6892277 0 0.7245447 0.6892277 0 0.7245447 0.8355952 0 0.5493457 0.8355952 0 0.5493457 0.9384117 0 0.3455193 0.9384117 0 0.3455193 0.9923217 0 0.1236831 0.9923217 0 0.1236831 0.9945146 0 -0.1045978 0.9945146 0 -0.1045978 0.9448764 0 -0.3274273 0.9448764 0 -0.3274273 0.8459935 0 -0.5331934 0.8459935 0 -0.5331934 0.7030197 0 -0.7111705 0.7030197 0 -0.7111705 0.6668114 0 -0.7452265 0.6668114 0 -0.7452265 0.7573775 0 -0.6529773 0.7573775 0 -0.6529773 0.8352857 0 -0.5498161 0.8352857 0 -0.5498161 0.8992353 0 -0.4374654 0.8992353 0 -0.4374654 0.9481562 0 -0.3178046 0.9481562 0 -0.3178046 0.9812317 0 -0.1928325 0.9812317 0 -0.1928325 0.9979088 0 -0.06463754 0.9979088 0 -0.06463754 1 0 0 1 0 0 0 0 -1 0 0 -1 -1 0 0 -1 0 0 0 1 0 0 1 0 0 1 0 0 1 0 0 1 0 0 1 0 0 1 0 0 1 0 0 1 0 0 1 0 0 1 0 0 1 0 0 1 0 0 1 0 0 1 0 0 1 0 0 1 0 0 1 0 0 1 0 0 1 0 0 1 0 0 1 0 0 1 0 0 1 0 0 1 0 0 1 0 0 1 0 0 1 0 0 1 0 0 1 0 0 1 0 0 -1 0 0 -1 0 0 -1 0 0 -1 0 0 -1 0 0 -1 0 0 -1 0 0 -1 0 0 -1 0 0 -1 0 0 -1 0 0 -1 0 0 -1 0 0 -1 0 0 -1 0 0 -1 0 0 -1 0 0 -1 0 0 -1 0 0 -1 0 0 -1 0 0 -1 0 0 -1 0 0 -1 0 0 -1 0 0 -1 0 0 -1 0 0 -1 0 0 -1 0 0 -1 0 0 -1 0 -0.9807852 -0.195091 0 -0.9807852 -0.195091 0 -0.8314697 -0.5555702 0 -0.8314697 -0.5555702 0 -0.5555702 -0.8314697 0 -0.5555702 -0.8314697 0 -0.195091 -0.9807852 0 -0.195091 -0.9807852 0 0.7071067 -0.7071069 0 0.7071067 -0.7071069 0 -0.2588186 0.9659259 0 -0.2588186 0.9659259 0 -0.7071068 0.7071068 0 -0.7071068 0.7071068 0 -0.9659258 0.2588192 0 -0.9659258 0.2588192 0 -0.9659259 -0.2588186 0 -0.9659259 -0.2588186 0 -0.7071068 -0.7071068 0 -0.7071068 -0.7071068 0 -0.2588186 -0.9659259 0 -0.2588186 -0.9659259 0 0 0 1 0 0 1 0 0 1 0 0 1 0 0 1 0 0 1 0 0 1 0 0 1 0 0 1 0 0 1 0 0 1 0 0 1 0 0 1 0 0 1 0 0 1 0 0 1 0 0 1 0 0 1 0 0 1 0 0 1 0 0 1 0 0 1 0 0 1 0 0 1 0 0 1 0 0 1 0 0 1 0.5555703 -0.8314695 0 0.0784586 -0.9969174 0 0.1950572 -0.9806185 0.0184406 0.3090037 -0.9510161 -0.009228527 0.5877169 -0.8089217 0.01531684 -0.8090166 0.5877858 0 -0.8523833 0.5223413 0.02454018 -0.9238798 0.382683 0 -0.9723699 0.2334454 0 -0.9966172 0.07843554 0.02454 -1 0 0 -0.9510565 -0.3090171 0 -0.9236015 -0.3825678 0.02453988 -0.8526408 -0.5224975 0 -0.760405 -0.6494493 0 -0.6492522 -0.7601773 0.02453976 -0.07845836 -0.9969174 0 -0.2333749 -0.9720771 0.02454012 -0.3090171 -0.9510565 0 -0.5877854 -0.8090168 0 -0.7071069 0.7071067 0 -0.7071069 0.7071067 0 -1 0 0 -1 0 0 -1 0 0 -1 0 0 -0.1305255 -0.991445 0 -0.2588165 -0.9659171 -0.004259228 -0.3826837 -0.9238794 0 -0.6087622 -0.7933527 0 -0.7071004 -0.7071003 -0.004259169 -0.991445 -0.1305255 0 -0.9659172 -0.2588163 -0.004259228 -0.9238798 -0.3826829 0 -0.793353 -0.6087619 0 0 -1 0 0 -1 0 0.991445 -0.1305255 0 0.9659172 -0.2588163 -0.004259228 0.9238798 -0.3826829 0 0.793353 -0.6087619 0 0.7071004 -0.7071003 -0.004259169 0.1305255 -0.991445 0 0.2588165 -0.9659171 -0.004259228 0.3826837 -0.9238794 0 0.6087622 -0.7933527 0 1 0 0 1 0 0 1 0 0 1 0 0 0 -1 0 0 -1 0 0 -1 0 0 -1 0 -0.7071067 -0.7071069 0 -0.7071067 -0.7071069 0 -0.0784586 -0.9969174 0 -0.1950572 -0.9806185 0.0184406 -0.3090037 -0.9510161 -0.009228527 -0.5555285 -0.8314069 0.01228237 -0.5877858 -0.8090166 0 0 0 1 0 0 1 0 0 1 0 0 1 0 0 1 0 0 1 0 0 1 0 0 1 0 0 1 0 0 1 0 0 1 0 0 1 0 0 1 0 0 1 0 0 1 0 0 1 0 0 1 0 0 1 0 0 1 0 0 1 0 0 1 0 0 1 0 0 1 0 0 1 0 0 1 0 0 1 0 0 1 0.07845836 -0.9969174 0 0.2333749 -0.9720771 0.02454012 0.3090171 -0.9510565 0 0.5877854 -0.8090168 0 0.6492522 -0.7601773 0.02453976 0.760405 -0.6494493 0 0.8526408 -0.5224975 0 0.9236015 -0.3825678 0.02453988 0.9510565 -0.3090171 0 1 0 0 0.9966172 0.07843554 0.02454 0.8090166 0.5877858 0 0.8523833 0.5223413 0.02454018 0.9238798 0.382683 0 0.9723699 0.2334454 0 0.6935179 0.6935176 0.1951059 0.6893045 0.687865 0.2273783 0.6340829 0.634323 0.4422366 0.5433813 0.5418975 0.6411582 0.5626686 0.5592783 0.608779 0.4300132 0.4309666 0.7933198 0.3482911 0.3474322 0.8706229 0.1938272 0.1964943 0.9611561 0.1812981 0.1846917 0.9659296 0.05878305 0.05878305 0.9965386 0 -0.7114776 0.7027087 -0.1538829 -0.2118014 0.9651219 -0.1538827 -0.2118012 0.965122 0.2118012 0.1538827 0.9651219 0.2489874 0.08090108 0.9651219 0.2489885 0.0809012 0.9651216 0.2618019 0 0.9651216 0.2618019 0 0.9651216 0.2489885 -0.08090144 0.9651216 0.2489877 -0.08090096 0.9651218 0.2118017 -0.1538829 0.9651218 0.2118022 -0.1538835 0.9651216 0.1538833 -0.2118024 0.9651216 0.153883 -0.2118016 0.9651218 0.08090114 -0.2489877 0.9651219 0.08090126 -0.2489885 0.9651216 0 -0.2618019 0.9651216 0 -0.2618019 0.9651216 0 -0.7114776 0.7027087 0.2198589 -0.6766548 0.7027094 0.2198589 -0.6766577 0.7027065 0.4181971 -0.5755993 0.7027066 0.4181974 -0.5756 0.7027059 0.5755999 -0.4181975 0.7027059 0.5755994 -0.4181969 0.7027067 0.6766573 -0.2198597 0.7027066 0.676655 -0.219858 0.7027094 0.7114776 0 0.7027087 0.7114776 0 0.7027087 0.6766548 0.2198589 0.7027094 0.6766583 0.2198589 0.702706 -0.5682228 -0.7820904 0.2558464 -0.5682224 -0.7820903 0.2558476 -0.4181981 -0.5755999 0.7027055 -0.4904558 -0.6263061 0.6059651 -0.3606343 -0.4963703 0.7896577 -0.08090084 -0.2489875 0.9651219 -0.08090144 -0.2489885 0.9651216 -0.2198599 -0.6766578 0.702706 -0.2198579 -0.6766551 0.7027094 -0.2987313 -0.9194031 0.2558469 -0.2987322 -0.9194035 0.2558439 -0.07580083 -0.9631465 0.2580758 0 -0.9957686 0.09189724 0.07580053 -0.9631465 0.2580758 0.2987318 -0.9194037 0.2558439 0.2987322 -0.9194027 0.2558469 0.5682218 -0.7820912 0.2558465 0.568222 -0.78209 0.2558496 0.7346447 -0.627448 0.2580817 0.8055939 -0.5852975 0.09189748 0.8237566 -0.5047974 0.2580786 0.919403 -0.2987315 0.2558468 0.9194035 -0.2987325 0.2558439 0.9667182 0 0.2558436 0.9667182 0 0.2558436 0.2118014 0.1538828 0.9651219 0.4963703 0.3606343 0.7896577 0.5677681 0.4308141 0.7014547 0.644755 0.4684423 0.6040307 0.727348 0.5284498 0.4378423 0.9394305 0.2255374 0.2580759 0.9470323 0.3077086 0.09189796 0.8925822 0.3697191 0.2580788 0.7754515 0.5774546 0.2553843 0.7938389 0.5767586 0.1927936 -0.1829955 -0.1829954 0.9659324 -0.1402547 -0.1363769 0.9806783 -0.3151183 -0.3151864 0.895186 -0.4305533 -0.4304268 0.79332 -0.4323297 -0.4322965 0.7913348 -0.5552663 -0.5552983 0.619131 -0.5611337 -0.5608163 0.6087808 -0.6301438 -0.6303171 0.4534523 -0.6877874 -0.6846864 0.2411494 -0.684127 -0.6818948 0.2588236 -0.7063309 -0.7063312 0.04682886 0 -0.9989034 0.04681861 0.003587424 -0.9705153 0.2410133 0.005004644 -0.9659138 0.2588153 -3.06025e-4 -0.8912614 0.4534898 6.21527e-4 -0.7853904 0.6190006 0.006840705 -0.7070975 0.7070831 2.33363e-4 -0.6114372 0.791293 -1.22555e-4 -0.4456704 0.8951972 0.005296826 -0.2587912 0.9659187 0 -0.1945155 0.9808994 0.03405123 -0.2586448 0.9653721 0.09269279 -0.7040697 0.7040554 0.12615 -0.9582093 0.256751 0.1261509 -0.9582085 0.2567538 0.3698542 -0.8929084 0.2567537 0.369854 -0.8929087 0.256753 0.5883542 -0.7667574 0.2567536 0.5883543 -0.7667573 0.2567539 0.766757 -0.5883545 0.2567539 0.7667571 -0.5883523 0.256759 0.8929067 -0.3698544 0.2567592 0.8929074 -0.3698568 0.2567536 0.9582086 -0.1261499 0.2567537 0.9582078 -0.1261484 0.2567576 0.09269267 -0.70407 0.7040551 0.2717603 -0.656089 0.7040551 0.2717605 -0.6560867 0.7040572 0.4323084 -0.5633945 0.7040569 0.4323087 -0.5633966 0.704055 0.5633966 -0.4323087 0.704055 0.5633972 -0.4323096 0.7040541 0.6560893 -0.2717629 0.7040539 0.6560858 -0.271759 0.7040585 0.7040667 -0.09269064 0.7040587 0.7040697 -0.09269267 0.7040553 0.03405141 -0.2586441 0.9653723 0.09983307 -0.241018 0.9653723 0.09983313 -0.2410189 0.965372 0.1588116 -0.2069676 0.9653721 0.1588114 -0.206967 0.9653722 0.2069674 -0.1588116 0.9653722 0.2069675 -0.1588118 0.9653721 0.241019 -0.09983307 0.9653721 0.2410196 -0.09983372 0.9653719 0.2586459 -0.03405141 0.9653718 0.2586448 -0.03405076 0.9653722 0.991445 -0.1305255 0 0.9659171 -0.2588165 -0.004259228 0.9238794 -0.3826837 0 0.7933527 -0.6087622 0 0.7071003 -0.7071004 -0.004259169 0.1305255 -0.991445 0 0.2588163 -0.9659172 -0.004259228 0.3826829 -0.9238798 0 0.6087619 -0.793353 0 1 0 0 1 0 0 0 0 -1 0 0 -1 0 0 -1 0 0 -1 0 0 -1 0 0 -1 0 0 -1 0 0 -1 0 0 -1 0 0 -1 0 0 -1 0 0 -1 0 0 -1 0 0 -1 0 0 -1 0 0 -1 0 0 -1 0 0 -1 0 0 -1 0 0 -1 0 0 -1 0 0 -1 0 0 -1 0 0 -1 0 0 -1 0 0 -1 0 0 -1 0 0 -1 0 0 -1 0 0 -1 0 0 -1 0 0 -1 0 0 -1 0 0 -1 0 0 -1 0 0 -1 0 0 -1 0 0 -1 0 0 -1 0 0 -1 0 0 -1 0 0 -1 0 0 -1 0 0 -1 0 0 -1 0 0 -1 0 0 -1 0 0 -1 0 0 -1 0 0 -1 0 0 -1 0 0 -1 0 0 -1 0 0 -1 0 0 -1 0 0 -1 0 0 -1 0 0 -1 0 0 -1 0 0 -1 0 0 -1 0 0 -1 0 0 -1 0 0 -1 0 0 -1 0 0 -1 0 0 -1 0 0 -1 0 0 -1 0 0 -1 0 0 -1 0 0 -1 0 0 -1 0 0 -1 0 0 -1 0 0 -1 0 0 -1 0 0 -1 0 0 -1 0 0 -1 0 0 -1 0 0 -1 0 0 -1 0 0 -1 0 0 -1 0 0 -1 0 0 -1 0 0 -1 0 0 -1 0 0 -1 0 0 -1 0 0 -1 0 0 -1 0 0 -1 0 0 -1 0 0 -1 0 0 -1 0 0 -1 0 0 -1 0 0 -1 0 0 -1 0 0 -1 0 0 -1 0 0 -1 0 0 -1 0 0 -1 0 0 -1 0 0 -1 0 0 -1 0 0 -1 0 0 -1 0 0 -1 0 0 -1 0 0 -1 0 0 -1 0 0 -1 -0.195091 0.9807852 0 -0.195091 0.9807852 0 -0.5555702 0.8314697 0 -0.5555702 0.8314697 0 -0.8314697 0.5555702 0 -0.8314697 0.5555702 0 -0.9807852 0.195091 0 -0.9807852 0.195091 0 -0.2588186 0.9659259 0 -0.2588186 0.9659259 0 -0.7071068 0.7071068 0 -0.7071068 0.7071068 0 -0.9659259 0.2588186 0 -0.9659259 0.2588186 0 -0.9659258 -0.2588192 0 -0.9659258 -0.2588192 0 -0.7071068 -0.7071068 0 -0.7071068 -0.7071068 0 -0.2588186 -0.9659259 0 -0.2588186 -0.9659259 0 0 0 1 0 0 1 0 0 1 0 0 1 0 0 1 0 0 1 0 0 1 0 0 1 0 0 1 0 0 1 0 0 1 0 0 1 0 0 1 0 0 1 0 0 1 0 0 1 0 0 1 0 0 1 0 0 1 0 0 1 0 0 1 0 0 1 0 0 1 0 0 1 0 0 1 0 0 1 0 0 1 0 -0.09940719 0.9950468 -0.001605272 -0.2588482 0.9659167 -1.54566e-4 -0.3445985 0.9387502 1.34366e-4 -0.6087365 0.7933725 7.16261e-5 -0.6050818 0.7961633 1.43716e-4 -0.9229314 0.3849644 -7.79732e-5 -0.8113026 0.5846266 3.47688e-4 -0.7933766 0.608731 -9.19837e-5 -0.896852 0.4423308 0 -0.9807869 0.1950823 -0.003379762 -0.9999853 -0.004228055 -6.72203e-4 -0.9872201 0.1593613 -0.2586984 -0.03405898 0.9653576 -0.7040696 -0.09269452 0.7040553 -0.9582076 -0.1261498 0.2567576 -0.9582047 -0.1261527 0.2567672 -0.8929042 -0.3698557 0.256766 -0.8929068 -0.3698542 0.2567592 -0.7667571 -0.5883523 0.256759 -0.7667593 -0.5883516 0.2567538 -0.5883542 -0.7667573 0.2567539 -0.5883544 -0.7667573 0.2567536 -0.3698542 -0.8929086 0.256753 -0.3698539 -0.8929085 0.2567537 -0.128059 -0.9727116 0.1934761 -0.1423785 -0.9557972 0.257255 -0.1172583 -0.890665 0.4392793 -0.1038849 -0.7890839 0.6054373 -0.7040696 -0.09269446 0.7040552 -0.6560888 -0.2717609 0.7040551 -0.6560902 -0.2717608 0.7040538 -0.5633981 -0.4323081 0.7040542 -0.5633974 -0.4323079 0.7040549 -0.4323095 -0.563396 0.7040551 -0.4323053 -0.5633939 0.7040593 -0.271759 -0.6560859 0.7040585 -0.271762 -0.6560884 0.704055 -0.1150998 -0.6994297 0.7053723 -0.07988542 -0.606791 0.7908369 -0.2586995 -0.03405874 0.9653573 -0.2410697 -0.09985411 0.9653573 -0.2410687 -0.09985405 0.9653575 -0.2070108 -0.1588442 0.9653575 -0.2070106 -0.1588441 0.9653575 -0.1588439 -0.2070104 0.9653576 -0.1588454 -0.2070113 0.9653571 -0.09985458 -0.2410693 0.9653573 -0.09985345 -0.2410681 0.9653577 -0.03405815 -0.2586978 0.9653577 -0.03405851 -0.2586984 0.9653575 0 0.1951503 0.9807734 -0.001857697 0.1023775 0.9947439 0.001559674 0.4422392 0.8968957 -1.54566e-4 0.3445985 0.9387502 1.34366e-4 0.6087365 0.7933725 -6.65992e-4 0.5611615 0.827706 8.65067e-4 0.7933764 0.6087308 5.60127e-5 0.7638852 0.6453521 -1.97752e-5 0.896852 0.4423308 2.17951e-4 0.9145188 0.4045435 -5.47543e-4 0.9807867 0.1950823 -5.65511e-5 0.9869795 0.1608462 0 0.9999918 0.004046678 0.2586448 0.03405123 0.9653721 0.7040697 0.09269279 0.7040554 0.9582093 0.12615 0.256751 0.9582085 0.1261509 0.2567538 0.8929084 0.3698542 0.2567537 0.8929087 0.369854 0.256753 0.7667574 0.5883542 0.2567536 0.7667573 0.5883543 0.2567539 0.5883545 0.766757 0.2567539 0.5883523 0.7667571 0.256759 0.3698544 0.8929067 0.2567592 0.3698568 0.8929074 0.2567536 0.1261499 0.9582086 0.2567537 0.1261484 0.9582078 0.2567576 0.70407 0.09269267 0.7040551 0.656089 0.2717603 0.7040551 0.6560867 0.2717605 0.7040572 0.5633945 0.4323084 0.7040569 0.5633966 0.4323087 0.704055 0.4323087 0.5633966 0.704055 0.4323096 0.5633972 0.7040541 0.2717629 0.6560893 0.7040539 0.271759 0.6560858 0.7040585 0.09269064 0.7040667 0.7040587 0.09269267 0.7040697 0.7040553 0.2586441 0.03405141 0.9653723 0.241018 0.09983307 0.9653723 0.2410189 0.09983313 0.965372 0.2069676 0.1588116 0.9653721 0.206967 0.1588114 0.9653722 0.1588116 0.2069674 0.9653722 0.1588118 0.2069675 0.9653721 0.09983307 0.241019 0.9653721 0.09983372 0.2410196 0.9653719 0.03405141 0.2586459 0.9653718 0.03405076 0.2586448 0.9653722 0 0.2587949 0.9659323 0 0.2587949 0.9659323 0 0.7071141 0.7070996 0 0.7071141 0.7070996 0 0.9659241 0.2588253 0 0.9659241 0.2588253 -0.03405123 0.2586448 0.9653721 -0.09269106 0.7040698 0.7040555 -0.1261498 0.9582076 0.2567576 -0.1261486 0.9582089 0.2567537 -0.369855 0.8929081 0.2567537 -0.3698562 0.892906 0.2567592 -0.5883537 0.7667559 0.2567589 -0.5883531 0.7667582 0.2567539 -0.7667573 0.5883542 0.2567539 -0.7667573 0.5883544 0.2567536 -0.8929086 0.3698542 0.256753 -0.8929085 0.3698539 0.2567537 -0.9582086 0.1261499 0.2567537 -0.9582092 0.126151 0.2567509 -0.09269219 0.7040664 0.7040588 -0.2717611 0.6560852 0.7040584 -0.2717608 0.6560902 0.7040538 -0.4323092 0.5633974 0.7040541 -0.432309 0.5633963 0.704055 -0.563396 0.4323095 0.7040551 -0.563395 0.4323076 0.7040569 -0.6560872 0.2717595 0.7040572 -0.6560887 0.2717613 0.7040551 -0.70407 0.09269279 0.7040551 -0.7040697 0.09269267 0.7040553 -0.03405094 0.258646 0.9653718 -0.09983336 0.2410197 0.9653719 -0.09983336 0.2410188 0.9653722 -0.1588118 0.2069676 0.9653722 -0.1588116 0.2069673 0.9653722 -0.2069672 0.1588113 0.9653723 -0.2069675 0.1588118 0.9653721 -0.2410188 0.09983342 0.9653721 -0.2410181 0.09983277 0.9653723 -0.2586441 0.03405117 0.9653723 -0.2586448 0.03405153 0.9653722 -0.1945155 0 0.9808994 -0.2587912 0.005296826 0.9659187 -0.7070974 0.006840705 0.7070831 -0.6114372 2.33364e-4 0.791293 -0.4456704 -1.22555e-4 0.8951971 -0.9989034 0 0.04681861 -0.9705151 0.003587424 0.2410133 -0.9659138 0.005004644 0.2588154 -0.8912614 -3.06025e-4 0.4534898 -0.7853903 6.21527e-4 0.6190005 -0.7063312 -0.7063309 0.04682886 -0.6818948 -0.684127 0.2588236 -0.6846864 -0.6877874 0.2411494 -0.6303171 -0.6301438 0.4534523 -0.5608163 -0.5611338 0.6087808 -0.5552983 -0.5552663 0.619131 -0.4322965 -0.4323297 0.7913348 -0.4304268 -0.4305533 0.79332 -0.3151864 -0.3151183 0.895186 -0.1815319 -0.1844583 0.9659302 -0.1375437 -0.1375437 0.9808992 -0.3077709 0.6390936 0.7048662 -0.1129495 0.2345423 0.9655218 -0.05416518 0.9645071 0.258442 -0.2225195 0.9749266 -0.001748561 -0.1129494 0.2345422 0.9655218 -0.1623084 0.203528 0.9655218 -0.1623086 0.2035286 0.9655216 -0.2035285 0.1623088 0.9655216 -0.2035281 0.1623082 0.9655218 -0.2345422 0.1129494 0.9655218 -0.2345423 0.1129495 0.9655218 -0.2537953 0.05792701 0.9655218 -0.2537962 0.05792748 0.9655216 -0.2603228 0 0.9655217 -0.2603228 0 0.9655216 -0.2537962 -0.05792719 0.9655216 -0.2537953 -0.05792725 0.9655219 -0.2345423 -0.1129494 0.9655218 -0.2345423 -0.1129493 0.9655218 -0.203528 -0.1623083 0.9655218 -0.2035275 -0.1623082 0.9655219 -0.4778709 -0.3810904 0.7914603 -0.307771 0.6390937 0.7048662 -0.4422663 0.5545845 0.7048664 -0.4422665 0.5545852 0.7048656 -0.554585 0.4422668 0.7048656 -0.5545847 0.4422661 0.7048664 -0.6390936 0.307771 0.7048662 -0.6390936 0.307771 0.7048662 -0.6915553 0.1578434 0.7048665 -0.6915548 0.157843 0.7048671 -0.7093394 0 0.7048671 -0.7093394 0 0.7048671 -0.6915547 -0.1578433 0.704867 -0.6915554 -0.1578432 0.7048665 -0.6390938 -0.3077706 0.7048662 -0.639093 -0.3077706 0.704867 -0.5424315 -0.4591205 0.7035456 -0.621703 -0.4957918 0.6063628 -0.04392862 0.2585459 0.9649996 -0.04392868 0.2585453 0.9649997 -0.1192855 0.7020634 0.7020527 -0.1192854 0.7020647 0.7020514 -0.1619505 0.9531744 0.2554029 -0.4192751 0.8706347 0.2573005 -0.4192758 0.8706334 0.257304 -0.6024969 0.7555081 0.2573034 -0.6024973 0.7555066 0.257307 -0.7555074 0.6024963 0.2573069 -0.7555073 0.6024979 0.2573034 -0.8706339 0.4192748 0.2573039 -0.8706342 0.4192762 0.2573004 -0.9421035 0.2150292 0.2573003 -0.9421029 0.2150278 0.257304 -0.9663307 0 0.2573035 -0.9663307 0 0.2573035 -0.9421026 -0.215029 0.257304 -0.9421038 -0.215028 0.2573003 -0.8706347 -0.4192751 0.2573005 -0.8706328 -0.4192761 0.2573054 -0.7555072 -0.6024971 0.2573055 -0.7555075 -0.602497 0.2573049 0.162308 0.2035276 0.9655219 0.1623085 0.2035279 0.9655218 0.4422674 0.5545843 0.7048657 0.4422658 0.5545835 0.7048675 0.6024972 0.7555073 0.2573049 0.602497 0.7555074 0.2573055 0.1129493 0.2345423 0.9655218 0.1129494 0.2345423 0.9655218 0.3077703 0.6390931 0.704867 0.307771 0.6390936 0.7048662 0.4192746 0.8706335 0.2573054 0.4192767 0.8706341 0.2573005 0.04392862 0.2585453 0.9649997 0.0439288 0.2585459 0.9649996 0.1192859 0.7020646 0.7020515 0.1192853 0.7020635 0.7020527 0.1619508 0.9531744 0.2554029 0.1619501 0.9531738 0.2554052 0.05878305 0.05878305 0.9965386 0.1846917 0.1812981 0.9659296 0.2388067 0.2387834 0.9412513 0.3875564 0.3875654 0.8364169 0.5013186 0.4986903 0.707098 0.5274848 0.5274584 0.6659935 0.6233961 0.6233996 0.4719642 0.6838396 0.682183 0.2588238 0.6886004 0.6886007 0.2272854 0 0.9738277 0.2272871 -0.002921044 0.9659218 0.2588174 6.29845e-6 0.8816233 0.4719536 -4.66555e-5 0.7459619 0.6659886 -0.00470519 0.7071061 0.7070918 1.62049e-5 0.5480948 0.8364163 -4.18944e-5 0.3377161 0.9412481 -0.00621289 0.2587898 0.9659137 0 0.08313071 0.9965386 -0.03405123 0.2586448 0.9653721 -0.09269279 0.7040697 0.7040554 -0.12615 0.9582093 0.256751 -0.1261509 0.9582085 0.2567538 -0.3698542 0.8929084 0.2567537 -0.369854 0.8929087 0.256753 -0.5883542 0.7667574 0.2567536 -0.5883543 0.7667573 0.2567539 -0.766757 0.5883545 0.2567539 -0.7667571 0.5883523 0.256759 -0.8929067 0.3698544 0.2567592 -0.8929074 0.3698568 0.2567536 -0.9582086 0.1261499 0.2567537 -0.9582078 0.1261484 0.2567576 -0.09269267 0.70407 0.7040551 -0.2717603 0.656089 0.7040551 -0.2717605 0.6560867 0.7040572 -0.4323084 0.5633945 0.7040569 -0.4323087 0.5633966 0.704055 -0.5633966 0.4323087 0.704055 -0.5633972 0.4323096 0.7040541 -0.6560893 0.2717629 0.7040539 -0.6560858 0.271759 0.7040585 -0.7040667 0.09269064 0.7040587 -0.7040697 0.09269267 0.7040553 -0.03405141 0.2586441 0.9653723 -0.09983307 0.241018 0.9653723 -0.09983313 0.2410189 0.965372 -0.1588116 0.2069676 0.9653721 -0.1588114 0.206967 0.9653722 -0.2069674 0.1588116 0.9653722 -0.2069675 0.1588118 0.9653721 -0.241019 0.09983307 0.9653721 -0.2410196 0.09983372 0.9653719 -0.2586459 0.03405141 0.9653718 -0.2586448 0.03405076 0.9653722 -0.2587949 0 0.9659323 -0.2587949 0 0.9659323 -0.7071141 0 0.7070996 -0.7071141 0 0.7070996 -0.9659241 0 0.2588253 -0.9659241 0 0.2588253 -1 0 0 -1 0 0 -0.9914449 0.1305255 0 -0.9655141 0.2587086 -0.02919405 -0.6087533 0.7933418 0.005304336 -0.7285323 0.6846483 -0.02230089 -0.7933527 0.6087622 0 -0.9238794 0.3826837 0 -0.06567692 0.997841 1.62512e-4 -0.001652836 0.9999987 0 -0.1640377 0.9864029 0.01004737 -0.2678954 0.9630503 0.02767997 -0.1305144 0.9913604 -0.01306575 -0.3742013 0.9273298 0.005726754 -0.3826737 0.9238576 0.00693041 -0.4534593 0.8912769 2.45188e-5 -0.5264085 0.8502318 -1.44042e-5 0 0 1 0 0 1 0 0 1 0 0 1 0 0 1 0 0 1 0 0 1 0 0 1 0 0 1 0 0 1 0 0 1 0 0 1 0 0 1 0 0 1 0 0 1 0 0 1 0 0 1 -0.1535 0.9691632 0.1927703 -0.1406353 0.8879386 0.4379346 -0.1535 0.9691632 0.1927707 -0.4454761 0.8742944 0.1927702 -0.3707322 0.8326803 0.4113408 -0.5341996 0.8225992 0.1948367 -0.6938433 0.6938413 0.1927842 -0.6938433 0.6938431 0.1927777 -0.8225995 0.5341998 0.1948344 -0.8361833 0.4260594 0.3453561 -0.8961817 0.3990048 0.1940456 -0.9691646 0.1535027 0.1927617 -0.9691616 0.1534984 0.1927794 -0.0959692 0.6059268 0.7897105 -0.1246778 0.7871861 0.6039813 -0.1396056 0.822436 0.5514611 -0.3789141 0.7436591 0.5508132 -0.3789142 0.7436613 0.5508102 -0.590174 0.590174 0.5508079 -0.590174 0.590174 0.5508078 -0.7436618 0.378917 0.5508075 -0.7436592 0.3789141 0.5508132 -0.8243536 0.1305633 0.5508126 -0.8243537 0.1305634 0.5508123 -0.03089416 0.1950571 0.9803052 -0.06987303 0.4411589 0.8947048 -0.09724825 0.5507602 0.828979 -0.2543682 0.4992258 0.8282937 -0.2543689 0.499229 0.8282915 -0.3961898 0.3961898 0.8282918 -0.3961881 0.396187 0.8282939 -0.4992265 0.2543691 0.828293 -0.4992274 0.2543699 0.8282922 -0.5533981 0.08764874 0.8282924 -0.5533992 0.08764922 0.8282916 -0.0308941 0.1950575 0.9803051 -0.08965778 0.1759641 0.9803051 -0.08965748 0.1759628 0.9803054 -0.1396447 0.1396443 0.9803055 -0.1396453 0.1396453 0.9803052 -0.1759626 0.08965772 0.9803054 -0.1759638 0.08965867 0.9803051 -0.1950576 0.03089386 0.9803051 -0.1950571 0.03089362 0.9803052 0 0.9659256 -0.2588201 0 0.9659256 -0.2588201 0 0.7071086 -0.707105 0 0.7071086 -0.707105 0 0.2588132 -0.9659274 0 0.2588132 -0.9659274 0 -0.2588133 -0.9659274 0 -0.2588133 -0.9659274 0 -0.7071084 -0.7071051 0 -0.7071084 -0.7071051 0 -0.9659256 -0.2588197 0 -0.9659256 -0.2588197 0 0.9659256 -0.2588197 0 0.9659256 -0.2588197 0 0.7071084 -0.7071051 0 0.7071084 -0.7071051 0 0.2588133 -0.9659274 0 0.2588133 -0.9659274 0 -0.2588132 -0.9659274 0 -0.2588132 -0.9659274 0 -0.7071086 -0.707105 0 -0.7071086 -0.707105 0 -0.9659256 -0.2588201 0 -0.9659256 -0.2588201 0 -0.980785 0.1950918 0 -0.980785 0.1950918 0 -0.8314707 0.5555687 0 -0.8314707 0.5555687 0 -0.5555735 0.8314674 0 -0.5555735 0.8314674 0 -0.1950863 0.9807861 0 -0.1950863 0.9807861 0 0.2305997 0.9730487 0 0.2305997 0.9730487 0 0.6427536 0.7660729 0 0.6427536 0.7660729 0 -0.6427536 0.7660729 0 -0.6427536 0.7660729 0 -0.2305997 0.9730487 0 -0.2305997 0.9730487 0 0.1840041 0.9829254 0 0.1840041 0.9829254 0 0.5270527 0.8498326 0 0.5270527 0.8498326 0 0.7987621 0.6016471 0 0.7987621 0.6016471 0 -0.7987621 0.6016471 0 -0.7987621 0.6016471 0 -0.5270527 0.8498326 0 -0.5270527 0.8498326 0 -0.1840041 0.9829254 0 -0.1840041 0.9829254 -1 0 0 -1 0 0 -1 0 0 -1 0 0 -1 0 0 -1 0 0 -1 0 0 -1 0 0 -1 0 0 -1 0 0 -1 0 0 -1 0 0 -1 0 0 -1 0 0 -1 0 0 -1 0 0 -1 0 0 -1 0 0 -1 0 0 -1 0 0 -1 0 0 -1 0 0 -1 0 0 -1 0 0 -1 0 0 -1 0 0 -1 0 0 -1 0 0 -1 0 0 -1 0 0 -1 0 0 0 0.1950863 0.9807861 0 0.1950863 0.9807861 0 0.5555735 0.8314674 0 0.5555735 0.8314674 0 0.8314707 0.5555687 0 0.8314707 0.5555687 0 0.980785 0.1950918 0 0.980785 0.1950918 -1 0 0 -1 0 0 -1 0 0 -1 0 0 -1 0 0 -1 0 0 -1 0 0 -1 0 0 -1 0 0 -1 0 0 -1 0 0 -1 0 0 -1 0 0 -1 0 0 -1 0 0 -1 0 0 -1 0 0 -1 0 0 -1 0 0 -1 0 0 -1 0 0 -0.9135459 0.4067358 0 -0.965879 0.2588076 -0.009810507 -0.987688 0.1564366 0 -0.8386718 0.5446372 0 -0.7070927 0.7070907 -0.006528615 -0.7070924 0.7070912 -0.006528675 -0.1564341 0.9876884 0 -0.2588059 0.9658796 -0.009810626 -0.4067358 0.9135459 0 -0.5446372 0.8386718 0 0 1 0 0 1 0 0 1 0 0 1 0 0 1 0 0 1 0 0 1 0 0 1 0 0.7071067 0.7071069 0 0.7071067 0.7071069 0 0.6234898 0.7818316 0 0.5318655 0.8464578 0.02506405 0.4338849 0.9009683 0 0.1675056 0.9858711 0 0.1119443 0.993537 0.01878088 -0.05607002 0.9984269 0 -0.2225199 0.9749282 0 -0.3301751 0.9435868 0.0250644 -0.4338845 0.9009686 0 -0.6234904 0.781831 0 -0.7068846 0.7068846 0.02506399 -0.781831 0.6234904 0 -0.9009686 0.4338845 0 -0.9435868 0.3301751 0.0250644 -0.9749282 0.2225199 0 -1 0 0 -0.9934 -0.1119288 0.02506405 -0.7818316 -0.6234898 0 -0.8464578 -0.5318655 0.02506405 -0.9009683 -0.4338849 0 -0.9749282 -0.2225199 0 -0.7071069 -0.7071067 0 -0.7071069 -0.7071067 0 -1 0 0 -1 0 0 -1 0 0 -1 0 0 -0.991445 0.1305255 0 -0.9659172 0.2588163 -0.004259228 -0.9238798 0.3826829 0 -0.793353 0.6087619 0 -0.7071004 0.7071003 -0.004259169 -0.1305255 0.991445 0 -0.2588165 0.9659171 -0.004259228 -0.3826837 0.9238794 0 -0.6087622 0.7933527 0 0 1 0 0 1 0 0.1305255 0.991445 0 0.2588165 0.9659171 -0.004259228 0.3826837 0.9238794 0 0.6087622 0.7933527 0 0.7071004 0.7071003 -0.004259169 0.991445 0.1305255 0 0.9659172 0.2588163 -0.004259228 0.9238798 0.3826829 0 0.793353 0.6087619 0 1 0 0 1 0 0 1 0 0 1 0 0 0 0 1 0 0 1 0 0 1 0 0 1 0 0 1 0 0 1 0 0 1 0 0 1 0 0 1 0 0 1 0 0 1 0 0 1 0 0 1 0 0 1 0 0 1 0 0 1 0 0 1 0 0 1 0 0 1 0 0 1 0 0 1 0 0 1 0 0 1 0 0 1 0 0 1 0 0 1 0 0 1 0.1829954 -0.1829955 0.9659324 0.1861329 -0.1858696 0.9647834 0.499877 -0.5001335 0.7070992 0.4959881 -0.4966682 0.7122616 0.6713628 -0.6707929 0.3151332 0.6818948 -0.684127 0.2588236 0.7063312 -0.7063309 0.04682886 -0.7063309 0.7063312 0.04682886 -0.684127 0.6818948 0.2588236 -0.6877874 0.6846864 0.2411494 -0.6301438 0.6303171 0.4534523 -0.5611338 0.5608163 0.6087808 -0.5552663 0.5552983 0.619131 -0.4323297 0.4322965 0.7913348 -0.4305533 0.4304268 0.79332 -0.3151183 0.3151864 0.895186 -0.1844583 0.1815319 0.9659302 -0.1375437 0.1375437 0.9808992 -0.1623084 0.203528 0.9655218 -0.04392868 0.2585459 0.9649996 -0.04392874 0.2585453 0.9649998 -0.1192857 0.7020635 0.7020527 -0.1192855 0.7020647 0.7020515 -0.1619507 0.9531737 0.2554052 -0.1619502 0.9531744 0.2554029 -0.1129494 0.2345423 0.9655218 -0.1129493 0.2345423 0.9655218 -0.3077706 0.6390938 0.7048662 -0.3077706 0.639093 0.704867 -0.4192751 0.8706347 0.2573004 -0.4192761 0.8706328 0.2573054 -0.1623082 0.2035275 0.9655219 -0.3810904 0.4778709 0.7914603 -0.4591205 0.5424315 0.7035456 -0.4957918 0.621703 0.6063628 -0.6024971 0.7555072 0.2573055 -0.602497 0.7555075 0.2573049 0.7555073 -0.6024972 0.2573049 0.5545844 -0.4422675 0.7048657 0.2035276 -0.162308 0.9655219 0.2035279 -0.1623085 0.9655218 0.2345423 -0.1129493 0.9655218 0.2345423 -0.1129494 0.9655218 0.2537953 -0.05792701 0.9655218 0.2537962 -0.05792748 0.9655216 0.2603228 0 0.9655217 0.2603228 0 0.9655216 0.2537962 0.05792719 0.9655216 0.2537953 0.05792725 0.9655219 0.2345423 0.1129495 0.9655218 0.2345422 0.1129494 0.9655218 0.203528 0.1623084 0.9655218 0.2035286 0.1623086 0.9655216 0.1623088 0.2035285 0.9655216 0.1623082 0.2035281 0.9655218 0.1129494 0.2345422 0.9655218 0.1129495 0.2345423 0.9655218 0.05792701 0.2537953 0.9655218 0.05792748 0.2537962 0.9655216 0.0145322 0.2587686 0.96583 0.01453202 0.2587684 0.9658301 0.5545835 -0.4422658 0.7048675 0.6390931 -0.3077703 0.704867 0.6390936 -0.307771 0.7048662 0.6915553 -0.1578434 0.7048665 0.6915548 -0.157843 0.7048671 0.7093394 0 0.7048671 0.7093394 0 0.7048671 0.6915547 0.1578433 0.704867 0.6915554 0.1578432 0.7048665 0.6390936 0.3077709 0.7048662 0.6390937 0.307771 0.7048662 0.5545845 0.4422663 0.7048664 0.5545852 0.4422665 0.7048656 0.4422668 0.554585 0.7048656 0.4422661 0.5545847 0.7048664 0.307771 0.6390936 0.7048662 0.307771 0.6390936 0.7048662 0.1578434 0.6915553 0.7048665 0.157843 0.6915548 0.7048671 0.03967922 0.706556 0.7065438 0.03967851 0.7065553 0.7065445 0.7555074 -0.602497 0.2573055 0.8706335 -0.4192746 0.2573053 0.8706341 -0.4192767 0.2573005 0.9421035 -0.2150292 0.2573003 0.9421029 -0.2150278 0.257304 0.9663307 0 0.2573035 0.9663307 0 0.2573035 0.9421026 0.215029 0.257304 0.9421038 0.215028 0.2573003 0.8706347 0.4192751 0.2573005 0.8706334 0.4192758 0.257304 0.7555081 0.6024969 0.2573034 0.7555066 0.6024973 0.257307 0.6024963 0.7555074 0.2573069 0.6024979 0.7555073 0.2573034 0.4192748 0.8706339 0.2573039 0.4192762 0.8706342 0.2573004 0.2150292 0.9421035 0.2573003 0.2150278 0.9421029 0.257304 0.05416446 0.9645068 0.2584429 0.05416518 0.9645071 0.258442 0.7818316 -0.6234898 0 0.8464578 -0.5318655 0.02506405 0.9009683 -0.4338849 0 0.9749282 -0.2225199 0 0.9934 -0.1119288 0.02506405 1 0 0 0.9749282 0.2225199 0 0.9435868 0.3301751 0.0250644 0.9009686 0.4338845 0 0.781831 0.6234904 0 0.7068846 0.7068846 0.02506399 0.6234904 0.781831 0 0.4338845 0.9009686 0 0.3301751 0.9435868 0.0250644 0.2225199 0.9749282 0 0.05607002 0.9984269 0 -0.1119443 0.993537 0.01878088 -0.6234898 0.7818316 0 -0.5318655 0.8464578 0.02506405 -0.4338849 0.9009683 0 -0.1675056 0.9858711 0 -0.7071067 0.7071069 0 -0.7071067 0.7071069 0 0 1 0 0 1 0 0 1 0 0 1 0 0.1305255 0.991445 0 0.2588163 0.9659172 -0.004259228 0.3826829 0.9238798 0 0.6087619 0.793353 0 0.7071003 0.7071004 -0.004259169 0.991445 0.1305255 0 0.9659171 0.2588165 -0.004259228 0.9238794 0.3826837 0 0.7933527 0.6087622 0 0.2586448 0.03405123 0.9653721 0.7040698 0.09269106 0.7040555 0.9582076 0.1261498 0.2567576 0.9582089 0.1261486 0.2567537 0.8929081 0.369855 0.2567537 0.892906 0.3698562 0.2567592 0.7667559 0.5883537 0.2567589 0.7667582 0.5883531 0.2567539 0.5883542 0.7667573 0.2567539 0.5883544 0.7667573 0.2567536 0.3698542 0.8929086 0.256753 0.3698539 0.8929085 0.2567537 0.1261499 0.9582086 0.2567537 0.126151 0.9582092 0.2567509 0.7040664 0.09269219 0.7040588 0.6560852 0.2717611 0.7040584 0.6560902 0.2717608 0.7040538 0.5633974 0.4323092 0.7040541 0.5633963 0.432309 0.704055 0.4323095 0.563396 0.7040551 0.4323076 0.563395 0.7040569 0.2717595 0.6560872 0.7040572 0.2717613 0.6560887 0.7040551 0.09269279 0.70407 0.7040551 0.09269267 0.7040697 0.7040553 0.258646 0.03405094 0.9653718 0.2410197 0.09983336 0.9653719 0.2410188 0.09983336 0.9653722 0.2069676 0.1588118 0.9653722 0.2069673 0.1588116 0.9653722 0.1588113 0.2069672 0.9653723 0.1588118 0.2069675 0.9653721 0.09983342 0.2410188 0.9653721 0.09983277 0.2410181 0.9653723 0.03405117 0.2586441 0.9653723 0.03405153 0.2586448 0.9653722 0 0.1945155 0.9808994 0.005296826 0.2587912 0.9659187 0.006840705 0.7070974 0.7070831 2.33364e-4 0.6114372 0.791293 -1.22555e-4 0.4456704 0.8951971 0 0.9989034 0.04681861 0.003587424 0.9705151 0.2410133 0.005004644 0.9659138 0.2588154 -3.06025e-4 0.8912614 0.4534898 6.21527e-4 0.7853903 0.6190005 -0.9807852 -0.1950907 0 -0.9807852 -0.1950907 0 -0.8314697 -0.5555701 0 -0.8314697 -0.5555701 0 -0.5555703 -0.8314697 0 -0.5555703 -0.8314697 0 -0.1950899 -0.9807854 0 -0.1950899 -0.9807854 0 0 0 1 0 0 1 0 0 1 0 0 1 0 0 1 0 0 1 0 0 1 0 0 1 0 0 1 0 0 1 0 0 1 0 0 1 0 0 1 0 0 1 0 0 1 0 0 1 0.3090165 0.9510567 0 0.3090165 0.9510567 0 -0.1045279 0.994522 0 -0.1045279 0.994522 0 -0.5000002 0.8660252 0 -0.5000002 0.8660252 0 -0.8090167 0.5877857 0 -0.8090167 0.5877857 0 -0.9781475 0.2079119 0 -0.9781475 0.2079119 0 0.5000001 0.8660255 0 0.5000001 0.8660255 0 0.7071068 -0.7071068 0 0.7071068 -0.7071068 0 0.9659257 -0.2588193 0 0.9659257 -0.2588193 0 0.9659257 0.2588193 0 0.9659257 0.2588193 0 0.7071068 0.7071068 0 0.7071068 0.7071068 0 0.5000001 -0.8660255 0 0.5000001 -0.8660255 0 0 0 1 0 0 1 0 0 1 0 0 1 0 0 1 0 0 1 0 0 1 0 0 1 0 0 1 0 0 1 0 0 1 0 0 1 0 0 1 0 0 1 0 0 1 0 0 1 0 0 1 0 0 1 0 0 1 0 0 1 0 0 1 0 0 1 0 0 1 0 0 1 0 0 1 0 0 1 0 0 1 0 0 1 0 0 1 0 0 1 0 0 1 0 0 1 0 0 1 0 0 1 0 0 1 0 0 1 0 0 1 0 0 1 0 0 1 0 0 1 0 0 1 0 0 1 0 0 1 0 0 1 0 0 1 0 0 1 0 0 1 0 0 1 0 0 1 0 0 1 0 0 1 0 0 1 0 0 1 0 0 1 0 0 1 0 0 1 0 0 1 0 0 1 0 0 1 0 0 1 0 0 1 0 0 1 0 0 1 0 0 1 0 0 1 0 0 1 0 0 1 0 0 1 0 0 1 0 0 1 0 0 1 0 0 1 0 0 1 0 0 1 0 0 1 0 0 1 0 0 1 0 0 1 0 0 1 0 0 1 0 0 1 0 0 1 0 0 1 0 0 1 0 0 1 0 0 1 0 0 1 0 0 1 0 0 1 0 0 1 0 0 1 0 0 1 0 0 1 0 0 1 0 0 1 0 0 1 0 0 1 0 0 1 0 0 1 0 0 1 0 0 1 0 0 1 0 0 1 0 0 1 0 0 1 0 0 1 0 0 1 0 0 1 0 0 1 0 0 1 0 0 1 0 0 1 0 0 1 0 0 1 0 0 1 0 0 1 0 0 1 0 0 1 0 0 1 0 0 1 0 0 1 0 0 1 0 0 1 0 0 1 0 0 1 0 0 1 0 0 1 0 0 1 0 0 1 0 0 1 0 0 1 0 0 1 0 0 1 0.03405123 -0.2586448 0.9653721 0.09269106 -0.7040698 0.7040555 0.1261498 -0.9582076 0.2567576 0.1261486 -0.9582089 0.2567537 0.369855 -0.8929081 0.2567537 0.3698562 -0.892906 0.2567592 0.5883537 -0.7667559 0.2567589 0.5883531 -0.7667582 0.2567539 0.7667573 -0.5883542 0.2567539 0.7667573 -0.5883544 0.2567536 0.8929086 -0.3698542 0.256753 0.8929085 -0.3698539 0.2567537 0.9582086 -0.1261499 0.2567537 0.9582092 -0.126151 0.2567509 0.09269219 -0.7040664 0.7040588 0.2717611 -0.6560852 0.7040584 0.2717608 -0.6560902 0.7040538 0.4323092 -0.5633974 0.7040541 0.432309 -0.5633963 0.704055 0.563396 -0.4323095 0.7040551 0.563395 -0.4323076 0.7040569 0.6560872 -0.2717595 0.7040572 0.6560887 -0.2717613 0.7040551 0.70407 -0.09269279 0.7040551 0.7040697 -0.09269267 0.7040553 0.03405094 -0.258646 0.9653718 0.09983336 -0.2410197 0.9653719 0.09983336 -0.2410188 0.9653722 0.1588118 -0.2069676 0.9653722 0.1588116 -0.2069673 0.9653722 0.2069672 -0.1588113 0.9653723 0.2069675 -0.1588118 0.9653721 0.2410188 -0.09983342 0.9653721 0.2410181 -0.09983277 0.9653723 0.2586441 -0.03405117 0.9653723 0.2586448 -0.03405153 0.9653722 0 -0.2587949 0.9659323 0 -0.2587949 0.9659323 0 -0.7071141 0.7070996 0 -0.7071141 0.7070996 0 -0.9659241 0.2588253 0 -0.9659241 0.2588253 -0.2586448 -0.03405123 0.9653721 -0.7040697 -0.09269279 0.7040554 -0.9582093 -0.12615 0.256751 -0.9582085 -0.1261509 0.2567538 -0.8929084 -0.3698542 0.2567537 -0.8929087 -0.369854 0.256753 -0.7667574 -0.5883542 0.2567536 -0.7667573 -0.5883543 0.2567539 -0.5883545 -0.766757 0.2567539 -0.5883523 -0.7667571 0.256759 -0.3698544 -0.8929067 0.2567592 -0.3698568 -0.8929074 0.2567536 -0.1261499 -0.9582086 0.2567537 -0.1261484 -0.9582078 0.2567576 -0.70407 -0.09269267 0.7040551 -0.656089 -0.2717603 0.7040551 -0.6560867 -0.2717605 0.7040572 -0.5633945 -0.4323084 0.7040569 -0.5633966 -0.4323087 0.704055 -0.4323087 -0.5633966 0.704055 -0.4323096 -0.5633972 0.7040541 -0.2717629 -0.6560893 0.7040539 -0.271759 -0.6560858 0.7040585 -0.09269064 -0.7040667 0.7040587 -0.09269267 -0.7040697 0.7040553 -0.2586441 -0.03405141 0.9653723 -0.241018 -0.09983307 0.9653723 -0.2410189 -0.09983313 0.965372 -0.2069676 -0.1588116 0.9653721 -0.206967 -0.1588114 0.9653722 -0.1588116 -0.2069674 0.9653722 -0.1588118 -0.2069675 0.9653721 -0.09983307 -0.241019 0.9653721 -0.09983372 -0.2410196 0.9653719 -0.03405141 -0.2586459 0.9653718 -0.03405076 -0.2586448 0.9653722 -0.9738277 0 0.2272871 -0.9659218 -0.002921044 0.2588174 -0.4411143 -1.42806e-5 0.8974509 -0.5480948 1.62049e-5 0.8364163 -0.7071061 -0.00470519 0.7070918 -0.7459619 -4.66552e-5 0.6659886 -0.8816233 6.29845e-6 0.4719537 -0.2771111 -0.004796504 0.9608259 -0.2587898 -0.00621289 0.9659137 -0.08313071 0 0.9965386 -0.05878305 0.05878305 0.9965386 -0.1812981 0.1846917 0.9659296 -0.1938272 0.1964943 0.9611561 -0.3119102 0.3119181 0.8974514 -0.4304997 0.4304804 0.79332 -0.3867859 0.3889674 0.8361226 -0.5283502 0.5261895 0.6663113 -0.5609665 0.5609836 0.6087808 -0.6233996 0.6233961 0.4719642 -0.682183 0.6838396 0.2588238 -0.6886007 0.6886004 0.2272854 -0.7820903 0.5682224 0.2558476 -0.2489875 0.08090084 0.9651219 -0.2489885 0.08090144 0.9651216 -0.2618019 0 0.9651216 -0.261802 0 0.9651216 -0.2489885 -0.08090126 0.9651216 -0.2489876 -0.08090114 0.9651219 -0.2118017 -0.153883 0.9651218 -0.2118024 -0.1538833 0.9651216 -0.1538835 -0.2118022 0.9651216 -0.1538829 -0.2118017 0.9651218 -0.08090096 -0.2489877 0.9651218 -0.08090144 -0.2489885 0.9651216 -0.2118014 0.1538829 0.9651219 -0.2118012 0.1538827 0.965122 -0.4963703 0.3606343 0.7896577 -0.6263061 0.4904559 0.6059651 -0.5755999 0.4181981 0.7027056 -0.6766578 0.2198599 0.702706 -0.6766551 0.2198579 0.7027094 -0.7114776 0 0.7027087 -0.7114776 0 0.7027087 -0.6766548 -0.2198589 0.7027094 -0.6766577 -0.2198589 0.7027065 -0.5755993 -0.4181971 0.7027066 -0.5756 -0.4181974 0.7027059 -0.4181975 -0.5755999 0.7027059 -0.4181969 -0.5755994 0.7027067 -0.2198597 -0.6766573 0.7027066 -0.219858 -0.676655 0.7027094 0.0809012 -0.2489885 0.9651216 0.08090108 -0.2489874 0.9651219 0.2198589 -0.6766548 0.7027094 0.2198589 -0.6766583 0.702706 0.1538827 -0.2118012 0.9651219 0.1538828 -0.2118014 0.9651219 0.418198 -0.5755999 0.7027055 0.4181979 -0.5755996 0.7027059 -0.9194037 -0.2987318 0.2558439 -0.9667182 0 0.2558436 -0.9667182 0 0.2558436 -0.9394305 0.2255374 0.2580759 -0.9470323 0.3077086 0.09189802 -0.8925822 0.3697192 0.2580788 -0.7820904 0.5682228 0.2558464 -0.2987315 -0.919403 0.2558468 -0.5682224 -0.7820907 0.2558464 -0.5682213 -0.7820905 0.2558495 -0.7346447 -0.627448 0.2580817 -0.805594 -0.5852975 0.09189748 -0.8237566 -0.5047973 0.2580786 -0.9194028 -0.2987322 0.2558469 0.07818901 -0.9934914 -0.08283299 -0.07580053 -0.9631465 0.2580758 -0.2987325 -0.9194035 0.2558438 0 -0.2618019 0.9651216 0 -0.261802 0.9651216 0 -0.7114776 0.7027087 0 -0.7114776 0.7027087 0 -0.9667182 0.2558436 0.2987316 -0.9194039 0.2558439 0.2987319 -0.9194028 0.2558468 0.5682226 -0.7820906 0.2558464 0.5682226 -0.7820901 0.2558476 0.6886004 -0.6886007 0.2272854 0.6838396 -0.682183 0.2588238 0.6233961 -0.6233996 0.4719642 0.5274848 -0.5274584 0.6659935 0.5013186 -0.4986903 0.707098 0.3875564 -0.3875654 0.8364169 0.2388067 -0.2387834 0.9412513 0.1846917 -0.1812981 0.9659296 0.05878305 -0.05878305 0.9965386 0 -0.08313071 0.9965386 -0.00621289 -0.2587898 0.9659137 -4.18944e-5 -0.3377161 0.9412481 1.62049e-5 -0.5480948 0.8364163 -0.00470519 -0.7071061 0.7070918 -4.66555e-5 -0.7459619 0.6659886 6.29845e-6 -0.8816233 0.4719536 -0.002921044 -0.9659218 0.2588174 0 -0.9738277 0.2272871 -0.2586448 -0.03405123 0.9653721 -0.7040698 -0.09269106 0.7040555 -0.9582076 -0.1261498 0.2567576 -0.9582089 -0.1261486 0.2567537 -0.8929081 -0.369855 0.2567537 -0.892906 -0.3698562 0.2567592 -0.7667559 -0.5883537 0.2567589 -0.7667582 -0.5883531 0.2567539 -0.5883542 -0.7667573 0.2567539 -0.5883544 -0.7667573 0.2567536 -0.3698542 -0.8929086 0.256753 -0.3698539 -0.8929085 0.2567537 -0.1261499 -0.9582086 0.2567537 -0.126151 -0.9582092 0.2567509 -0.7040664 -0.09269219 0.7040588 -0.6560852 -0.2717611 0.7040584 -0.6560902 -0.2717608 0.7040538 -0.5633974 -0.4323092 0.7040541 -0.5633963 -0.432309 0.704055 -0.4323095 -0.563396 0.7040551 -0.4323076 -0.563395 0.7040569 -0.2717595 -0.6560872 0.7040572 -0.2717613 -0.6560887 0.7040551 -0.09269279 -0.70407 0.7040551 -0.09269267 -0.7040697 0.7040553 -0.258646 -0.03405094 0.9653718 -0.2410197 -0.09983336 0.9653719 -0.2410188 -0.09983336 0.9653722 -0.2069676 -0.1588118 0.9653722 -0.2069673 -0.1588116 0.9653722 -0.1588113 -0.2069672 0.9653723 -0.1588118 -0.2069675 0.9653721 -0.09983342 -0.2410188 0.9653721 -0.09983277 -0.2410181 0.9653723 -0.03405117 -0.2586441 0.9653723 -0.03405153 -0.2586448 0.9653722 -0.2407588 -0.9703271 0.02236831 -0.1560127 -0.9877119 0.009238481 -0.06567692 -0.997841 1.62512e-4 -0.001652836 -0.9999987 0 -0.3430423 -0.9380282 0.04924696 -0.1304768 -0.991075 -0.02731275 -0.4509105 -0.8924115 0.01677757 -0.3826829 -0.9238798 6.06062e-5 -0.5264086 -0.8502318 -1.44042e-5 -0.6087532 -0.7933418 0.005304336 -0.7285323 -0.6846483 -0.02230089 -0.9914449 -0.1305255 0 -0.9655141 -0.2587086 -0.02919405 -0.9238794 -0.3826837 0 -0.7933527 -0.6087622 0 0 -1 0 0 -1 0 0 -1 0 0 -1 0 0 -1 0 0 -1 0 0 -1 0 0 -1 0 -0.1305252 -0.9914451 0 -0.2588048 -0.9658756 -0.01022171 -0.3826829 -0.9238798 0 -0.6087619 -0.793353 0 -0.7070704 -0.7070692 -0.01022171 -0.991445 -0.1305255 0 -0.9658751 -0.2588065 -0.01022183 -0.9238786 -0.3826858 0 -0.7933539 -0.6087607 0 -0.2588183 0.9659261 0 -0.2588183 0.9659261 0 -0.7071086 0.707105 0 -0.7071086 0.707105 0 -0.9659249 0.2588226 0 -0.9659249 0.2588226 0 0 1 0 0 1 0 -0.9969171 0.0784617 0 -0.9876854 0.1564319 -0.002547025 -0.9723715 0.2334389 0 -0.9238787 0.3826854 0 -0.8910027 0.4539909 -0.002547204 -0.852639 0.5225004 0 -0.7604053 0.6494489 0 -0.7071051 0.707104 -0.002547144 -0.6494498 0.7604045 0 -0.5224981 0.8526405 0 -0.4539885 0.8910039 -0.002547204 -0.07845824 0.9969174 0 -0.1564341 0.9876852 -0.002547204 -0.233446 0.9723698 0 -0.3826828 0.9238798 0 -1 0 0 -1 0 0 -0.1950768 0 -0.980788 -0.1950768 0 -0.980788 -0.4422398 0 -0.8968968 -0.4422398 0 -0.8968968 -0.6088083 0 -0.7933173 -0.6088083 0 -0.7933173 -0.7933343 0 -0.6087862 -0.7933343 0 -0.6087862 -0.8968966 0 -0.4422404 -0.8968966 0 -0.4422404 -0.9807821 0 -0.1951061 -0.9807821 0 -0.1951061 -0.8946705 0.07041174 -0.4411427 -0.1950538 0.01535087 -0.9806724 -0.7933281 -0.003989517 -0.6087814 -0.6081107 0.04785978 -0.7924082 -0.4419721 0.03478425 -0.8963541 -0.9799218 0.04187589 -0.194935 -0.262384 -0.00397247 -0.9649553 -0.2523691 0.06058943 -0.9657322 -0.2523718 0.06058883 -0.9657316 -0.2397866 0.09932202 -0.9657316 -0.2397832 0.09932225 -0.9657324 -0.2212943 0.1356092 -0.9657323 -0.2212936 0.1356092 -0.9657325 -0.1973557 0.1685575 -0.9657324 -0.1973556 0.1685574 -0.9657325 -0.1685575 0.1973561 -0.9657323 -0.1685581 0.1973564 -0.9657322 -0.1356098 0.2212949 -0.9657322 -0.1356101 0.2212951 -0.9657321 -0.09932231 0.2397847 -0.965732 -0.09932273 0.2397851 -0.9657319 -0.06058883 0.2523707 -0.9657319 -0.06058794 0.2523696 -0.9657322 -0.02036315 0.258741 -0.965732 -0.02036374 0.2587421 -0.9657318 -0.7060227 0.05556488 -0.706006 -0.688638 0.1653266 -0.7060062 -0.6886334 0.1653286 -0.7060102 -0.6542926 0.271019 -0.7060099 -0.6542996 0.2710172 -0.706004 -0.6038458 0.3700379 -0.7060044 -0.6038461 0.3700378 -0.7060041 -0.5385253 0.4599435 -0.7060046 -0.5385209 0.4599432 -0.7060081 -0.4599412 0.5385225 -0.7060081 -0.459942 0.5385227 -0.7060075 -0.3700363 0.6038428 -0.7060078 -0.3700378 0.6038433 -0.7060065 -0.2710195 0.6542956 -0.7060068 -0.2710179 0.6542947 -0.7060083 -0.1653252 0.6886362 -0.7060084 -0.165326 0.6886368 -0.7060075 -0.05556595 0.706021 -0.7060077 -0.05556499 0.7060198 -0.706009 -0.9631436 0.07580357 -0.2580859 -0.9394273 0.2255397 -0.2580857 -0.9394339 0.2255315 -0.2580688 -0.8925856 0.3697176 -0.2580696 -0.8925813 0.3697215 -0.2580789 -0.8237558 0.5047987 -0.2580786 -0.8237543 0.5047997 -0.2580814 -0.7346441 0.6274493 -0.2580806 -0.734646 0.6274483 -0.258077 -0.6274477 0.7346466 -0.258077 -0.6274499 0.734646 -0.2580733 -0.5048011 0.8237559 -0.258074 -0.5047978 0.8237562 -0.2580793 -0.3697199 0.8925821 -0.2580783 -0.3697187 0.892582 -0.2580801 -0.2255357 0.93943 -0.2580795 -0.2255378 0.9394304 -0.2580759 -0.07580131 0.9631465 -0.2580758 -0.07580041 0.9631461 -0.2580773 0 0.2587957 -0.965932 0 0.2587957 -0.965932 0 0.7071122 -0.7071014 0 0.7071122 -0.7071014 0 0.965925 -0.2588219 0 0.965925 -0.2588219 -0.2587949 0 -0.9659324 -0.2587949 0 -0.9659324 -0.707114 0 -0.7070996 -0.707114 0 -0.7070996 -0.9659242 0 -0.2588253 -0.9659242 0 -0.2588253 -0.2505615 -0.935111 -0.2505721 -0.963609 -0.06919425 -0.2582049 -0.6947487 -0.6947428 -0.1861631 -0.6947504 -0.5085924 -0.5085821 -0.6947414 -0.5085859 -0.5086008 -0.6947406 -0.1861795 -0.6947466 -0.6947488 -0.1861934 -0.6947346 -0.2505675 -0.9351112 -0.2505653 -0.2505729 -0.6845384 -0.6845585 -0.2505924 -0.6845501 -0.6845396 -0.2506088 -0.2506097 -0.9350882 -0.2505408 -0.2505417 -0.9351247 -0.9636088 -0.189023 -0.1890192 -0.6947471 -0.6947436 -0.1861667 -0.9636101 -0.2582023 -0.06918907 0 -0.2587957 -0.965932 0 -0.2587957 -0.965932 0 -0.7071122 -0.7071014 0 -0.7071122 -0.7071014 0 -0.965925 -0.2588219 0 -0.965925 -0.2588219 -0.07580125 -0.963146 -0.2580773 -0.05556589 -0.7060197 -0.7060089 -0.02036321 -0.258742 -0.9657318 -0.02036368 -0.258741 -0.965732 -0.06058853 -0.2523695 -0.9657322 -0.06058824 -0.2523708 -0.9657319 -0.09932249 -0.2397851 -0.965732 -0.09932255 -0.2397847 -0.9657321 -0.13561 -0.2212951 -0.965732 -0.1356099 -0.2212948 -0.9657321 -0.1685578 -0.1973565 -0.9657322 -0.1685577 -0.1973559 -0.9657324 -0.1973556 -0.1685574 -0.9657325 -0.1973556 -0.1685575 -0.9657324 -0.2212938 -0.1356089 -0.9657325 -0.2212942 -0.1356095 -0.9657323 -0.239784 -0.09932088 -0.9657324 -0.239786 -0.09932339 -0.9657316 -0.2523714 -0.06058996 -0.9657316 -0.2523693 -0.06058824 -0.9657323 -0.2587404 -0.02036309 -0.9657322 -0.2587412 -0.02036356 -0.965732 -0.05556505 -0.7060211 -0.7060077 -0.1653254 -0.688637 -0.7060076 -0.1653258 -0.688636 -0.7060084 -0.2710189 -0.6542943 -0.7060082 -0.2710185 -0.6542961 -0.7060068 -0.370037 -0.6038439 -0.7060065 -0.3700371 -0.6038423 -0.7060078 -0.4599416 -0.538523 -0.7060075 -0.4599416 -0.5385222 -0.7060081 -0.5385227 -0.4599414 -0.706008 -0.5385237 -0.4599456 -0.7060045 -0.6038461 -0.370038 -0.706004 -0.6038459 -0.3700377 -0.7060045 -0.6542978 -0.2710211 -0.7060043 -0.6542941 -0.2710149 -0.7060101 -0.6886342 -0.1653257 -0.7060101 -0.6886375 -0.1653295 -0.7060061 -0.7060226 -0.05556571 -0.7060061 -0.7060216 -0.05556482 -0.7060071 -0.07580047 -0.9631465 -0.2580758 -0.2255359 -0.9394308 -0.2580759 -0.2255377 -0.9394295 -0.2580795 -0.3697198 -0.8925817 -0.2580801 -0.369719 -0.8925825 -0.2580783 -0.5048003 -0.8237547 -0.2580792 -0.5047985 -0.8237574 -0.2580739 -0.6274483 -0.7346473 -0.2580733 -0.6274493 -0.7346453 -0.258077 -0.7346448 -0.6274499 -0.258077 -0.7346454 -0.6274477 -0.2580806 -0.8237552 -0.5047984 -0.2580814 -0.8237549 -0.5048001 -0.2580785 -0.8925833 -0.3697167 -0.2580788 -0.8925836 -0.3697224 -0.2580695 -0.9394316 -0.2255407 -0.258069 -0.9394295 -0.2255305 -0.2580859 -0.9631438 -0.07580065 -0.2580858 -0.963145 -0.07580369 -0.2580806 -0.2587949 0 -0.9659323 -0.2587949 0 -0.9659323 -0.707114 0 -0.7070996 -0.707114 0 -0.7070996 -0.9659241 0 -0.2588253 -0.9659241 0 -0.2588253 -1 0 0 -1 0 0 -0.9659251 -0.2588217 0 -0.9659251 -0.2588217 0 -0.7071068 -0.7071068 0 -0.7071068 -0.7071068 0 -0.258815 -0.965927 0 -0.258815 -0.965927 0 -0.7002133 -0.7002133 -0.1392928 -0.9646468 -0.05141174 -0.258483 -0.9646474 -0.2584793 -0.05141901 -0.7002076 -0.5936092 -0.3966578 -0.7002035 -0.3966597 -0.5936127 -0.7002133 -0.3966764 -0.59359 -0.7002176 -0.1392711 -0.7002136 -0.7002217 -0.1392811 -0.7002074 -0.2541667 -0.9485754 -0.18869 -0.2582946 -0.8664615 -0.4272335 -0.2846723 -0.7970546 -0.5326028 -0.2567595 -0.766738 -0.5883769 -0.2567629 -0.5883977 -0.766721 -0.2846754 -0.5326315 -0.7970344 -0.2582914 -0.4272332 -0.8664625 -0.2541571 -0.1886857 -0.9485788 -0.2541469 -0.1886715 -0.9485844 -0.9646468 -0.1464237 -0.2191274 -0.2541657 -0.9485754 -0.1886914 -0.7002155 -0.7002124 -0.1392868 -0.7002148 -0.5936141 -0.3966379 -0.9646467 -0.2191314 -0.146418 0 -0.1950768 -0.980788 0.002834916 -0.2587938 -0.9659284 0 -0.4422398 -0.8968968 0 -0.6088083 -0.7933173 0.003784656 -0.7071089 -0.7070946 0 -0.7933343 -0.6087862 0 -0.8968966 -0.4422404 0.002834916 -0.965922 -0.2588175 0 -0.9807839 -0.1950969 0 0 -1 0 0 -1 0 0 -1 0 0 -1 0 0 -1 0 0 -1 0 0 -1 0 0 -1 0 0 -1 0 0 -1 0 0 -1 0 0 -1 0 0 -1 0 0 -1 0 0 -1 0 0 -1 0 0 -1 0 0 -1 0 0 -1 0 0 -1 0 0 -1 0 0 -1 0 0 -1 0 0 -1 0 0 -1 0 0 -1 0 0.2587949 -0.9659323 0 0.2587949 -0.9659323 0 0.707114 -0.7070996 0 0.707114 -0.7070996 0 0.965926 -0.2588186 0 0.965926 -0.2588186 -0.7829829 0.161015 -0.6008428 -0.9636102 0.2582014 -0.06919074 -0.4299918 0.2337169 -0.8720571 -0.5954974 0.2079656 -0.7759724 -0.7040542 0.2717599 -0.6560901 -0.694739 0.5086001 -0.5085898 -0.6947469 0.5085836 -0.5085956 -0.694748 0.6947414 -0.1861713 -0.6947453 0.6947453 -0.1861667 -0.1886715 0.2541469 -0.9485844 -0.2536609 0.3005144 -0.9194277 -0.2505961 0.6845362 -0.6845523 -0.2505768 0.6845546 -0.6845408 -0.2505714 0.9351075 -0.2505752 -0.2505589 0.9351143 -0.2505626 -0.9636088 0.189023 -0.1890192 -0.8906636 0.1176888 -0.439167 -0.9639514 0.184463 -0.191758 -0.258815 0.965927 0 -0.258815 0.965927 0 -0.7071068 0.7071068 0 -0.7071068 0.7071068 0 -0.9659251 0.2588217 0 -0.9659251 0.2588217 0 0 1 0 0 1 0 0 1 0 0 1 0 0 1 0 0 1 0 -0.2225221 -0.9749277 0 -0.2225221 -0.9749277 0 -0.6234877 -0.7818332 0 -0.6234877 -0.7818332 0 -0.9009685 -0.4338846 0 -0.9009685 -0.4338846 0 -1 0 0 -1 0 0 -0.9009683 0.433885 0 -0.9009683 0.433885 0 -0.6234884 0.7818326 0 -0.6234884 0.7818326 0 -0.2225221 0.9749277 0 -0.2225221 0.9749277 0 0 0 -1 0 0 -1 0 0 -1 0 0 -1 0 0 -1 0 0 -1 0 0 -1 0 0 -1 0 0 -1 0 0 -1 0 0 -1 0 0 -1 0 0 -1 0 0 -1 0 0 -1 0 0 -1 0 0 -1 0 0 -1 0 0 -1 0 0 -1 0 0 -1 0 0 -1 0 0 -1 0 0 -1 0 0 -1 0 0 -1 0 0 -1 0 0 -1 0 0 -1 0 0 -1 0 0 -1 0 0 -1 0 0 -1 0 0 -1 -0.1564341 0.9876884 0 -0.1564341 0.9876884 0 -0.4539892 0.8910072 0 -0.4539892 0.8910072 0 -0.7071079 0.7071058 0 -0.7071079 0.7071058 0 -0.8910072 0.4539892 0 -0.8910072 0.4539892 0 -0.987688 0.1564366 0 -0.987688 0.1564366 0 0 -0.984808 0.1736474 0 -0.984808 0.1736474 0 -0.8660272 0.4999969 0 -0.8660272 0.4999969 0 -0.6427817 0.7660495 0 -0.6427817 0.7660495 0 -0.3420197 0.9396929 0 -0.3420197 0.9396929 0 0 1 0 0 1 0 0.3420195 0.9396929 0 0.3420195 0.9396929 0 0.6427818 0.7660493 0 0.6427818 0.7660493 0 0.8660272 0.4999969 0 0.8660272 0.4999969 0 0.9848078 0.1736478 0 0.9848078 0.1736478 0 0 -1 0 0 -1 0 0.9871486 -0.1598052 0 0.9871486 -0.1598052 0 0.8863069 -0.4630984 0 0.8863069 -0.4630984 0 0.6949294 -0.719078 0 0.6949294 -0.719078 0 0.4325619 -0.9016043 0 0.4325619 -0.9016043 0 0.125997 -0.9920306 0 0.125997 -0.9920306 0 -0.1934245 -0.9811152 0 -0.1934245 -0.9811152 0 -0.4930904 -0.869978 0 -0.4930904 -0.869978 0 -0.7423905 -0.6699673 0 -0.7423905 -0.6699673 0 -0.9158504 -0.4015198 0 -0.9158504 -0.4015198 0 -0.9848078 0.1736478 0 -0.9848078 0.1736478 0 -0.8660272 0.4999969 0 -0.8660272 0.4999969 0 -0.6427818 0.7660493 0 -0.6427818 0.7660493 0 -0.3420195 0.9396929 0 -0.3420195 0.9396929 0 0 1 0 0 1 0 0.3420197 0.9396929 0 0.3420197 0.9396929 0 0.6427817 0.7660495 0 0.6427817 0.7660495 0 0.8660272 0.4999969 0 0.8660272 0.4999969 0 0.984808 0.1736474 0 0.984808 0.1736474 -1 0 0 -1 0 0 -1 0 0 -1 0 0 -1 0 0 -1 0 0 -1 0 0 -1 0 0 -1 0 0 -1 0 0 -1 0 0 -1 0 0 -1 0 0 -1 0 0 -1 0 0 -1 0 0 -1 0 0 -1 0 0 -1 0 0 -1 0 0 -1 0 0 -1 0 0 -1 0 0 -1 0 0 -1 0 0 -1 0 0 -1 0 0 -1 0 0 -1 0 0 -1 0 0 -1 0 0 -1 0 0 -1 0 0 -1 0 0 -1 0 0 -1 0 0 -1 0 0 -1 0 0 0 0.9158504 -0.4015198 0 0.9158504 -0.4015198 0 0.7423905 -0.6699673 0 0.7423905 -0.6699673 0 0.4930904 -0.869978 0 0.4930904 -0.869978 0 0.1934245 -0.9811152 0 0.1934245 -0.9811152 0 -0.125997 -0.9920306 0 -0.125997 -0.9920306 0 -0.4325619 -0.9016043 0 -0.4325619 -0.9016043 0 -0.6949294 -0.719078 0 -0.6949294 -0.719078 0 -0.8863069 -0.4630984 0 -0.8863069 -0.4630984 0 -0.9871486 -0.1598052 0 -0.9871486 -0.1598052 -0.987688 -0.1564366 0 -0.987688 -0.1564366 0 -0.8910072 -0.4539892 0 -0.8910072 -0.4539892 0 -0.7071079 -0.7071058 0 -0.7071079 -0.7071058 0 -0.4539892 -0.8910072 0 -0.4539892 -0.8910072 0 -0.1564341 -0.9876884 0 -0.1564341 -0.9876884 0 -1 0 0 -1 0 0 -1 0 0 -1 0 0 -1 0 0 -1 0 0 -1 0 0 -1 0 0 -1 0 0 -1 0 0 -1 0 0 -1 0 0 -1 0 0 -1 0 0 -1 0 0 -1 0 0 -1 0 0 -1 0 0 -1 0 0 -1 0 0 -1 0 0 -1 0 0 -1 0 0 -1 0 0 -1 0 0 -1 0 0 -0.9659249 -0.2588226 0 -0.9659249 -0.2588226 0 -0.7071086 -0.707105 0 -0.7071086 -0.707105 0 -0.2588183 -0.9659261 0 -0.2588183 -0.9659261 0 0 -1 0 0 -1 0 -0.07845824 -0.9969174 0 -0.1564341 -0.9876851 -0.002547204 -0.233446 -0.9723698 0 -0.3826828 -0.9238798 0 -0.4539885 -0.8910039 -0.002547204 -0.5224981 -0.8526405 0 -0.6494498 -0.7604045 0 -0.7071051 -0.707104 -0.002547144 -0.7604053 -0.6494489 0 -0.852639 -0.5225004 0 -0.8910027 -0.4539909 -0.002547204 -0.9969171 -0.0784617 0 -0.9876854 -0.1564319 -0.002547025 -0.9723715 -0.2334389 0 -0.9238787 -0.3826854 0 0.222521 0.9749279 0 0.222521 0.9749279 0 0.6234877 0.7818332 0 0.6234877 0.7818332 0 0.9009704 0.4338805 0 0.9009704 0.4338805 0 1 0 0 1 0 0 0.9009702 -0.433881 0 0.9009702 -0.433881 0 0.6234884 -0.7818326 0 0.6234884 -0.7818326 0 0.222521 -0.9749279 0 0.222521 -0.9749279 0 -0.2225221 -0.9749277 0 -0.2225221 -0.9749277 0 -0.6234884 -0.7818326 0 -0.6234884 -0.7818326 0 -0.9009683 -0.433885 0 -0.9009683 -0.433885 0 -1 0 0 -1 0 0 -0.9009685 0.4338846 0 -0.9009685 0.4338846 0 -0.6234877 0.7818332 0 -0.6234877 0.7818332 0 -0.2225221 0.9749277 0 -0.2225221 0.9749277 0 0 0 -1 0 0 -1 0 0 -1 0 0 -1 0 0 -1 0 0 -1 0 0 -1 0 0 -1 0 0 -1 0 0 -1 0 0 -1 0 0 -1 0 0 -1 0 0 -1 0 0 -1 0 0 -1 0 0 -1 0 0 -1 0 0 -1 0 0 -1 0 0 -1 0 0 -1 0 0 -1 0 0 -1 0 0 -1 0 0 -1 0 0 -1 0 0 -1 0 0 -1 0 0 -1 0 0 -1 0 0 -1 0 0 -1 0 0 -1 0 -1 0 0 -1 0 0 -1 0 0 -1 0 0 -1 0 0 -1 0 1 0 0 1 0 0 1 0 0 1 0 0 1 0 0 1 0 0 1 0 0 1 0 0 1 0 0 1 0 0 1 0 0 1 0 0 0.884254 0.427451 -0.1880971 0.1795027 0.04550486 -0.9827045 0.1424124 0.1173411 -0.9828275 0.1319808 0.1763725 -0.9754352 0.07784342 0.1667445 -0.9829226 0.03501904 0.1835858 -0.9823797 0.2185336 0.1145548 -0.9690822 0.2587913 0.01531767 -0.9658118 0.2595604 0.01711374 -0.9655752 0.5340412 0.1231938 -0.8364349 0.6026762 0.1149566 -0.7896622 0.03501832 0.1835888 -0.9823792 0.1031586 0.5408239 -0.8347861 0.1031587 0.540824 -0.834786 0.157051 0.8233615 -0.545354 0.1570498 0.8233604 -0.5453559 0.1841177 0.965268 -0.18536 0.1841172 0.9652679 -0.1853613 0.427451 0.884254 -0.1880971 0.1029187 0.1566842 -0.9822717 0.3029302 0.4611829 -0.8339926 0.3029305 0.4611832 -0.8339923 0.4606108 0.7012364 -0.5441555 0.4606118 0.7012369 -0.544154 0.519324 0.7906204 -0.3243795 0.5980184 0.7793543 -0.187032 0.1566866 0.1029204 -0.9822712 0.4611833 0.3029304 -0.8339923 0.4611829 0.3029303 -0.8339926 0.7012373 0.4606113 -0.5441539 0.7012361 0.4606113 -0.5441554 0.8214187 0.5395539 -0.1848051 0.7300625 0.5601956 -0.3913946 0.7828996 0.1493331 -0.6039602 0.8189341 0.174198 -0.5468108 0.8868166 0.1691536 -0.4300504 0.9652678 0.1841176 -0.1853612 0.9652681 0.1841173 -0.18536 0.2588217 0 -0.9659252 0.2588217 0 -0.9659252 0.6066982 0 -0.7949322 0.7070992 -0.004602968 -0.7070993 0.9820571 0 -0.188584 0.9659194 -0.003670573 -0.2588165 0.8997827 0 -0.4363382 0.7917778 0 -0.6108092 0 -1 0 0 -1 0 0 -1 0 0 -1 0 0 -1 0 0.696947 -0.08680909 -0.7118491 -0.7412223 -0.4276376 -0.5174123 -0.9825052 -0.05148977 -0.1789758 -0.9703447 0.1019875 -0.2191568 -0.5358426 -0.8251305 -0.1789759 -0.396849 -0.8913368 -0.2191561 0.3527051 -0.9188271 -0.177076 0.1028547 -0.9785925 -0.1782625 0 -0.9723536 -0.2335132 -0.1028547 -0.9785925 -0.1782625 -0.3527051 -0.9188271 -0.177076 0.936309 -0.3042256 -0.1754199 0.7316216 -0.6587547 -0.1754196 0.7316218 -0.6587545 -0.1754194 0.9703447 0.1019875 -0.2191568 0.9825052 -0.05148977 -0.1789758 0.9363095 -0.304225 -0.1754191 -0.9720799 0.1539629 -0.1770763 -0.8525972 0.4922462 -0.1754187 -0.8525973 0.492246 -0.1754184 -0.5786702 0.7964729 -0.1754189 -0.5786713 0.7964724 -0.1754177 -0.2046886 0.9629804 -0.1754178 -0.2046877 0.9629805 -0.1754187 0.2046886 0.9629803 -0.1754187 0.2046877 0.9629806 -0.1754177 0.5786703 0.7964731 -0.1754177 0.5786711 0.7964722 -0.175419 0.8525972 0.4922462 -0.1754184 0.5358426 -0.8251305 -0.1789759 0.3968491 -0.8913368 -0.2191561 0.3799651 -0.8534147 -0.356805 -0.4026853 -0.7575967 -0.5137038 -0.4514616 -0.7043995 -0.547726 -0.3799651 -0.8534147 -0.356805 -0.1164569 -0.8692598 -0.4804427 0 -0.9172196 -0.3983818 0.07246035 -0.8898286 -0.4505048 0.1891754 -0.8723173 -0.4508605 -0.4457005 -0.4447652 -0.7768751 -0.4376092 -0.4537422 -0.7762836 -0.320537 -0.5880925 -0.7425653 -0.4492836 -0.444168 -0.775151 -0.4480212 -0.4427552 -0.7766884 -0.4433658 -0.4458726 -0.777576 -0.4407837 -0.4410383 -0.7817897 -0.9363093 -0.3042249 -0.1754198 -0.9363092 -0.3042257 -0.175419 -0.8978621 -0.2917335 -0.3297501 -0.8745449 -0.1512534 -0.4607533 -0.5802769 0.3555738 -0.7326978 -0.7124797 0.4306369 -0.5540077 -0.4378073 0.435812 -0.7863794 -0.444184 0.4306644 -0.7856391 -0.4562085 0.4234446 -0.7826676 0.4360483 0.4378947 -0.7861998 0.4325443 0.4442675 -0.7845584 0.4284085 0.4553537 -0.7804609 0.3993951 0.5497205 -0.7336832 -0.3425506 0.6572625 -0.671316 0.5802769 0.3555738 -0.7326978 0.4368501 0.4368122 -0.7863568 0.444457 0.4291253 -0.7863267 0.4471193 0.4637727 -0.7648524 0.7824295 0.4517347 -0.4286488 0.8525973 0.492246 -0.1754187 0.9720799 0.1539629 -0.1770763 0.9008812 0.1022545 -0.4218496 0.9053174 0.09515285 -0.4139401 0.8857527 -0.03680527 -0.462696 0.4452325 -0.4446832 -0.7771904 0.4420896 -0.4462832 -0.7780669 0.4802346 -0.4324053 -0.7631515 0.4456782 -0.4909569 -0.7485533 0.4423105 -0.4953051 -0.7476859 0.3205367 -0.588092 -0.7425658 0.4407651 -0.4496545 -0.7768764 0.4480152 -0.4427312 -0.7767055 -0.8857527 -0.03680527 -0.462696 -0.9053174 0.09515285 -0.4139401 -0.9008812 0.1022545 -0.4218496 -0.7824295 0.4517347 -0.4286489 -0.7206202 0.4667879 -0.5126553 -0.505925 0.6963458 -0.5090603 -0.5059247 0.6963459 -0.5090606 -0.696947 -0.08680903 -0.7118491 -0.4884546 -0.4398065 -0.753646 -0.6396478 -0.5759416 -0.5090599 -0.639648 -0.5759412 -0.5090603 -0.7316218 -0.6587545 -0.1754196 -0.7316217 -0.6587547 -0.1754194 0.8745449 -0.1512534 -0.4607533 0.8978621 -0.2917335 -0.3297501 0.7412224 -0.4276378 -0.5174123 0.6396481 -0.5759412 -0.5090599 0.6396476 -0.5759415 -0.5090603 0.4407244 -0.7345473 -0.5159478 0.3883452 -0.7274693 -0.5656646 -0.4410172 0.4407724 -0.7818078 -0.4357652 0.437956 -0.7863226 -0.4296622 0.4507256 -0.7824557 -0.3993951 0.5497205 -0.7336831 0.3425505 0.6572625 -0.671316 -0.4643632 0.721952 -0.5129835 -0.06414991 0.9622085 -0.2646502 -0.1847885 0.8693622 -0.4583259 0.1123273 0.8789981 -0.4634059 0.1945566 0.9153173 -0.3526217 0.4643632 0.721952 -0.5129835 0.5059249 0.6963456 -0.5090606 0.5059247 0.696346 -0.5090603 0.7206202 0.4667879 -0.5126553 0.7124797 0.4306368 -0.5540077 0 0 -1 0 0 -1 0 0 -1 0 0 -1 0 0 -1 0 0 -1 0 0 -1 0 0 -1 0 0 -1 0 0 -1 0 0 -1 0 0 -1 0 0 -1 0 0 -1 0 0 -1 0 0 -1 0 0 -1 0 0 -1 0 0 -1 0 0 -1 0 0 -1 0 0 -1 0 0 -1 0 0 -1 0 0 -1 0 0 -1 0 0 -1 0 0 -1 0 0 -1 0 1 0 0 1 0 0 1 0 0 1 0 0 1 0 0.2588217 0 -0.9659252 0.2588217 0 -0.9659252 0.6067505 0 -0.7948923 0.7071065 8.68943e-4 -0.7071065 0.791815 0 -0.6107611 0.8998007 0 -0.4363014 0.9659258 6.9308e-4 -0.2588183 0.9820624 0 -0.1885561 0.4274534 -0.8842589 -0.1880688 0.04583501 -0.1794741 -0.9826943 0.1176064 -0.1422814 -0.9828147 0.1761094 -0.1315354 -0.9755429 0.1669081 -0.07768785 -0.9829071 0.1836797 -0.03503674 -0.9823615 0.1143617 -0.2173485 -0.9693714 0.01110452 -0.1837831 -0.9829041 0.8868337 -0.169157 -0.4300139 0.8189862 -0.1742084 -0.5467294 0.7829355 -0.1493396 -0.6039119 0.5409483 -0.1031822 -0.8347026 0.5998786 -0.1500772 -0.7858896 0.258785 -0.01685237 -0.965788 0.9652731 -0.1841188 -0.1853325 0.9652729 -0.1841182 -0.185334 0.8842589 -0.4274534 -0.1880688 0.1567643 -0.1029712 -0.9822535 0.4612892 -0.3029996 -0.8339086 0.4612897 -0.3030003 -0.8339081 0.7012796 -0.4606389 -0.5440759 0.7012798 -0.4606392 -0.5440757 0.7906222 -0.5193242 -0.3243746 0.7793589 -0.5980219 -0.1870009 0.1029726 -0.1567665 -0.9822529 0.303 -0.46129 -0.833908 0.3029999 -0.461289 -0.8339085 0.4606391 -0.7012799 -0.5440756 0.4606391 -0.7012796 -0.544076 0.5395565 -0.821424 -0.1847743 0.5601937 -0.7300601 -0.3914018 0.03828334 -0.2007044 -0.9789035 0.1031831 -0.540948 -0.8347026 0.1031825 -0.5409501 -0.8347014 0.1570603 -0.8234123 -0.5452746 0.15706 -0.823413 -0.5452736 0.1841187 -0.9652728 -0.185334 0.1841182 -0.9652732 -0.1853325 1 0 0 1 0 0 1 0 0 1 0 0 1 0 0 0 -0.965926 -0.2588183 0.001368701 -0.9875496 -0.1573017 0 -0.9131802 -0.4075561 0 -0.7071068 -0.7071068 0.00272262 -0.837705 -0.5461161 0 -0.152943 -0.988235 8.43083e-4 -0.2588216 -0.9659248 0 -0.403504 -0.9149779 0 -0.6678142 -0.744328 -0.03357172 -0.1320002 -0.9906811 -0.1896317 -0.1012825 -0.9766175 -0.1185731 -0.09769856 -0.9881272 -0.09255462 -0.1236854 -0.9879958 -0.1529367 -0.009052217 -0.9881945 -0.9690316 -0.1927517 -0.1543521 -0.1927515 -0.9690311 -0.1543551 -0.969031 -0.1927524 -0.1543552 -0.8761777 -0.1742827 -0.4493754 -0.8761789 -0.1742822 -0.4493731 -0.697175 -0.1386762 -0.7033606 -0.6971735 -0.1386765 -0.7033619 -0.4466851 -0.08885127 -0.8902685 -0.4466852 -0.08885127 -0.8902684 -0.1712047 -0.03405475 -0.9846468 -0.1492984 -0.03910523 -0.9880186 -0.1295917 -0.0865904 -0.9877794 -0.3786811 -0.2530267 -0.8902686 -0.3786812 -0.2530267 -0.8902685 -0.5910351 -0.394917 -0.703362 -0.5910364 -0.3949172 -0.7033607 -0.7427885 -0.4963146 -0.449374 -0.7427888 -0.4963146 -0.4493737 -0.8215055 -0.5489113 -0.1543534 -0.8215051 -0.5489116 -0.1543549 -0.09624016 -0.1440336 -0.9848818 -0.2530267 -0.3786812 -0.8902685 -0.2530266 -0.3786811 -0.8902686 -0.3949177 -0.5910362 -0.7033607 -0.3949166 -0.5910355 -0.7033619 -0.4963147 -0.7427887 -0.4493736 -0.4963145 -0.7427886 -0.449374 -0.5489113 -0.8215054 -0.1543549 -0.5489118 -0.8215053 -0.1543534 -0.0304082 -0.1528723 -0.987778 -0.08000469 -0.4022105 -0.912045 -0.09926909 -0.4428206 -0.891098 -0.1162298 -0.6632881 -0.7392832 -0.138676 -0.6971737 -0.7033619 -0.1643638 -0.8263152 -0.5386908 -0.1838977 -0.8738163 -0.4501408 -0.1787186 -0.8984782 -0.4009945 -0.1927525 -0.9690313 -0.1543521 -0.9807854 -0.1950896 0 -0.9807854 -0.1950896 0 -0.8314699 -0.5555698 0 -0.8314699 -0.5555698 0 -0.5555698 -0.8314699 0 -0.5555698 -0.8314699 0 -0.1950896 -0.9807854 0 -0.1950896 -0.9807854 0 -0.2588194 0.9659258 0 -0.2588194 0.9659258 0 -0.7071068 0.7071068 0 -0.7071068 0.7071068 0 -0.9659259 0.2588184 0 -0.9659259 0.2588184 0 -0.9659261 -0.258818 0 -0.9659261 -0.258818 0 -0.7071068 -0.7071068 0 -0.7071068 -0.7071068 0 -0.258818 -0.9659261 0 -0.258818 -0.9659261 0 0.2588184 -0.9659259 0 0.2588184 -0.9659259 0 0.7071068 -0.7071068 0 0.7071068 -0.7071068 0 0.9659258 -0.2588194 0 0.9659258 -0.2588194 0 0.9659256 0.2588197 0 0.9659256 0.2588197 0 0.7071068 0.7071068 0 0.7071068 0.7071068 0 0.2588197 0.9659256 0 0.2588197 0.9659256 0 0 0 1 0 0 1 0 0 1 0 0 1 0 0 1 0 0 1 0 0 1 0 0 1 0 0 1 0 0 1 0 0 1 0 0 1 0 0 1 0 0 1 0 0 1 0 0 1 0 0 1 0 0 1 0 0 1 0 0 1 0 0 1 0 0 1 0 0 1 0 0 1 0 0 1 0 0 1 0 0 1 0 0 1 0 0 1 0 0 1 0 0 1 -0.9807851 -0.1950912 0 -0.9807851 -0.1950912 0 -0.8314699 -0.5555698 0 -0.8314699 -0.5555698 0 -0.5555706 -0.8314694 0 -0.5555706 -0.8314694 0 -0.1950893 -0.9807855 0 -0.1950893 -0.9807855 0 -1 0 0 -1 0 0 -0.1305251 -0.9914451 0 -0.2588184 -0.9659244 0.001754105 -0.3826836 -0.9238795 0 -0.6087616 -0.7933531 0 -0.7071057 -0.7071057 0.001754105 -0.7933531 -0.6087616 0 -0.9238795 -0.3826836 0 -0.9659244 -0.2588184 0.001754105 -0.9914451 -0.1305251 0 0 -1 0 0 -1 0 -0.1950912 -0.9807851 0 -0.1950912 -0.9807851 0 -0.5555698 -0.8314699 0 -0.5555698 -0.8314699 0 -0.8314694 -0.5555706 0 -0.8314694 -0.5555706 0 -0.9807855 -0.1950893 0 -0.9807855 -0.1950893 0 -0.1950768 0 0.980788 -0.1950768 0 0.980788 -0.5555856 0 0.8314594 -0.5555856 0 0.8314594 -0.8314638 0 0.555579 -0.8314638 0 0.555579 -0.980786 0 0.1950869 -0.980786 0 0.1950869 -0.03877431 -0.194931 0.9800502 -0.03877425 -0.1949309 0.9800503 -0.1098443 -0.5522236 0.826428 -0.1098442 -0.5522234 0.8264282 -0.1631715 -0.8203181 0.5481362 -0.163172 -0.8203185 0.5481356 -0.1914811 -0.9626378 0.1914771 -0.1914814 -0.9626379 0.1914762 -0.1104194 -0.1652544 0.9800503 -0.1104193 -0.1652543 0.9800503 -0.3128096 -0.4681528 0.8264279 -0.3128111 -0.4681537 0.8264268 -0.4646741 -0.6954323 0.5481351 -0.4646712 -0.6954309 0.5481391 -0.5452899 -0.8160856 0.1914761 -0.5452904 -0.8160856 0.191475 -0.1652543 -0.1104193 0.9800503 -0.1652544 -0.1104194 0.9800503 -0.4681543 -0.3128105 0.8264268 -0.4681525 -0.3128103 0.8264279 -0.6954299 -0.4646725 0.5481393 -0.6954316 -0.4646726 0.5481371 -0.8160853 -0.5452908 0.191475 -0.8160849 -0.545291 0.1914761 -0.194931 -0.03877383 0.9800502 -0.1949301 -0.03877407 0.9800504 -0.5522234 -0.1098443 0.8264282 -0.5522236 -0.1098442 0.8264281 -0.8203181 -0.1631716 0.5481362 -0.8203203 -0.1631707 0.5481331 -0.9626383 -0.1914793 0.1914761 -0.9626381 -0.1914796 0.1914771 0 -0.1950777 0.9807878 0.006898522 -0.2588164 0.9659019 -0.004613518 -0.5555797 0.8314505 0 -0.6087655 0.7933502 0 -0.8314616 0.5555824 -0.006894171 -0.79334 0.6087397 0.009150445 -0.9807449 0.1950787 0 -0.965925 0.2588219 -0.1038817 -0.7890666 0.6054606 -0.1261494 -0.9582085 0.2567543 -0.03405505 -0.2586725 0.9653646 -0.07988983 -0.6068197 0.7908144 -0.1261495 -0.9582085 0.2567541 -0.3698548 -0.8929079 0.2567549 -0.3698549 -0.8929079 0.2567548 -0.5883539 -0.7667574 0.2567542 -0.5883541 -0.7667574 0.2567539 -0.7667575 -0.588354 0.2567539 -0.7667573 -0.5883541 0.2567542 -0.8929079 -0.3698548 0.2567548 -0.8929077 -0.3698548 0.2567549 -0.9582085 -0.1261494 0.2567541 -0.9582085 -0.1261495 0.2567542 -0.06298935 -0.7096377 0.7017455 -0.271761 -0.6560887 0.7040551 -0.2717607 -0.6560885 0.7040555 -0.4323091 -0.5633957 0.7040554 -0.4323068 -0.5633949 0.7040575 -0.563394 -0.4323078 0.7040575 -0.5633964 -0.432308 0.7040555 -0.6560883 -0.2717609 0.7040556 -0.6560888 -0.2717608 0.7040551 -0.7040702 -0.09269183 0.7040551 -0.7040678 -0.09269285 0.7040571 -0.03405469 -0.2586718 0.9653648 -0.09984356 -0.2410438 0.9653647 -0.09984356 -0.2410439 0.9653648 -0.1588279 -0.2069892 0.9653648 -0.1588288 -0.2069897 0.9653645 -0.20699 -0.1588285 0.9653645 -0.2069889 -0.1588283 0.9653648 -0.2410438 -0.09984356 0.9653647 -0.2410439 -0.09984356 0.9653648 -0.2586718 -0.03405499 0.9653648 -0.2586725 -0.03405481 0.9653646 -0.2588226 0 0.9659248 -0.2588226 0 0.9659248 -0.7071122 0 0.7071015 -0.7071122 0 0.7071015 -0.965925 0 0.2588219 -0.965925 0 0.2588219 -0.1202126 -0.6043509 0.787597 -0.05141431 -0.2584794 0.9646476 -0.05141472 -0.2584799 0.9646475 -0.146417 -0.2191286 0.9646475 -0.1464173 -0.2191287 0.9646474 -0.2191286 -0.146417 0.9646475 -0.2191286 -0.146417 0.9646475 -0.2584798 -0.05141496 0.9646475 -0.2584803 -0.05141484 0.9646473 -0.1886827 -0.9485752 0.254173 -0.15588 -0.7836643 0.6013083 -0.1700577 -0.6905285 0.7030298 -0.3966439 -0.5936189 0.7002073 -0.3966426 -0.5936185 0.7002083 -0.5936186 -0.3966432 0.7002079 -0.5936193 -0.3966432 0.7002074 -0.7002211 -0.1392824 0.7002075 -0.7002197 -0.1392831 0.700209 -0.1886823 -0.948575 0.2541738 -0.537324 -0.8041631 0.2541747 -0.537325 -0.804163 0.2541726 -0.8041636 -0.5373243 0.2541726 -0.8041635 -0.5373243 0.2541728 -0.9485749 -0.1886842 0.2541732 -0.948575 -0.1886841 0.2541729 0 -0.2588217 0.9659251 -0.00103873 -0.1950767 0.9807875 7.82645e-4 -0.6087654 0.79335 0 -0.5555856 0.8314594 0 -0.7933623 0.6087496 5.23533e-4 -0.8314636 0.555579 -7.82886e-4 -0.9659247 0.2588219 0 -0.980786 0.1950869 0.9807851 -0.1950912 0 0.9807851 -0.1950912 0 0.8314699 -0.5555698 0 0.8314699 -0.5555698 0 0.5555706 -0.8314694 0 0.5555706 -0.8314694 0 0.1950893 -0.9807855 0 0.1950893 -0.9807855 0 0 -1 0 0 -1 0 0 -1 0 0 -1 0 0 -1 0 0 -1 0 0 -1 0 0 -1 0 0 -1 0 0 -1 0 0.9822906 -0.1873642 0 0.9658093 -0.2587877 0.01553642 0.9003244 -0.4352195 0 0.7933539 -0.6087607 0 0.7069753 -0.7069753 0.01928377 0.6087607 -0.7933539 0 0.4352195 -0.9003244 0 0.2587877 -0.9658093 0.01553642 0.1873642 -0.9822906 0 0.1950912 -0.9807851 0 0.1950912 -0.9807851 0 0.5555698 -0.8314699 0 0.5555698 -0.8314699 0 0.8314694 -0.5555706 0 0.8314694 -0.5555706 0 0.9807855 -0.1950893 0 0.9807855 -0.1950893 0 0.9485752 -0.1886827 0.254173 0.7002215 -0.1392825 0.7002073 0.2584794 -0.05141431 0.9646476 0.2584799 -0.05141472 0.9646475 0.2191286 -0.146417 0.9646475 0.2191287 -0.1464173 0.9646474 0.146417 -0.2191286 0.9646475 0.146417 -0.2191286 0.9646475 0.05141496 -0.2584798 0.9646475 0.05141484 -0.2584803 0.9646473 0.7002213 -0.1392822 0.7002076 0.5936189 -0.3966439 0.7002073 0.5936185 -0.3966426 0.7002083 0.3966432 -0.5936186 0.7002079 0.3966432 -0.5936193 0.7002074 0.1392824 -0.7002211 0.7002075 0.1392831 -0.7002197 0.700209 0.948575 -0.1886823 0.2541738 0.8041631 -0.537324 0.2541747 0.804163 -0.537325 0.2541726 0.5373243 -0.8041636 0.2541726 0.5373243 -0.8041635 0.2541728 0.1886842 -0.9485749 0.2541732 0.1886841 -0.948575 0.2541729 0.1950768 0 0.9807879 0.4423292 -0.003098428 0.8968473 0.2588217 0 0.9659251 0.6087656 0 0.7933502 0.7071136 -0.001045227 0.7070992 0.7933623 0 0.6087496 0.896852 0 0.4423308 0.9659247 -7.82886e-4 0.2588219 0.980786 0 0.1950869 0.4338266 0.8797116 0.194684 0.194931 0.03877383 0.9800502 0.1104194 0.1652544 0.9800503 0.1104193 0.1652543 0.9800503 0.3128096 0.4681528 0.8264279 0.3128111 0.4681537 0.8264268 0.4646741 0.6954323 0.5481351 0.1652543 0.1104193 0.9800503 0.1652544 0.1104194 0.9800503 0.4681543 0.3128105 0.8264268 0.4681525 0.3128103 0.8264279 0.1949301 0.03877407 0.9800504 0.4406291 0.08764678 0.8934002 0.546416 0.1264557 0.8279122 0.6043508 0.120213 0.787597 0.7836643 0.1558806 0.6013082 0.4646712 0.6954309 0.5481391 0.6954299 0.4646725 0.5481392 0.6954316 0.4646726 0.5481371 0.8163944 0.1777796 0.5494494 0.8829129 0.175621 0.435456 0.03877431 0.194931 0.9800502 0.03877425 0.1949309 0.9800503 0.1098443 0.5522236 0.826428 0.1098442 0.5522234 0.8264282 0.1631715 0.8203181 0.5481362 0.163172 0.8203185 0.5481356 0.1914811 0.9626378 0.1914771 0.1914814 0.9626379 0.1914762 0.5667359 0.738586 0.3651046 0.5452901 0.8160858 0.1914749 0.7783631 0.5972579 0.1934785 0.7898393 0.5277538 0.3124576 0.8797107 0.4338285 0.194684 0.9626383 0.1914793 0.1914761 0.9626381 0.1914796 0.1914771 0.1950912 0.9807851 0 0.2588199 0.9659251 -9.85292e-4 0.4422894 0.8968724 0 0.6087607 0.7933539 0 0.7071062 0.7071062 -0.001315593 0.7933539 0.6087607 0 0.9659259 0.2588189 0 0.8968647 0.4422879 -0.003899097 0.9807855 0.1950893 0 1 0 0 1 0 0 1 0 0 1 0 0 1 0 0 1 0 0 1 0 0 1 0 0 1 0 0 1 0 0 0.1873642 0.9822906 0 0.2587877 0.9658093 0.01553642 0.4352195 0.9003244 0 0.6087607 0.7933539 0 0.7069753 0.7069753 0.01928377 0.7933539 0.6087607 0 0.9003244 0.4352195 0 0.9658093 0.2587877 0.01553642 0.9822906 0.1873642 0 0 1 0 0 1 0 0 1 0 0 1 0 0 1 0 -0.7313414 -0.6585037 -0.1775179 -0.1028156 -0.9782063 -0.1803923 0.3882758 -0.726827 -0.5665372 0.6970658 -0.0848385 -0.7119703 0.4352353 0.4375671 -0.7868324 0.4315884 0.4442234 -0.7851096 0.4274026 0.4555302 -0.7809093 0.3989849 0.5491555 -0.7343292 -0.3516163 0.6549153 -0.6689186 0.5794598 0.3553693 -0.7334433 0.4362626 0.436178 -0.7870348 0.4443587 0.4279953 -0.7869977 0.44712 0.4637817 -0.7648466 0.9047793 0.09509742 -0.4151278 0.8999304 0.1027179 -0.4237622 0.7815931 0.4512524 -0.4306781 0.4446215 -0.4441236 -0.7778599 0.441771 -0.4455693 -0.7786568 0.479659 -0.431887 -0.7638068 0.4456963 -0.4896047 -0.7494279 0.442706 -0.4934747 -0.7486616 0.3203674 -0.5872517 -0.7433035 0.4393311 -0.449778 -0.7776169 0.446993 -0.4424632 -0.7774469 0.07278054 -0.8887917 -0.4524956 0.1899779 -0.8711516 -0.4527728 -0.4021515 -0.7559747 -0.516504 -0.4444369 -0.4447214 -0.7776238 -0.4360684 -0.4540132 -0.7769919 -0.3203674 -0.5872517 -0.7433035 -0.4493679 -0.4433408 -0.7755755 -0.4471254 -0.4423943 -0.7774099 -0.4429848 -0.4451619 -0.7782 -0.4407824 -0.4410399 -0.7817895 -0.7118552 0.4305666 -0.5548645 -0.4374724 0.4349172 -0.787061 -0.4484237 0.4260569 -0.7857427 -0.5794598 0.3553693 -0.7334433 -0.4410215 0.4407736 -0.7818047 -0.4349808 0.4375333 -0.786992 -0.428662 0.4508204 -0.7829495 -0.3989849 0.5491555 -0.7343292 0.3516162 0.6549153 -0.6689186 0.3799281 -0.8533334 -0.3570388 0.3967062 -0.8910177 -0.2207072 0.352567 -0.9184697 -0.1791927 0.1028156 -0.9782063 -0.1803923 0 -0.9720229 -0.2348859 0 -0.916821 -0.3992984 -0.11711 -0.8676775 -0.4831367 -0.352567 -0.9184697 -0.1791927 -0.3967062 -0.8910177 -0.2207072 -0.3799281 -0.8533334 -0.3570388 -0.449087 -0.7046997 -0.5492898 -0.9359515 -0.3041091 -0.1775177 -0.8980246 -0.2917859 -0.3292608 -0.7403064 -0.4258386 -0.5201999 -0.9359519 -0.3041083 -0.1775168 -0.9821144 -0.05146974 -0.1811134 -0.9699971 0.1019507 -0.2207073 -0.9717016 0.1539025 -0.1791926 -0.8522711 0.4920588 -0.1775166 -0.8522714 0.4920584 -0.1775161 -0.5784497 0.7961683 -0.1775161 -0.5784496 0.7961683 -0.1775161 -0.2046104 0.9626124 -0.1775161 -0.2046095 0.9626124 -0.177517 0.2046104 0.9626122 -0.1775169 0.2046095 0.9626126 -0.1775161 0.5784497 0.7961683 -0.1775161 0.5784497 0.7961683 -0.1775161 0.8522713 0.4920588 -0.1775162 0.8522713 0.4920583 -0.1775166 0.9717016 0.1539025 -0.1791926 0.9699972 0.1019522 -0.2207061 0.9821147 -0.05146974 -0.1811118 0.9359515 -0.3041107 -0.1775152 0.9359517 -0.3041083 -0.1775176 0.731342 -0.658503 -0.1775179 0.7313416 -0.6585038 -0.1775169 0.5356316 -0.8248012 -0.1811131 -0.06356954 0.9629022 -0.2622559 -0.1845836 0.868398 -0.4602323 0.1127843 0.877943 -0.465291 0.1945468 0.9152714 -0.3527459 0.4616453 0.721613 -0.5159054 0.5049566 0.6950138 -0.5118345 0.5049569 0.6950133 -0.511835 0.7195442 0.4654277 -0.5153962 0.7118552 0.4305666 -0.5548645 0.4392319 -0.7334993 -0.5187042 0.6384234 -0.5748391 -0.5118355 0.6384238 -0.574839 -0.5118352 0.7403064 -0.4258386 -0.5201999 0.8980237 -0.291787 -0.3292624 0.8734465 -0.1518695 -0.4626303 0.8847281 -0.03696012 -0.4646397 -0.5356316 -0.8248012 -0.1811131 -0.7313422 -0.6585031 -0.1775168 -0.6384236 -0.5748389 -0.5118355 -0.6384235 -0.5748392 -0.5118352 -0.487797 -0.4392144 -0.7544168 -0.6970663 -0.08484047 -0.7119696 -0.4616453 0.721613 -0.5159054 -0.504957 0.6950135 -0.5118345 -0.5049565 0.6950137 -0.511835 -0.7195442 0.4654277 -0.5153962 -0.7815931 0.4512524 -0.4306781 -0.8999304 0.1027179 -0.4237622 -0.9047801 0.09509605 -0.4151263 -0.8847292 -0.03695994 -0.4646378 -0.8734477 -0.1518689 -0.4626284 0 0 -1 0 0 -1 0 0 -1 0 0 -1 0 0 -1 0 0 -1 0 0 -1 0 0 -1 0 0 -1 0 0 -1 0 0 -1 0 0 -1 0 0 -1 0 0 -1 0 0 -1 0 0 -1 0 0 -1 0 0 -1 0 0 -1 0 0 -1 0 0 -1 0 0 -1 0 0 -1 0 0 -1 0 0 -1 0 0 -1 0 0 -1 0 0 -1 0 0 -1 0 -1 0 0 -1 0 0 -1 0 0 -1 0 0 -1 0 0 -1 0 -0.1950951 0 -0.9807844 -0.1915236 -3.62333e-5 -0.9814881 -0.5555592 3.66396e-5 -0.8314771 -0.5505433 -2.43772e-5 -0.8348066 -0.8314755 2.444e-5 -0.5555614 -0.8294483 -1.22229e-5 -0.5585836 -0.9807853 1.20845e-5 -0.1950905 -0.9805491 0 -0.196274 -0.9624141 0.1914353 -0.1926439 -0.9624134 0.1914361 -0.1926465 -0.8183844 0.162787 -0.5511328 -0.8183844 0.162787 -0.5511328 -0.5472716 0.1088592 -0.8298455 -0.5472731 0.1088588 -0.8298445 -0.1913847 0.03806859 -0.9807766 -0.1696097 0.04304742 -0.9845707 -0.8158953 0.5451632 -0.1926448 -0.8158944 0.5451636 -0.1926472 -0.6937924 0.4635776 -0.5511335 -0.6937914 0.4635775 -0.5511347 -0.4639553 0.3100057 -0.8298446 -0.463958 0.310006 -0.8298428 -0.1761682 0.1177115 -0.9772967 -0.1242992 0.1130208 -0.985787 -0.545163 0.8158949 -0.1926472 -0.5451639 0.8158948 -0.1926448 -0.4635772 0.6937917 -0.5511346 -0.463578 0.6937921 -0.5511334 -0.310007 0.4639573 -0.8298429 -0.3100045 0.4639558 -0.8298447 -0.1206092 0.1805049 -0.9761513 -0.05872768 0.1578364 -0.9857173 -0.1914352 0.9624136 -0.1926465 -0.1914362 0.9624139 -0.1926439 -0.162787 0.8183844 -0.5511329 -0.162787 0.8183844 -0.5511327 -0.1088595 0.5472729 -0.8298446 -0.1088585 0.5472716 -0.8298456 -0.04163193 0.2092989 -0.9769651 -0.01145541 0.191511 -0.9814236 -0.9807854 0.1950896 0 -0.9807854 0.1950896 0 -0.8314699 0.5555698 0 -0.8314699 0.5555698 0 -0.5555698 0.8314699 0 -0.5555698 0.8314699 0 -0.1950896 0.9807854 0 -0.1950896 0.9807854 0 -0.258818 0.9659261 0 -0.258818 0.9659261 0 -0.7071068 0.7071068 0 -0.7071068 0.7071068 0 -0.9659261 0.258818 0 -0.9659261 0.258818 0 -0.9659259 -0.2588184 0 -0.9659259 -0.2588184 0 -0.7071068 -0.7071068 0 -0.7071068 -0.7071068 0 -0.2588194 -0.9659258 0 -0.2588194 -0.9659258 0 0.2588197 -0.9659256 0 0.2588197 -0.9659256 0 0.7071068 -0.7071068 0 0.7071068 -0.7071068 0 0.9659256 -0.2588197 0 0.9659256 -0.2588197 0 0.9659258 0.2588194 0 0.9659258 0.2588194 0 0.7071068 0.7071068 0 0.7071068 0.7071068 0 0.2588184 0.9659259 0 0.2588184 0.9659259 0 0 0 1 0 0 1 0 0 1 0 0 1 0 0 1 0 0 1 0 0 1 0 0 1 0 0 1 0 0 1 0 0 1 0 0 1 0 0 1 0 0 1 0 0 1 0 0 1 0 0 1 0 0 1 0 0 1 0 0 1 0 0 1 0 0 1 0 0 1 0 0 1 0 0 1 0 0 1 0 0 1 0 0 1 0 0 1 0 0 1 0 0 1 -0.1950912 0.9807851 0 -0.1950912 0.9807851 0 -0.5555698 0.8314699 0 -0.5555698 0.8314699 0 -0.8314694 0.5555706 0 -0.8314694 0.5555706 0 -0.9807855 0.1950893 0 -0.9807855 0.1950893 0 0 1 0 0 1 0 -0.9951848 0.0980165 0 -0.9807849 0.1950898 9.89175e-4 -0.9569404 0.2902844 0 -0.8819213 0.4713967 0 -0.8314692 0.5555699 9.89175e-4 -0.7730104 0.6343934 0 -0.6343934 0.7730104 0 -0.5555699 0.8314692 9.89175e-4 -0.4713967 0.8819213 0 -0.2902844 0.9569404 0 -0.1950898 0.9807849 9.89175e-4 -0.0980165 0.9951848 0 -1 0 0 -1 0 0 -0.9914447 0.1305279 0 -0.9659247 0.2588198 -0.001315593 -0.9238795 0.3826838 0 -0.7933539 0.6087607 0 -0.7071062 0.7071062 -0.001315593 -0.1305255 0.991445 0 -0.2588188 0.965925 -0.001315593 -0.3826838 0.9238795 0 -0.6087607 0.7933539 0 0 1 0 0 1 0 0 1 0 0 1 0 0 1 0 0 1 0 0 1 0 0 1 0 0 1 0 0 1 0 0 0.2588217 0.9659251 0 0.2588217 0.9659251 0 0.7071139 0.7070996 0 0.7071139 0.7070996 0 0.965925 0.2588219 0 0.965925 0.2588219 -0.6068199 0.07988834 0.7908145 -0.2586724 0.03405505 0.9653646 -0.8906649 0.1172595 0.4392793 -0.7890664 0.1038837 0.6054605 -0.9727104 0.1280614 0.1934806 -0.2586718 0.03405433 0.9653648 -0.2410436 0.09984296 0.9653649 -0.2410445 0.09984475 0.9653645 -0.2069898 0.1588294 0.9653644 -0.2069895 0.1588279 0.9653647 -0.1588282 0.2069895 0.9653646 -0.1588283 0.2069889 0.9653648 -0.09984415 0.2410435 0.9653648 -0.0998438 0.2410447 0.9653646 -0.0340541 0.258673 0.9653645 -0.03405505 0.2586716 0.9653649 -0.6938416 0.1399314 0.7064015 -0.6560881 0.2717629 0.704055 -0.6560869 0.27176 0.7040572 -0.5633956 0.4323067 0.704057 -0.5633958 0.432308 0.7040562 -0.4323084 0.5633951 0.7040565 -0.4323084 0.5633945 0.7040569 -0.2717596 0.6560871 0.7040572 -0.2717595 0.6560875 0.7040569 -0.09269315 0.704068 0.7040569 -0.09269177 0.7040697 0.7040554 -0.9530445 0.1590515 0.2576988 -0.8929083 0.3698546 0.2567537 -0.8929083 0.3698551 0.256753 -0.7667581 0.5883533 0.2567537 -0.7667582 0.5883531 0.2567539 -0.5883544 0.7667572 0.2567539 -0.5883535 0.7667587 0.2567516 -0.3698539 0.8929091 0.2567517 -0.369855 0.8929081 0.2567537 -0.1261495 0.9582086 0.2567536 -0.1261499 0.9582085 0.2567543 -0.965925 0 0.2588219 -0.2588226 0 0.9659248 -0.2588226 0 0.9659248 -0.6087655 0 0.7933502 -0.6087655 0 0.7933502 -0.7933589 0 0.6087541 -0.7933589 0 0.6087541 -0.896852 0 0.4423307 -0.9807449 -0.009150445 0.1950787 -0.790948 0.077901 0.6069042 -0.9615834 0.09470707 0.2576586 -0.2587385 0.02548342 0.9656112 -0.6076743 0.05985045 0.7919281 -0.9615834 0.09470701 0.2576587 -0.9246303 0.2804833 0.2576585 -0.9246304 0.2804831 0.2576587 -0.8521442 0.4554805 0.2576585 -0.8521441 0.4554812 0.2576575 -0.7469107 0.6129739 0.2576572 -0.746911 0.6129733 0.2576583 -0.6129738 0.7469105 0.2576582 -0.6129734 0.7469112 0.2576572 -0.4554806 0.8521444 0.2576574 -0.4554811 0.8521438 0.2576585 -0.2804833 0.9246302 0.2576587 -0.2804831 0.9246304 0.2576585 -0.09470707 0.9615834 0.2576587 -0.09470701 0.9615834 0.2576586 -0.7107373 0.02955991 0.7028363 -0.6782956 0.2057584 0.7053925 -0.6782961 0.2057592 0.7053918 -0.6251209 0.3341346 0.705392 -0.625121 0.3341348 0.7053919 -0.5479237 0.4496688 0.7053918 -0.5479235 0.4496672 0.7053931 -0.4496679 0.5479226 0.7053931 -0.4496679 0.5479244 0.7053918 -0.3341347 0.625121 0.7053919 -0.3341347 0.6251209 0.7053919 -0.2057586 0.6782963 0.7053917 -0.205759 0.6782954 0.7053925 -0.06947571 0.7054039 0.7053924 -0.06947588 0.7054035 0.7053927 -0.2587386 0.02548348 0.9656112 -0.2487954 0.0754714 0.9656112 -0.248795 0.07547092 0.9656113 -0.2292906 0.1225586 0.9656113 -0.2292906 0.1225585 0.9656114 -0.2009752 0.1649354 0.9656113 -0.2009755 0.1649363 0.9656112 -0.164936 0.2009759 0.9656111 -0.1649358 0.2009748 0.9656113 -0.1225585 0.2292905 0.9656113 -0.1225585 0.2292906 0.9656113 -0.07547122 0.2487949 0.9656113 -0.0754711 0.2487955 0.9656112 -0.02548342 0.2587386 0.9656111 -0.02548348 0.2587385 0.9656112 0 0.2588226 0.9659248 0 0.2588226 0.9659248 0 0.7071122 0.7071015 0 0.7071122 0.7071015 0 0.965925 0.2588219 0 0.965925 0.2588219 -0.9485752 0.1886827 0.254173 -0.7002215 0.1392825 0.7002073 -0.2584794 0.05141431 0.9646476 -0.2584799 0.05141472 0.9646475 -0.2191286 0.146417 0.9646475 -0.2191287 0.1464173 0.9646474 -0.146417 0.2191286 0.9646475 -0.146417 0.2191286 0.9646475 -0.05141496 0.2584798 0.9646475 -0.05141484 0.2584803 0.9646473 -0.7002213 0.1392822 0.7002076 -0.5936189 0.3966439 0.7002073 -0.5936185 0.3966426 0.7002083 -0.3966432 0.5936186 0.7002079 -0.3966432 0.5936193 0.7002074 -0.1392824 0.7002211 0.7002075 -0.1392831 0.7002197 0.700209 -0.948575 0.1886823 0.2541738 -0.8041631 0.537324 0.2541747 -0.804163 0.537325 0.2541726 -0.5373243 0.8041636 0.2541726 -0.5373243 0.8041635 0.2541728 -0.1886842 0.9485749 0.2541732 -0.1886841 0.948575 0.2541729 -0.2588217 0 0.9659251 -0.2588217 0 0.9659251 -0.707114 0 0.7070996 -0.707114 0 0.7070996 -0.965925 0 0.258822 -0.965925 0 0.258822 -1 0 0 -1 0 0 -1 0 0 -1 0 0 -1 0 0 -1 0 0 -1 0 0 -1 0 0 -1 0 0 -1 0 0 -1 0 0 -1 0 0 -1 0 0 -1 0 0 -0.2588195 -0.9659258 0 -0.2588195 -0.9659258 0 -0.7071068 -0.7071068 0 -0.7071068 -0.7071068 0 -0.9659258 -0.2588195 0 -0.9659258 -0.2588195 0 -0.9659256 0.25882 0 -0.9659256 0.25882 0 -0.7071079 0.7071057 0 -0.7071079 0.7071057 0 -0.2588195 0.9659258 0 -0.2588195 0.9659258 0 -0.2588195 -0.9659258 0 -0.2588195 -0.9659258 0 -0.7071079 -0.7071057 0 -0.7071079 -0.7071057 0 -0.9659256 -0.25882 0 -0.9659256 -0.25882 0 -0.9659258 0.2588195 0 -0.9659258 0.2588195 0 -0.7071068 0.7071068 0 -0.7071068 0.7071068 0 -0.2588195 0.9659258 0 -0.2588195 0.9659258 0 0.2588195 0.9659258 0 0.2588195 0.9659258 0 0.7071068 0.7071068 0 0.7071068 0.7071068 0 0.9659258 0.2588195 0 0.9659258 0.2588195 0 0.9659256 -0.25882 0 0.9659256 -0.25882 0 0.7071079 -0.7071057 0 0.7071079 -0.7071057 0 0.2588195 -0.9659258 0 0.2588195 -0.9659258 0 -0.0871554 -0.9961947 0 -0.0871554 -0.9961947 0 -0.2588192 -0.9659258 0 -0.2588192 -0.9659258 0 -0.4226184 -0.9063078 0 -0.4226184 -0.9063078 0 -0.5735764 -0.8191521 0 -0.5735764 -0.8191521 0 -0.7071068 -0.7071068 0 -0.7071068 -0.7071068 0 -0.8191521 -0.5735764 0 -0.8191521 -0.5735764 0 -0.9063078 -0.4226184 0 -0.9063078 -0.4226184 0 -0.9659258 -0.2588192 0 -0.9659258 -0.2588192 0 -0.9961947 -0.0871554 0 -0.9961947 -0.0871554 0 -0.9961947 0.0871554 0 -0.9961947 0.0871554 0 -0.9659258 0.2588192 0 -0.9659258 0.2588192 0 -0.9063078 0.4226184 0 -0.9063078 0.4226184 0 -0.8191521 0.5735764 0 -0.8191521 0.5735764 0 -0.7071068 0.7071068 0 -0.7071068 0.7071068 0 -0.5735764 0.8191521 0 -0.5735764 0.8191521 0 -0.4226184 0.9063078 0 -0.4226184 0.9063078 0 -0.2588192 0.9659258 0 -0.2588192 0.9659258 0 -0.0871554 0.9961947 0 -0.0871554 0.9961947 0 -0.08715593 -0.9961947 0 -0.08715593 -0.9961947 0 -0.2588191 -0.9659258 0 -0.2588191 -0.9659258 0 -0.4226181 -0.9063078 0 -0.4226181 -0.9063078 0 -0.5735767 -0.8191519 0 -0.5735767 -0.8191519 0 -0.7071068 -0.7071068 0 -0.7071068 -0.7071068 0 -0.8191519 -0.5735767 0 -0.8191519 -0.5735767 0 -0.9063078 -0.4226181 0 -0.9063078 -0.4226181 0 -0.9659258 -0.2588191 0 -0.9659258 -0.2588191 0 -0.9961947 -0.08715593 0 -0.9961947 -0.08715593 0 -0.9961947 0.08715593 0 -0.9961947 0.08715593 0 -0.9659258 0.2588191 0 -0.9659258 0.2588191 0 -0.9063078 0.4226181 0 -0.9063078 0.4226181 0 -0.8191519 0.5735767 0 -0.8191519 0.5735767 0 -0.7071068 0.7071068 0 -0.7071068 0.7071068 0 -0.5735767 0.8191519 0 -0.5735767 0.8191519 0 -0.4226181 0.9063078 0 -0.4226181 0.9063078 0 -0.2588191 0.9659258 0 -0.2588191 0.9659258 0 -0.08715593 0.9961947 0 -0.08715593 0.9961947 0 0 0 -1 0 0 -1 0 0 -1 0 0 -1 0 0 -1 0 0 -1 0 0 -1 0 0 -1 0 0 -1 0 0 -1 0 0 -1 0 0 -1 0 0 -1 0 0 -1 0 0 -1 0 0 -1 0 0 -1 0 0 -1 0 0 -1 0 0 -1 0 0 -1 0 0 -1 0 0 -1 0 0 -1 0 0 -1 0 0 -1 0 0 -1 0 0 -1 0 0 -1 0 0 -1 0 0 -1 0 0 -1 0 0 -1 0 0 -1 0 0 -1 0 0 -1 0 0 -1 0 0 -1 0 0 -1 0 0 -1 0 0 -1 0 0 -1 0 0 -1 0 0 -1 0 0 -1 0 0 -1 0 0 -1 0 0 -1 0 0 -1 0 0 -1 0 0 -1 0 0 -1 0 0 -1 0 0 -1 0 0 -1 0 0 -1 0 0 -1 0 0 -1 0 0 -1 0 0 -1 0 0 -1 0 0 -1 0 0 -1 0 0 -1 0 0 -1 0 0 -1 0 0 -1 0 0 -1 0 0 -1 0 0 -1 0 0 -1 0 0 -1 0.08715593 0.9961947 0 0.08715593 0.9961947 0 0.2588191 0.9659258 0 0.2588191 0.9659258 0 0.4226181 0.9063078 0 0.4226181 0.9063078 0 0.5735767 0.8191519 0 0.5735767 0.8191519 0 0.7071068 0.7071068 0 0.7071068 0.7071068 0 0.8191519 0.5735767 0 0.8191519 0.5735767 0 0.9063078 0.4226181 0 0.9063078 0.4226181 0 0.9659258 0.2588191 0 0.9659258 0.2588191 0 0.9961947 0.08715593 0 0.9961947 0.08715593 0 0.9961947 -0.08715593 0 0.9961947 -0.08715593 0 0.9659258 -0.2588191 0 0.9659258 -0.2588191 0 0.9063078 -0.4226181 0 0.9063078 -0.4226181 0 0.8191519 -0.5735767 0 0.8191519 -0.5735767 0 0.7071068 -0.7071068 0 0.7071068 -0.7071068 0 0.5735767 -0.8191519 0 0.5735767 -0.8191519 0 0.4226181 -0.9063078 0 0.4226181 -0.9063078 0 0.2588191 -0.9659258 0 0.2588191 -0.9659258 0 0.08715593 -0.9961947 0 0.08715593 -0.9961947 0 1 0 0 1 0 0 1 0 0 1 0 0 1 0 0 1 0 0 1 0 0 1 0 0 0.7071068 0.7071068 0 0.7071068 0.7071068 0 0 -1 0 0 -1 0 0 -1 0 0 -1 0 0 -1 0 0 -1 0 0 -1 0 0 -1 0 -0.7300523 -0.6833913 0 -0.7070875 -0.7070875 -0.007385432 -0.7070875 -0.7070875 -0.007385432 -0.6833913 -0.7300523 0 0 0 -1 0 0 -1 0 0 -1 0 0 -1 0 0 -1 0 0 -1 0 0 -1 0 0 -1 0 0 -1 0 0 -1 0 0 -1 0 0 -1 0 0 -1 0 0 -1 0 0 -1 0 0 -1 0 0 -1 0 0 -1 0 0 -1 0 0 -1 0 0 -1 0 0 -1 0 0 -1 0 0 -1 0 0 -1 0 0 -1 0 0 -1 0 0 -1 0 0 -1 0 0 -1 0 0 -1 0 0 -1 0 0 -1 0 0 -1 0 0 -1 0 0 -1 0 0 -1 0 0 -1 0 0 -1 0 0 -1 0 0 -1 0 0 -1 0 0 -1 0 0 -1 0 0 -1 0 0 -1 0 0 -1 0 0 -1 0 0 -1 0 0 -1 0 0 -1 0 0 -1 0 0 -1 0 0 -1 0 0 -1 0 0 -1 0 0 -1 0 0 -1 0 0 -1 0 0 -1 0 0 -1 0 0 -1 0 0 -1 0 0 -1 0 0 -1 0 0 -1 0 0 -1 0 0 -1 0 0 -1 0 0 -1 0 0 -1 0 0 -1 0 0 -1 0 0 -1 0 0 -1 0 0 -1 0 0 -1 0 0 -1 0 0 -1 0 0 -1 0 0 -1 0 0 -1 0 0 -1 0 0 -1 0 0 -1 0 0 -1 0 0 -1 0 0 -1 0 0 -1 0 0 -1 0 0 -1 0 0 -1 0 0 -1 0 0 -1 0 0 -1 0 0 -1 0 0 -1 0 0 -1 0 0 -1 0 0 -1 0 0 -1 0 0 -1 0 0 -1 0 0 -1 -0.685823 0.7277684 0 -0.7070875 0.7070875 -0.007385432 -0.7300523 0.6833913 0 -1 0 0 -1 0 0 -1 0 0 -1 0 0 -1 0 0 -1 0 0 -1 0 0 -1 0 0 0 0 1 0 0 1 0 0 1 0 0 1 0 0 1 0 0 1 0 0 1 0 0 1 0 0 1 0 0 1 0 0 1 0 0 1 0 0 1 0 0 1 0 0 1 0 0 1 0 0 1 0 0 1 0 0 1 0 0 1 0 0 1 0 0 1 0 0 1 0 0 1 0 0 1 0 0 1 0 0 1 0 0 1 0 0 1 0 0 1 0 0 1 0 0 1 0 0 1 0 0 1 0 0 1 0 0 1 0 0 1 0 0 1 0 0 1 0 0 1 0 0 1 0 0 1 0 0 1 0 0 1 0 0 1 0 0 1 0 0 1 0 0 1 0 0 1 0 0 1 0 0 1 0 0 1 0 0 1 0 0 1 0 0 1 0 0 1 0 0 1 0 0 1 0 0 1 0 0 1 0 0 1 0 0 1 0 0 1 0 0 1 0 0 1 0 0 1 0 0 1 0 0 1 0 0 1 0 0 1 0 0 1 0 0 1 0 0 1 0 0 1 0 0 1 0 0 1 0 0 1 0 0 1 0 0 1 0 0 1 0 0 1 0 0 1 0 0 1 0 0 1 0 0 1 0 0 1 0 0 1 0 0 1 0 0 1 0 0 1 0 0 1 0 0 1 0 0 1 0 0 1 0 0 1 0 0 1 0 0 1 0 0 1 0 0 1 0 0 1 0 0 1 0 0 1 0 0 1 0 0 1 0 0 1 0 0 1 0 0 1 0 0 1 0 0 1 0 0 1 0 0 1 0 0 1 0 0 1 0 0 1 0 0 1 0 0 1 0 0 1 0 0 1 0 0 1 0 0 1 0 0 1 0 0 1 0 0 1 0 0 1 0 0 1 0 0 1 0 0 1 0 0 1 0 0 1 0 0 1 0 0 1 0 0 1 0 0 1 0 0 1 0 0 1 0 0 1 0 0 1 0 0 1 0 0 1 0 0 1 0 0 1 0 0 1 0 0 1 0 0 1 0 0 1 0 0 1 0 0 1 0 0 1 0 0 1 0 0 1 0 0 1 0 0 1 0 0 1 0 0 1 0 0 1 0 0 1 0 0 1 0 0 1 0 0 1 0 0 1 0 0 1 0 0 1 0 0 1 0 0 1 0 0 1 0 0 1 0 0 1 0 0 1 0 0 1 0 0 1 0 0 1 0 0 1 0 0 1 0 0 1 0 0 1 0 0 1 0 0 1 0 0 1 0 0 1 0 0 1 0 0 1 0 0 1 0 0 1 0 0 1 0 0 1 0 0 1 0 0 1 0 0 1 0 0 1 0 0 1 0 0 1 0 0 1 0 0 1 0 0 1 0 0 1 0 0 1 0 0 1 0 0 1 0 0 1 0 0 1 0 0 1 0 0 1 0 0 1 0 0 1 0 0 1 0 0 1 0 0 1 0 0 1 0 0 1 0 0 1 0 0 1 0 0 1 0 0 1 0 0 1 0 0 1 0 0 1 0 0 1 0 0 1 0 0 1 0 0 1 0 0 1 0 0 1 0 0 1 0 0 1 0 0 1 0 0 1 0 0 1 0 0 1 0 0 1 0 0 1 0 0 1 0 0 1 0 0 1 0 0 1 0.2588195 0.9659258 0 0.2588195 0.9659258 0 0.7071079 0.7071057 0 0.7071079 0.7071057 0 0.9659256 0.25882 0 0.9659256 0.25882 0 0.9659258 -0.2588195 0 0.9659258 -0.2588195 0 0.7071068 -0.7071068 0 0.7071068 -0.7071068 0 0.2588195 -0.9659258 0 0.2588195 -0.9659258 0 -0.25882 -0.9659256 0 -0.25882 -0.9659256 0 -0.7071057 -0.7071079 0 -0.7071057 -0.7071079 0 -0.9659258 -0.2588195 0 -0.9659258 -0.2588195 0 -0.9659256 0.25882 0 -0.9659256 0.25882 0 -0.7071068 0.7071068 0 -0.7071068 0.7071068 0 -0.25882 0.9659256 0 -0.25882 0.9659256 0 0.2588191 0.9659258 0 0.2588191 0.9659258 0 0.7071068 0.7071068 0 0.7071068 0.7071068 0 0.9659258 0.2588191 0 0.9659258 0.2588191 0 0.9659258 -0.2588191 0 0.9659258 -0.2588191 0 0.7071068 -0.7071068 0 0.7071068 -0.7071068 0 0.2588191 -0.9659258 0 0.2588191 -0.9659258 0 -0.2588191 -0.9659258 0 -0.2588191 -0.9659258 0 -0.7071068 -0.7071068 0 -0.7071068 -0.7071068 0 -0.9659258 -0.2588191 0 -0.9659258 -0.2588191 0 -0.9659258 0.2588191 0 -0.9659258 0.2588191 0 -0.7071068 0.7071068 0 -0.7071068 0.7071068 0 -0.2588191 0.9659258 0 -0.2588191 0.9659258 0 -0.2588191 -0.9659258 0 -0.2588191 -0.9659258 0 -0.7071068 -0.7071068 0 -0.7071068 -0.7071068 0 -0.9659258 -0.2588191 0 -0.9659258 -0.2588191 0 -0.9659258 0.2588191 0 -0.9659258 0.2588191 0 -0.7071068 0.7071068 0 -0.7071068 0.7071068 0 -0.2588191 0.9659258 0 -0.2588191 0.9659258 0 0.2588191 0.9659258 0 0.2588191 0.9659258 0 0.7071068 0.7071068 0 0.7071068 0.7071068 0 0.9659258 0.2588191 0 0.9659258 0.2588191 0 0.9659258 -0.2588191 0 0.9659258 -0.2588191 0 0.7071068 -0.7071068 0 0.7071068 -0.7071068 0 0.2588191 -0.9659258 0 0.2588191 -0.9659258 0 0.2588191 0.9659258 0 0.2588191 0.9659258 0 0.7071068 0.7071068 0 0.7071068 0.7071068 0 0.9659258 0.2588191 0 0.9659258 0.2588191 0 0.9659258 -0.2588191 0 0.9659258 -0.2588191 0 0.7071068 -0.7071068 0 0.7071068 -0.7071068 0 0.2588191 -0.9659258 0 0.2588191 -0.9659258 0 -0.2588191 -0.9659258 0 -0.2588191 -0.9659258 0 -0.7071068 -0.7071068 0 -0.7071068 -0.7071068 0 -0.9659258 -0.2588191 0 -0.9659258 -0.2588191 0 -0.9659258 0.2588191 0 -0.9659258 0.2588191 0 -0.7071068 0.7071068 0 -0.7071068 0.7071068 0 -0.2588191 0.9659258 0 -0.2588191 0.9659258 0 0 0 1 0 0 1 0 0 1 0 0 1 0 0 1 0 0 1 0 0 1 0 0 1 0 0 1 0 0 1 0 0 1 0 0 1 0 0 1 0 0 1 0 0 1 0 0 1 0 0 1 0 0 1 0 0 1 0 0 1 0 0 1 0 0 1 0 0 1 0 0 1 0 0 1 0 0 1 0 0 1 0 0 1 0 0 1 0 0 1 0 0 1 0 0 1 0 0 1 0 0 1 0 0 1 0 0 1 0 0 1 0 0 1 0 0 1 0 0 1 0 0 1 0 0 1 0 0 1 0 0 1 0 0 1 0 0 1 0 0 1 0 0 1 0 0 1 0 0 1 0 0 1 0 0 1 0 0 1 0 0 1 0 0 1 0 0 1 0 0 1 0 0 1 0 0 1 0 0 1 0 0 1 0 0 1 0 0 1 0 0 1 0 0 1 0 0 1 0 0 1 0 0 1 0 0 1 0 0 1 0.0871554 -0.9961947 0 0.0871554 -0.9961947 0 0.2588192 -0.9659258 0 0.2588192 -0.9659258 0 0.4226184 -0.9063077 0 0.4226184 -0.9063077 0 0.5735764 -0.8191521 0 0.5735764 -0.8191521 0 0.7071068 -0.7071068 0 0.7071068 -0.7071068 0 0.8191521 -0.5735764 0 0.8191521 -0.5735764 0 0.9063077 -0.4226184 0 0.9063077 -0.4226184 0 0.9659258 -0.2588192 0 0.9659258 -0.2588192 0 0.9961947 -0.0871554 0 0.9961947 -0.0871554 0 0.9961947 0.0871554 0 0.9961947 0.0871554 0 0.9659258 0.2588192 0 0.9659258 0.2588192 0 0.9063077 0.4226184 0 0.9063077 0.4226184 0 0.8191521 0.5735764 0 0.8191521 0.5735764 0 0.7071068 0.7071068 0 0.7071068 0.7071068 0 0.5735764 0.8191521 0 0.5735764 0.8191521 0 0.4226184 0.9063077 0 0.4226184 0.9063077 0 0.2588192 0.9659258 0 0.2588192 0.9659258 0 0.0871554 0.9961947 0 0.0871554 0.9961947 0 0 0 1 0 0 1 0 0 1 0 0 1 0 0 1 0 0 1 0 0 1 0 0 1 0 0 1 0 0 1 0 0 1 0 0 1 0 0 1 0 0 1 0 0 1 0 0 1 0 0 1 0 0 1 0 0 1 0 0 1 0 0 1 0 0 1 0 0 1 0 0 1 0 0 1 0 0 1 0 0 1 0 0 1 0 0 1 0 0 1 0 0 1 0 0 1 0 0 1 0 0 1 0 0 1 0 0 1 0 0 1 0 0 1 0 0 1 0 0 1 0 0 1 0 0 1 0 0 1 0 0 1 0 0 1 0 0 1 0 0 1 0 0 1 0 0 1 0 0 1 0 0 1 0 0 1 0 0 1 0 0 1 0 0 1 0 0 1 0 0 1 0 0 1 0 0 1 0 0 1 0 0 1 0 0 1 0 0 1 0 0 1 0 0 1 0 0 1 0 0 1 0 0 1 0 0 1 0 0 1 0 0 1 0 0 1 0 0 1 0 0 1 -0.08257937 -0.9965845 0 -0.08257937 -0.9965845 0 -0.2454854 -0.9694002 0 -0.2454854 -0.9694002 0 -0.4016954 -0.9157733 0 -0.4016954 -0.9157733 0 -0.5469483 -0.8371664 0 -0.5469483 -0.8371664 0 -0.6772815 -0.735724 0 -0.6772815 -0.735724 0 -0.7891407 -0.6142126 0 -0.7891407 -0.6142126 0 -0.8794737 -0.4759475 0 -0.8794737 -0.4759475 0 -0.9458172 -0.3246994 0 -0.9458172 -0.3246994 0 -0.9863614 -0.1645944 0 -0.9863614 -0.1645944 0 -0.9991458 -0.04132533 0 -0.9997701 0 0.02144145 -0.9991458 0.04132533 0 -0.9863614 0.1645944 0 -0.9863614 0.1645944 0 -0.9458172 0.3246994 0 -0.9458172 0.3246994 0 -0.8794737 0.4759475 0 -0.8794737 0.4759475 0 -0.7891407 0.6142126 0 -0.7891407 0.6142126 0 -0.6772815 0.735724 0 -0.6772815 0.735724 0 -0.5469483 0.8371664 0 -0.5469483 0.8371664 0 -0.4016954 0.9157733 0 -0.4016954 0.9157733 0 -0.2454854 0.9694002 0 -0.2454854 0.9694002 0 -0.08257937 0.9965845 0 -0.08257937 0.9965845 0 0.08257937 0.9965845 0 0.08257937 0.9965845 0 0.2454854 0.9694002 0 0.2454854 0.9694002 0 0.4016954 0.9157733 0 0.4016954 0.9157733 0 0.5469483 0.8371664 0 0.5469483 0.8371664 0 0.6772815 0.735724 0 0.6772815 0.735724 0 0.7891407 0.6142126 0 0.7891407 0.6142126 0 0.8794737 0.4759475 0 0.8794737 0.4759475 0 0.9458172 0.3246994 0 0.9458172 0.3246994 0 0.9863614 0.1645944 0 0.9863614 0.1645944 0 0.9991458 0.04132533 0 0.9997701 0 0.02144145 0.9991458 -0.04132533 0 0.9863614 -0.1645944 0 0.9863614 -0.1645944 0 0.9458172 -0.3246994 0 0.9458172 -0.3246994 0 0.8794737 -0.4759475 0 0.8794737 -0.4759475 0 0.7891407 -0.6142126 0 0.7891407 -0.6142126 0 0.6772815 -0.735724 0 0.6772815 -0.735724 0 0.5469483 -0.8371664 0 0.5469483 -0.8371664 0 0.4016954 -0.9157733 0 0.4016954 -0.9157733 0 0.2454854 -0.9694002 0 0.2454854 -0.9694002 0 0.08257937 -0.9965845 0 0.08257937 -0.9965845 0 -1 0 0 -1 0 0 -1 0 0 1 0 0 1 0 0 1 0 0 0.7071068 -0.7071068 0 0.7071068 -0.7071068 0 0 0 1 0 0 1 0 0 1 0 0 1 0 0 1 0 0 1 0 0 1 0 0 1 0 0 1 0 0 1 0 0 1 0 0 1 0 0 1 0 0 1 0 0 1 0 0 1 0 0 1 0 0 1 0 0 1 0 0 1 0 0 1 0 0 1 0 0 1 0 0 1 0 0 1 0 0 1 0 0 1 0 0 1 0 0 1 0 0 1 0 0 1 0 0 1 0 0 1 0 0 1 0 0 1 0 0 1 0 0 1 0 0 1 0 0 1 0 0 1 0 0 1 0 0 1 0 0 1 0 0 1 0 0 1 0 0 1 0 0 1 0 0 1 0 0 1 0 0 1 0 0 1 0 0 1 0 0 1 0 0 1 0 0 1 0 0 1 0 0 1 0 0 1 0 0 1 0 0 1 0 0 1 0 0 1 0 0 1 0 0 1 0 0 1 0 0 1 0 0 1 0 0 1 0 0 1 0 0 1 0 0 1 0 0 1 0 0 1 0 0 1 0 0 1 0 0 1 0 0 1 0 0 1 0 0 1 0 0 1 0 0 1 0 0 1 0 0 1 0 0 1 0 0 1 0 0 1 0 0 1 0 0 1 0 0 1 0 0 1 0 0 1 0 0 1 0 0 1 0 0 1 0 0 1 0 0 1 0 0 1 0 0 1 0 0 1 0 0 1 0 0 1 0 0 1 0 0 1 0 0 1 0 0 1 0 0 1 0 0 1 0 0 1 -0.05849266 0.7059027 0.7058895 -0.05849266 0.7059034 0.7058888 -0.173883 0.6866481 0.7058889 -0.1738829 0.686648 0.705889 -0.2845297 0.6486629 0.7058891 -0.2845295 0.6486619 0.7058901 -0.387415 0.5929829 0.7058902 -0.3874149 0.5929828 0.7058903 -0.4797329 0.5211287 0.7058903 -0.4797326 0.5211282 0.7058909 -0.5589643 0.4350595 0.705891 -0.5589652 0.4350605 0.7058897 -0.6229504 0.3371238 0.7058898 -0.6229512 0.3371243 0.7058888 -0.6699438 0.2299921 0.7058888 -0.6699423 0.2299913 0.7058905 -0.6986604 0.1165858 0.7058905 -0.6986611 0.116586 0.7058897 -0.7083218 0 0.7058897 -0.7083218 0 0.7058898 -0.6986612 -0.1165859 0.7058897 -0.6986603 -0.1165859 0.7058905 -0.6699422 -0.2299916 0.7058905 -0.6699438 -0.2299919 0.7058888 -0.6229512 -0.3371242 0.7058888 -0.6229504 -0.3371238 0.7058897 -0.5589653 -0.4350603 0.7058897 -0.5589641 -0.4350597 0.705891 -0.4797325 -0.5211283 0.705891 -0.479733 -0.5211287 0.7058903 -0.3874149 -0.5929828 0.7058903 -0.387415 -0.5929828 0.7058902 -0.2845293 -0.648662 0.7058901 -0.2845299 -0.6486628 0.7058891 -0.1738829 -0.686648 0.7058891 -0.173883 -0.6866481 0.7058889 -0.05849272 -0.7059034 0.7058888 -0.0584926 -0.7059028 0.7058896 -0.08257925 0.9965845 0 -0.08257925 0.9965845 0 -0.2454856 0.9694002 0 -0.2454856 0.9694002 0 -0.4016952 0.9157734 0 -0.4016952 0.9157734 0 -0.5469481 0.8371666 0 -0.5469481 0.8371666 0 -0.6772817 0.7357239 0 -0.6772817 0.7357239 0 -0.7891404 0.6142128 0 -0.7891404 0.6142128 0 -0.8794739 0.4759472 0 -0.8794739 0.4759472 0 -0.9458171 0.3246997 0 -0.9458171 0.3246997 0 -0.9863613 0.1645946 0 -0.9863613 0.1645946 0 -1 0 0 -1 0 0 -0.9863613 -0.1645946 0 -0.9863613 -0.1645946 0 -0.9458171 -0.3246997 0 -0.9458171 -0.3246997 0 -0.8794739 -0.4759472 0 -0.8794739 -0.4759472 0 -0.7891404 -0.6142128 0 -0.7891404 -0.6142128 0 -0.6772817 -0.7357239 0 -0.6772817 -0.7357239 0 -0.5469481 -0.8371666 0 -0.5469481 -0.8371666 0 -0.4016952 -0.9157734 0 -0.4016952 -0.9157734 0 -0.2454856 -0.9694002 0 -0.2454856 -0.9694002 0 -0.08257925 -0.9965845 0 -0.08257925 -0.9965845 0 0.08257925 -0.9965845 0 0.08257925 -0.9965845 0 0.2454856 -0.9694002 0 0.2454856 -0.9694002 0 0.4016952 -0.9157734 0 0.4016952 -0.9157734 0 0.5469481 -0.8371666 0 0.5469481 -0.8371666 0 0.6772817 -0.7357239 0 0.6772817 -0.7357239 0 0.7891404 -0.6142128 0 0.7891404 -0.6142128 0 0.8794739 -0.4759472 0 0.8794739 -0.4759472 0 0.9458171 -0.3246997 0 0.9458171 -0.3246997 0 0.9863613 -0.1645946 0 0.9863613 -0.1645946 0 1 0 0 1 0 0 0.9863613 0.1645946 0 0.9863613 0.1645946 0 0.9458171 0.3246997 0 0.9458171 0.3246997 0 0.8794739 0.4759472 0 0.8794739 0.4759472 0 0.7891404 0.6142128 0 0.7891404 0.6142128 0 0.6772817 0.7357239 0 0.6772817 0.7357239 0 0.5469481 0.8371666 0 0.5469481 0.8371666 0 0.4016952 0.9157734 0 0.4016952 0.9157734 0 0.2454856 0.9694002 0 0.2454856 0.9694002 0 0.08257925 0.9965845 0 0.08257925 0.9965845 0 -0.5672836 0.8235225 0 -0.5672836 0.8235225 0 -0.6845776 0.72894 0 -0.6845776 0.72894 0 -0.7863289 0.6178082 0 -0.7863289 0.6178082 0 -0.8702279 0.4926494 0 -0.8702279 0.4926494 0 -0.9343692 0.3563064 0 -0.9343692 0.3563064 0 -0.9772973 0.2118731 0 -0.9772973 0.2118731 0 -0.9980368 0.06263017 0 -0.9980368 0.06263017 0 -0.9961174 -0.08803504 0 -0.9961174 -0.08803504 0 0.9053347 -0.4246988 0 0.9053347 -0.4246988 0 0.9580613 -0.2865634 0 0.9580613 -0.2865634 0 0.9898433 -0.1421632 0 0.9898433 -0.1421632 0 0.9999857 0.005345106 0 0.9999857 0.005345106 0 0.988267 0.1527361 0 0.988267 0.1527361 0 0.9549431 0.2967889 0 0.9549431 0.2967889 0 0.9007431 0.4343523 0 0.9007431 0.4343523 0 0.826851 0.5624211 0 0.826851 0.5624211 0 0 0 -1 0 0 -1 0 0 -1 0 0 -1 0 0 -1 0 0 -1 0 0 -1 0 0 -1 0 0 -1 0 0 -1 0 0 -1 0 0 -1 0 0 -1 0 0 -1 0 0 -1 0 0 -1 0 0 -1 0 0 -1 0 0 -1 0 0 -1 0 0 -1 0 0 -1 0 0 -1 0 0 -1 0 0 -1 0 0 -1 0 0 -1 0 0 -1 0 0 -1 0 0 -1 0 0 -1 0 0 -1 0 0 -1 0 0 -1 0 0 -1 0 0 -1 0 0 -1 0 0 -1 0 0 -1 0 0 -1 0 0 -1 0 0 -1 0 0 -1 0 0 -1 0 0 -1 0 0 -1 0 0 -1 0 0 -1 0 0 -1 0 0 -1 0 0 -1 0 0 -1 0 0 -1 0 0 -1 0 0 -1 0 0 -1 0 0 -1 0 0 -1 0 0 -1 0 0 -1 0 0 -1 0 0 -1 0 0 -1 0 0 -1 0 0 -1 0 0 -1 0 0 -1 0 0 -1 0 0 -1 0 0 -1 0 0 -1 0 0 -1 0 0 -1 0 0 -1 0 0 -1 0 0 -1 0 0 -1 0 0 -1 0 0 -1 0 0 -1 0 0 -1 0 0 -1 0 0 -1 0 0 -1 0 0 -1 0 0 -1 0 0 -1 0 0 -1 0 0 -1 0 0 -1 0 0 -1 0 0 -1 0 0 -1 0 0 -1 0 0 -1 0 0 -1 0 0 -1 0 0 -1 0 0 -1 0 0 -1 0 0 -1 0 0 -1 0 0 -1 0 0 -1 0 0 -1 0 0 -1 0 0 -1 0 0 -1 0 0 -1 0 0 -1 0 0 -1 0 0 -1 0 0 -1 0 0 -1 0 0 -1 0 0 -1 0 0 -1 0 0 -1 0 0 -1 0 0 -1 0 0 -1 0 0 -1 0 0 -1 0 0 -1 0 0 -1 0 0 -1 0 0 -1 0 0 -1 0 0 -1 0 0 -1 0 0 -1 0 0 -1 0 0 -1 0 0 -1 0 0 -1 0 0 -1 0 0 -1 0 0 -1 0 0 -1 0 0 -1 0 0 -1 0 0 -1 0 0 -1 0 0 -1 0 0 -1 0 0 -1 0 0 -1 0 0 -1 0 0 -1 0 0 -1 0 0 -1 0 0 -1 0 0 -1 0 0 -1 0 0 -1 0 0 -1 0 0 -1 0 0 -1 0 0 -1 0 0 -1 0 0 -1 0 0 -1 0 0 -1 0 0 -1 0 0 -1 0 0 -1 0 0 -1 0 0 -1 0 0 -1 0 0 -1 0 0 -1 0 0 -1 0 0 -1 0 0 -1 0 0 -1 -0.5384551 0.8426543 0 -0.5384551 0.8426543 0 -0.8455964 0.5338228 0 -0.8455964 0.5338228 0 -0.9923169 0.1237223 0 -0.9923169 0.1237223 0 -0.9507862 -0.3098476 0 -0.9507862 -0.3098476 0 0 -1 0 0 -1 0 0 -1 0 0 -1 0 0 -1 0 0 -1 0 0 -1 0 0 -1 0 0 -1 0 0 -1 0 0 -1 0 0 -1 0 0 -1 0 0 -1 0 0 -1 0 0 -1 0 0 -1 0 0 -1 0 0 -1 0 0 -1 0 0 -1 0 0 -1 0 0 -1 0 0 -1 0 0 -1 0 0 -1 0 0 -1 0 0 -1 0 0 -1 0 0 -1 0 0 -1 0 0 -1 0 0 -1 0 0 -1 0 0 -1 0 0 -1 0 0 -1 0 0 -1 0 0 -1 0 0 -1 0 0 -1 0 0 -1 0 0 -1 0 0 -1 0 0 -1 0 0 -1 0 0 -1 0 0 -1 0 0 -1 0 0 -1 0 0 -1 0 0 -1 0 0 -1 0 0 -1 0 0 -1 0 0 -1 0 0 -1 0 0 -1 0 0 -1 0 0 -1 0 0 -1 0 0 -1 0 0 -1 0 0 -1 0 0 -1 0 0 -1 0 0 -1 0 0 -1 0 0 -1 0 0 -1 0 0 -1 0 0 -1 0 0 -1 0 0 -1 0 0 -1 0 0 -1 0 0 -1 0 0 -1 0 0 -1 0 0 -1 0 0 -1 0 0 -1 0 0 -1 0 0 -1 0 0 -1 0 0 -1 0 0 -1 0 0 -1 0 0 -1 0 0 -1 0 0 -1 0 0 -1 0 0 -1 0 0 -1 0 0 -1 0 0 -1 0 0 -1 0 0 -1 0 0 -1 0 0 -1 0 0 -1 0 0 -1 0 0 -1 0 0 -1 0 0 -1 0 0 -1 0 0 -1 0 0 -1 0 0 -1 0 0 -1 0 0 -1 0 0 -1 0 0 -1 0 0 -1 0 0 -1 0 0 -1 0 0 -1 0 0 -1 0 0 -1 0 0 -1 0 0 -1 0 0 -1 0 0 -1 0 0 -1 0 0 -1 0 0 -1 0 0 -1 0 0 -1 0 0 -1 0 0 -1 0 0 -1 0 0 -1 0 0 -1 0 0 -1 0 0 -1 0 0 -1 0 0 -1 0 0 -1 0 0 -1 0 0 -1 0 0 -1 0 0 -1 0 0 -1 0 0 -1 0 0 -1 0 0 -1 0 0 -1 0 0 -1 0 0 -1 0 0 -1 0 0 -1 0 0 -1 0 0 -1 0 0 -1 0 0 -1 0 0 -1 0 0 -1 0 0 -1 0 0 -1 0 0 -1 0 0 -1 0 0 -1 0 0 -1 0 0 -1 0 0 -1 0 0 -1 0 0 -1 0 0 -1 0 0 -1 0 0 -1 0 0 -1 0 0 -1 0 0 -1 0 0 -1 0 0 -1 0 0 -1 0 0 -1 0 0 -1 0 0 -1 0 0 -1 0 0 -1 0 0 -1 0 0 -1 0 0 -1 0 0 -1 0 0 -1 0 0 -1 0 0 -1 0 0 -1 0 0 -1 0 0 -1 0 0 -1 0 -0.9659259 0 -0.2588189 -0.9659259 0 -0.2588189 -0.7071068 0 -0.7071068 -0.7071068 0 -0.7071068 -0.2588027 0 -0.9659302 -0.2588027 0 -0.9659302 0.2588048 0 -0.9659296 0.2588048 0 -0.9659296 0.7071068 0 -0.7071068 0.7071068 0 -0.7071068 0.9659259 0 -0.2588189 0.9659259 0 -0.2588189 0.9659259 0 0.2588189 0.9659259 0 0.2588189 0.7071068 0 0.7071068 0.7071068 0 0.7071068 0.2588211 0 0.9659253 0.2588211 0 0.9659253 -0.2588189 0 0.9659259 -0.2588189 0 0.9659259 -0.7071068 0 0.7071068 -0.7071068 0 0.7071068 -0.9659259 0 0.2588189 -0.9659259 0 0.2588189 -0.9659259 0 -0.2588189 -0.9659259 0 -0.2588189 -0.7071068 0 -0.7071068 -0.7071068 0 -0.7071068 -0.2588048 0 -0.9659296 -0.2588048 0 -0.9659296 0.2588048 0 -0.9659296 0.2588048 0 -0.9659296 0.7071068 0 -0.7071068 0.7071068 0 -0.7071068 0.9659259 0 -0.2588189 0.9659259 0 -0.2588189 0.9659259 0 0.2588189 0.9659259 0 0.2588189 0.7071068 0 0.7071068 0.7071068 0 0.7071068 0.2588211 0 0.9659253 0.2588211 0 0.9659253 -0.2588211 0 0.9659253 -0.2588211 0 0.9659253 -0.7071068 0 0.7071068 -0.7071068 0 0.7071068 -0.9659259 0 0.2588189 -0.9659259 0 0.2588189 -0.9659271 0 -0.2588146 -0.9659271 0 -0.2588146 -0.7071068 0 -0.7071068 -0.7071068 0 -0.7071068 -0.2588048 0 -0.9659296 -0.2588048 0 -0.9659296 0.2588048 0 -0.9659296 0.2588048 0 -0.9659296 0.7071068 0 -0.7071068 0.7071068 0 -0.7071068 0.9659271 0 -0.2588146 0.9659271 0 -0.2588146 0.9659247 0 0.2588233 0.9659247 0 0.2588233 0.7071068 0 0.7071068 0.7071068 0 0.7071068 0.2588374 0 0.9659209 0.2588374 0 0.9659209 -0.2588374 0 0.9659209 -0.2588374 0 0.9659209 -0.7071068 0 0.7071068 -0.7071068 0 0.7071068 -0.9659247 0 0.2588233 -0.9659247 0 0.2588233 -0.9961947 0 -0.08715528 -0.9961947 0 -0.08715528 -0.9659256 0 -0.2588202 -0.9659256 0 -0.2588202 -0.9063085 0 -0.4226167 -0.9063085 0 -0.4226167 -0.8191511 0 -0.5735778 -0.8191511 0 -0.5735778 -0.7071085 0 -0.7071051 -0.7071085 0 -0.7071051 -0.5735735 0 -0.8191542 -0.5735735 0 -0.8191542 -0.4226202 0 -0.9063069 -0.4226202 0 -0.9063069 -0.2588165 0 -0.9659265 -0.2588165 0 -0.9659265 -0.08716064 0 -0.9961943 -0.08716064 0 -0.9961943 0.08716064 0 -0.9961943 0.08716064 0 -0.9961943 0.2588161 0 -0.9659267 0.2588161 0 -0.9659267 0.4226209 0 -0.9063066 0.4226209 0 -0.9063066 0.5735726 0 -0.8191547 0.5735726 0 -0.8191547 0.6739745 0 -0.7387546 0.7070881 0.007750093 -0.7070829 0.9961946 0 -0.08715701 0.9961946 0 -0.08715701 0.9659259 0 -0.2588186 0.9659259 0 -0.2588186 0.9063078 0 -0.4226181 0.9063078 0 -0.4226181 0.8191511 0 -0.5735778 0.8191511 0 -0.5735778 0.7358024 0 -0.6771964 0 -1 0 0 -1 0 0 -1 0 0 -1 0 0 -1 0 0 -1 0 0 -1 0 0 -1 0 0 -1 0 0 -1 0 0 -1 0 0 -1 0 0 -1 0 0 -1 0 0 -1 0 0 -1 0 0 -1 0 0 -1 0 0 -1 0 0 -1 0 0 -1 0 0 -1 0 0 -1 0 0 -1 0 0 -1 0 0 -1 0 0 -1 0 0 -1 0 0 -1 0 0 -1 0 0 -1 0 0 -1 0 0 -1 0 0 -1 0 0 -1 0 0 -1 0 0 -1 0 0 -1 0 0 -1 0 0 -1 0 0 -1 0 0 -1 0 0 -1 0 0 -1 0 0 -1 0 0 -1 0 0 -1 0 0 -1 0 0 -1 0 0 -1 0 0 -1 0 0 -1 0 0 -1 0 0 -1 0 0 -1 0 0 -1 0 0 -1 0 0 -1 0 0 -1 0 0 -1 0 0 -1 0 0 -1 0 0 -1 0 0 -1 0 0 -1 0 0 -1 0 0 -1 0 0 -1 0 0 -1 0 0 -1 0 0 -1 0 0 -1 0 0 -1 0 0 -1 0 0 -1 0 0 -1 0 0 -1 0 0 -1 0 0 -1 0 0 -1 0 0 -1 0 0 -1 0 0 -1 0 0 -1 0 0 -1 0 0 -1 0 0 -1 0 0 -1 0 0 -1 0 0 -1 0 0 -1 0 0 -1 0 0 -1 0 0 -1 0 0 -1 0 0 -1 0 0 -1 0 0 -1 0 0 -1 0 0 -1 0 0 -1 0 0 -1 0 0 -1 0 0 -1 0 0 -1 0 0 -1 0 0 -1 0 0 -1 0 0 -1 0 0 -1 0 0 -1 0 0 -1 0 0 -1 0 0 -1 0 0 -1 0 0 -1 0 0 -1 0 0 -1 0 0 -1 0 0 -1 0 0 -1 0 0 -1 0 0 -1 0 0 -1 0 0 -1 0 0 -1 0 0 -1 0 0 -1 0 0 -1 0 0 -1 0 0 -1 0 0 -1 0 0 -1 0 0 -1 0 0 -1 0 0 -1 0 0 -1 0 0 -1 0 0 -1 0 0 -1 0 0 -1 0 0 -1 0 0 -1 0 0 -1 0 0 -1 0 0 -1 0 0 -1 0 0 -1 0 0 -1 0 0 -1 0 0 -1 0 0 -1 0 0 -1 0 0 -1 0 0 -1 0 0 -1 0 0 -1 0 0 -1 0 0 -1 0 0 -1 0 0 -1 0 0 -1 0 0 -1 0 0 -1 0 0 -1 0 0 -1 0 0 -1 0 0 -1 0 0 -1 0 0 -1 0 0 -1 0 0 -1 0 0 -1 0 0 -1 0 0 -1 0 0 -1 0 0 -1 0 0 -1 0 0 -1 0 0 -1 0 0 -1 0 0 -1 0 0 -1 0 0 -1 0 0 -1 0 0 -1 0 0 -1 0 0 -1 0 0 -1 0 0 -1 0 0 -1 0 0 -1 0 0 -1 0 0 -1 0 0 -1 0 0 -1 0 0.9961946 0 0.08715701 0.9961946 0 0.08715701 0.9659259 0 0.2588186 0.9659259 0 0.2588186 0.9063072 0 0.4226195 0.9063072 0 0.4226195 0.8191522 0 0.5735762 0.8191522 0 0.5735762 0.7357993 0 0.6771997 0.7070864 0.007749676 0.7070847 -0.9062854 0.007044076 0.4226076 -0.8930845 0 0.449889 -0.8191522 0 0.5735762 -0.8191522 0 0.5735762 -0.7071068 0 0.7071068 -0.7071068 0 0.7071068 -0.5735758 0 0.8191525 -0.5735758 0 0.8191525 -0.4226202 0 0.9063069 -0.4226202 0 0.9063069 -0.2588165 0 0.9659265 -0.2588165 0 0.9659265 -0.08715718 0 0.9961946 -0.08715718 0 0.9961946 0.08715718 0 0.9961946 0.08715718 0 0.9961946 0.2588161 0 0.9659267 0.2588161 0 0.9659267 0.4226209 0 0.9063066 0.4226209 0 0.9063066 0.573575 0 0.8191531 0.573575 0 0.8191531 0.6739745 0 0.7387546 -0.9961947 0 0.08715528 -0.9961947 0 0.08715528 -0.9659256 0 0.2588202 -0.9659256 0 0.2588202 -0.9288969 0 0.3703385 -0.9961947 0 -0.08715593 -0.9961947 0 -0.08715593 -0.9659258 0 -0.2588192 -0.9659258 0 -0.2588192 -0.9063078 0 -0.422618 -0.9063078 0 -0.422618 -0.8191514 0 -0.5735772 -0.8191514 0 -0.5735772 -0.7071068 0 -0.7071068 -0.7071068 0 -0.7071068 -0.5735762 0 -0.8191522 -0.5735762 0 -0.8191522 -0.4226194 0 -0.9063072 -0.4226194 0 -0.9063072 -0.2588192 0 -0.9659258 -0.2588192 0 -0.9659258 -0.08715438 0 -0.9961948 -0.08715438 0 -0.9961948 0.08715438 0 -0.9961948 0.08715438 0 -0.9961948 0.2588196 0 -0.9659256 0.2588196 0 -0.9659256 0.4226194 0 -0.9063072 0.4226194 0 -0.9063072 0.5735755 0 -0.8191527 0.5735755 0 -0.8191527 0.7071068 0 -0.7071068 0.7071068 0 -0.7071068 0.8191514 0 -0.5735772 0.8191514 0 -0.5735772 0.9063084 0 -0.4226167 0.9063084 0 -0.4226167 0.9659258 0 -0.2588192 0.9659258 0 -0.2588192 0.9961946 0 -0.08715748 0.9961946 0 -0.08715748 0 -1 0 0 -1 0 0 -1 0 0 -1 0 0 -1 0 0 -1 0 0 -1 0 0 -1 0 0 -1 0 0 -1 0 0 -1 0 0 -1 0 0 -1 0 0 -1 0 0 -1 0 0 -1 0 0 -1 0 0 -1 0 0 -1 0 0 -1 0 0 -1 0 0 -1 0 0 -1 0 0 -1 0 0 -1 0 0 -1 0 0 -1 0 0 -1 0 0 -1 0 0 -1 0 0 -1 0 0 -1 0 0 -1 0 0 -1 0 0 -1 0 0 -1 0 0 -1 0 0 -1 0 0 -1 0 0 -1 0 0 -1 0 0 -1 0 0 -1 0 0 -1 0 0 -1 0 0 -1 0 0 -1 0 0 -1 0 0 -1 0 0 -1 0 0 -1 0 0 -1 0 0 -1 0 0 -1 0 0 -1 0 0 -1 0 0 -1 0 0 -1 0 0 -1 0 0 -1 0 0 -1 0 0 -1 0 0 -1 0 0 -1 0 0 -1 0 0 -1 0 0 -1 0 0 -1 0 0 -1 0 0 -1 0 0 -1 0 0 -1 0 0.9961946 0 0.08715748 0.9961946 0 0.08715748 0.9659258 0 0.2588192 0.9659258 0 0.2588192 0.9063084 0 0.4226167 0.9063084 0 0.4226167 0.8191514 0 0.5735772 0.8191514 0 0.5735772 0.7071068 0 0.7071068 0.7071068 0 0.7071068 0.5735777 0 0.8191512 0.5735777 0 0.8191512 0.4226167 0 0.9063084 0.4226167 0 0.9063084 0.2588196 0 0.9659256 0.2588196 0 0.9659256 0.08715748 0 0.9961946 0.08715748 0 0.9961946 -0.08715748 0 0.9961946 -0.08715748 0 0.9961946 -0.2588192 0 0.9659258 -0.2588192 0 0.9659258 -0.4226167 0 0.9063084 -0.4226167 0 0.9063084 -0.5735783 0 0.8191507 -0.5735783 0 0.8191507 -0.7071068 0 0.7071068 -0.7071068 0 0.7071068 -0.8191514 0 0.5735772 -0.8191514 0 0.5735772 -0.9063078 0 0.422618 -0.9063078 0 0.422618 -0.9659258 0 0.2588192 -0.9659258 0 0.2588192 -0.9961947 0 0.08715593 -0.9961947 0 0.08715593 1 0 0 1 0 0 1 0 0 1 0 0 1 0 0 1 0 0 1 0 0 1 0 0 0.7071068 0 0.7071068 0.7071068 0 0.7071068 0 0 1 0 0 1 0 0 1 0 0 1 0 0 1 0 0 1 0 0 1 0 0 1 -0.7300494 0 0.6833945 -0.7070868 -0.007384657 0.7070882 -0.6858246 0 0.7277669 -1 0 0 -1 0 0 -1 0 0 -1 0 0 -1 0 0 -1 0 0 -1 0 0 -1 0 0 -0.6833913 0 -0.7300522 -0.7070737 -0.007381021 -0.7071014 -0.7070868 -0.007385671 -0.7070882 -0.7300522 0 -0.6833913 0 -1 0 0 -1 0 0 -1 0 0 -1 0 0 -1 0 0 -1 0 0 -1 0 0 -1 0 0 -1 0 0 -1 0 0 -1 0 0 -1 0 0 -1 0 0 -1 0 0 -1 0 0 -1 0 0 -1 0 0 -1 0 0 -1 0 0 -1 0 0 -1 0 0 -1 0 0 -1 0 0 -1 0 0 -1 0 0 -1 0 0 -1 0 0 -1 0 0 -1 0 0 -1 0 0 -1 0 0 -1 0 0 -1 0 0 -1 0 0 -1 0 0 -1 0 0 -1 0 0 -1 0 0 -1 0 0 -1 0 0 -1 0 0 -1 0 0 -1 0 0 -1 0 0 -1 0 0 -1 0 0 -1 0 0 -1 0 0 -1 0 0 -1 0 0 -1 0 0 -1 0 0 -1 0 0 -1 0 0 -1 0 0 -1 0 0 -1 0 0 -1 0 0 -1 0 0 -1 0 0 -1 0 0 -1 0 0 -1 0 0 -1 0 0 -1 0 0 -1 0 0 -1 0 0 -1 0 0 -1 0 0 -1 0 0 -1 0 0 -1 0 0 -1 0 0 -1 0 0 -1 0 0 -1 0 0 -1 0 0 -1 0 0 -1 0 0 -1 0 0 -1 0 0 -1 0 0 -1 0 0 -1 0 0 -1 0 0 -1 0 0 -1 0 0 -1 0 0 -1 0 0 -1 0 0 -1 0 0 -1 0 0 -1 0 0 -1 0 0 -1 0 0 -1 0 0 -1 0 0 -1 0 0 -1 0 0 -1 0 0 -1 0 0 -1 0 0 -1 0 0 -1 0 0.7277684 0 -0.685823 0.7070875 -0.007385432 -0.7070875 0.6833913 0 -0.7300522 0 0 -1 0 0 -1 0 0 -1 0 0 -1 0 0 -1 0 0 -1 0 0 -1 0 0 -1 0 1 0 0 1 0 0 1 0 0 1 0 0 1 0 0 1 0 0 1 0 0 1 0 0 1 0 0 1 0 0 1 0 0 1 0 0 1 0 0 1 0 0 1 0 0 1 0 0 1 0 0 1 0 0 1 0 0 1 0 0 1 0 0 1 0 0 1 0 0 1 0 0 1 0 0 1 0 0 1 0 0 1 0 0 1 0 0 1 0 0 1 0 0 1 0 0 1 0 0 1 0 0 1 0 0 1 0 0 1 0 0 1 0 0 1 0 0 1 0 0 1 0 0 1 0 0 1 0 0 1 0 0 1 0 0 1 0 0 1 0 0 1 0 0 1 0 0 1 0 0 1 0 0 1 0 0 1 0 0 1 0 0 1 0 0 1 0 0 1 0 0 1 0 0 1 0 0 1 0 0 1 0 0 1 0 0 1 0 0 1 0 0 1 0 0 1 0 0 1 0 0 1 0 0 1 0 0 1 0 0 1 0 0 1 0 0 1 0 0 1 0 0 1 0 0 1 0 0 1 0 0 1 0 0 1 0 0 1 0 0 1 0 0 1 0 0 1 0 0 1 0 0 1 0 0 1 0 0 1 0 0 1 0 0 1 0 0 1 0 0 1 0 0 1 0 0 1 0 0 1 0 0 1 0 0 1 0 0 1 0 0 1 0 0 1 0 0 1 0 0 1 0 0 1 0 0 1 0 0 1 0 0 1 0 0 1 0 0 1 0 0 1 0 0 1 0 0 1 0 0 1 0 0 1 0 0 1 0 0 1 0 0 1 0 0 1 0 0 1 0 0 1 0 0 1 0 0 1 0 0 1 0 0 1 0 0 1 0 0 1 0 0 1 0 0 1 0 0 1 0 0 1 0 0 1 0 0 1 0 0 1 0 0 1 0 0 1 0 0 1 0 0 1 0 0 1 0 0 1 0 0 1 0 0 1 0 0 1 0 0 1 0 0 1 0 0 1 0 0 1 0 0 1 0 0 1 0 0 1 0 0 1 0 0 1 0 0 1 0 0 1 0 0 1 0 0 1 0 0 1 0 0 1 0 0 1 0 0 1 0 0 1 0 0 1 0 0 1 0 0 1 0 0 1 0 0 1 0 0 1 0 0 1 0 0 1 0 0 1 0 0 1 0 0 1 0 0 1 0 0 1 0 0 1 0 0 1 0 0 1 0 0 1 0 0 1 0 0 1 0 0 1 0 0 1 0 0 1 0 0 1 0 0 1 0 0 1 0 0 1 0 0 1 0 0 1 0 0 1 0 0 1 0 0 1 0 0 1 0 0 1 0 0 1 0 0 1 0 0 1 0 0 1 0 0 1 0 0 1 0 0 1 0 0 1 0 0 1 0 0 1 0 0 1 0 0 1 0 0 1 0 0 1 0 0 1 0 0 1 0 0 1 0 0 1 0 0 1 0 0 1 0 0 1 0 0 1 0 0 1 0 0 1 0 0 1 0 0 1 0 0 1 0 0 1 0 0 1 0 0 1 0 0 1 0 0 1 0 0 1 0 0 1 0 0 1 0 0 1 0 0 1 0 0 1 0 0 1 0 0 1 0 0 1 0 0 1 0 0 1 0 0.9659247 0 0.2588233 0.9659247 0 0.2588233 0.7071068 0 0.7071068 0.7071068 0 0.7071068 0.2588374 0 0.9659209 0.2588374 0 0.9659209 -0.2588352 0 0.9659215 -0.2588352 0 0.9659215 -0.7071068 0 0.7071068 -0.7071068 0 0.7071068 -0.9659247 0 0.2588233 -0.9659247 0 0.2588233 -0.9659271 0 -0.2588146 -0.9659271 0 -0.2588146 -0.7071068 0 -0.7071068 -0.7071068 0 -0.7071068 -0.2588027 0 -0.9659302 -0.2588027 0 -0.9659302 0.2588048 0 -0.9659296 0.2588048 0 -0.9659296 0.7071068 0 -0.7071068 0.7071068 0 -0.7071068 0.9659271 0 -0.2588146 0.9659271 0 -0.2588146 0.9659262 0 0.2588175 0.9659262 0 0.2588175 0.7071068 0 0.7071068 0.7071068 0 0.7071068 0.2588132 0 0.9659274 0.2588132 0 0.9659274 -0.2588132 0 0.9659274 -0.2588132 0 0.9659274 -0.7071068 0 0.7071068 -0.7071068 0 0.7071068 -0.9659246 0 0.2588235 -0.9659246 0 0.2588235 -0.9659238 0 -0.2588267 -0.9659238 0 -0.2588267 -0.7071068 0 -0.7071068 -0.7071068 0 -0.7071068 -0.2588251 0 -0.9659243 -0.2588251 0 -0.9659243 0.2588251 0 -0.9659243 0.2588251 0 -0.9659243 0.7071068 0 -0.7071068 0.7071068 0 -0.7071068 0.9659253 0 -0.2588207 0.9659253 0 -0.2588207 0.9659262 0 0.2588175 0.9659262 0 0.2588175 0.7071068 0 0.7071068 0.7071068 0 0.7071068 0.2588132 0 0.9659274 0.2588132 0 0.9659274 -0.2588132 0 0.9659274 -0.2588132 0 0.9659274 -0.7071068 0 0.7071068 -0.7071068 0 0.7071068 -0.9659262 0 0.2588175 -0.9659262 0 0.2588175 -0.9659253 0 -0.2588207 -0.9659253 0 -0.2588207 -0.7071068 0 -0.7071068 -0.7071068 0 -0.7071068 -0.2588251 0 -0.9659243 -0.2588251 0 -0.9659243 0.2588251 0 -0.9659243 0.2588251 0 -0.9659243 0.7071068 0 -0.7071068 0.7071068 0 -0.7071068 0.9659253 0 -0.2588207 0.9659253 0 -0.2588207 0.9659262 0 0.2588175 0.9659262 0 0.2588175 0.7071068 0 0.7071068 0.7071068 0 0.7071068 0.2588012 0 0.9659307 0.2588012 0 0.9659307 -0.2588012 0 0.9659307 -0.2588012 0 0.9659307 -0.7071068 0 0.7071068 -0.7071068 0 0.7071068 -0.9659262 0 0.2588175 -0.9659262 0 0.2588175 -0.9659262 0 -0.2588175 -0.9659262 0 -0.2588175 -0.7071068 0 -0.7071068 -0.7071068 0 -0.7071068 -0.2588251 0 -0.9659243 -0.2588251 0 -0.9659243 0.2588251 0 -0.9659243 0.2588251 0 -0.9659243 0.7071068 0 -0.7071068 0.7071068 0 -0.7071068 0.9659262 0 -0.2588175 0.9659262 0 -0.2588175 0.9659262 0 0.2588175 0.9659262 0 0.2588175 0.7071068 0 0.7071068 0.7071068 0 0.7071068 0.2588012 0 0.9659307 0.2588012 0 0.9659307 -0.2588012 0 0.9659307 -0.2588012 0 0.9659307 -0.7071068 0 0.7071068 -0.7071068 0 0.7071068 -0.9659246 0 0.2588235 -0.9659246 0 0.2588235 -0.9659246 0 -0.2588235 -0.9659246 0 -0.2588235 -0.7071068 0 -0.7071068 -0.7071068 0 -0.7071068 -0.2588251 0 -0.9659243 -0.2588251 0 -0.9659243 0.2588251 0 -0.9659243 0.2588251 0 -0.9659243 0.7071068 0 -0.7071068 0.7071068 0 -0.7071068 0.9659262 0 -0.2588175 0.9659262 0 -0.2588175 0.9961947 0 -0.08715701 0.9961947 0 -0.08715701 0.9659259 0 -0.2588186 0.9659259 0 -0.2588186 0.9063079 0 -0.4226182 0.9063079 0 -0.4226182 0.8191511 0 -0.5735778 0.8191511 0 -0.5735778 0.7071094 0 -0.7071042 0.7071094 0 -0.7071042 0.5735727 0 -0.8191547 0.5735727 0 -0.8191547 0.4226209 0 -0.9063066 0.4226209 0 -0.9063066 0.2588161 0 -0.9659267 0.2588161 0 -0.9659267 0.08716064 0 -0.9961943 0.08716064 0 -0.9961943 -0.08716064 0 -0.9961943 -0.08716064 0 -0.9961943 -0.2588165 0 -0.9659265 -0.2588165 0 -0.9659265 -0.4226202 0 -0.9063069 -0.4226202 0 -0.9063069 -0.5735735 0 -0.8191541 -0.5735735 0 -0.8191541 -0.7071085 0 -0.7071051 -0.7071085 0 -0.7071051 -0.8191511 0 -0.5735778 -0.8191511 0 -0.5735778 -0.9063085 0 -0.4226167 -0.9063085 0 -0.4226167 -0.9659255 0 -0.2588202 -0.9659255 0 -0.2588202 -0.9961947 0 -0.08715528 -0.9961947 0 -0.08715528 0 1 0 0 1 0 0 1 0 0 1 0 0 1 0 0 1 0 0 1 0 0 1 0 0 1 0 0 1 0 0 1 0 0 1 0 0 1 0 0 1 0 0 1 0 0 1 0 0 1 0 0 1 0 0 1 0 0 1 0 0 1 0 0 1 0 0 1 0 0 1 0 0 1 0 0 1 0 0 1 0 0 1 0 0 1 0 0 1 0 0 1 0 0 1 0 0 1 0 0 1 0 0 1 0 0 1 0 0 1 0 0 1 0 0 1 0 0 1 0 0 1 0 0 1 0 0 1 0 0 1 0 0 1 0 0 1 0 0 1 0 0 1 0 0 1 0 0 1 0 0 1 0 0 1 0 0 1 0 0 1 0 0 1 0 0 1 0 0 1 0 0 1 0 0 1 0 0 1 0 0 1 0 0 1 0 0 1 0 0 1 0 0 1 0 0 1 0 0 1 0 0 1 0 0 1 0 0 1 0 -0.9961947 0 0.08715528 -0.9961947 0 0.08715528 -0.9659255 0 0.2588202 -0.9659255 0 0.2588202 -0.9063078 0 0.422618 -0.9063078 0 0.422618 -0.8191522 0 0.5735762 -0.8191522 0 0.5735762 -0.7071068 0 0.7071068 -0.7071068 0 0.7071068 -0.5735759 0 0.8191525 -0.5735759 0 0.8191525 -0.4226202 0 0.9063069 -0.4226202 0 0.9063069 -0.2588165 0 0.9659265 -0.2588165 0 0.9659265 -0.08715718 0 0.9961946 -0.08715718 0 0.9961946 0.08715718 0 0.9961946 0.08715718 0 0.9961946 0.2588161 0 0.9659267 0.2588161 0 0.9659267 0.4226209 0 0.9063066 0.4226209 0 0.9063066 0.573575 0 0.8191531 0.573575 0 0.8191531 0.7071077 0 0.7071059 0.7071077 0 0.7071059 0.8191522 0 0.5735762 0.8191522 0 0.5735762 0.9063073 0 0.4226195 0.9063073 0 0.4226195 0.9659259 0 0.2588186 0.9659259 0 0.2588186 0.9961947 0 0.08715701 0.9961947 0 0.08715701 0 1 0 0 1 0 0 1 0 0 1 0 0 1 0 0 1 0 0 1 0 0 1 0 0 1 0 0 1 0 0 1 0 0 1 0 0 1 0 0 1 0 0 1 0 0 1 0 0 1 0 0 1 0 0 1 0 0 1 0 0 1 0 0 1 0 0 1 0 0 1 0 0 1 0 0 1 0 0 1 0 0 1 0 0 1 0 0 1 0 0 1 0 0 1 0 0 1 0 0 1 0 0 1 0 0 1 0 0 1 0 0 1 0 0 1 0 0 1 0 0 1 0 0 1 0 0 1 0 0 1 0 0 1 0 0 1 0 0 1 0 0 1 0 0 1 0 0 1 0 0 1 0 0 1 0 0 1 0 0 1 0 0 1 0 0 1 0 0 1 0 0 1 0 0 1 0 0 1 0 0 1 0 0 1 0 0 1 0 0 1 0 0 1 0 0 1 0 0 1 0 0 1 0 0 1 0 0 1 0 0 1 0 0 1 0 0 1 0 0 1 0 -0.9965845 0 -0.08257949 -0.9965845 0 -0.08257949 -0.9694003 0 -0.2454853 -0.9694003 0 -0.2454853 -0.9157732 0 -0.4016959 -0.9157732 0 -0.4016959 -0.8371666 0 -0.5469478 -0.8371666 0 -0.5469478 -0.7357234 0 -0.6772822 -0.7357234 0 -0.6772822 -0.6142136 0 -0.7891399 -0.6142136 0 -0.7891399 -0.475948 0 -0.8794735 -0.475948 0 -0.8794735 -0.3246971 0 -0.9458181 -0.3246971 0 -0.9458181 -0.1645973 0 -0.9863609 -0.1645973 0 -0.9863609 -0.04132026 0 -0.9991459 0 0.02143889 -0.9997702 0.04132038 0 -0.9991459 0.1645973 0 -0.9863609 0.1645973 0 -0.9863609 0.3246971 0 -0.9458181 0.3246971 0 -0.9458181 0.4759473 0 -0.8794738 0.4759473 0 -0.8794738 0.6142136 0 -0.7891399 0.6142136 0 -0.7891399 0.7357242 0 -0.6772813 0.7357242 0 -0.6772813 0.8371659 0 -0.546949 0.8371659 0 -0.546949 0.9157732 0 -0.4016959 0.9157732 0 -0.4016959 0.9694007 0 -0.2454837 0.9694007 0 -0.2454837 0.9965844 0 -0.0825811 0.9965844 0 -0.0825811 0.9965844 0 0.08258086 0.9965844 0 0.08258086 0.9694005 0 0.2454845 0.9694005 0 0.2454845 0.9157732 0 0.4016959 0.9157732 0 0.4016959 0.8371659 0 0.546949 0.8371659 0 0.546949 0.7357258 0 0.6772796 0.7357258 0 0.6772796 0.6142094 0 0.7891431 0.6142094 0 0.7891431 0.4759499 0 0.8794724 0.4759499 0 0.8794724 0.3246971 0 0.9458181 0.3246971 0 0.9458181 0.1645941 0 0.9863615 0.1645941 0 0.9863615 0.04133373 0 0.9991453 0 0.02144581 0.99977 -0.04133361 0 0.9991453 -0.1645941 0 0.9863615 -0.1645941 0 0.9863615 -0.3246971 0 0.9458181 -0.3246971 0 0.9458181 -0.4759505 0 0.879472 -0.4759505 0 0.879472 -0.6142094 0 0.7891431 -0.6142094 0 0.7891431 -0.7357249 0 0.6772805 -0.7357249 0 0.6772805 -0.8371666 0 0.5469478 -0.8371666 0 0.5469478 -0.9157732 0 0.4016959 -0.9157732 0 0.4016959 -0.9694001 0 0.2454861 -0.9694001 0 0.2454861 -0.9965845 0 0.08257919 -0.9965845 0 0.08257919 0 0 1 0 0 1 0 0 1 -0.7071061 0 0.7071076 -0.7071061 0 0.7071076 -1 0 0 -1 0 0 -1 0 0 1 0 0 1 0 0 1 0 0 0.7071068 0 -0.7071068 0.7071068 0 -0.7071068 0 0 -1 0 0 -1 0 0 -1 -0.7071061 0 -0.7071076 -0.7071061 0 -0.7071076 0 1 0 0 1 0 0 1 0 0 1 0 0 1 0 0 1 0 0 1 0 0 1 0 0 1 0 0 1 0 0 1 0 0 1 0 0 1 0 0 1 0 0 1 0 0 1 0 0 1 0 0 1 0 0 1 0 0 1 0 0 1 0 0 1 0 0 1 0 0 1 0 0 1 0 0 1 0 0 1 0 0 1 0 0 1 0 0 1 0 0 1 0 0 1 0 0 1 0 0 1 0 0 1 0 0 1 0 0 1 0 0 1 0 0 1 0 0 1 0 0 1 0 0 1 0 0 1 0 0 1 0 0 1 0 0 1 0 0 1 0 0 1 0 0 1 0 0 1 0 0 1 0 0 1 0 0 1 0 0 1 0 0 1 0 0 1 0 0 1 0 0 1 0 0 1 0 0 1 0 0 1 0 0 1 0 0 1 0 0 1 0 0 1 0 0 1 0 0 1 0 0 1 0 0 1 0 0 1 0 0 1 0 0 1 0 0 1 0 0 1 0 0 1 0 0 1 0 0 1 0 0 1 0 0 1 0 0 1 0 0 1 0 0 1 0 0 1 0 0 1 0 0 1 0 0 1 0 0 1 0 0 1 0 0 1 0 0 1 0 0 1 0 0 1 0 0 1 0 0 1 0 0 1 0 0 1 0 0 1 0 0 1 0 0 1 0 0 1 0 0 1 0 0 1 0 0 1 0 0 1 0 0 1 0 0 1 0 0 1 0 0 1 0 0.7071068 0 0.7071068 0.7071068 0 0.7071068 0.9965845 0 -0.08257931 0.9965845 0 -0.08257931 0.9694007 0 -0.2454839 0.9694007 0 -0.2454839 0.9157736 0 -0.401695 0.9157736 0 -0.401695 0.8371655 0 -0.5469495 0.8371655 0 -0.5469495 0.7357236 0 -0.6772819 0.7357236 0 -0.6772819 0.6142129 0 -0.7891404 0.6142129 0 -0.7891404 0.4759486 0 -0.879473 0.4759486 0 -0.879473 0.3247003 0 -0.9458169 0.3247003 0 -0.9458169 0.1645941 0 -0.9863615 0.1645941 0 -0.9863615 0 0 -1 0 0 -1 -0.1645941 0 -0.9863615 -0.1645941 0 -0.9863615 -0.3247003 0 -0.9458169 -0.3247003 0 -0.9458169 -0.4759486 0 -0.879473 -0.4759486 0 -0.879473 -0.6142129 0 -0.7891404 -0.6142129 0 -0.7891404 -0.7357236 0 -0.6772819 -0.7357236 0 -0.6772819 -0.8371655 0 -0.5469495 -0.8371655 0 -0.5469495 -0.9157736 0 -0.401695 -0.9157736 0 -0.401695 -0.9694002 0 -0.2454857 -0.9694002 0 -0.2454857 -0.9965845 0 -0.08257931 -0.9965845 0 -0.08257931 -0.9965845 0 0.08257931 -0.9965845 0 0.08257931 -0.9694002 0 0.2454857 -0.9694002 0 0.2454857 -0.915773 0 0.4016964 -0.915773 0 0.4016964 -0.8371679 0 0.5469461 -0.8371679 0 0.5469461 -0.7357236 0 0.6772819 -0.7357236 0 0.6772819 -0.6142105 0 0.7891422 -0.6142105 0 0.7891422 -0.4759486 0 0.879473 -0.4759486 0 0.879473 -0.3246969 0 0.9458181 -0.3246969 0 0.9458181 -0.1645979 0 0.9863607 -0.1645979 0 0.9863607 0 0 1 0 0 1 0.1645979 0 0.9863607 0.1645979 0 0.9863607 0.3246969 0 0.9458181 0.3246969 0 0.9458181 0.4759486 0 0.879473 0.4759486 0 0.879473 0.6142105 0 0.7891422 0.6142105 0 0.7891422 0.7357236 0 0.6772819 0.7357236 0 0.6772819 0.8371679 0 0.5469461 0.8371679 0 0.5469461 0.915773 0 0.4016964 0.915773 0 0.4016964 0.9694007 0 0.2454839 0.9694007 0 0.2454839 0.9965845 0 0.08257931 0.9965845 0 0.08257931 -0.7058874 0.7059049 0.05849146 -0.7058959 0.7058964 0.05849087 -0.6866427 0.7058945 0.1738817 -0.6866396 0.7058975 0.1738815 -0.6486577 0.7058943 0.2845284 -0.6486561 0.705896 0.284528 -0.592979 0.705896 0.3874104 -0.592974 0.7059015 0.3874081 -0.52112 0.7059021 0.4797251 -0.5211232 0.7058982 0.4797273 -0.4350536 0.7058979 0.5589601 -0.4350571 0.7058933 0.5589634 -0.3371233 0.7058928 0.6229472 -0.3371297 0.7058824 0.6229556 -0.2299924 0.7058818 0.669951 -0.2299898 0.7058874 0.669946 -0.1165886 0.7058877 0.6986628 -0.1165845 0.7059006 0.6986504 0 0.7059007 0.7083107 0 0.7059007 0.7083107 0.1165865 0.7059005 0.6986502 0.1165866 0.7058891 0.6986617 0.2299897 0.7058902 0.6699431 0.2299912 0.7058817 0.6699515 0.3371282 0.7058824 0.6229563 0.3371247 0.7058928 0.6229465 0.4350564 0.7058933 0.5589637 0.4350541 0.705898 0.5589597 0.5211228 0.7058982 0.4797277 0.5211204 0.7059022 0.4797247 0.5929744 0.7059015 0.3874074 0.592973 0.7059034 0.3874061 0.6486488 0.7059041 0.2845245 0.6486572 0.7058943 0.2845299 0.6866402 0.7058974 0.1738798 0.6866428 0.7058945 0.1738809 0.7058957 0.7058965 0.05849218 0.7058961 0.7058961 0.05849224 0.8235231 0 -0.5672828 0.8235231 0 -0.5672828 0.7289395 0 -0.6845781 0.7289395 0 -0.6845781 0.6178084 0 -0.7863287 0.6178084 0 -0.7863287 0.4926503 0 -0.8702273 0.4926503 0 -0.8702273 0.3563068 0 -0.934369 0.3563068 0 -0.934369 0.2118737 0 -0.9772971 0.2118737 0 -0.9772971 0.06262767 0 -0.9980369 0.06262767 0 -0.9980369 -0.0880329 0 -0.9961175 -0.0880329 0 -0.9961175 -0.4246967 0 0.9053357 -0.4246967 0 0.9053357 -0.286562 0 0.9580616 -0.286562 0 0.9580616 -0.1421658 0 0.9898428 -0.1421658 0 0.9898428 0.005343556 0 0.9999857 0.005343556 0 0.9999857 0.1527413 0 0.9882662 0.1527413 0 0.9882662 0.296786 0 0.954944 0.296786 0 0.954944 0.4343535 0 0.9007425 0.4343535 0 0.9007425 0.5624203 0 0.8268515 0.5624203 0 0.8268515 0.9730455 0 -0.2306129 0.9730455 0 -0.2306129 0.7660561 0 -0.6427738 0.7660561 0 -0.6427738 0.3960842 0 -0.9182142 0.3960842 0 -0.9182142 0.5249606 0 0.8511266 0.5249606 0 0.8511266 0.8191558 0 0.5735712 0.8191558 0 0.5735712 0.9793394 0 0.2022236 0.9793394 0 0.2022236 0 -1 0 0 -1 0 0 -1 0 0 -1 0 0 -1 0 0 -1 0 0 -1 0 0 -1 0 0 -1 0 0 -1 0 0 -1 0 0 -1 0 0 -1 0 0 -1 0 0 -1 0 0 -1 0 0 -1 0 0 -1 0 0 -1 0 0 -1 0 0 -1 0 0 -1 0 0 -1 0 0 -1 0 0 -1 0 0 -1 0 0 -1 0 0 -1 0 0 -1 0 0 -1 0 0 -1 0 0 -1 0 0 -1 0 0 -1 0 0 -1 0 0 -1 0 0 -1 0 0 -1 0 0 -1 0 0 -1 0 0 -1 0 0 -1 0 0 -1 0 0 -1 0 0 -1 0 0 -1 0 0 -1 0 0 -1 0 0 -1 0 0 -1 0 0 -1 0 0 -1 0 0 -1 0 0 -1 0 0 -1 0 0 -1 0 0 -1 0 0 -1 0 0 -1 0 0 -1 0 0 -1 0 0 -1 0 0 -1 0 0 -1 0 0 -1 0 0 -1 0 0 -1 0 0 -1 0 0 -1 0 0 -1 0 0 -1 0 0 -1 0 0 -1 0 0 -1 0 0 -1 0 0 -1 0 0 -1 0 0 -1 0 0 -1 0 0 -1 0 0 -1 0 0 -1 0 0 -1 0 0 -1 0 0 -1 0 0 -1 0 0 -1 0 0 -1 0 0 -1 0 0 -1 0 0 -1 0 0 -1 0 0 -1 0 0 -1 0 0 -1 0 0 -1 0 0 -1 0 0 -1 0 0 -1 0 0 -1 0 0 -1 0 0 -1 0 0 -1 0 0 -1 0 0 -1 0 0 -1 0 0 -1 0 0 -1 0 0 -1 0 0 -1 0 0 -1 0 0 -1 0 0 -1 0 0 -1 0 0 -1 0 0 -1 0 0 -1 0 0 -1 0 0 -1 0 0 -1 0 0 -1 0 0 -1 0 0 -1 0 0 -1 0 0 -1 0 0 -1 0 0 -1 0 0 -1 0 0 -1 0 0 -1 0 0 -1 0 0 -1 0 0 -1 0 0 -1 0 0 -1 0 0 -1 0 0 -1 0 0 -1 0 0 -1 0 0 -1 0 0 -1 0 0 -1 0 0 -1 0 0 -1 0 0 -1 0 0 -1 0 0 -1 0 0 -1 0 0 -1 0 0 -1 0 0 -1 0 0 -1 0 0 -1 0 0 -1 0 0 -1 0 0 -1 0 0 -1 0 0 -1 0 0 -1 0 0 -1 0 0 -1 0 0 -1 0 0 -1 0 0 -1 0 0 -1 0 0 -1 0 0 -1 0 0 -1 0 0 -1 0 0 -1 0 0 -1 0 0 -1 0 0 -1 0 0 -1 0 0 -1 0 0.909629 0 0.4154216 0.909629 0 0.4154216 0.9965855 0 -0.08256757 0.9965855 0 -0.08256757 0.9693968 0 -0.2454994 0.9693968 0 -0.2454994 0.9157745 0 -0.4016927 0.9157745 0 -0.4016927 0.8371709 0 -0.5469415 0.8371709 0 -0.5469415 0.7357206 0 -0.6772852 0.7357206 0 -0.6772852 0.614205 0 -0.7891465 0.614205 0 -0.7891465 0.4759585 0 -0.8794677 0.4759585 0 -0.8794677 0.3246826 0 -0.9458231 0.3246826 0 -0.9458231 0.164599 0 -0.9863607 0.164599 0 -0.9863607 0 0 -1 0 0 -1 -0.1645964 0 -0.986361 -0.1645964 0 -0.986361 -0.3246872 0 -0.9458215 -0.3246872 0 -0.9458215 -0.4759585 0 -0.8794677 -0.4759585 0 -0.8794677 -0.614205 0 -0.7891465 -0.614205 0 -0.7891465 -0.7231721 0 -0.6906678 -0.7164944 6.45029e-4 -0.6975926 -0.7776666 -2.79414e-4 -0.6286769 -0.771615 0 -0.6360898 -0.8371709 0 -0.5469415 -0.8371709 0 -0.5469415 -0.9157745 0 -0.4016927 -0.9157745 0 -0.4016927 -0.9693968 0 -0.2454994 -0.9693968 0 -0.2454994 -0.9965855 0 -0.08256757 -0.9965855 0 -0.08256757 -0.7071073 0 -0.7071062 -0.7071073 0 -0.7071062 -0.1950951 0 -0.9807843 -0.1950951 0 -0.9807843 -0.555568 0 -0.8314711 -0.555568 0 -0.8314711 -0.8314704 0 -0.5555691 -0.8314704 0 -0.5555691 -0.9807852 0 -0.1950905 -0.9807852 0 -0.1950905 -0.7071062 0 0.7071074 -0.7071062 0 0.7071074 0.9659264 0 -0.2588171 0.9659264 0 -0.2588171 0.7071068 0 -0.7071068 0.7071068 0 -0.7071068 0.2588113 0 -0.965928 0.2588113 0 -0.965928 -0.2588113 0 -0.965928 -0.2588113 0 -0.965928 -0.7071026 0 -0.707111 -0.7071026 0 -0.707111 -0.9659264 0 -0.2588171 -0.9659264 0 -0.2588171 0 1 0 0 1 0 0 1 0 0 1 0 0 1 0 0 1 0 0 1 0 0 1 0 0 1 0 0 1 0 0 1 0 0 1 0 0 1 0 0 1 0 0 1 0 0 1 0 0 1 0 0 1 0 0 1 0 0 1 0 0 1 0 0 1 0 0 1 0 0 1 0 0 1 0 0 1 0 0 1 0 -0.8314691 0 0.5555711 -0.9969178 0 0.0784527 -0.980619 0.01844096 0.1950546 -0.9510146 -0.009230136 0.3090083 -0.8089262 0.0153135 0.5877107 0.5877873 0 -0.8090156 0.5223456 0.02453929 -0.8523806 0.3826929 0 -0.9238756 0.2334437 0 -0.9723703 0.07843452 0.0245397 -0.9966172 0 0 -1 -0.3090195 0 -0.9510558 -0.3825708 0.02454018 -0.9236003 -0.522501 0 -0.8526387 -0.6494565 0 -0.7603988 -0.7601789 0.02453869 -0.6492502 -0.996918 0 -0.07845056 -0.9720772 0.02454155 -0.2333745 -0.9510551 0 -0.3090214 -0.8090164 0 -0.5877861 0.7071062 0 -0.7071074 0.7071062 0 -0.7071074 0 0 -1 0 0 -1 0 0 -1 0 0 -1 -0.9876885 0 -0.1564334 -0.9659179 -0.004087924 -0.2588163 -0.7071002 -0.002719879 -0.7071081 -0.7071066 -0.002720355 -0.7071018 -0.8386734 0 -0.5446347 -0.9135459 0 -0.4067358 -0.1564244 0 -0.9876899 -0.2588106 -0.004088044 -0.9659195 -0.4067358 0 -0.9135459 -0.5446622 0 -0.8386555 -1 0 0 -1 0 0 -0.1305258 0 0.991445 -0.2588104 -0.00425899 0.9659188 -0.3826711 0 0.9238846 -0.6087558 0 0.7933576 -0.7070979 -0.004259288 0.7071027 -0.9914453 0 0.1305234 -0.9659178 -0.004259288 0.2588137 -0.9238799 0 0.3826826 -0.793353 0 0.6087619 0 0 1 0 0 1 0 0 1 0 0 1 0.7071073 0 0.7071062 0.7071073 0 0.7071062 -0.9969177 0 0.07845479 -0.9720763 0.02454024 0.2333787 -0.9510551 0 0.3090214 -0.8090258 0 0.5877732 -0.7601827 0.02454233 0.6492456 -0.6494408 0 0.7604123 -0.522501 0 0.8526387 -0.3825629 0.02454149 0.9236034 -0.3090071 0 0.9510598 0 0 1 0.07843452 0.0245397 0.9966172 0.5877785 0 0.809022 0.5223324 0.02454054 0.8523888 0.3826697 0 0.9238852 0.2334437 0 0.9723703 -0.996918 0 -0.07845056 -0.9806194 0.01844143 -0.1950525 -0.9510146 -0.009230136 -0.3090083 -0.831403 0.01228028 -0.5555343 -0.8090164 0 -0.5877861 -0.9659252 0 0.2588213 -0.9659252 0 0.2588213 -0.7071026 0 0.707111 -0.7071026 0 0.707111 -0.2588113 0 0.965928 -0.2588113 0 0.965928 0.2588113 0 0.965928 0.2588113 0 0.965928 0.7071068 0 0.7071068 0.7071068 0 0.7071068 0.9659252 0 0.2588213 0.9659252 0 0.2588213 0 1 0 0 1 0 0 1 0 0 1 0 0 1 0 0 1 0 0 1 0 0 1 0 0 1 0 0 1 0 0 1 0 0 1 0 0 1 0 0 1 0 0 1 0 0 1 0 0 1 0 0 1 0 0 1 0 0 1 0 0 1 0 0 1 0 0 1 0 0 1 0 0 1 0 0 1 0 0 1 0 -0.9807852 0 0.1950905 -0.9807852 0 0.1950905 -0.8314675 0 0.5555735 -0.8314675 0 0.5555735 -0.5555747 0 0.8314667 -0.5555747 0 0.8314667 -0.1950951 0 0.9807843 -0.1950951 0 0.9807843 0.9659275 0 -0.2588128 0.9659275 0 -0.2588128 0.7071068 0 -0.7071068 0.7071068 0 -0.7071068 0.2588113 0 -0.965928 0.2588113 0 -0.965928 -0.2588113 0 -0.965928 -0.2588113 0 -0.965928 -0.7071068 0 -0.7071068 -0.7071068 0 -0.7071068 -0.9659275 0 -0.2588128 -0.9659275 0 -0.2588128 -0.9659252 0 0.2588213 -0.9659252 0 0.2588213 -0.7071068 0 0.7071068 -0.7071068 0 0.7071068 -0.2588113 0 0.965928 -0.2588113 0 0.965928 0.2588113 0 0.965928 0.2588113 0 0.965928 0.7071068 0 0.7071068 0.7071068 0 0.7071068 0.9659252 0 0.2588213 0.9659252 0 0.2588213 0 1 0 0 1 0 0 1 0 0 1 0 0 1 0 0 1 0 0 1 0 0 1 0 0 1 0 0 1 0 0 1 0 0 1 0 0 1 0 0 1 0 0 1 0 0 1 0 0 1 0 0 1 0 0 1 0 0 1 0 0 1 0 0 1 0 0 1 0 0 1 0 0 1 0 0 1 0 0 1 0 0.1950951 0 0.9807843 0.1950951 0 0.9807843 0.5555724 0 0.8314682 0.5555724 0 0.8314682 0.8314675 0 0.5555735 0.8314675 0 0.5555735 0.9807861 0 0.195086 0.9807861 0 0.195086 0 -1 0 0 -1 0 0 -1 0 0 -1 0 0 -1 0 0 -1 0 0 -1 0 0 -1 0 0 -1 0 0 -1 0 0 -1 0 0 -1 0 0 -1 0 0 -1 0 0 -1 0 0 -1 0 0 -1 0 0 -1 0 0 -1 0 0 -1 0 0 -1 0 0 -1 0 0 -1 0 0 -1 0 0 -1 0 0 -1 0 0 -1 0 0 -1 0 0 -1 0 0 -1 0 0 -1 0 0 -1 0 0 -1 0 0 -1 0 0 -1 0 0 -1 0 0 -1 0 0 -1 0 0 -1 0 0 -1 0 0 -1 0 0 -1 0 0 -1 0 0 -1 0 0 -1 0 0 -1 0 0 -1 0 0 -1 0 0 -1 0 0 -1 0 0 -1 0 0 -1 0 0 -1 0 0 -1 0 0 -1 0 0 -1 0 0 -1 0 0 -1 0 0 -1 0 0 -1 0 0 -1 0 0 -1 0 0 -1 0 0 -1 0 0 -1 0 0 -1 0 0 -1 0 0 -1 0 0 -1 0 0 -1 0 0 -1 0 0 -1 0 0 -1 0 0 -1 0 0 -1 0 0 -1 0 0 -1 0 0 -1 0 0 -1 0 0 -1 0 0 -1 0 0 -1 0 0 -1 0 0 -1 0 0 -1 0 0 -1 0 0 -1 0 0 -1 0 0 -1 0 0 -1 0 0 -1 0 0 -1 0 0 -1 0 0 -1 0 0 -1 0 0 -1 0 0 -1 0 0 -1 0 0 -1 0 0 -1 0 0 -1 0 0 -1 0 0 -1 0 0 -1 0 0 -1 0 0 -1 0 0 -1 0 0 -1 0 0 -1 0 0 -1 0 0 -1 0 0 -1 0 0 -1 0 0 -1 0 0.9807861 0 -0.195086 0.9807861 0 -0.195086 0.8314704 0 -0.5555691 0.8314704 0 -0.5555691 0.5555658 0 -0.8314725 0.5555658 0 -0.8314725 0.1950951 0 -0.9807843 0.1950951 0 -0.9807843 0.9659264 0 -0.2588171 0.9659264 0 -0.2588171 0.7071068 0 -0.7071068 0.7071068 0 -0.7071068 0.2588113 0 -0.965928 0.2588113 0 -0.965928 -0.2588113 0 -0.965928 -0.2588113 0 -0.965928 -0.7071068 0 -0.7071068 -0.7071068 0 -0.7071068 -0.9659264 0 -0.2588171 -0.9659264 0 -0.2588171 0 1 0 0 1 0 0 1 0 0 1 0 0 1 0 0 1 0 0 1 0 0 1 0 0 1 0 0 1 0 0 1 0 0 1 0 0 1 0 0 1 0 0 1 0 0 1 0 0 1 0 0 1 0 0 1 0 0 1 0 0 1 0 0 1 0 0 1 0 0 1 0 0 1 0 0 1 0 0 1 0 0.9659266 -0.258816 0 0.9659266 -0.258816 0 0.707102 -0.7071115 0 0.707102 -0.7071115 0 0.2588229 -0.9659248 0 0.2588229 -0.9659248 0 -0.2588217 -0.9659251 0 -0.2588217 -0.9659251 0 -0.7071044 -0.7071092 0 -0.7071044 -0.7071092 0 -0.9659266 -0.258816 0 -0.9659266 -0.258816 0 0.9749286 -0.2225182 0 0.9749286 -0.2225182 0 0.7818304 -0.6234911 0 0.7818304 -0.6234911 0 0.4338784 -0.9009714 0 0.4338784 -0.9009714 0 0 -1 0 0 -1 0 -0.4338784 -0.9009714 0 -0.4338784 -0.9009714 0 -0.7818332 -0.6234877 0 -0.7818332 -0.6234877 0 -0.9749273 -0.2225235 0 -0.9749273 -0.2225235 0 -0.9807853 0.1950905 0 -0.9807853 0.1950905 0 -0.8314704 0.5555691 0 -0.8314704 0.5555691 0 -0.5555658 0.8314726 0 -0.5555658 0.8314726 0 -0.1950961 0.9807842 0 -0.1950961 0.9807842 0 0.2305999 0.9730486 0 0.2305999 0.9730486 0 0.6427577 0.7660695 0 0.6427577 0.7660695 0 -0.6427597 0.7660679 0 -0.6427597 0.7660679 0 -0.2305999 0.9730486 0 -0.2305999 0.9730486 0 0.1839841 0.9829292 0 0.1839841 0.9829292 0 0.5270675 0.8498234 0 0.5270675 0.8498234 0 0.7987616 0.6016477 0 0.7987616 0.6016477 0 -0.7987616 0.6016477 0 -0.7987616 0.6016477 0 -0.5270675 0.8498234 0 -0.5270675 0.8498234 0 -0.1839841 0.9829292 0 -0.1839841 0.9829292 0 0 0 -1 0 0 -1 0 0 -1 0 0 -1 0 0 -1 0 0 -1 0 0 -1 0 0 -1 0 0 -1 0 0 -1 0 0 -1 0 0 -1 0 0 -1 0 0 -1 0 0 -1 0 0 -1 0 0 -1 0 0 -1 0 0 -1 0 0 -1 0 0 -1 0 0 -1 0 0 -1 0 0 -1 0 0 -1 0 0 -1 0 0 -1 0 0 -1 0 0 -1 0 0 -1 0 0 -1 0 0 -1 0.1950951 0.9807844 0 0.1950951 0.9807844 0 0.5555658 0.8314726 0 0.5555658 0.8314726 0 0.8314726 0.5555658 0 0.8314726 0.5555658 0 0.9807853 0.1950905 0 0.9807853 0.1950905 0 0.7890837 0.6054372 -0.1038883 0.9582075 0.2567576 -0.1261501 0.2586483 0.9653712 -0.03405231 0.6067773 0.7908475 -0.07988524 0.9582035 0.2567707 -0.1261541 0.8928998 0.2567762 -0.3698594 0.8929089 0.2567519 -0.3698541 0.7667568 0.2567564 -0.5883538 0.7667589 0.2567514 -0.5883532 0.5883595 0.2567566 -0.7667523 0.5883669 0.2567396 -0.7667523 0.3698472 0.2567414 -0.8929148 0.3698471 0.2567415 -0.8929148 0.1261495 0.2567403 -0.9582123 0.1261531 0.2567309 -0.9582143 0.6994252 0.7053763 -0.1151036 0.6560905 0.7040535 -0.2717609 0.6560809 0.7040622 -0.2717615 0.5633912 0.7040621 -0.4323041 0.5634092 0.7040455 -0.4323077 0.4323237 0.7040441 -0.5633987 0.4322942 0.7040739 -0.5633842 0.2717469 0.704075 -0.6560733 0.271767 0.7040508 -0.6560908 0.09269464 0.7040489 -0.7040759 0.09268599 0.7040629 -0.7040629 0.2586439 0.9653723 -0.03405338 0.2410154 0.965373 -0.0998333 0.2410227 0.9653711 -0.09983342 0.2069736 0.9653707 -0.1588123 0.2069687 0.965372 -0.1588108 0.1588115 0.9653717 -0.20697 0.1588163 0.9653702 -0.2069728 0.09983766 0.9653701 -0.2410249 0.09982872 0.9653734 -0.2410155 0.03404849 0.9653736 -0.2586398 0.0340532 0.9653711 -0.2586483 0.9999855 0.005395591 0 0.9869768 0.1608629 -5.6077e-5 0.9659231 0.258825 -0.001468241 0.7933747 0.6087296 0.002180755 0.853805 0.5205931 -5.60541e-5 0.2587985 0.9659314 0 0.1057816 0.994381 -0.004080474 0.3446102 0.9387459 -1.54492e-4 0.6087227 0.7933831 1.3446e-4 0.5611424 0.827719 -6.66001e-4 0.6725404 0.7400604 1.25494e-5 0.2587019 0.9653565 -0.0340594 0.704034 0.7040913 -0.09269094 0.9582113 0.2567433 -0.1261506 0.9582073 0.2567564 -0.1261546 0.8929033 0.2567619 -0.3698608 0.8929125 0.2567376 -0.3698556 0.7667598 0.2567422 -0.5883561 0.7667619 0.2567371 -0.5883556 0.5883619 0.2567424 -0.7667554 0.5883693 0.2567254 -0.7667553 0.3698487 0.256727 -0.8929184 0.3698486 0.2567273 -0.8929183 0.12615 0.256726 -0.9582161 0.1261535 0.2567166 -0.9582181 0.704037 0.7040885 -0.09268993 0.656064 0.7040824 -0.2717499 0.6560544 0.7040911 -0.2717506 0.5633685 0.704091 -0.4322867 0.5633865 0.7040745 -0.4322902 0.4323062 0.704073 -0.563376 0.4322767 0.7041028 -0.5633614 0.2717359 0.7041038 -0.6560468 0.2717559 0.7040798 -0.6560644 0.09269088 0.7040777 -0.7040475 0.09268224 0.7040919 -0.7040346 0.2586976 0.9653577 -0.03406047 0.2410653 0.9653583 -0.09985399 0.2410727 0.9653565 -0.09985417 0.2070165 0.9653561 -0.1588452 0.2070116 0.9653574 -0.1588438 0.1588444 0.965357 -0.2070128 0.1588492 0.9653556 -0.2070158 0.09985834 0.9653555 -0.2410748 0.0998494 0.9653587 -0.2410655 0.03405553 0.965359 -0.2586933 0.03406023 0.9653565 -0.258702 0.9738257 0.2272959 0 0.9659239 0.2588098 -0.002919673 0.881546 0.472098 9.7016e-6 0.7459937 0.665953 -4.21599e-5 0.7070702 0.7071277 -0.004708826 0.5481262 0.8363958 9.86781e-6 0.3377085 0.9412508 -4.84007e-5 0.2588472 0.9658983 -0.006214499 0.08313441 0.9965384 0 0.05878394 0.9965384 0.05878394 0.1813366 0.9659148 0.1847311 0.2387735 0.9412553 0.2388004 0.3875786 0.836403 0.3875731 0.4986616 0.7071371 0.5012922 0.5274851 0.6659533 0.5275088 0.62334 0.4721248 0.6233342 0.6821938 0.258769 0.6838496 0.6885982 0.2272926 0.6886005 0.2035706 0.9655072 0.1623418 0.2035717 0.9655066 0.1623436 0.5545548 0.7049036 0.4422442 0.5545649 0.7048833 0.4422637 0.7555096 0.2572526 0.6025166 0.7555098 0.2573022 0.6024953 0.2345932 0.9655066 0.1129736 0.2345945 0.9655061 0.1129748 0.639077 0.7048846 0.3077633 0.639074 0.7048888 0.3077599 0.8706358 0.2572999 0.4192734 0.8706347 0.2573103 0.419269 0.2586024 0.9649839 0.04393947 0.2585949 0.9649861 0.04393661 0.7020403 0.7020766 0.1192802 0.7020441 0.7020726 0.119282 0.9531723 0.2554109 0.1619504 0.953176 0.2553941 0.1619549 0.6390621 0.7049013 -0.3077562 0.2345947 0.9655061 -0.1129744 0.9645098 0.2584309 -0.05416864 0.9749259 -0.001751482 -0.2225229 0.234593 0.9655066 -0.1129741 0.2035721 0.9655067 -0.162343 0.2035701 0.9655072 -0.1623423 0.1623415 0.9655069 -0.2035723 0.1623471 0.9655051 -0.2035762 0.1129773 0.9655049 -0.2345987 0.112969 0.965508 -0.2345897 0.05793893 0.9655081 -0.2538447 0.05793857 0.9655084 -0.253844 0 0.9655084 -0.2603722 0 0.9655084 -0.2603722 -0.05793929 0.9655083 -0.253844 -0.05793923 0.9655081 -0.2538446 -0.1129715 0.9655079 -0.2345888 -0.1129733 0.9655047 -0.2346011 -0.1623466 0.9655051 -0.2035765 -0.1623458 0.9655057 -0.2035745 -0.3810414 0.7915213 -0.4778091 0.6390666 0.7048971 -0.3077563 0.554556 0.7049019 -0.4422452 0.5545542 0.7049037 -0.4422447 0.4422428 0.7049059 -0.554553 0.4422422 0.7049066 -0.5545527 0.3077446 0.7049103 -0.6390578 0.3077684 0.7048817 -0.6390777 0.1578409 0.7048803 -0.6915419 0.1578416 0.7048792 -0.6915429 0 0.7048796 -0.709327 0 0.7048797 -0.709327 -0.1578418 0.7048823 -0.6915395 -0.1578413 0.7048803 -0.6915417 -0.307754 0.7048826 -0.6390837 -0.3077529 0.7049173 -0.6390459 -0.4590942 0.7035932 -0.542392 -0.4957798 0.6063817 -0.6216941 0.258595 0.964986 -0.04393768 0.2586032 0.9649839 -0.04393744 0.7020443 0.7020728 -0.1192795 0.7020353 0.7020816 -0.1192805 0.9531746 0.2554018 -0.1619508 0.8706389 0.2572869 -0.4192749 0.8706429 0.2572764 -0.419273 0.7555134 0.2572685 -0.6025052 0.755506 0.257286 -0.6025069 0.6025005 0.2572901 -0.7555098 0.6025044 0.257281 -0.7555098 0.4192835 0.2572758 -0.870638 0.4192793 0.2572859 -0.8706371 0.2150319 0.2572824 -0.9421077 0.2150323 0.2572813 -0.942108 0 0.257279 -0.9663372 0 0.257279 -0.9663372 -0.2150323 0.2572753 -0.9421096 -0.2150326 0.2572765 -0.9421092 -0.4192837 0.2572741 -0.8706384 -0.4192818 0.2572641 -0.8706423 -0.6025004 0.2572644 -0.7555186 -0.6025046 0.2573071 -0.7555007 -0.7063318 0.04678958 -0.7063329 -0.6841267 0.2588259 -0.6818943 -0.6877791 0.2411915 -0.6846799 -0.6301587 0.4534109 -0.6303321 -0.5611251 0.6087967 -0.5608078 -0.5552631 0.6191369 -0.5552949 -0.4323331 0.7913313 -0.4322996 -0.4304989 0.7933807 -0.4303692 -0.3151052 0.8951965 -0.3151698 -0.184502 0.9659142 -0.1815732 -0.1375474 0.9808984 -0.1375474 0 0.9808976 -0.1945247 0.005300581 0.9659034 -0.2588485 0.006842315 0.7071191 -0.7070614 2.37701e-4 0.7912976 -0.6114311 -1.17485e-4 0.8952068 -0.4456509 0 0.04676401 -0.9989059 0.003589987 0.2410364 -0.9705095 0.005002677 0.2587808 -0.9659231 -3.08101e-4 0.4534709 -0.8912711 6.1973e-4 0.6189913 -0.7853977 0.9727133 0.193467 -0.1280598 0.7890704 0.6054574 -0.1038711 0.8906437 0.4393269 -0.1172419 0.4416294 0.8953114 -0.05814731 0.6068043 0.7908257 -0.07989513 0.1950088 0.9804655 -0.02567064 0.9558039 0.2572312 -0.1423762 0.8929095 0.256737 -0.3698634 0.8929091 0.2567379 -0.3698636 0.7667642 0.2567424 -0.5883502 0.7667574 0.2567585 -0.5883521 0.5883592 0.2567588 -0.7667519 0.5883478 0.2567849 -0.7667518 0.3698361 0.2567868 -0.8929064 0.3698657 0.2567164 -0.8929144 0.1261513 0.2567225 -0.9582167 0.1261535 0.2567166 -0.9582181 0.6993848 0.705419 -0.1150876 0.6560496 0.7040954 -0.2717509 0.6560698 0.7040772 -0.2717496 0.5633776 0.7040795 -0.4322937 0.5633696 0.7040868 -0.4322921 0.4322926 0.7040812 -0.5633763 0.4322944 0.7040794 -0.5633771 0.2717576 0.7040777 -0.6560658 0.2717559 0.7040798 -0.6560644 0.09269088 0.7040777 -0.7040475 0.09268224 0.7040919 -0.7040346 0.254079 0.9657966 -0.05177783 0.2410722 0.9653566 -0.09985411 0.2410651 0.9653584 -0.09985399 0.2070097 0.9653575 -0.1588454 0.2070162 0.9653558 -0.1588473 0.1588484 0.9653558 -0.2070152 0.1588449 0.9653568 -0.2070131 0.09985727 0.9653562 -0.2410722 0.09985053 0.9653587 -0.2410651 0.03405553 0.965359 -0.2586933 0.03406023 0.9653565 -0.258702 0.1950731 0.9807887 0 0.1950731 0.9807887 0 0.4423778 0.8968288 0 0.4423778 0.8968288 0 0.6087503 0.793362 0 0.6087503 0.793362 0 0.793362 0.6087503 0 0.793362 0.6087503 0 0.8968288 0.4423778 0 0.8968288 0.4423778 0 0.9807887 0.1950731 0 0.9807887 0.1950731 0 0.0340656 0.9653602 0.2586876 0.09270286 0.7040905 0.7040332 0.09270912 0.7041082 0.7040147 0.2717466 0.7041066 0.6560393 0.2717445 0.7040768 0.6560723 0.4322937 0.7040795 0.5633776 0.4322932 0.7040812 0.5633757 0.5633665 0.7040871 0.4322957 0.5633616 0.704097 0.4322859 0.6560556 0.7040889 0.2717534 0.6560339 0.7041188 0.2717286 0.9727137 0.193467 0.1280574 0.9558043 0.2572312 0.1423735 0.8929093 0.256737 0.3698636 0.8929092 0.2567379 0.3698633 0.7667539 0.2567419 0.5883638 0.7667539 0.256791 0.5883424 0.5883452 0.2568011 0.7667484 0.5883434 0.2567851 0.7667552 0.3698585 0.2567876 0.8928969 0.3698432 0.2567172 0.8929234 0.1261718 0.2567232 0.9582139 0.1261534 0.2566633 0.9582324 0.890644 0.439327 0.1172397 0.7890706 0.6054575 0.1038691 0.6993755 0.7054283 0.1150864 0.6068041 0.7908256 0.0798968 0.4416293 0.8953112 0.0581485 0.03405702 0.9653511 0.2587227 0.09985941 0.9653515 0.2410905 0.09985864 0.9653602 0.241056 0.1588391 0.9653599 0.2070032 0.1588402 0.9653589 0.2070071 0.2070074 0.9653583 0.1588436 0.2070091 0.9653574 0.1588464 0.2410674 0.9653583 0.09984987 0.2410767 0.965355 0.09985882 0.2540817 0.9657958 0.05177903 0.1950088 0.9804655 0.02567058 0 0.04644662 0.9989207 0.00392425 0.2587283 0.9659422 -0.001009047 0.3152194 0.9490182 0.001166701 0.7071352 0.7070776 4.51925e-4 0.7122675 0.701908 -4.75393e-4 0.9659207 0.2588378 0 0.9647664 0.2631078 -0.1830308 0.965919 0.1830308 -0.1858658 0.9647856 0.1861255 -0.4304989 0.7933807 0.4303692 -0.4942107 0.7128535 0.49759 -0.5611535 0.6087458 0.5608344 -0.6707912 0.3151447 0.671359 -0.684136 0.2587879 0.6818994 -0.7063404 0.04656291 0.7063392 -0.6025113 0.257265 0.7555097 -0.3810414 0.7915213 0.4778091 -0.1623383 0.9655088 0.2035661 -0.5257922 0.608018 0.5948586 -0.1623401 0.9655082 0.2035673 -0.1129674 0.9655082 0.2345894 -0.1129873 0.9655007 0.2346108 -0.05794572 0.9655005 0.2538722 -0.05794537 0.9655007 0.2538716 0 0.9655005 0.2604013 0 0.9655005 0.2604013 0.05794513 0.9655007 0.2538717 0.05794507 0.9655005 0.2538725 0.1129801 0.9655009 0.2346134 0.1129757 0.9655085 0.2345843 0.1623384 0.9655082 0.2035683 0.1623359 0.96551 0.2035621 0.2035634 0.9655096 0.1623362 0.2035702 0.9655066 0.162346 0.2345933 0.9655066 0.1129736 0.2345895 0.9655079 0.1129702 0.2538486 0.9655071 0.05793935 0.2538524 0.965506 0.05794155 0.2588251 0.9658148 0.01453703 0.2588176 0.9658169 0.01453185 -0.4422697 0.7048699 0.5545773 -0.3077819 0.7048653 0.6390893 -0.3077237 0.7049354 0.63904 -0.1578297 0.704937 0.6914865 -0.1578283 0.704939 0.6914848 0 0.7049378 0.7092692 0 0.7049377 0.7092692 0.1578285 0.7049358 0.691488 0.1578288 0.7049369 0.6914868 0.307755 0.7049335 0.6390271 0.3077574 0.7048573 0.63911 0.4422705 0.7048611 0.5545878 0.4422644 0.7048838 0.5545639 0.5545636 0.704886 0.4422613 0.5545649 0.7048833 0.4422637 0.6390796 0.7048843 0.3077586 0.6390762 0.7048892 0.3077546 0.6915305 0.7048914 0.1578411 0.6915104 0.7049143 0.157826 0.706514 0.7065864 0.03966867 0.7065352 0.706564 0.03968983 -0.6024752 0.257349 0.75551 -0.4192445 0.2573602 0.8706318 -0.4193012 0.2572253 0.8706444 -0.2150353 0.257224 0.9421229 -0.2150358 0.2572228 0.9421231 0 0.2572253 0.9663515 0 0.2572253 0.9663515 0.2150351 0.2572288 0.9421216 0.2150354 0.2572301 0.9421212 0.4192586 0.2572382 0.870661 0.4192842 0.2573732 0.8706089 0.6024991 0.2573648 0.7554854 0.6024876 0.2572473 0.7555347 0.7555096 0.2572526 0.6025166 0.7555098 0.2573022 0.6024953 0.8706392 0.2572996 0.4192664 0.8706403 0.257287 0.4192717 0.9421065 0.2572965 0.2150205 0.9421126 0.2572633 0.2150334 0.9645135 0.2584146 0.05418187 0.9645097 0.2584309 0.05417066 0.258595 0.964986 -0.0439372 0.2586007 0.9649846 -0.04393702 0.7020443 0.7020728 -0.1192795 0.7020404 0.7020766 -0.1192799 0.9531769 0.2553943 -0.1619492 0.9531747 0.2554018 -0.1619505 0.234589 0.9655078 -0.1129716 0.2345941 0.9655066 -0.1129723 0.6390754 0.704889 -0.3077566 0.6390526 0.70491 -0.3077559 0.8706355 0.2572867 -0.419282 0.8706485 0.2572531 -0.4192757 0.2035721 0.9655067 -0.162343 0.2035609 0.9655097 -0.1623387 0.5545374 0.7049196 -0.4422404 0.5545738 0.7048851 -0.4422498 0.7555273 0.2572352 -0.6025019 0.7554918 0.2573199 -0.6025102 0.7063211 0.04712617 -0.7063211 0.6818917 0.258845 -0.6841221 0.6713607 0.315145 -0.6707895 0.4996621 0.7071177 -0.5003222 0.4961875 0.7122813 -0.4964406 0.183159 0.9659203 -0.1828953 0.1860384 0.9647691 -0.1860384 -0.2586948 0.9653584 0.03405916 -0.704048 0.7040767 0.09269464 -0.9582111 0.2567432 0.1261529 -0.958207 0.2567565 0.1261571 -0.8929064 0.2567621 0.369853 -0.8929064 0.2567625 0.369853 -0.7667554 0.2567635 0.5883527 -0.7667713 0.2567253 0.5883484 -0.5883502 0.2567154 0.7667733 -0.5883643 0.2566832 0.7667732 -0.369885 0.2566784 0.8929173 -0.3698647 0.2567267 0.8929119 -0.1261512 0.2567261 0.9582159 -0.1261344 0.2567705 0.9582062 -0.7040508 0.7040742 0.09269368 -0.6560763 0.704069 0.271755 -0.6560794 0.7040661 0.2717548 -0.5633963 0.7040622 0.4322974 -0.5633826 0.7040748 0.4322946 -0.432298 0.7040723 0.5633832 -0.4322906 0.7040797 0.5633797 -0.2717576 0.7040777 0.6560658 -0.2717376 0.7041018 0.6560483 -0.09267485 0.704104 0.7040234 -0.09268224 0.7040919 0.7040346 -0.2587002 0.9653571 0.03405779 -0.2410711 0.9653569 0.09985411 -0.2410727 0.9653565 0.09985417 -0.2070155 0.965356 0.158847 -0.2070066 0.9653583 0.1588445 -0.1588401 0.9653589 0.2070072 -0.1588405 0.9653588 0.2070075 -0.0998497 0.965359 0.2410643 -0.09984833 0.9653595 0.2410629 -0.03405541 0.9653593 0.2586924 -0.03406846 0.9653524 0.2587163 0 0.9659131 0.2588666 0 0.9659131 0.2588666 0 0.7071356 0.7070779 0 0.7071356 0.7070779 0 0.2588378 0.9659208 0 0.2588378 0.9659208 0.03405857 0.9653527 0.2587164 0.09267544 0.7040923 0.704035 0.1261485 0.25677 0.9582045 0.1261348 0.2567255 0.9582182 0.3698802 0.2567262 0.8929055 0.3698697 0.2566779 0.8929238 0.5883598 0.2566834 0.7667766 0.5883616 0.2566994 0.7667699 0.7667677 0.2567044 0.5883622 0.7667677 0.2567426 0.5883456 0.8929092 0.2567379 0.3698633 0.8929065 0.2567622 0.3698531 0.9582076 0.2567563 0.1261525 0.9582105 0.256743 0.1261575 0.09268039 0.7041063 0.7040204 0.2717466 0.7041066 0.6560393 0.2717445 0.7040768 0.6560723 0.4322937 0.7040795 0.5633776 0.4322953 0.7040721 0.5633857 0.5633867 0.7040745 0.43229 0.563387 0.7040738 0.4322907 0.6560665 0.7040796 0.271751 0.6560644 0.7040825 0.2717486 0.7040363 0.7040887 0.09269309 0.704034 0.7040913 0.09269148 0.03406476 0.9653593 0.258691 0.0998491 0.9653587 0.2410655 0.0998491 0.965359 0.2410647 0.1588404 0.9653588 0.2070076 0.1588388 0.9653602 0.2070022 0.2070059 0.9653597 0.158837 0.2070137 0.9653559 0.15885 0.2410724 0.9653564 0.09985464 0.2410712 0.9653569 0.09985357 0.2586997 0.9653572 0.03405982 0.258702 0.9653565 0.03406101 0.2588522 0.9659169 0 0.2629348 0.9648135 -4.67142e-4 0.7070779 0.7071354 4.66874e-4 0.7020798 0.7120972 0.001198947 0.9490183 0.3152195 -0.001008987 0.9659206 0.2588089 0.003917276 0.9988986 0.04692274 0 0 0 -1 0 0 -1 -0.195097 0 -0.9807839 -0.195097 0 -0.9807839 -0.5555655 0 -0.8314728 -0.5555655 0 -0.8314728 -0.8314718 0 -0.555567 -0.8314718 0 -0.555567 -0.980785 0 -0.1950917 -0.980785 0 -0.1950917 0 1 0 0 1 0 0 1 0 0 1 0 0 1 0 0 1 0 0 1 0 0 1 0 0 1 0 0 1 0 0 1 0 0 1 0 0 1 0 0 1 0 0 1 0 0 1 0 0.8660253 0 0.5000002 0.8660253 0 0.5000002 -0.7071094 0 0.7071042 -0.7071094 0 0.7071042 -0.2588143 0 0.9659271 -0.2588143 0 0.9659271 0.2588143 0 0.9659271 0.2588143 0 0.9659271 0.7071068 0 0.7071068 0.7071068 0 0.7071068 -0.8660253 0 0.5000002 -0.8660253 0 0.5000002 0 1 0 0 1 0 0 1 0 0 1 0 0 1 0 0 1 0 0 1 0 0 1 0 0 1 0 0 1 0 0 1 0 0 1 0 0 1 0 0 1 0 0 1 0 0 1 0 0 1 0 0 1 0 0 1 0 0 1 0 0 1 0 0 1 0 0 1 0 0 1 0 0 1 0 0 1 0 0 1 0 0 1 0 0 1 0 0 1 0 0 1 0 0 1 0 0 1 0 0 1 0 0 1 0 0 1 0 0 1 0 0 1 0 0 1 0 0 1 0 0 1 0 0 1 0 0 1 0 0 1 0 0 1 0 0 1 0 0 1 0 0 1 0 0 1 0 0 1 0 0 1 0 0 1 0 0 1 0 0 1 0 0 1 0 0 1 0 0 1 0 0 1 0 0 1 0 0 1 0 0 1 0 0 1 0 0 1 0 0 1 0 0 1 0 0 1 0 0 1 0 0 1 0 0 1 0 0 1 0 0 1 0 0 1 0 0 1 0 0 1 0 0 1 0 0 1 0 0 1 0 0 1 0 0 1 0 0 1 0 0 1 0 0 1 0 0 1 0 0 1 0 0 1 0 0 1 0 0 1 0 0 1 0 0 1 0 0 1 0 0 1 0 0 1 0 0 1 0 0 1 0 0 1 0 0 1 0 0 1 0 0 1 0 0 1 0 0 1 0 0 1 0 0 1 0 0 1 0 0 1 0 0 1 0 0 1 0 0 1 0 0 1 0 0 1 0 0 1 0 0 1 0 0 1 0 0 1 0 0 1 0 0 1 0 0 1 0 0 1 0 0 1 0 0 1 0 0 1 0 0 1 0 0 1 0 0 1 0 0 1 0 0 1 0 0 1 0 0 1 0 0 1 0 0 1 0 0 1 0 0 1 0 0 0.9807887 -0.1950731 0.001579165 0.8967831 -0.4424677 0 0.965917 -0.2588522 0 0.7934042 -0.6086952 5.32598e-4 0.7071355 -0.7070779 0 0.6087504 -0.7933619 0 0.4421946 -0.8969191 3.98628e-4 0.258784 -0.9659351 0 0.1950731 -0.9807887 0 0 -1 0 0 -1 0.1305246 0 -0.9914451 0.2587025 -0.02919304 -0.9655159 0.7933418 0.005304872 -0.6087532 0.6846506 -0.02230006 -0.7285302 0.6087679 0 -0.7933485 0.3826744 0 -0.9238833 0.997841 1.60965e-4 -0.06567722 0.9999976 0 -0.002205848 0.9769455 0.01498639 -0.2129621 0.9485845 0.04154384 -0.3137858 0.9913603 -0.013067 -0.1305147 0.9273298 0.005725204 -0.3742015 0.9238544 0.006929993 -0.3826815 0.8912782 2.52251e-5 -0.4534572 0.8502318 -1.37812e-5 -0.5264085 0 1 0 0 1 0 0 1 0 0 1 0 0 1 0 0 1 0 0 1 0 0 1 0 0 1 0 0 1 0 0 1 0 0 1 0 0 1 0 0 1 0 0 1 0 0 1 0 0 1 0 -0.09925878 0.9950617 0 -0.195073 0.9807883 -9.61466e-4 -0.4422392 0.8968958 0.001559793 -0.3445944 0.9387516 -1.54508e-4 -0.7007387 0.713418 2.4894e-4 -0.6087473 0.7933579 0.003157794 -0.7933766 0.6087311 1.73057e-5 -0.8785867 0.4775829 -2.92158e-6 -0.9807887 0.1950731 0 -0.9999833 -0.004688382 -0.003387272 -0.8968213 0.4423726 0.004238128 -0.9878939 0.1551117 -0.00243932 -0.923298 0.3840845 -2.35527e-4 -0.1534907 0.1927616 -0.9691665 -0.1406305 0.4378896 -0.8879616 -0.1534912 0.1927642 -0.9691658 -0.4454808 0.1927702 -0.874292 -0.3707358 0.4113432 -0.8326774 -0.5342288 0.1947939 -0.8225904 -0.6938408 0.192739 -0.6938564 -0.6938417 0.1928169 -0.6938338 -0.8225962 0.1948644 -0.5341942 -0.8361762 0.3453777 -0.4260558 -0.8961769 0.1940717 -0.3990026 -0.9691585 0.192795 -0.1534985 -0.09596502 0.7897003 -0.6059407 -0.1246654 0.6040179 -0.78716 -0.139601 0.5514717 -0.8224296 -0.3789164 0.5508187 -0.7436539 -0.3789152 0.5508349 -0.7436426 -0.5901665 0.5508311 -0.5901598 -0.5901773 0.5507933 -0.5901843 -0.7436672 0.5507984 -0.3789198 -0.743663 0.5508074 -0.3789151 -0.03088235 0.9803209 -0.1949801 -0.06988114 0.894682 -0.4412037 -0.969164 0.192761 -0.1535067 -0.8879159 0.4379798 -0.1406377 -0.8224428 0.5514503 -0.139608 -0.7871862 0.6039814 -0.1246773 -0.6059404 0.7896999 -0.09597092 -0.09724479 0.8289787 -0.5507612 -0.2543741 0.8282932 -0.4992236 -0.2543798 0.8282754 -0.4992502 -0.3962007 0.8282792 -0.3962054 -0.3961876 0.8282963 -0.3961827 -0.4992284 0.8282917 -0.2543695 -0.4992261 0.8282937 -0.2543674 -0.5507596 0.828979 -0.09725028 -0.4411588 0.8947046 -0.06987464 -0.0308817 0.9803193 -0.1949882 -0.08962559 0.9803194 -0.1759008 -0.08962285 0.9803217 -0.1758892 -0.1395901 0.9803212 -0.1395884 -0.1395958 0.980319 -0.1395977 -0.1758998 0.9803197 -0.08962512 -0.1758953 0.9803208 -0.08962124 -0.1949803 0.9803208 -0.03088271 -0.19498 0.9803209 -0.03088259 0 0.9807887 -0.1950731 0.001577973 0.8968735 -0.4422844 0 0.9659314 -0.2587985 0 0.7933619 -0.6087504 5.32433e-4 0.7071067 -0.7071067 0 0.608767 -0.793349 0 0.442285 -0.8968746 3.98719e-4 0.2587984 -0.9659313 0 0.1950731 -0.9807887 0 0 -1 0 0 -1 0 0 -1 0 0 -1 0 0 -1 0 0 -1 0 0 -1 0 0 -1 0 0 -1 0 0 -1 0 0 -1 0 0 -1 0 0 -1 0 0 -1 0 0 -1 0 0 -1 0 0 -1 0 0 -1 0 0 -1 0 0 -1 0 0 -1 0.1305246 0 -0.991445 0.2587993 -0.01022136 -0.9658771 0.3826744 0 -0.9238833 0.6087678 0 -0.7933484 0.7070723 -0.01022136 -0.7070674 0.9914449 0 -0.1305258 0.9658744 -0.01022201 -0.2588093 0.9238765 0 -0.3826907 0.793353 0 -0.6087618 1 0 0 1 0 0 1 0 0 1 0 0 1 0 0 1 0 0 1 0 0 1 0 0 0.7071056 0 0.7071079 0.7071056 0 0.7071079 0.7818334 0 0.6234875 0.8464605 0.02506458 0.5318614 0.9009715 0 0.4338782 0.9858704 0 0.16751 0.9935368 0.0187819 0.1119456 0.9984266 0 -0.05607342 0.9749274 0 -0.2225233 0.9435875 0.02506321 -0.3301734 0.9009715 0 -0.4338782 0.781826 0 -0.6234967 0.7068823 0.02506268 -0.7068871 0.6234933 0 -0.7818287 0.4338859 0 -0.9009678 0.3301776 0.02506422 -0.943586 0.2225233 0 -0.9749274 0 0 -1 -0.1119307 0.02506446 -0.9933999 -0.623498 0 -0.781825 -0.5318704 0.02506512 -0.8464547 -0.4338859 0 -0.9009678 -0.2225233 0 -0.9749274 -0.7071062 0 -0.7071074 -0.7071062 0 -0.7071074 0 0 -1 0 0 -1 0 0 -1 0 0 -1 0.1305258 0 -0.991445 0.2588092 -0.00425893 -0.9659191 0.3826677 0 -0.9238861 0.6087678 0 -0.7933484 0.7071052 -0.004259169 -0.7070956 0.991445 0 -0.1305258 0.965916 -0.004259347 -0.2588205 0.9238765 0 -0.3826907 0.7933576 0 -0.6087558 1 0 0 1 0 0 0.9914453 0 0.1305234 0.9659167 -0.004259407 0.2588182 0.9238765 0 0.3826907 0.7933576 0 0.6087558 0.7071004 -0.004259407 0.7071004 0.1305258 0 0.991445 0.2588092 -0.00425893 0.9659191 0.3826677 0 0.9238861 0.6087558 0 0.7933576 0 0 1 0 0 1 0 0 1 0 0 1 -0.7071073 0 0.7071062 -0.7071073 0 0.7071062 -0.6234747 0 0.7818436 -0.5318636 0.02505975 0.8464592 -0.4339013 0 0.9009604 -0.2225233 0 0.9749274 -0.1119307 0.02506446 0.9933999 0 0 1 0.2225233 0 0.9749274 0.3301861 0.02506625 0.943583 0.4339013 0 0.9009604 0.62347 0 0.7818472 0.7068774 0.02506721 0.7068918 0.7818334 0 0.6234875 0.9009715 0 0.4338782 0.9435875 0.02506321 0.3301734 0.9749274 0 0.2225233 0.9984265 0 0.05607557 0.993537 0.0187813 -0.1119446 0.7818186 0 -0.623506 0.846455 0.02506685 -0.53187 0.9009715 0 -0.4338782 0.9858711 0 -0.1675058 0.7071067 0 -0.7071067 0.7071067 0 -0.7071067 1 0 0 1 0 0 1 0 0 1 0 0 0.9914446 0 0.1305283 0.9659154 -0.004259228 0.2588229 0.9238765 0 0.3826907 0.793353 0 0.6087619 0.7070979 -0.004259288 0.7071027 0.1305246 0 0.9914451 0.2588283 -0.004259645 0.9659139 0.3827069 0 0.9238697 0.6087558 0 0.7933576 0 0 1 0 0 1 -0.1305258 0 0.991445 -0.2588295 -0.004259645 0.9659136 -0.3827069 0 0.9238697 -0.6087512 0 0.7933611 -0.7070956 -0.004259407 0.7071052 -0.9914446 0 0.1305283 -0.9659166 -0.004259109 0.2588185 -0.9238799 0 0.3826826 -0.793353 0 0.6087619 -1 0 0 -1 0 0 -1 0 0 -1 0 0 -0.998906 0.04676401 0 -0.9659206 0.2588089 0.003920078 -0.9490184 0.3152191 -0.001006186 -0.785398 0.6189909 6.22048e-4 -0.7070758 0.7071046 0.006843268 -0.6114311 0.7912977 2.37697e-4 -0.2588449 0.9659188 -4.75374e-4 -0.263115 0.9647645 0 -0.1379407 0.9807879 -0.1379405 -0.1869931 0.9649974 -0.1838846 -0.3918472 0.8314677 -0.3938493 -0.4322998 0.7913307 -0.432334 -0.5879582 0.5555816 -0.5879067 -0.5538977 0.6185666 -0.5572905 -0.6723238 0.3153209 -0.6697414 -0.6927393 0.1951041 -0.6942957 -0.7063255 0.04701602 -0.7063243 -0.793845 0.1928056 0.5767462 -0.9778808 0.194493 -0.07695245 -0.6752321 0.5508073 0.4905843 -0.4533291 0.82826 0.3293601 -0.1597105 0.9803205 0.1160361 -0.1597132 0.9803199 0.1160375 -0.1160358 0.9803202 0.1597126 -0.1160467 0.9803171 0.1597234 -0.06101208 0.9803168 0.1877673 -0.06100815 0.9803185 0.1877596 0 0.9803182 0.1974241 0 0.9803182 0.1974241 -0.4533199 0.8282667 0.3293559 -0.3293551 0.8282695 0.4533153 -0.3293471 0.8282768 0.4533079 -0.1731519 0.8282763 0.5328947 -0.1731623 0.8282622 0.5329133 0 0.8282624 0.5603405 0 0.8282623 0.5603404 -0.6752655 0.5507563 0.4905956 -0.4906084 0.5507452 0.6752652 -0.4905977 0.5507644 0.6752573 -0.2579362 0.5507609 0.7938082 -0.2579222 0.5507957 0.7937885 0 0.5508016 0.8346362 0 0.5508016 0.8346362 -0.1597129 0.9803199 -0.1160378 -0.1597107 0.9803205 -0.1160356 -0.4533212 0.8282666 -0.3293544 -0.4533281 0.8282599 -0.3293619 -0.6752254 0.5508196 -0.4905795 -0.6752306 0.5508071 -0.4905865 -0.7938373 0.1927962 -0.5767598 -0.7938368 0.1928052 -0.5767576 -0.1877524 0.98032 -0.06100529 -0.1877421 0.9803223 -0.06099998 -0.5329188 0.8282606 -0.1731527 -0.5329412 0.8282436 -0.1731653 -0.7937794 0.5508111 -0.2579178 -0.7937688 0.5508298 -0.2579102 -0.9332134 0.1927985 -0.3032184 -0.9332175 0.1927677 -0.3032256 -0.9778804 0.1944931 0.07695662 -0.9995874 -0.02872419 0 -0.8346186 0.5508284 0 -0.8346186 0.5508283 0 -0.5603584 0.8282503 0 -0.5603583 0.8282503 0 -0.1974091 0.9803212 0 -0.1974091 0.9803212 0 -0.1877506 0.9803205 0.06100469 -0.1877526 0.98032 0.06100499 -0.5329203 0.8282586 0.1731577 -0.5329169 0.828261 0.1731573 -0.7937677 0.5508295 0.257914 -0.7937808 0.5508108 0.2579141 -0.9332191 0.192768 0.3032203 -0.9332117 0.1927987 0.3032237 0.228981 0.1945972 0.9537817 0 0.1928675 0.9812248 0 0.1928675 0.9812248 -0.3032051 0.1928731 0.9332023 -0.3032251 0.1927874 0.9332135 -0.5125207 0.194518 0.8363524 -0.587539 -0.02869588 0.8086869 -0.6370351 0.1945234 0.7458867 -0.7938476 0.1927956 0.5767458 0.3753602 0.1945196 0.9062377 0.3088952 -0.02865403 0.9506644 0.2579278 0.5507686 0.7938055 0.2579276 0.5507954 0.793787 0.1731564 0.8282728 0.5328987 0.1731582 0.8282625 0.5329141 0.06101089 0.9803166 0.187768 0.06100952 0.9803185 0.1877594 0.1160438 0.9803171 0.1597248 0.1160349 0.9803211 0.1597073 0.3293552 0.8282695 0.4533154 0.3293552 0.8282696 0.4533153 0.4905977 0.5507796 0.675245 0.4906053 0.550745 0.6752677 0.576755 0.1927837 0.7938439 0.5767545 0.192766 0.7938486 0.6935222 0.1950783 0.693521 0.687872 0.2273418 0.6893097 0.6235586 0.4721871 0.6230683 0.5889292 0.5555064 0.5870051 0.526223 0.6662567 0.5283856 0.393869 0.8314676 0.3918276 0.3887097 0.8361875 0.3869046 0.2376484 0.9414089 0.2393166 0.1390151 0.9807877 0.1368584 0.05878394 0.9965385 0.05878382 0 0.9965384 0.08313441 -0.006214022 0.9659022 0.2588328 -4.63441e-5 0.941251 0.3377077 1.31882e-5 0.8364351 0.548066 -0.00470668 0.7071277 0.7070702 -3.77473e-5 0.6659335 0.7460111 1.4865e-5 0.472274 0.8814518 -0.002917885 0.2587292 0.9659455 0 0.2272337 0.9738402 -0.7890428 0.605493 0.1038731 -0.9582116 0.2567434 0.1261482 -0.2586948 0.9653584 0.03405916 -0.6068045 0.790826 0.07989048 -0.9582159 0.2567293 0.1261439 -0.8929126 0.2567372 0.3698555 -0.8929125 0.2567376 0.3698556 -0.7667598 0.2567422 0.5883561 -0.7667388 0.2567918 0.5883617 -0.5883408 0.256801 0.7667518 -0.5883478 0.2567849 0.7667518 -0.3698394 0.2567869 0.892905 -0.3698647 0.2567267 0.8929119 -0.1261512 0.2567261 0.9582159 -0.1261751 0.2566626 0.9582297 -0.6993904 0.7054138 0.1150848 -0.6560436 0.7041047 0.2717415 -0.6560467 0.7041019 0.2717413 -0.5633468 0.7041078 0.4322875 -0.5633826 0.7040748 0.4322946 -0.432298 0.7040723 0.5633832 -0.4322906 0.7040797 0.5633797 -0.2717576 0.7040777 0.6560658 -0.2717376 0.7041018 0.6560483 -0.09270173 0.7041058 0.7040181 -0.0927115 0.7040899 0.7040327 -0.2587002 0.9653571 0.03405779 -0.2410711 0.9653569 0.09985411 -0.2410727 0.9653565 0.09985417 -0.2070155 0.965356 0.158847 -0.2070066 0.9653583 0.1588445 -0.1588401 0.9653589 0.2070072 -0.1588405 0.9653588 0.2070075 -0.0998497 0.965359 0.2410643 -0.09986937 0.9653519 0.2410849 -0.03406965 0.9653518 0.2587184 -0.03405278 0.9653606 0.2586876 -0.1950731 0.9807887 0 -0.2588449 0.9659188 3.99012e-4 -0.5555988 0.8314505 -2.66562e-4 -0.6087503 0.793362 0 -0.8314623 0.5555812 0 -0.7933342 0.6087861 -3.98854e-4 -0.9807886 0.1950731 5.29083e-4 -0.965928 0.2588109 0 -0.1534907 0.1927616 -0.9691665 -0.1406373 0.4377997 -0.8880048 -0.1534912 0.1927642 -0.9691658 -0.4454808 0.1927702 -0.874292 -0.3707285 0.411361 -0.8326719 -0.5342267 0.194814 -0.8225871 -0.6938411 0.1927649 -0.6938489 -0.6938414 0.1927908 -0.6938414 -0.8226013 0.1948336 -0.5341975 -0.8361856 0.345349 -0.4260606 -0.8961829 0.1940381 -0.3990053 -0.9691656 0.1927587 -0.1534996 -0.9691652 0.1927613 -0.153499 -0.09596502 0.7897003 -0.6059407 -0.1246588 0.6040731 -0.7871187 -0.1396098 0.5514724 -0.8224277 -0.3789164 0.5508187 -0.7436539 -0.3789152 0.5508349 -0.7436426 -0.590163 0.5508314 -0.590163 -0.5901685 0.5508122 -0.5901755 -0.7436532 0.5508222 -0.3789127 -0.743649 0.5508312 -0.378908 -0.8243436 0.5508278 -0.1305617 -0.8243451 0.5508254 -0.1305626 -0.03088235 0.9803209 -0.1949801 -0.06990993 0.89459 -0.4413856 -0.09724378 0.8289423 -0.550816 -0.2543981 0.8282575 -0.4992707 -0.2544037 0.8282396 -0.4992973 -0.396238 0.8282434 -0.3962427 -0.3962249 0.8282605 -0.39622 -0.4992755 0.828256 -0.2543935 -0.4992732 0.8282579 -0.2543914 -0.5534495 0.8282571 -0.08765721 -0.55346 0.8282496 -0.08766186 -0.0308817 0.9803193 -0.1949882 -0.08962559 0.9803194 -0.1759008 -0.08962285 0.9803217 -0.1758892 -0.1395901 0.9803212 -0.1395884 -0.1395958 0.980319 -0.1395977 -0.1758998 0.9803197 -0.08962512 -0.1759007 0.9803194 -0.08962589 -0.1949875 0.9803194 -0.03088384 -0.1949801 0.9803209 -0.03088074 0 0.2272337 -0.9738402 0.002956748 0.1950723 -0.9807845 -8.62803e-4 0.4721225 -0.8815325 1.70802e-5 0.4421945 -0.8969192 -4.21541e-5 0.6659326 -0.746012 0.006063342 0.608811 -0.7932921 -0.003885269 0.8356878 -0.5491911 2.82961e-5 0.7933619 -0.6087503 -2.03805e-5 0.8967842 -0.4424682 0.003020465 0.9416498 -0.3365806 -0.003947973 0.9807811 -0.1950716 0 0.9965384 -0.08313441 0.6935211 0.1950781 -0.6935223 0.6878708 0.2273417 -0.689311 0.6343141 0.4422618 -0.6340742 0.6232874 0.4722484 -0.6232931 0.5609739 0.6087962 -0.5609594 0.5262241 0.6662564 -0.5283849 0.4309124 0.79338 -0.4299566 0.3875434 0.8364304 -0.3875489 0.3128708 0.8967893 -0.3128594 0.2376484 0.9414089 -0.2393166 0.1390151 0.9807877 -0.1368584 0.05878388 0.9965384 -0.05878382 0.5767657 0.1927665 -0.7938404 0.1731579 0.8282491 -0.532935 -0.1597099 0.9803205 0.1160373 0.116034 0.9803211 -0.1597082 0.1160395 0.9803196 -0.1597136 0.06100571 0.9803196 -0.1877548 0.06100142 0.9803214 -0.1877465 0 0.9803212 -0.1974091 0 0.9803212 -0.1974091 -0.06100291 0.9803213 -0.1877462 -0.06100434 0.9803195 -0.1877555 0.1731648 0.8282398 -0.5329473 0 0.8282383 -0.5603762 0 0.8282382 -0.5603762 -0.1731621 0.82824 -0.5329478 -0.1731598 0.8282532 -0.5329282 -0.1974092 0.9803213 0 -0.1974091 0.9803212 0 -0.5603583 0.8282503 0 -0.5603584 0.8282504 0 -0.8346186 0.5508283 0 -0.1877463 0.9803214 0.06100255 -0.1877533 0.9803199 0.06100362 -0.5329317 0.8282515 0.1731569 -0.5329177 0.8282608 0.1731552 0.5458527 0.439148 -0.7135782 0.4684349 0.6040512 -0.6447408 0.3293722 0.8282499 -0.4533388 0.3685708 0.7904911 -0.4891619 0.2626721 0.8945927 -0.3615347 0.4905825 0.5508226 -0.6752209 0.2579129 0.550819 -0.7937753 0.2579016 0.5508474 -0.7937594 0 0.5508551 -0.8346009 0 0.5508551 -0.8346009 -0.2579089 0.5508468 -0.7937574 -0.2579091 0.5508103 -0.7937827 -0.1597122 0.9803199 0.1160385 -0.3615264 0.8945977 0.2626662 -0.4496988 0.8277059 0.3356695 -0.496307 0.7897188 0.3605878 -0.6447477 0.6040429 0.4684363 -0.8346186 0.5508284 0 -0.793779 0.5508133 0.2579141 -0.7937808 0.5508108 0.2579141 -0.6710509 0.5502392 0.4969179 -0.7273888 0.4377461 0.5284731 -0.5125207 0.194518 -0.8363524 -0.3032224 0.1927874 -0.9332144 -0.3032164 0.1927331 -0.9332275 0 0.1927203 -0.9812538 0 0.1927203 -0.9812538 0.2289876 0.1944543 -0.9538093 0.3088821 -0.02876496 -0.9506652 0.3753829 0.1945201 -0.9062283 0.5767612 0.1927835 -0.7938395 -0.6370504 0.1945237 -0.7458735 -0.5875472 -0.02872735 -0.8086798 -0.4905789 0.550832 -0.6752158 -0.4905843 0.5508074 -0.675232 -0.3293705 0.8282499 -0.4533401 -0.329366 0.828257 -0.4533302 -0.1160376 0.9803202 -0.1597108 -0.116039 0.9803196 -0.1597139 -0.1597118 0.9803199 -0.1160388 -0.1597101 0.9803205 -0.116037 -0.4533355 0.8282527 -0.3293699 -0.4533281 0.8282599 -0.3293619 -0.6752254 0.5508196 -0.4905795 -0.6752306 0.5508071 -0.4905865 -0.7938373 0.1927962 -0.5767598 -0.7938368 0.1928052 -0.5767576 -0.1877528 0.98032 -0.06100463 -0.1877465 0.9803214 -0.06100142 -0.5329188 0.8282606 -0.1731527 -0.5329312 0.8282513 -0.1731596 -0.7937805 0.5508108 -0.2579146 -0.7937697 0.5508301 -0.2579069 -0.9332147 0.1927984 -0.3032145 -0.9332217 0.192745 -0.303227 -0.977882 0.1944873 -0.07695257 -0.9995874 -0.02872419 0 -0.9778806 0.1944931 0.07695454 -0.9332191 0.1927679 0.3032203 -0.9332117 0.1927987 0.3032237 -0.7938405 0.1928054 0.5767525 -0.793843 0.1927958 0.5767522 -0.6886025 0.22727 0.6886036 -0.6943554 0.1951041 0.6926796 -0.6230679 0.4721877 0.6235584 -0.6342446 0.4421312 0.6342347 -0.5274941 0.6659391 0.5275178 -0.5626592 0.6087949 0.5592705 -0.3867724 0.8361347 0.3889551 -0.4304419 0.7933807 0.4304262 -0.3128596 0.8967891 0.3128709 -0.2393167 0.9414089 0.2376486 -0.136862 0.9807868 0.1390187 -0.05878019 0.9965389 0.05878007 -0.9807887 0.1950731 0 -0.9737756 0.2274968 0.002537369 -0.896874 0.4422861 -4.23812e-4 -0.8814523 0.4722731 9.65798e-6 -0.7933343 0.6087862 -2.60393e-5 -0.745291 0.6667281 0.003849625 -0.6087493 0.7933607 -0.001710236 -0.5480666 0.8364348 1.15192e-5 -0.4424231 0.8968065 -1.90456e-5 -0.3365939 0.941645 0.003020107 -0.1950716 0.980781 -0.003948569 -0.08312702 0.9965389 0 -0.1534907 0.1927616 -0.9691665 -0.1406373 0.4377997 -0.8880048 -0.1534912 0.1927642 -0.9691658 -0.4454808 0.1927702 -0.874292 -0.3707358 0.4113432 -0.8326774 -0.5342288 0.1947939 -0.8225904 -0.6938408 0.192739 -0.6938564 -0.6938417 0.1928169 -0.6938338 -0.8225962 0.1948644 -0.5341942 -0.8361762 0.3453777 -0.4260558 -0.8961769 0.1940717 -0.3990026 -0.9691585 0.192795 -0.1534985 -0.09596657 0.7897423 -0.6058858 -0.1246805 0.6040002 -0.7871713 -0.1396098 0.5514724 -0.8224277 -0.3789164 0.5508187 -0.7436539 -0.3789187 0.5507864 -0.7436767 -0.5901842 0.5507934 -0.5901775 -0.590184 0.550794 -0.590177 -0.7436672 0.5507984 -0.3789198 -0.743663 0.5508074 -0.3789151 -0.03088235 0.9803209 -0.1949801 -0.06990993 0.89459 -0.4413856 -0.969164 0.192761 -0.1535067 -0.8879592 0.4378899 -0.1406446 -0.822441 0.5514509 -0.1396167 -0.7871448 0.6040366 -0.1246707 -0.6059404 0.7896999 -0.09597092 -0.09724378 0.8289423 -0.550816 -0.2543902 0.828258 -0.4992736 -0.2543893 0.8282611 -0.499269 -0.3962253 0.82826 -0.3962207 -0.3962249 0.8282605 -0.39622 -0.4992755 0.828256 -0.2543935 -0.4992732 0.8282579 -0.2543914 -0.5508145 0.8289427 -0.0972492 -0.4413408 0.8946127 -0.06990343 -0.0308817 0.9803193 -0.1949882 -0.08962559 0.9803194 -0.1759008 -0.08962285 0.9803217 -0.1758892 -0.1395901 0.9803212 -0.1395884 -0.1395958 0.980319 -0.1395977 -0.1758998 0.9803197 -0.08962512 -0.1758953 0.9803208 -0.08962124 -0.1949803 0.9803208 -0.03088271 -0.19498 0.9803209 -0.03088259 -0.9877119 0.0092386 -0.1560124 -0.997841 1.62823e-4 -0.06567651 -0.9999989 0 -0.001470565 -0.7069759 -0.01864725 -0.7069918 -0.6848011 -0.007598817 -0.7286904 -0.8386728 0.001132667 -0.5446344 -0.8502318 -1.55854e-5 -0.5264086 -0.9135458 4.73304e-5 -0.4067358 -0.8919087 0.009006023 -0.4521259 -0.9875252 -0.01818537 -0.1564074 -0.9535292 0.03321588 -0.2994642 -0.9807651 0.0152027 -0.1945984 -0.1564244 0 -0.98769 -0.2587123 -0.02802205 -0.9655479 -0.4067402 0 -0.9135439 -0.5446622 0 -0.8386555 -1 0 0 -1 0 0 -1 0 0 -1 0 0 -1 0 0 -1 0 0 -1 0 0 -1 0 0 -0.9876886 0 -0.1564334 -0.9658795 -0.009810566 -0.258806 -0.7070838 -0.006527483 -0.7070997 -0.7070917 -0.006528913 -0.7070917 -0.8386734 0 -0.5446347 -0.9135458 0 -0.4067358 -0.1564244 0 -0.98769 -0.2588015 -0.009811103 -0.9658807 -0.4067402 0 -0.9135439 -0.5446622 0 -0.8386555 0 -1 0 0 -1 0 0 -1 0 0 -1 0 0 -1 0 0 -1 0 0 -1 0 0 -1 0 0 -1 0 0 -1 0 0 -1 0 0 -1 0 0 -1 0 0 -1 0 0 -1 0 0 -1 0 0 -1 0 0 -1 0 0 -1 0 0 -1 0 0 -1 0 0 -1 0 0 -1 0 0 -1 0 0.9659242 0 -0.2588253 0.9659242 0 -0.2588253 0.7071212 0 -0.7070924 0.7071212 0 -0.7070924 0.2587912 0 -0.9659333 0.2587912 0 -0.9659333 1 0 0 1 0 0 0 0 -1 0 0 -1 0.07847064 0 -0.9969164 0.1564406 -0.002547025 -0.9876841 0.233446 0 -0.9723698 0.3826658 0 -0.9238868 0.4539846 -0.002547621 -0.8910059 0.5225053 0 -0.852636 0.6494452 0 -0.7604084 0.7071045 -0.002547323 -0.7071045 0.7604072 0 -0.6494466 0.8526389 0 -0.5225008 0.8910043 -0.002547264 -0.4539878 0.9969167 0 -0.0784682 0.9876845 -0.002547085 -0.1564381 0.9723698 0 -0.233446 0.9238812 0 -0.3826794 0.07580178 -0.2580538 -0.9631523 0.0555607 -0.7060146 -0.7060146 0.02035814 -0.9657312 -0.2587448 0.0203616 -0.9657334 -0.2587365 0.06059366 -0.9657335 -0.2523634 0.06059199 -0.9657317 -0.2523706 0.09931892 -0.9657317 -0.2397872 0.09931927 -0.9657329 -0.2397822 0.1356091 -0.9657327 -0.2212925 0.1356094 -0.9657319 -0.2212961 0.1685609 -0.965732 -0.1973551 0.1685625 -0.9657303 -0.1973615 0.1973595 -0.9657304 -0.1685646 0.1973547 -0.9657334 -0.1685535 0.221292 -0.9657329 -0.1356087 0.2212901 -0.9657338 -0.1356056 0.2397786 -0.9657338 -0.09932035 0.2397824 -0.9657324 -0.09932476 0.2523702 -0.965732 -0.0605874 0.2523714 -0.9657317 -0.06058835 0.2587432 -0.9657315 -0.02036482 0.2587376 -0.9657331 -0.02036136 0.6080971 -0.792419 -0.04785424 0.05556416 -0.7060197 -0.706009 0.1653328 -0.7060179 -0.6886247 0.1653178 -0.7059869 -0.68866 0.2710218 -0.7059873 -0.6543157 0.2710276 -0.7060066 -0.6542927 0.3700337 -0.7060074 -0.6038449 0.3700333 -0.7060029 -0.6038504 0.4599443 -0.7060034 -0.5385261 0.4599429 -0.7060182 -0.5385078 0.538521 -0.7060159 -0.459931 0.5385246 -0.7060033 -0.4599463 0.6038486 -0.7060031 -0.370036 0.6038537 -0.7059919 -0.3700487 0.654303 -0.7059955 -0.2710312 0.6542913 -0.706014 -0.2710115 0.6886293 -0.7060155 -0.1653236 0.6886386 -0.7060038 -0.1653347 0.709645 -0.7042351 -0.02137821 0.7918199 -0.6075671 -0.06231659 0.07581251 -0.2580737 -0.9631461 0.2255182 -0.2580761 -0.939435 0.2255356 -0.2581121 -0.9394211 0.3697286 -0.2581129 -0.8925685 0.3697049 -0.2580562 -0.8925947 0.5047944 -0.2580594 -0.8237646 0.5048037 -0.2580869 -0.8237503 0.6274569 -0.2580869 -0.7346354 0.6274487 -0.2580549 -0.7346535 0.734648 -0.2580611 -0.6274526 0.7346494 -0.2580698 -0.6274474 0.8237534 -0.2580729 -0.5048058 0.8237539 -0.2580821 -0.5048 0.8925837 -0.2580813 -0.3697137 0.8925839 -0.2580782 -0.3697157 0.9394273 -0.2580798 -0.2255463 0.9394253 -0.2580956 -0.2255367 0.9631406 -0.2580981 -0.07579964 0.9631445 -0.2580805 -0.07580995 0.1950731 -0.9807887 0 0.2587879 -0.9659208 0.005102932 0.555578 -0.8314575 -0.003416359 0.6087946 -0.7933279 0 0.8314564 -0.55559 0 0.7933515 -0.6087423 -0.005100429 0.9807662 -0.1950687 0.006773233 0.9659242 -0.2588253 0 0 -0.9659313 -0.2587984 0 -0.9659313 -0.2587984 0 -0.7071068 -0.7071068 0 -0.7071068 -0.7071068 0 -0.2587984 -0.9659313 0 -0.2587984 -0.9659313 -0.2587984 -0.9659314 0 -0.2587984 -0.9659314 0 -0.7071068 -0.7071068 0 -0.7071068 -0.7071068 0 -0.9659242 -0.2588253 0 -0.9659242 -0.2588253 0 -0.9631453 -0.2580807 -0.07580006 -0.7060142 -0.7060142 -0.05557024 -0.2587448 -0.9657312 -0.02036142 -0.258736 -0.9657334 -0.02036505 -0.252364 -0.9657336 -0.06058949 -0.2523701 -0.9657321 -0.06058806 -0.2397832 -0.9657325 -0.09932225 -0.2397851 -0.965732 -0.09932208 -0.2212959 -0.9657322 -0.1356077 -0.2212929 -0.9657329 -0.1356074 -0.1973515 -0.9657332 -0.1685579 -0.1973633 -0.9657303 -0.1685608 -0.168563 -0.9657303 -0.1973611 -0.1685615 -0.9657307 -0.1973605 -0.1356142 -0.9657309 -0.2212973 -0.1356039 -0.965734 -0.221291 -0.09931623 -0.9657337 -0.2397806 -0.09932243 -0.9657316 -0.239786 -0.06059437 -0.9657317 -0.2523698 -0.06059074 -0.965733 -0.2523656 -0.0203576 -0.965733 -0.2587376 -0.02036195 -0.9657312 -0.2587448 -0.7060235 -0.7060053 -0.0555644 -0.6886403 -0.7060042 -0.1653262 -0.6886435 -0.7060013 -0.1653249 -0.6543021 -0.7060005 -0.2710204 -0.6543087 -0.7059949 -0.2710188 -0.6038577 -0.7059922 -0.3700416 -0.6038283 -0.7060161 -0.3700442 -0.538522 -0.7060147 -0.4599319 -0.5385065 -0.7060273 -0.4599308 -0.4599289 -0.7060272 -0.5385081 -0.4599468 -0.7060124 -0.5385123 -0.3700276 -0.7060104 -0.6038451 -0.3700398 -0.7059997 -0.6038501 -0.2710204 -0.7060007 -0.654302 -0.2710291 -0.7059925 -0.6543072 -0.165339 -0.7059911 -0.6886506 -0.1653097 -0.7060221 -0.6886259 -0.05555939 -0.7060207 -0.7060084 -0.05556458 -0.7060144 -0.7060144 -0.9631481 -0.2580713 -0.07579493 -0.9394333 -0.2580696 -0.2255328 -0.9394295 -0.2580797 -0.2255377 -0.8925846 -0.2580782 -0.3697141 -0.8925831 -0.2580813 -0.3697154 -0.8237447 -0.2580817 -0.5048154 -0.8237492 -0.258073 -0.5048124 -0.7346463 -0.2580696 -0.6274511 -0.7346629 -0.2580403 -0.6274437 -0.6274654 -0.2580379 -0.7346453 -0.6274461 -0.2580698 -0.7346506 -0.5047991 -0.2580726 -0.8237574 -0.5048075 -0.2580591 -0.8237565 -0.3697291 -0.2580568 -0.8925846 -0.3697001 -0.2581033 -0.892583 -0.2255164 -0.2581053 -0.9394275 -0.2255383 -0.2580695 -0.9394321 -0.07580137 -0.2580714 -0.9631477 -0.07581174 -0.2580537 -0.9631516 -0.2587912 0 -0.9659333 -0.2587912 0 -0.9659333 -0.7071212 0 -0.7070924 -0.7071212 0 -0.7070924 -0.9659242 0 -0.2588253 -0.9659242 0 -0.2588253 0 0 -1 0 0 -1 0 -0.9659314 -0.2587984 0 -0.9659314 -0.2587984 0 -0.7071068 -0.7071068 0 -0.7071068 -0.7071068 0 -0.2587984 -0.9659314 0 -0.2587984 -0.9659314 -0.2587912 -0.9659333 0 -0.2587912 -0.9659333 0 -0.7071212 -0.7070924 0 -0.7071212 -0.7070924 0 -0.9659241 -0.2588253 0 -0.9659241 -0.2588253 0 0 -1 0 0 -1 0 0 -1 0 0 -1 0 0 -1 0 0 -1 0 0 -1 0 0 -1 0 0 -1 0 0 -1 0 0 -1 0 0 -1 0 0 -1 0 0 -1 0 0 -1 0 0 -1 0 0 -1 0 0 -1 0 0 -1 0 0 -1 0 0 -1 0 0 -1 0 0 -1 0 0 -1 0 0 -1 0 0 -1 0 0.2587984 -0.9659314 0 0.195079 -0.9807803 -0.003760933 0.6087921 -0.7933247 0.002836704 0.5555812 -0.8314623 0 0.7933344 -0.6087862 0 0.8314548 -0.5555891 0.001897215 0.9659203 -0.2588242 -0.002834916 0.9807814 -0.1951099 0 0.5085828 -0.5085828 -0.6947568 0.2581785 -0.06917691 -0.9636173 0.5086183 -0.5085704 -0.6947399 0.6947627 -0.1861563 -0.6947306 0.6947438 -0.1861783 -0.6947438 0.2505435 -0.935121 -0.2505527 0.250554 -0.9351207 -0.2505434 0.186146 -0.6947365 -0.6947595 0.5883883 -0.7667362 -0.2567388 0.6721263 -0.6720631 -0.3107692 0.7667344 -0.5883741 -0.2567769 0.9350991 -0.250589 -0.250589 0.9351102 -0.2505685 -0.2505685 0.189002 -0.189002 -0.9636164 0.1861814 -0.6947433 -0.6947433 0.06918811 -0.2581782 -0.9636167 0.9659242 0 -0.2588253 0.9659242 0 -0.2588253 0.7071068 0 -0.7071068 0.7071068 0 -0.7071068 0.2587984 0 -0.9659314 0.2587984 0 -0.9659314 1 0 0 1 0 0 1 0 0 1 0 0 1 0 0 1 0 0 0.9749271 0 0.2225242 0.9749271 0 0.2225242 0.7818315 0 0.6234897 0.7818315 0 0.6234897 0.4338775 0 0.9009719 0.4338775 0 0.9009719 0 0 1 0 0 1 -0.4338775 0 0.9009719 -0.4338775 0 0.9009719 -0.7818315 0 0.6234897 -0.7818315 0 0.6234897 -0.9749271 0 0.2225242 -0.9749271 0 0.2225242 -0.9749282 0 -0.2225199 -0.9749282 0 -0.2225199 -0.7818315 0 -0.6234897 -0.7818315 0 -0.6234897 -0.4338775 0 -0.9009719 -0.4338775 0 -0.9009719 0 0 -1 0 0 -1 0.4338775 0 -0.9009719 0.4338775 0 -0.9009719 0.7818315 0 -0.6234897 0.7818315 0 -0.6234897 0.9749282 0 -0.2225199 0.9749282 0 -0.2225199 0 -1 0 0 -1 0 0 -1 0 0 -1 0 0 -1 0 0 -1 0 0 -1 0 0 -1 0 0 -1 0 0 -1 0 0 -1 0 0 -1 0 0 -1 0 0 -1 0 0 -1 0 0 -1 0 0 -1 0 0 -1 0 0 -1 0 0 -1 0 0 -1 0 0 -1 0 0 -1 0 0 -1 0 0 -1 0 0 -1 0 0 -1 0 0 -1 0 0 -1 0 0 -1 0 0 -1 0 0 -1 0 0 -1 0 0 -1 0 0.9876872 0 -0.1564411 0.9876872 0 -0.1564411 0.8910104 0 -0.4539828 0.8910104 0 -0.4539828 0.7070989 0 -0.7071147 0.7070989 0 -0.7071147 0.4539986 0 -0.8910023 0.4539986 0 -0.8910023 0.1564244 0 -0.9876899 0.1564244 0 -0.9876899 -0.9848074 0.1736503 0 -0.9848074 0.1736503 0 -0.8660272 0.4999969 0 -0.8660272 0.4999969 0 -0.6427924 0.7660405 0 -0.6427924 0.7660405 0 -0.3420187 0.9396932 0 -0.3420187 0.9396932 0 0 1 0 0 1 0 0.3420209 0.9396924 0 0.3420209 0.9396924 0 0.6427888 0.7660434 0 0.6427888 0.7660434 0 0.8660272 0.4999969 0 0.8660272 0.4999969 0 0.9848074 0.1736503 0 0.9848074 0.1736503 0 0 -1 0 0 -1 0 0.9871487 -0.1598042 0 0.9871487 -0.1598042 0 0.8863053 -0.4631013 0 0.8863053 -0.4631013 0 0.6949314 -0.719076 0 0.6949314 -0.719076 0 0.4325613 -0.9016045 0 0.4325613 -0.9016045 0 0.1260083 -0.9920291 0 0.1260083 -0.9920291 0 -0.1934245 -0.9811152 0 -0.1934245 -0.9811152 0 -0.4931008 -0.8699722 0 -0.4931008 -0.8699722 0 -0.7423847 -0.6699739 0 -0.7423847 -0.6699739 0 -0.9158508 -0.4015188 0 -0.9158508 -0.4015188 0 -0.9848074 0.1736503 0 -0.9848074 0.1736503 0 -0.8660272 0.4999969 0 -0.8660272 0.4999969 0 -0.6427888 0.7660434 0 -0.6427888 0.7660434 0 -0.3420187 0.9396932 0 -0.3420187 0.9396932 0 0 1 0 0 1 0 0.3420209 0.9396924 0 0.3420209 0.9396924 0 0.6427888 0.7660434 0 0.6427888 0.7660434 0 0.8660272 0.4999969 0 0.8660272 0.4999969 0 0.9848074 0.1736503 0 0.9848074 0.1736503 0 0 0 -1 0 0 -1 0 0 -1 0 0 -1 0 0 -1 0 0 -1 0 0 -1 0 0 -1 0 0 -1 0 0 -1 0 0 -1 0 0 -1 0 0 -1 0 0 -1 0 0 -1 0 0 -1 0 0 -1 0 0 -1 0 0 -1 0 0 -1 0 0 -1 0 0 -1 0 0 -1 0 0 -1 0 0 -1 0 0 -1 0 0 -1 0 0 -1 0 0 -1 0 0 -1 0 0 -1 0 0 -1 0 0 -1 0 0 -1 0 0 -1 0 0 -1 0 0 -1 0 0 -1 0.9158529 -0.4015139 0 0.9158529 -0.4015139 0 0.7423847 -0.6699739 0 0.7423847 -0.6699739 0 0.4930983 -0.8699735 0 0.4930983 -0.8699735 0 0.1934245 -0.9811152 0 0.1934245 -0.9811152 0 -0.1260091 -0.9920291 0 -0.1260091 -0.9920291 0 -0.4325613 -0.9016045 0 -0.4325613 -0.9016045 0 -0.6949285 -0.7190788 0 -0.6949285 -0.7190788 0 -0.8863078 -0.4630967 0 -0.8863078 -0.4630967 0 -0.9871479 -0.15981 0 -0.9871479 -0.15981 0 -0.1564244 0 -0.9876899 -0.1564244 0 -0.9876899 -0.4540019 0 -0.8910008 -0.4540019 0 -0.8910008 -0.7070989 0 -0.7071147 -0.7070989 0 -0.7071147 -0.8910073 0 -0.4539892 -0.8910073 0 -0.4539892 -0.9876885 0 -0.1564334 -0.9876885 0 -0.1564334 0 0 -1 0 0 -1 0 0 -1 0 0 -1 0 0 -1 0 0 -1 0 0 -1 0 0 -1 0 0 -1 0 0 -1 0 0 -1 0 0 -1 0 0 -1 0 0 -1 0 0 -1 0 0 -1 0 0 -1 0 0 -1 0 0 -1 0 0 -1 0 0 -1 0 0 -1 0 0 -1 0 0 -1 0 0 -1 0 0 -1 -0.1950804 0 -0.9807872 -0.1950804 0 -0.9807872 -0.5555812 0 -0.8314623 -0.5555812 0 -0.8314623 -0.8314564 0 -0.55559 -0.8314564 0 -0.55559 -0.9807814 0 -0.1951099 -0.9807814 0 -0.1951099 -1 0 0 -1 0 0 -0.9969179 0 -0.07845246 -0.9876857 -0.002547323 -0.1564304 -0.9723698 0 -0.233446 -0.9238812 0 -0.3826794 -0.891001 -0.002547502 -0.4539941 -0.8526318 0 -0.5225123 -0.7604151 0 -0.6494374 -0.7071084 -0.002547502 -0.7071005 -0.6494452 0 -0.7604084 -0.5225053 0 -0.852636 -0.4539846 -0.002547621 -0.8910059 -0.07846945 0 -0.9969165 -0.1564393 -0.002547025 -0.9876843 -0.233446 0 -0.9723698 -0.3826658 0 -0.9238868 0.9749271 0 0.2225242 0.9749271 0 0.2225242 0.7818363 0 0.6234837 0.7818363 0 0.6234837 0.4338737 0 0.9009737 0.4338737 0 0.9009737 0 0 1 0 0 1 -0.4338775 0 0.9009719 -0.4338775 0 0.9009719 -0.7818363 0 0.6234837 -0.7818363 0 0.6234837 -0.9749271 0 0.2225242 -0.9749271 0 0.2225242 -0.9749282 0 -0.2225199 -0.9749282 0 -0.2225199 -0.7818363 0 -0.6234837 -0.7818363 0 -0.6234837 -0.4338775 0 -0.9009719 -0.4338775 0 -0.9009719 0 0 -1 0 0 -1 0.4338737 0 -0.9009737 0.4338737 0 -0.9009737 0.7818363 0 -0.6234837 0.7818363 0 -0.6234837 0.9749282 0 -0.2225199 0.9749282 0 -0.2225199 0 -1 0 0 -1 0 0 -1 0 0 -1 0 0 -1 0 0 -1 0 0 -1 0 0 -1 0 0 -1 0 0 -1 0 0 -1 0 0 -1 0 0 -1 0 0 -1 0 0 -1 0 0 -1 0 0 -1 0 0 -1 0 0 -1 0 0 -1 0 0 -1 0 0 -1 0 0 -1 0 0 -1 0 0 -1 0 0 -1 0 0 -1 0 0 -1 0 0 -1 0 0 -1 0 0 -1 0 0 -1 0 0 -1 0 0 -1 0 0 -1 0 -1 0 0 -1 0 0 -1 0 0 -1 0 0 -1 0 0 -1 0 0 0 0 1 0 0 1 0 0 1 0 0 1 0 0 1 0 0 1 0 0 1 0 0 1 0 0 1 0 0 1 0 0 1 0 0 1 0 0 1 0.9659264 0 -0.258817 0.9659264 0 -0.258817 0.7071011 0 -0.7071126 0.7071011 0 -0.7071126 0.2588278 0 -0.9659235 0.2588278 0 -0.9659235 -0.2588278 0 -0.9659235 -0.2588278 0 -0.9659235 -0.7071011 0 -0.7071126 -0.7071011 0 -0.7071126 -0.9659264 0 -0.258817 -0.9659264 0 -0.258817 -0.9659264 0 0.258817 -0.9659264 0 0.258817 -0.7071126 0 0.7071011 -0.7071126 0 0.7071011 -0.2588063 0 0.9659293 -0.2588063 0 0.9659293 0.2588063 0 0.9659293 0.2588063 0 0.9659293 0.7071126 0 0.7071011 0.7071126 0 0.7071011 0.9659264 0 0.258817 0.9659264 0 0.258817 0 1 0 0 1 0 0 1 0 0 1 0 0 1 0 0 1 0 0 1 0 0 1 0 0 1 0 0 1 0 0 1 0 0 1 0 0 1 0 0 1 0 0 1 0 0 1 0 0 1 0 0 1 0 0 1 0 0 1 0 0 1 0 0 1 0 0 1 0 0 1 0 0 1 0 0 1 0 0 1 0 0 1 0 0 1 0 0 1 0 0.9822909 0 0.1873624 0.96581 0.01553601 0.2587851 0.9003278 0 0.4352126 0.7933484 0 0.6087678 0.7069801 0.01928156 0.7069705 0.6087798 0 0.7933392 0.4351851 0 0.9003409 0.2587828 0.0155335 0.9658107 0.1873728 0 0.9822888 0.9659264 0 -0.258817 0.9659264 0 -0.258817 0.7071011 0 -0.7071126 0.7071011 0 -0.7071126 0.2588278 0 -0.9659235 0.2588278 0 -0.9659235 -0.2588278 0 -0.9659235 -0.2588278 0 -0.9659235 -0.7071011 0 -0.7071126 -0.7071011 0 -0.7071126 -0.9659264 0 -0.258817 -0.9659264 0 -0.258817 -0.9659271 0 0.2588142 -0.9659271 0 0.2588142 -0.7071011 0 0.7071126 -0.7071011 0 0.7071126 -0.2588278 0 0.9659235 -0.2588278 0 0.9659235 0.2588278 0 0.9659235 0.2588278 0 0.9659235 0.7071011 0 0.7071126 0.7071011 0 0.7071126 0.9659271 0 0.2588142 0.9659271 0 0.2588142 0 1 0 0 1 0 0 1 0 0 1 0 0 1 0 0 1 0 0 1 0 0 1 0 0 1 0 0 1 0 0 1 0 0 1 0 0 1 0 0 1 0 0 1 0 0 1 0 0 1 0 0 1 0 0 1 0 0 1 0 0 1 0 0 1 0 0 1 0 0 1 0 0 1 0 0 1 0 0 1 0 0 1 0 0 1 0 0 1 0 0 1 0 0.1950902 0 -0.9807854 0.1950902 0 -0.9807854 0.5555695 0 -0.8314701 0.5555695 0 -0.8314701 0.8314701 0 -0.5555695 0.8314701 0 -0.5555695 0.9807858 0 -0.1950878 0.9807858 0 -0.1950878 0.965925 0 -0.2588225 0.965925 0 -0.2588225 0.7071039 0 -0.7071096 0.7071039 0 -0.7071096 0.2588263 0 -0.9659239 0.2588263 0 -0.9659239 -0.2588278 0 -0.9659235 -0.2588278 0 -0.9659235 -0.7071011 0 -0.7071126 -0.7071011 0 -0.7071126 -0.9659264 0 -0.258817 -0.9659264 0 -0.258817 -0.9659271 0 0.2588142 -0.9659271 0 0.2588142 -0.7071011 0 0.7071126 -0.7071011 0 0.7071126 -0.2588278 0 0.9659235 -0.2588278 0 0.9659235 0.2588263 0 0.9659239 0.2588263 0 0.9659239 0.7071039 0 0.7071096 0.7071039 0 0.7071096 0.9659257 0 0.2588195 0.9659257 0 0.2588195 0 1 0 0 1 0 0 1 0 0 1 0 0 1 0 0 1 0 0 1 0 0 1 0 0 1 0 0 1 0 0 1 0 0 1 0 0 1 0 0 1 0 0 1 0 0 1 0 0 1 0 0 1 0 0 1 0 0 1 0 0 1 0 0 1 0 0 1 0 0 1 0 0 1 0 0 1 0 0 1 0 0 1 0 0 1 0 0 1 0 0 1 0 -0.195089 0 -0.9807856 -0.195089 0 -0.9807856 -0.5555695 0 -0.8314701 -0.5555695 0 -0.8314701 -0.8314701 0 -0.5555695 -0.8314701 0 -0.5555695 -0.9807858 0 -0.1950878 -0.9807858 0 -0.1950878 -0.1837953 -0.9829646 0 -0.1951135 -0.9807806 -5.72589e-4 -0.5438594 -0.8391761 5.97706e-4 -0.5555548 -0.83148 -1.31116e-4 -0.8337649 -0.5521197 1.38065e-4 -0.8314799 -0.5555547 3.62876e-4 -0.9820608 -0.1885645 -3.51047e-4 -0.9807836 -0.1950988 0 0 0 -1 0 0 -1 0 0 -1 0 0 -1 0 0 -1 0 0 -1 -0.6970645 -0.7119703 -0.08484971 0.781602 -0.4306675 0.4512469 0.4471042 -0.777411 -0.4424138 -0.1899628 -0.4527403 -0.8711718 -0.07276833 -0.4524609 -0.8888104 0 -0.3992701 -0.9168334 0.1170974 -0.4831026 -0.8676981 0.379927 -0.3570008 -0.8533498 0.4491037 -0.5492997 -0.7046812 0.4444464 -0.7776226 -0.444714 0.4360989 -0.7769925 -0.4539828 0.3203723 -0.7433004 -0.587253 0.4407748 -0.7818087 -0.4410133 0.4429914 -0.7781959 -0.4451625 0.449358 -0.7755783 -0.4433461 0.4878007 -0.7544122 -0.4392182 0.8847348 -0.4646284 -0.03694367 0.8734541 -0.4626168 -0.1518672 0.8980301 -0.3292508 -0.2917808 0.5794631 -0.7334405 0.3553695 0.7118536 -0.5548689 0.4305636 0.4374669 -0.7870622 0.4349206 0.4440993 -0.786284 0.4295735 0.4564089 -0.7832172 0.4222105 -0.4352198 -0.7868287 0.4375892 -0.431581 -0.7851096 0.4442304 -0.4274185 -0.780933 0.4554746 -0.3989868 -0.7343325 0.5491497 0.3516249 -0.6689218 0.6549074 -0.5794681 -0.7334381 0.3553665 -0.4362698 -0.7870355 0.4361695 -0.4443521 -0.7869985 0.4280008 -0.4471123 -0.7648637 0.4637607 -0.7815997 -0.4306672 0.4512512 -0.8999329 -0.4237573 0.1027149 -0.9047819 -0.4151226 0.09509384 -0.8847348 -0.4646284 -0.03694361 -0.444634 -0.7778556 -0.4441186 -0.4417909 -0.7786506 -0.4455605 -0.4796574 -0.7638085 -0.4318859 -0.4456551 -0.7494113 -0.4896675 -0.4427015 -0.7486542 -0.4934899 -0.3203723 -0.7433004 -0.587253 -0.439378 -0.7776204 -0.4497259 -0.44695 -0.7774522 -0.442497 0.7195432 -0.5153998 0.4654253 0.5049506 -0.5118392 0.6950147 0.5049639 -0.5118291 0.6950125 0.4021555 -0.5165055 -0.7559716 0.6384224 -0.5118364 -0.5748394 0.6384226 -0.5118368 -0.5748389 0.740302 -0.5202012 -0.4258446 0.6970645 -0.7119703 -0.08484971 -0.8734541 -0.4626168 -0.1518673 -0.89803 -0.3292508 -0.2917808 -0.740302 -0.5202012 -0.4258446 -0.6384222 -0.5118368 -0.5748393 -0.6384228 -0.5118363 -0.5748391 0.4410911 -0.7817364 0.440825 0.4349702 -0.786993 0.437542 0.4286726 -0.7829644 0.4507842 0.3989868 -0.7343325 0.5491497 -0.3516249 -0.6689217 0.6549074 0.4616642 -0.515899 0.7216054 0.0635609 -0.2622296 0.9629099 0.1845874 -0.4602281 0.8683995 -0.1127783 -0.4652874 0.8779457 -0.1945505 -0.3527287 0.9152773 -0.4616642 -0.515899 0.7216054 -0.5049564 -0.51183 0.6950173 -0.5049611 -0.5118374 0.6950085 -0.7195438 -0.5153958 0.4654287 -0.7118515 -0.554878 0.4305551 0.9821134 -0.1811168 -0.05147874 0.969996 -0.2207132 0.1019479 0.9047819 -0.4151226 0.09509384 0.8999329 -0.4237573 0.1027149 0.9359505 -0.1775224 -0.3041093 0.9359542 -0.1775144 -0.3041028 0.7313424 -0.1775165 -0.658503 0.7313411 -0.1775183 -0.658504 0.535614 -0.1811131 -0.8248125 0.3966994 -0.2207024 -0.8910219 0.3525735 -0.1792001 -0.9184656 0.1027961 -0.1804009 -0.9782068 0 -0.2348843 -0.9720233 -0.1027949 -0.1804009 -0.9782068 -0.3882753 -0.5665529 -0.7268151 -0.4392463 -0.518706 -0.7334895 -0.379927 -0.3570008 -0.8533498 -0.3966996 -0.2206997 -0.8910224 -0.3525761 -0.1792001 -0.9184647 0.9717007 -0.1791953 0.1539051 0.8522663 -0.1775259 0.4920638 0.8522779 -0.177507 0.4920506 0.5784574 -0.1775054 0.7961652 0.5784441 -0.1775212 0.7961713 0.2046132 -0.1775226 0.9626106 0.204613 -0.1775228 0.9626106 -0.204612 -0.1775228 0.9626107 -0.2046117 -0.1775225 0.9626109 -0.5784557 -0.1775206 0.7961629 -0.5784483 -0.1775089 0.796171 -0.8522682 -0.1775133 0.492065 -0.8522722 -0.1775264 0.4920535 -0.9717007 -0.1791953 0.1539051 -0.969996 -0.2207132 0.1019479 -0.9821134 -0.1811168 -0.05147874 -0.9359527 -0.1775227 -0.3041023 -0.9359518 -0.1775147 -0.3041098 -0.7313413 -0.1775165 -0.6585041 -0.7313422 -0.1775183 -0.6585028 -0.5356035 -0.181113 -0.8248193 0 -1 0 0 -1 0 0 -1 0 0 -1 0 0 -1 0 0 -1 0 0 -1 0 0 -1 0 0 -1 0 0 -1 0 0 -1 0 0 -1 0 0 -1 0 0 -1 0 0 -1 0 0 -1 0 0 -1 0 0 -1 0 0 -1 0 0 -1 0 0 -1 0 0 -1 0 0 -1 0 0 -1 0 0 -1 0 0 -1 0 0 -1 0 0 -1 0 0 -1 0 0 0 1 0 0 1 0 0 1 0 0 1 0 0 1 -0.9659242 -0.2588253 0 -0.9875466 -0.1573206 0.001368582 -0.9131895 -0.4075352 0 -0.7071141 -0.7070996 0 -0.837713 -0.546104 0.00272274 -0.152965 -0.9882316 0 -0.2588216 -0.9659248 8.42924e-4 -0.4034814 -0.9149878 0 -0.667822 -0.744321 0 -0.8984878 -0.4009742 -0.1787157 -0.09771114 -0.9881241 -0.1185891 -0.1237029 -0.9879924 -0.09256678 -0.1440542 -0.9848776 -0.09625262 -0.1320199 -0.9906782 -0.03357672 -0.1528942 -0.9877744 -0.03041279 -0.1012933 -0.9766139 -0.1896435 -0.08660346 -0.9877756 -0.1296117 -0.03910845 -0.9880147 -0.1493233 -0.01365184 -0.9660279 -0.258077 -0.01532626 -0.9658107 -0.2587949 -0.1927498 -0.1543934 -0.9690254 -0.1927478 -0.154385 -0.9690271 -0.548909 -0.1543814 -0.8215019 -0.5489087 -0.1543799 -0.8215024 -0.821503 -0.1543735 -0.5489097 -0.8215026 -0.1543621 -0.5489132 -0.9690303 -0.1543623 -0.1927496 -0.9690296 -0.1543709 -0.192747 -0.8263224 -0.5386785 -0.164368 -0.8738133 -0.4501465 -0.183898 -0.7427837 -0.4493879 -0.4963094 -0.7427871 -0.4493739 -0.4963169 -0.4963135 -0.4493681 -0.7427929 -0.4963133 -0.4493771 -0.7427875 -0.1839044 -0.450143 -0.8738136 -0.1787194 -0.4009445 -0.8985003 -0.3949316 -0.7033306 -0.5910627 -0.3949303 -0.7033373 -0.5910556 -0.5910565 -0.7033373 -0.3949291 -0.5910586 -0.7033337 -0.3949322 -0.6971977 -0.7033364 -0.1386831 -0.6632961 -0.7392766 -0.116226 -0.164362 -0.5387267 -0.8262921 -0.1316831 -0.7378394 -0.6620065 -0.1186977 -0.7011082 -0.703106 -0.09926164 -0.8911094 -0.4427993 -0.2530151 -0.890279 -0.3786643 -0.2530155 -0.8902783 -0.3786658 -0.3786654 -0.8902783 -0.2530158 -0.3786609 -0.8902819 -0.2530097 -0.4427962 -0.8911106 -0.0992639 -0.4021882 -0.9120551 -0.08000093 0 -0.1573439 -0.9875439 0.00440526 -0.2588227 -0.9659148 0 -0.4075053 -0.9132028 0 -0.5461544 -0.8376846 0.003014326 -0.7071036 -0.7071036 0 -0.7443211 -0.667822 0 -0.9659242 -0.2588253 0 -0.9659242 -0.2588253 1 0 0 1 0 0 1 0 0 1 0 0 1 0 0 -0.6585032 -0.177517 -0.7313421 -0.9782068 -0.1803946 -0.1028064 -0.7268243 -0.5665381 0.3882796 -0.0848326 -0.7119714 0.6970655 0.4376061 -0.7868213 0.4352161 0.4442453 -0.7851027 0.4315783 0.4554464 -0.7809421 0.4274319 0.5491576 -0.7343241 0.3989911 0.6549319 -0.6689319 -0.3515598 0.3553727 -0.7334396 0.5794623 0.4361484 -0.7870337 0.4362941 0.4280037 -0.7869966 0.4443526 0.4637594 -0.7648648 0.447112 0.09509164 -0.4151318 0.904778 0.1027162 -0.4237707 0.8999266 0.4512549 -0.4306828 0.781589 -0.4441202 -0.7778536 0.4446358 -0.4455627 -0.7786487 0.4417917 -0.4318904 -0.7638095 0.4796516 -0.489609 -0.7494297 0.4456883 -0.4935187 -0.7486554 0.4426673 -0.587257 -0.7432965 0.3203742 -0.4497393 -0.7776162 0.439372 -0.4424879 -0.7774475 0.4469673 -0.888791 -0.452498 0.07277429 -0.871149 -0.4527758 0.1899833 -0.7559717 -0.5165054 -0.4021555 -0.444729 -0.7776194 -0.4444368 -0.4539808 -0.7769905 -0.4361047 -0.587257 -0.7432965 -0.3203742 -0.4433461 -0.7755783 -0.4493581 -0.442416 -0.7774068 -0.4471094 -0.4451583 -0.7781898 -0.4430065 -0.4409447 -0.7818585 -0.4407553 0.4305672 -0.5548678 -0.7118522 0.4349254 -0.7870583 -0.4374689 0.4260625 -0.7857398 -0.4484235 0.3553727 -0.7334396 -0.5794623 0.4407845 -0.7817839 -0.4410476 0.437533 -0.7869896 -0.4349853 0.4508092 -0.7829505 -0.4286717 0.5491577 -0.7343242 -0.3989911 0.6549319 -0.6689319 0.3515597 -0.8533286 -0.3570463 0.379932 -0.8910146 -0.2207106 0.3967111 -0.9184682 -0.1791942 0.3525698 -0.9782068 -0.1803946 0.1028064 -0.9720233 -0.2348843 0 -0.9168182 -0.399305 0 -0.8676751 -0.4831416 -0.1171069 -0.9184682 -0.1791942 -0.3525698 -0.8910146 -0.2207107 -0.3967112 -0.8533286 -0.3570463 -0.379932 -0.7046969 -0.5492905 -0.4490904 -0.3041099 -0.1775189 -0.9359509 -0.2917865 -0.3292636 -0.8980234 -0.4258367 -0.5201969 -0.7403096 -0.3041095 -0.1775184 -0.9359512 -0.05145829 -0.1811159 -0.9821146 0.1019462 -0.2207064 -0.9699978 0.1539053 -0.1791858 -0.9717024 0.4920602 -0.1775107 -0.8522716 0.4920626 -0.177514 -0.8522694 0.7961643 -0.177516 -0.5784552 0.7961663 -0.1775208 -0.5784511 0.9626121 -0.1775224 -0.2046065 0.962612 -0.1775165 -0.204612 0.9626131 -0.1775167 0.2046067 0.9626109 -0.1775225 0.2046117 0.7961636 -0.1775206 0.5784547 0.796167 -0.1775158 0.5784516 0.4920598 -0.1775139 0.852271 0.4920629 -0.1775106 0.85227 0.1539053 -0.1791858 0.9717024 0.1019462 -0.2207064 0.9699978 -0.05145829 -0.1811159 0.9821146 -0.30411 -0.1775184 0.935951 -0.3041095 -0.1775189 0.9359511 -0.6585073 -0.1775168 0.7313385 -0.6585026 -0.1775227 0.7313413 -0.8248012 -0.1811187 0.5356296 0.9629046 -0.2622484 -0.06356543 0.8683957 -0.460236 -0.1845854 0.8779414 -0.465295 0.1127812 0.9152716 -0.3527442 0.1945493 0.7216141 -0.5159046 0.4616445 0.6950131 -0.5118336 0.5049587 0.69501 -0.5118362 0.5049603 0.46543 -0.5153974 0.7195417 0.4305672 -0.5548678 0.7118522 -0.7334965 -0.5187055 0.4392351 -0.5748459 -0.5118372 0.638416 -0.5748436 -0.5118327 0.6384216 -0.4258367 -0.5201969 0.7403097 -0.2917865 -0.3292636 0.8980234 -0.1518691 -0.4626289 0.8734474 -0.03694736 -0.4646376 0.8847298 -0.8248012 -0.1811187 -0.5356296 -0.6585065 -0.1775228 -0.7313377 -0.574842 -0.5118367 -0.6384199 -0.5748478 -0.5118322 -0.6384182 -0.4392194 -0.7544178 -0.4877911 -0.08483266 -0.7119714 -0.6970655 0.7216141 -0.5159046 -0.4616445 0.6950114 -0.5118333 -0.5049613 0.6950119 -0.5118359 -0.5049579 0.46543 -0.5153974 -0.7195417 0.4512549 -0.4306828 -0.781589 0.1027163 -0.4237707 -0.8999266 0.09509164 -0.4151318 -0.904778 -0.03694736 -0.4646376 -0.8847298 -0.1518691 -0.4626289 -0.8734474 0 -1 0 0 -1 0 0 -1 0 0 -1 0 0 -1 0 0 -1 0 0 -1 0 0 -1 0 0 -1 0 0 -1 0 0 -1 0 0 -1 0 0 -1 0 0 -1 0 0 -1 0 0 -1 0 0 -1 0 0 -1 0 0 -1 0 0 -1 0 0 -1 0 0 -1 0 0 -1 0 0 -1 0 0 -1 0 0 -1 0 0 -1 0 0 -1 0 0 -1 0 -1 0 0 -1 0 0 -1 0 0 -1 0 0 -1 0 0 -1 0 0 0 -0.98078 -0.1951172 -3.6257e-5 -0.9814842 -0.1915432 3.65595e-5 -0.83148 -0.5555548 -2.45375e-5 -0.834814 -0.5505323 2.43354e-5 -0.5555548 -0.83148 -1.23011e-5 -0.5585748 -0.8294541 1.19896e-5 -0.1951172 -0.98078 0 -0.1962913 -0.9805456 0.1088547 -0.8298532 -0.5472608 0.1627841 -0.5511243 -0.8183906 0.03807193 -0.9807726 -0.1914044 0.04305171 -0.9845677 -0.1696258 0.1177232 -0.977292 -0.1761863 0.1130324 -0.9857842 -0.1243109 0.1805229 -0.9761465 -0.1206208 0.1578531 -0.9857143 -0.05873358 0.2093163 -0.9769611 -0.04163753 0.1915233 -0.9814212 -0.01145273 0.9624136 -0.1926482 -0.1914334 0.8158931 -0.1926522 -0.5451638 0.8158932 -0.1926584 -0.5451614 0.545165 -0.1926687 -0.8158884 0.545162 -0.1926523 -0.8158943 0.1914314 -0.1926481 -0.962414 0.1914353 -0.1926609 -0.9624106 0.1627845 -0.5511257 -0.8183897 0.4635844 -0.5511234 -0.6937958 0.4635844 -0.5511215 -0.6937972 0.6937986 -0.5511213 -0.4635826 0.6937978 -0.5511237 -0.4635809 0.9624165 -0.1926249 -0.1914422 0.8823847 -0.4365651 -0.1755225 0.8144568 -0.5524426 -0.1773898 0.7822645 -0.6031986 -0.1556079 0.6024614 -0.7890997 -0.1198415 0.1088548 -0.8298533 -0.5472605 0.3099998 -0.8298533 -0.4639435 0.3100011 -0.829848 -0.4639523 0.4639472 -0.8298515 -0.3099996 0.4639452 -0.8298538 -0.3099964 0.5412182 -0.8313779 -0.1260697 0.4373692 -0.8950636 -0.08700215 0.1915359 -0.9814856 0 0.2588164 -0.9659199 0.003572762 0.4390339 -0.8984705 0 0.6068348 -0.794828 0 0.7071137 -0.707085 0.004604041 0.9805529 -0.1962548 0 0.9659185 -0.2588238 0.003406882 0.8962994 -0.4434494 0 0.7919108 -0.6106368 0 0 0 1 0 0 1 0 0 1 0 0 1 0 0 1 -0.7815918 -0.4306786 -0.4512541 -0.4470723 -0.7774156 0.442438 0.1899722 -0.452776 0.8711512 0.07277631 -0.4524981 0.8887908 0 -0.399305 0.9168182 -0.1171044 -0.4831399 0.8676764 -0.3799288 -0.3570383 0.8533332 -0.4490904 -0.5492905 0.704697 -0.4444426 -0.7776249 0.4447138 -0.4361212 -0.7769969 0.4539541 -0.3203723 -0.7433004 0.587253 -0.4407553 -0.7818585 0.4409447 -0.4430055 -0.7781916 0.4451561 -0.4493452 -0.7755851 0.4433473 -0.4877966 -0.7544146 0.4392187 -0.88473 -0.4646372 0.03694635 -0.8734478 -0.4626274 0.1518707 -0.8980236 -0.3292615 0.2917885 -0.5794654 -0.7334346 -0.3553781 -0.7118509 -0.5548668 -0.4305709 -0.4374698 -0.7870565 -0.4349278 -0.4441435 -0.7862733 -0.4295474 -0.4563266 -0.7832384 -0.4222602 0.4352221 -0.7868269 -0.4375902 0.4315919 -0.7851119 -0.4442159 0.4274246 -0.7809303 -0.4554735 0.3989903 -0.7343229 -0.54916 -0.3516119 -0.6689203 -0.6549158 0.5794615 -0.7334386 -0.3553759 0.4362909 -0.7870374 -0.436145 0.4443339 -0.7870005 -0.4280158 0.4470851 -0.7649402 -0.4636609 0.7815984 -0.4306687 -0.4512522 0.8999379 -0.4237477 -0.1027107 0.9047856 -0.4151151 -0.09509181 0.8847386 -0.4646211 0.0369451 0.4445911 -0.7778647 0.4441456 0.4417926 -0.778647 0.4455649 0.4796579 -0.7638055 0.4318904 0.4447606 -0.7489949 0.4911156 0.6970638 -0.7119696 0.08486139 0.3203723 -0.7433004 0.587253 0.4393568 -0.7776164 0.4497535 0.4469901 -0.7774469 0.4424659 -0.7195395 -0.5154002 -0.4654304 -0.5049573 -0.5118401 -0.6950092 -0.5049611 -0.5118372 -0.6950086 -0.4021555 -0.5165055 0.7559716 -0.6384252 -0.511836 0.5748366 -0.638423 -0.5118297 0.5748447 -0.7403074 -0.5201963 0.4258412 -0.6970669 -0.7119674 0.08485382 0.8734571 -0.4626117 0.1518656 0.8980314 -0.3292484 0.2917792 0.7403028 -0.5202006 0.4258441 0.6384235 -0.5118338 0.5748405 0.6384199 -0.5118367 0.5748419 -0.4410132 -0.7818087 -0.4407747 -0.4349821 -0.7869876 -0.4375398 -0.4286777 -0.7829542 -0.4507972 -0.3989933 -0.7343222 -0.5491588 0.351612 -0.6689203 -0.6549158 -0.4616555 -0.5159078 -0.7216047 -0.06356769 -0.2622627 -0.9629005 -0.1845754 -0.4602292 -0.8684014 0.1127793 -0.4652873 -0.8779456 0.1945403 -0.352746 -0.9152728 0.4616555 -0.5159078 -0.7216047 0.5049556 -0.5118378 -0.6950122 0.504957 -0.51184 -0.6950096 0.7195395 -0.5154002 -0.4654304 0.7118509 -0.5548668 -0.4305709 -0.9821145 -0.1811097 0.05148124 -0.9699969 -0.2207077 -0.1019515 -0.9047784 -0.4151296 -0.09509676 -0.8999319 -0.42376 -0.1027136 -0.9359539 -0.1775124 0.3041046 -0.9359501 -0.177521 0.3041117 -0.7313389 -0.1775212 0.6585056 -0.7313449 -0.1775133 0.6585012 -0.5356466 -0.1811099 0.824792 -0.3967067 -0.2207093 0.891017 -0.3525609 -0.1791884 0.9184728 -0.1028179 -0.1803883 0.9782068 0 -0.2348843 0.9720233 0.1028203 -0.1803883 0.9782065 0.3882797 -0.5665381 0.7268242 0.4392351 -0.5187055 0.7334965 0.3799288 -0.3570384 0.8533332 0.3967065 -0.2207118 0.8910164 0.3525584 -0.1791884 0.9184738 -0.9717015 -0.1791912 -0.1539052 -0.8522737 -0.1775133 -0.4920557 -0.8522697 -0.1775196 -0.4920601 -0.5784456 -0.1775194 -0.7961706 -0.5784534 -0.1775102 -0.796167 -0.2046125 -0.1775098 -0.9626131 -0.2045999 -0.1775233 -0.9626134 0.2046144 -0.1775228 -0.9626103 0.2046029 -0.1775094 -0.9626152 0.5784465 -0.1775105 -0.7961719 0.5784499 -0.1775158 -0.7961683 0.852271 -0.1775139 -0.4920598 0.8522725 -0.1775189 -0.4920555 0.9717003 -0.1791977 -0.153905 0.969995 -0.2207189 -0.1019452 0.9821121 -0.1811164 0.05150407 0.935954 -0.1775188 0.3041006 0.9359529 -0.1775085 0.3041101 0.731342 -0.1775116 0.6585049 0.7313451 -0.1775181 0.6584996 0.5356463 -0.1811134 0.8247914 0 -1 0 0 -1 0 0 -1 0 0 -1 0 0 -1 0 0 -1 0 0 -1 0 0 -1 0 0 -1 0 0 -1 0 0 -1 0 0 -1 0 0 -1 0 0 -1 0 0 -1 0 0 -1 0 0 -1 0 0 -1 0 0 -1 0 0 -1 0 0 -1 0 0 -1 0 0 -1 0 0 -1 0 0 -1 0 0 -1 0 0 -1 0 0 -1 0 0 -1 0 0 0 -1 0 0 -1 0 0 -1 0 0 -1 0 0 -1 0 0 -1 0.1951099 -0.9807814 0 0.1837155 -0.9829795 -1.15507e-4 0.5555548 -0.8314799 1.21944e-4 0.543733 -0.8392583 -2.71096e-5 0.8314799 -0.5555548 2.63297e-5 0.8337032 -0.552213 6.68016e-5 0.9807872 -0.1950804 -6.37927e-5 0.9820591 -0.1885734 0 0.4274178 -0.1880906 0.8842714 0.04550653 -0.9826983 0.1795358 0.1173556 -0.9828243 0.1424224 0.1763926 -0.9754291 0.1319987 0.1667628 -0.9829186 0.0778535 0.1836068 -0.9823758 0.03502225 0.1145694 -0.9690751 0.2185574 0.01534247 -0.9658105 0.2587949 0.01712781 -0.9655753 0.2595593 0.1232044 -0.8364495 0.5340159 0.1149609 -0.7896425 0.6027011 0.1836028 -0.9823764 0.03502321 0.5408316 -0.83478 0.1031665 0.5408227 -0.8347868 0.1031596 0.8233572 -0.5453602 0.1570519 0.8233511 -0.5453712 0.1570455 0.9652705 -0.1853496 0.1841151 0.9652708 -0.1853473 0.184116 0.8842613 -0.1880736 0.4274463 0.1566996 -0.9822682 0.1029291 0.4611876 -0.8339887 0.3029339 0.461183 -0.833994 0.3029264 0.7012249 -0.5441819 0.4605972 0.7012294 -0.5441675 0.4606073 0.7906244 -0.3243647 0.5193271 0.7793549 -0.1869927 0.59803 0.1029351 -0.9822654 0.1567133 0.3029238 -0.8339937 0.4611852 0.3029212 -0.8340042 0.4611676 0.4606075 -0.5441675 0.7012293 0.4606075 -0.5441464 0.7012457 0.5395507 -0.1847565 0.8214317 0.5602002 -0.3914445 0.7300321 0.1493288 -0.6039866 0.78288 0.1742117 -0.5467973 0.8189401 0.169162 -0.429926 0.8868753 0.1841149 -0.1853545 0.9652696 0.1841248 -0.1853867 0.9652615 0 -0.9659242 0.2588253 0 -0.9659242 0.2588253 0 -0.7949128 0.6067237 -0.004601895 -0.7070993 0.7070993 0 -0.1886115 0.9820518 -0.00366801 -0.2587967 0.9659248 0 -0.4362126 0.8998436 0 -0.6108355 0.7917575 -1 0 0 -1 0 0 -1 0 0 -1 0 0 -1 0 0 -0.08682614 -0.7118538 0.69694 -0.4276261 -0.5174101 -0.7412305 -0.05143177 -0.1789786 -0.9825077 0.1019985 -0.2191468 -0.9703459 -0.8251299 -0.1789777 -0.5358431 -0.8913379 -0.2191593 -0.396845 -0.9188238 -0.1770789 0.3527122 -0.9785931 -0.178264 0.102847 -0.9723544 -0.23351 0 -0.9785931 -0.178264 -0.102847 -0.9188277 -0.1770792 -0.3527019 -0.3042295 -0.175439 0.9363043 -0.6587598 -0.175432 0.7316142 -0.6587534 -0.1754204 0.7316227 0.1019738 -0.2191665 0.970344 -0.05152332 -0.1789795 0.9825028 -0.3042169 -0.1754233 0.9363113 0.1539652 -0.1770734 -0.9720802 0.4922304 -0.1754173 -0.8526065 0.4922415 -0.1754332 -0.8525969 0.796478 -0.1754279 -0.5786605 0.7964752 -0.1754208 -0.5786665 0.9629798 -0.1754189 -0.2046905 0.9629799 -0.175422 -0.2046875 0.9629783 -0.1754217 0.2046951 0.9629814 -0.1754133 0.2046879 0.7964812 -0.1754055 0.5786628 0.7964656 -0.1754286 0.5786774 0.4922463 -0.1754334 0.852594 -0.8251299 -0.1789777 0.5358431 -0.8913343 -0.2191569 0.3968544 -0.8534114 -0.356808 0.3799697 -0.7575954 -0.5137057 -0.4026857 -0.7043932 -0.5477309 -0.4514656 -0.8534206 -0.3567927 -0.3799633 -0.8692624 -0.4804398 -0.1164499 -0.917219 -0.3983834 0 -0.8898289 -0.4505046 0.07245767 -0.8723166 -0.4508641 0.18917 -0.4447278 -0.7768751 -0.4457378 -0.4537373 -0.7762818 -0.4376174 -0.5880977 -0.7425618 -0.3205358 -0.4441764 -0.775175 -0.4492338 -0.4427728 -0.7766935 -0.447995 -0.445862 -0.7775729 -0.4433818 -0.4410568 -0.7817614 -0.4408153 -0.3042383 -0.1754141 -0.9363061 -0.3042303 -0.1754227 -0.936307 -0.2917359 -0.3297708 -0.8978537 -0.1512572 -0.4607716 -0.8745346 0.3555674 -0.7326921 -0.580288 0.4306268 -0.5540108 -0.7124834 0.4357932 -0.7863809 -0.4378235 0.4306648 -0.7856432 -0.4441763 0.4234616 -0.7826787 -0.4561736 0.4379189 -0.7861983 0.4360268 0.4442266 -0.7845737 0.4325585 0.4553529 -0.7804617 0.4284079 0.5497139 -0.7336876 0.399396 0.6572721 -0.6713271 -0.3425102 0.3555674 -0.7326921 0.580288 0.4368126 -0.7863588 0.4368462 0.4291285 -0.7863286 0.4444504 0.4638974 -0.7647757 0.4471212 0.4517485 -0.4286499 0.7824209 0.4922616 -0.1754161 0.8525888 0.1539652 -0.1770734 0.9720802 0.1022518 -0.4218545 0.9008792 0.09514057 -0.4139343 0.9053213 -0.03679192 -0.462682 0.8857606 -0.4446898 -0.7771911 0.4452247 -0.4462804 -0.7780625 0.4421002 -0.4324079 -0.7631525 0.4802307 -0.4909209 -0.7485654 0.4456979 -0.4953987 -0.7476719 0.4422294 -0.5880977 -0.7425618 0.3205358 -0.4496197 -0.7768785 0.4407969 -0.4427478 -0.7767088 0.447993 -0.03679436 -0.462714 -0.8857437 0.09516203 -0.4139583 -0.9053081 0.1022518 -0.4218545 -0.9008792 0.4517312 -0.4286512 -0.7824302 0.4667838 -0.5126518 -0.7206255 0.6963499 -0.5090577 -0.505922 0.696351 -0.5090623 -0.5059159 -0.0867961 -0.7118453 -0.6969525 -0.4398105 -0.7536454 -0.488452 -0.5759471 -0.5090574 -0.6396448 -0.5759387 -0.509064 -0.6396473 -0.6587542 -0.1754127 -0.7316237 -0.6587485 -0.1754201 -0.7316272 -0.151247 -0.4607406 0.8745527 -0.2917413 -0.3297209 0.8978703 -0.4276605 -0.5174102 0.7412107 -0.575941 -0.5090581 0.6396498 -0.5759442 -0.5090647 0.6396417 -0.7345437 -0.5159502 0.4407278 -0.7274651 -0.5656714 0.3883433 0.4407545 -0.7818325 -0.4409915 0.4379529 -0.7863237 -0.4357665 0.4507285 -0.7824549 -0.4296607 0.5497284 -0.7336795 -0.399391 0.657254 -0.6713086 0.3425814 0.721938 -0.5129823 -0.4643864 0.9622113 -0.2646409 -0.06414419 0.8693611 -0.458328 -0.1847883 0.8789971 -0.4634081 0.1123259 0.9153162 -0.3526245 0.1945564 0.7219622 -0.5129856 0.4643451 0.696341 -0.5090606 0.5059313 0.6963434 -0.5090587 0.50593 0.4667998 -0.5126532 0.720614 0.430617 -0.5540409 0.712466 0 -1 0 0 -1 0 0 -1 0 0 -1 0 0 -1 0 0 -1 0 0 -1 0 0 -1 0 0 -1 0 0 -1 0 0 -1 0 0 -1 0 0 -1 0 0 -1 0 0 -1 0 0 -1 0 0 -1 0 0 -1 0 0 -1 0 0 -1 0 0 -1 0 0 -1 0 0 -1 0 0 -1 0 0 -1 0 0 -1 0 0 -1 0 0 -1 0 0 -1 0 1 0 0 1 0 0 1 0 0 1 0 0 1 0 0 0 -0.9659242 0.2588253 0 -0.9659242 0.2588253 0 -0.7948729 0.6067759 8.68741e-4 -0.7071065 0.7071065 0 -0.6107874 0.7917946 0 -0.4362177 0.8998411 6.92787e-4 -0.2587984 0.9659312 0 -0.1885645 0.9820609 -0.8842622 -0.1880685 0.4274466 -0.1794734 -0.9826945 0.04583567 -0.1422742 -0.9828157 0.1176069 -0.1315345 -0.975544 0.176104 -0.07767975 -0.9829087 0.1669014 -0.03504085 -0.9823637 0.1836674 -0.2173511 -0.9693709 0.1143613 -0.183784 -0.9829039 0.01110219 -0.1691605 -0.4299312 0.8868731 -0.1742155 -0.5467191 0.8189916 -0.1493301 -0.6039389 0.7829165 -0.1031804 -0.8346951 0.5409602 -0.1500861 -0.7858694 0.5999029 -0.01685315 -0.9657869 0.2587885 -0.1841142 -0.185341 0.9652723 -0.1841276 -0.1853051 0.9652766 -0.4274218 -0.1880429 0.8842797 -0.1029688 -0.9822548 0.1567583 -0.3030089 -0.8339009 0.4612969 -0.303013 -0.8338981 0.4612994 -0.4606499 -0.5440635 0.7012821 -0.4606486 -0.5440654 0.7012814 -0.5193262 -0.3243991 0.7906109 -0.5980359 -0.1870033 0.7793476 -0.1567646 -0.9822534 0.1029714 -0.4613031 -0.8338975 0.3030087 -0.4612879 -0.8339068 0.3030065 -0.701278 -0.5440694 0.4606491 -0.7012931 -0.54405 0.4606491 -0.8214223 -0.1847807 0.5395569 -0.7300567 -0.3914096 0.5601927 -0.2007063 -0.9789032 0.03828316 -0.540956 -0.8346975 0.1031832 -0.5409566 -0.8346972 0.103183 -0.8234225 -0.5452589 0.1570611 -0.8234166 -0.545267 0.1570637 -0.9652712 -0.1853388 0.184122 -0.9652708 -0.1853407 0.1841225 -0.1873728 0 0.9822888 -0.2587828 0.0155335 0.9658107 -0.4351851 0 0.9003409 -0.6087751 0 0.7933428 -0.7069801 0.01928251 0.7069705 -0.793353 0 0.6087619 -0.9003278 0 0.4352126 -0.9658088 0.01553559 0.2587896 -0.9822896 0 0.1873688 0.965925 0 -0.2588225 0.965925 0 -0.2588225 0.7071039 0 -0.7071096 0.7071039 0 -0.7071096 0.2588263 0 -0.9659239 0.2588263 0 -0.9659239 -0.2588278 0 -0.9659235 -0.2588278 0 -0.9659235 -0.7071011 0 -0.7071126 -0.7071011 0 -0.7071126 -0.9659264 0 -0.258817 -0.9659264 0 -0.258817 -0.9659264 0 0.258817 -0.9659264 0 0.258817 -0.7071126 0 0.7071011 -0.7071126 0 0.7071011 -0.2588063 0 0.9659293 -0.2588063 0 0.9659293 0.2588049 0 0.9659297 0.2588049 0 0.9659297 0.7071154 0 0.7070981 0.7071154 0 0.7070981 0.965925 0 0.2588225 0.965925 0 0.2588225 0 1 0 0 1 0 0 1 0 0 1 0 0 1 0 0 1 0 0 1 0 0 1 0 0 1 0 0 1 0 0 1 0 0 1 0 0 1 0 0 1 0 0 1 0 0 1 0 0 1 0 0 1 0 0 1 0 0 1 0 0 1 0 0 1 0 0 1 0 0 1 0 0 1 0 0 1 0 0 1 0 0 1 0 0 1 0 0 1 0 0 0 1 0 0 1 -0.1951013 0 0.9807832 -0.1951013 0 0.9807832 -0.5555695 0 0.8314701 -0.5555695 0 0.8314701 -0.8314741 0 0.5555636 -0.8314741 0 0.5555636 -0.9807853 0 0.1950902 -0.9807853 0 0.1950902 -1 0 0 -1 0 0 -1 0 0 -1 0 0 -1 0 0 -1 0 0 -1 0 0 -1 0 0 -1 0 0 -1 0 0 -0.1950891 0 -0.9807856 -0.1950891 0 -0.9807856 -0.5555695 0 -0.8314701 -0.5555695 0 -0.8314701 -0.8314701 0 -0.5555695 -0.8314701 0 -0.5555695 -0.9807858 0 -0.1950878 -0.9807858 0 -0.1950878 0 0 -1 0 0 -1 -0.9914442 0 -0.1305305 -0.965924 0.001754045 -0.2588197 -0.9238801 0 -0.3826822 -0.7933536 0 -0.608761 -0.7071039 0.001754164 -0.7071075 -0.6087565 0 -0.7933571 -0.3826857 0 -0.9238786 -0.2588222 0.001754105 -0.9659234 -0.1305305 0 -0.9914442 -1 0 0 -1 0 0 -0.9807858 0 -0.1950878 -0.9807858 0 -0.1950878 -0.8314701 0 -0.5555695 -0.8314701 0 -0.5555695 -0.5555695 0 -0.8314701 -0.5555695 0 -0.8314701 -0.1950891 0 -0.9807856 -0.1950891 0 -0.9807856 0 0.9807799 -0.1951172 0 0.9807799 -0.1951172 0 0.83148 -0.5555548 0 0.83148 -0.5555548 0 0.5555548 -0.83148 0 0.5555548 -0.83148 0 0.1951172 -0.9807799 0 0.1951172 -0.9807799 -0.1949667 0.9800428 -0.03878229 -0.194967 0.9800427 -0.03878247 -0.5522018 0.8264428 -0.109843 -0.5521962 0.8264471 -0.1098387 -0.8203272 0.5481219 -0.1631734 -0.8203294 0.548118 -0.1631755 -0.9626387 0.1914706 -0.1914829 -0.962637 0.1914842 -0.1914778 -0.165285 0.9800428 -0.1104399 -0.1652841 0.9800431 -0.1104384 -0.4681286 0.8264487 -0.3127911 -0.4681302 0.8264468 -0.3127937 -0.6954429 0.5481176 -0.4646787 -0.6954454 0.5481097 -0.4646845 -0.8160821 0.1914858 -0.5452919 -0.8160824 0.1914962 -0.5452877 -0.1104388 0.9800433 -0.1652824 -0.1104387 0.9800434 -0.1652821 -0.3127955 0.826447 -0.4681285 -0.3127972 0.8264402 -0.4681394 -0.4646805 0.5481053 -0.6954514 -0.4646803 0.5481175 -0.6954419 -0.5452882 0.1915063 -0.8160797 -0.5452872 0.1915012 -0.8160816 -0.03878158 0.9800435 -0.1949634 -0.03877997 0.9800422 -0.1949704 -0.1098352 0.8264393 -0.5522085 -0.109839 0.826449 -0.5521934 -0.1631751 0.548118 -0.8203296 -0.1631724 0.548109 -0.8203361 -0.1914768 0.1915022 -0.9626337 -0.1914781 0.1915069 -0.9626324 -0.1951135 0.9807807 0 -0.2588191 0.9659012 0.006895065 -0.5555577 0.8314653 -0.00461483 -0.6087586 0.7933555 0 -0.8314711 0.555568 0 -0.7933366 0.6087442 -0.006896853 -0.9807462 0.1950723 0.009149849 -0.9659278 0.2588119 0 -0.7890632 0.6054651 -0.1038816 -0.9582106 0.2567441 -0.1261551 -0.2586751 0.9653638 -0.03405702 -0.6068127 0.7908195 -0.07989257 -0.9582086 0.2567537 -0.1261499 -0.8929087 0.2567537 -0.3698535 -0.8929088 0.2567519 -0.3698545 -0.7667574 0.2567565 -0.588353 -0.7667579 0.256762 -0.5883499 -0.5883474 0.2567644 -0.766759 -0.5883486 0.2567697 -0.7667562 -0.3698551 0.2567717 -0.8929029 -0.3698531 0.2567662 -0.8929053 -0.1261543 0.2567672 -0.9582044 -0.1261498 0.2567576 -0.9582076 -0.7096381 0.701745 -0.06299102 -0.6560914 0.7040523 -0.2717617 -0.6560853 0.7040616 -0.2717527 -0.5633921 0.7040622 -0.4323029 -0.5633949 0.7040551 -0.4323108 -0.4323074 0.7040548 -0.5633978 -0.4323077 0.7040508 -0.5634026 -0.2717631 0.7040485 -0.6560949 -0.2717631 0.7040484 -0.656095 -0.09269309 0.7040479 -0.7040772 -0.0926932 0.7040482 -0.7040768 -0.258669 0.9653656 -0.03405332 -0.2410408 0.965366 -0.09983992 -0.2410445 0.9653646 -0.09984374 -0.2069895 0.9653644 -0.1588296 -0.2069904 0.965364 -0.1588312 -0.1588292 0.9653637 -0.2069933 -0.1588284 0.9653645 -0.2069901 -0.0998438 0.9653646 -0.2410445 -0.0998438 0.9653646 -0.2410447 -0.03405481 0.9653645 -0.2586728 -0.03405618 0.9653658 -0.258668 0 0.9659261 -0.2588181 0 0.9659261 -0.2588181 0 0.7070924 -0.7071211 0 0.7070924 -0.7071211 0 0.2588253 -0.9659242 0 0.2588253 -0.9659242 -0.6043441 0.7876023 -0.1202118 -0.2584794 0.9646476 -0.05141353 -0.2584812 0.9646471 -0.0514152 -0.2191293 0.9646474 -0.1464166 -0.219129 0.9646474 -0.1464161 -0.1464165 0.9646468 -0.2191315 -0.1464161 0.9646484 -0.219125 -0.05141502 0.9646489 -0.2584743 -0.05141454 0.9646486 -0.2584758 -0.9485749 0.2541764 -0.1886801 -0.7836712 0.6012995 -0.1558793 -0.6905245 0.7030335 -0.1700585 -0.5936178 0.7002106 -0.3966395 -0.5936195 0.7002068 -0.3966437 -0.3966464 0.7002072 -0.5936173 -0.3966462 0.7001984 -0.5936279 -0.1392861 0.7001969 -0.7002313 -0.1392874 0.7001997 -0.7002282 -0.9485751 0.254175 -0.1886808 -0.804162 0.2541784 -0.5373237 -0.8041621 0.2541801 -0.5373228 -0.53732 0.2541837 -0.8041629 -0.5373215 0.2541897 -0.8041599 -0.1886869 0.2541885 -0.9485702 -0.1886819 0.2541763 -0.9485745 -0.9807836 0.1950988 0 -0.2588217 0.9659251 0 -0.7933692 0.6087406 0 -0.6087586 0.7933555 0 -0.6087586 0.7933555 0 -0.4422397 0.8968968 0 -0.1951134 0.9807801 -0.001038134 -0.8968731 0.442285 -0.001561999 -0.7933691 0.6087405 7.82704e-4 -0.9659239 0.2588253 -7.82754e-4 -0.1886737 0.2542031 0.9485689 -0.139272 0.7002154 0.7002154 -0.1392761 0.7002106 0.7002193 -0.3966369 0.7002109 0.5936192 -0.3966545 0.7001951 0.5936262 -0.5936316 0.7001978 0.3966415 -0.5936166 0.7002104 0.3966418 -0.1949667 0.9800429 0.03877961 -0.2480503 0.9656574 0.07731032 -0.2191337 0.9646463 0.1464166 -0.219118 0.9646501 0.1464158 -0.1464096 0.9646502 0.2191212 -0.1464243 0.9646464 0.2191282 -0.05141198 0.9646467 0.2584833 -0.05141174 0.9646468 0.258483 -0.4405385 0.8934466 0.08762878 -0.6043441 0.7876023 0.1202118 -0.6905245 0.7030334 0.1700585 -0.7836712 0.6012995 0.1558793 -0.8829345 0.4354113 0.1756236 -0.1886944 0.2541624 0.9485756 -0.5373314 0.2541669 0.8041605 -0.5373223 0.2541838 0.8041613 -0.8041616 0.2541801 0.5373235 -0.8041694 0.2541638 0.5373196 -0.9437648 0.2551858 0.2102097 -0.9626357 0.1914888 0.1914801 0 0.9659242 0.2588253 0 0.9659242 0.2588253 0 0.7071068 0.7071068 0 0.7071068 0.7071068 0 0.2588522 0.965917 0 0.2588522 0.965917 -0.6068127 0.7908195 0.07989257 -0.03405511 0.9653638 0.2586752 -0.09270089 0.704062 0.704062 -0.1261401 0.2567846 0.9582017 -0.1261635 0.2567408 0.9582102 -0.3698464 0.2567415 0.8929151 -0.3698437 0.2567464 0.8929148 -0.5883587 0.2567481 0.7667558 -0.5883495 0.2567645 0.7667574 -0.766751 0.2567623 0.5883587 -0.7667708 0.2567241 0.5883496 -0.8929163 0.2567311 0.3698509 -0.8929108 0.2567434 0.3698554 -0.9582089 0.2567504 0.1261548 -0.9582108 0.2567442 0.126152 -0.09268951 0.7040768 0.7040487 -0.2717444 0.7040759 0.6560733 -0.2717705 0.7040491 0.6560913 -0.4323099 0.7040506 0.5634011 -0.4323177 0.7040436 0.5634039 -0.5634087 0.7040456 0.4323082 -0.5633895 0.7040619 0.4323067 -0.6560826 0.7040619 0.271758 -0.6560871 0.7040581 0.2717572 -0.7040689 0.704056 0.09269326 -0.7925015 0.6081033 0.04638791 -0.03405767 0.9653626 0.2586795 -0.0998494 0.9653627 0.2410501 -0.09983873 0.9653663 0.2410396 -0.1588261 0.965366 0.2069849 -0.1588231 0.9653669 0.2069832 -0.2069838 0.9653664 0.1588253 -0.2069864 0.9653657 0.1588259 -0.2410424 0.9653653 0.09984195 -0.2410432 0.9653651 0.09984195 -0.2586692 0.9653654 0.03405618 -0.2586752 0.9653639 0.03405451 -0.2588253 0.9659241 0 -0.1951054 0.9807397 -0.009147107 -0.6087442 0.7933366 0.006897211 -0.5555636 0.831474 0 -0.7933555 0.6087586 0 -0.8314623 0.5555621 0.004614412 -0.9659048 0.2588057 -0.006896972 -0.9807873 0.1950805 0 -0.03878825 0.9800404 0.1949777 -0.03877437 0.9800448 0.1949585 -0.08760792 0.8934705 0.4404944 -0.1264563 0.8279242 0.5463976 -0.1777905 0.5494318 0.8164039 -0.1558641 0.6013541 0.7836323 -0.1202093 0.7875816 0.6043717 -0.1914931 0.1914305 0.9626446 -0.1914779 0.1914708 0.9626396 -0.1756281 0.4353658 0.882956 -0.1104322 0.9800448 0.1652782 -0.1104388 0.9800434 0.1652823 -0.3128015 0.8264398 0.4681373 -0.3128053 0.826437 0.4681396 -0.4646843 0.5481172 0.6954395 -0.4646918 0.5481066 0.6954427 -0.5453042 0.1914395 0.8160847 -0.5452899 0.1914757 0.8160857 -0.1652851 0.980043 0.1104375 -0.165286 0.9800428 0.1104376 -0.4681426 0.8264394 0.3127945 -0.468128 0.8264485 0.3127923 -0.6954473 0.5481094 0.4646818 -0.6954523 0.548103 0.4646818 -0.8160877 0.1914756 0.545287 -0.8160769 0.191506 0.5452924 -0.1949667 0.9800428 0.03878301 -0.1949667 0.9800428 0.03878301 -0.5521946 0.8264476 0.1098433 -0.552202 0.826443 0.1098415 -0.8203327 0.5481128 0.1631768 -0.8203265 0.5481214 0.1631792 -0.9626337 0.1914917 0.191487 -0.9626391 0.1914708 0.1914808 0 0.9807785 0.1951245 7.82415e-4 0.9659239 0.2588252 0 0.8969191 0.4421945 0 0.7933343 0.6087862 0.001044929 0.7071064 0.7071064 0 0.6087946 0.7933279 0 0.2587984 0.9659313 0.003097116 0.4422376 0.8968926 0 0.1950804 0.9807872 0.6068267 0.7908093 0.07988864 0.2586716 0.9653649 0.03405219 0.8906871 0.4392344 0.1172583 0.7890633 0.6054652 0.1038796 0.9727081 0.1934924 0.1280615 0.2586734 0.9653643 0.03405427 0.2410451 0.9653641 0.09984719 0.2410426 0.9653653 0.09984165 0.2069868 0.9653658 0.1588254 0.2069882 0.9653641 0.1588333 0.1588315 0.9653638 0.206991 0.1588314 0.9653636 0.2069925 0.09984409 0.9653631 0.2410504 0.09984368 0.9653628 0.2410516 0.03406053 0.9653628 0.2586787 0.03406304 0.9653636 0.2586751 0.6938412 0.7064028 0.1399269 0.6560873 0.7040581 0.2717564 0.6560889 0.7040551 0.2717604 0.5633884 0.7040554 0.4323186 0.5633862 0.7040695 0.4322986 0.4323002 0.7040711 0.5633831 0.4322998 0.7040693 0.5633857 0.2717471 0.7040721 0.6560762 0.2717491 0.7040756 0.6560717 0.09271061 0.7040782 0.7040445 0.0926963 0.7040623 0.7040623 0.9530472 0.2576943 0.1590433 0.892911 0.2567434 0.3698551 0.892911 0.2567437 0.3698549 0.7667636 0.2567345 0.5883545 0.7667625 0.2567293 0.5883581 0.588358 0.2567219 0.7667652 0.5883681 0.2567477 0.7667487 0.36985 0.2567466 0.8929122 0.3698472 0.2567416 0.8929148 0.1261574 0.2567406 0.9582111 0.126151 0.2567309 0.9582146 0.9659241 0.2588253 0 0.2588217 0.9659251 0 0.2588217 0.9659251 0 0.6087725 0.793345 0 0.6087725 0.793345 0 0.7933555 0.6087586 0 0.7933555 0.6087586 0 0.8968743 0.4422856 0 0.9807425 0.1950906 -0.009149193 0.7909441 0.6069084 0.07790774 0.9615821 0.2576618 0.09471124 0.2587376 0.9656114 0.02548331 0.607681 0.7919227 0.0598511 0.9615834 0.2576555 0.09471565 0.9246333 0.2576555 0.2804765 0.9246334 0.2576537 0.2804778 0.8521429 0.2576504 0.4554874 0.8521443 0.2576671 0.4554754 0.7469085 0.2576717 0.6129707 0.7469074 0.2576668 0.612974 0.6129811 0.2576689 0.7469008 0.6129654 0.2576239 0.7469294 0.4554837 0.2576189 0.8521544 0.4554957 0.2576447 0.8521401 0.2804573 0.2576441 0.9246422 0.2804946 0.2577102 0.9246125 0.0947082 0.2577102 0.9615694 0.09469455 0.2576889 0.9615765 0.7107314 0.7028419 0.0295639 0.6782922 0.7053974 0.2057527 0.6782942 0.7053946 0.2057559 0.6251206 0.7053945 0.3341301 0.6251235 0.7053884 0.3341375 0.5479267 0.7053862 0.449674 0.5479277 0.7053816 0.4496797 0.449667 0.7053787 0.5479421 0.4496674 0.7053911 0.5479258 0.3341439 0.7053923 0.6251156 0.3341444 0.7053937 0.6251139 0.205769 0.7053953 0.6782895 0.2057554 0.70537 0.6783199 0.06946951 0.7053685 0.7054285 0.06949144 0.7053974 0.7053974 0.2587394 0.9656109 0.02548456 0.2487967 0.9656109 0.0754708 0.248798 0.9656104 0.07547217 0.2292941 0.9656102 0.122561 0.2292913 0.9656115 0.1225565 0.2009733 0.9656115 0.1649371 0.200971 0.965613 0.1649311 0.1649302 0.9656134 0.2009698 0.1649309 0.9656123 0.2009741 0.1225605 0.9656124 0.2292849 0.1225603 0.9656111 0.2292907 0.07546794 0.9656109 0.2487975 0.07546889 0.9656118 0.2487936 0.02548897 0.965612 0.258735 0.02548617 0.9656103 0.2587412 0 0.9659242 0.2588253 0 0.9659242 0.2588253 0 0.7071068 0.7071068 0 0.7071068 0.7071068 0 0.2588522 0.965917 0 0.2588522 0.965917 0.6043441 0.7876023 0.1202118 0.2584758 0.9646488 0.0514093 0.2584826 0.9646466 0.0514155 0.2191305 0.9646459 0.1464242 0.2191237 0.9646496 0.1464099 0.1464157 0.9646506 0.2191153 0.1464166 0.9646463 0.2191337 0.05141192 0.9646465 0.2584841 0.05141234 0.9646467 0.258483 0.9485759 0.2541767 0.1886739 0.7836852 0.601282 0.1558767 0.6905245 0.7030335 0.1700585 0.5936207 0.7002113 0.3966342 0.5936262 0.7001986 0.3966482 0.3966437 0.7001937 0.593635 0.3966441 0.7002101 0.5936154 0.139274 0.7002105 0.7002201 0.1392762 0.7002151 0.7002151 0.9485793 0.2541567 0.1886841 0.8041678 0.2541522 0.5373276 0.8041685 0.2541686 0.5373188 0.5373269 0.2541765 0.8041604 0.5373247 0.2541673 0.8041649 0.1886771 0.2541616 0.9485794 0.1886936 0.2542021 0.9485653 0.2588181 0.9659261 0 0.1951097 0.9807808 0.001038134 0.6087585 0.7933553 -7.82974e-4 0.5555548 0.83148 0 0.7933831 0.6087227 0 0.8314799 0.5555547 -5.23482e-4 0.9659239 0.2588253 7.82975e-4 0.9807873 0.1950804 0 0.7783576 0.1934795 -0.5972647 0.110439 0.9800426 -0.1652865 0.1104398 0.9800423 -0.165287 0.3127942 0.8264437 -0.4681354 0.3127992 0.82644 -0.4681385 0.4646787 0.5481176 -0.6954429 0.4646665 0.5481348 -0.6954376 0.03878152 0.9800436 -0.1949631 0.03878259 0.9800432 -0.1949645 0.1098464 0.8264366 -0.5522105 0.109842 0.8264412 -0.5522043 0.163174 0.5481349 -0.8203185 0.1631827 0.5481187 -0.8203275 0.1914916 0.1914703 -0.9626371 0.1914796 0.1915023 -0.9626331 0.5452827 0.1914754 -0.8160907 0.5667282 0.3651176 -0.7385854 0.4338356 0.1947097 -0.8797016 0.8797221 0.1946771 -0.4338085 0.7898334 0.3124775 -0.5277509 0.6954419 0.5481175 -0.4646803 0.6954272 0.5481363 -0.46468 0.4681189 0.826453 -0.3127941 0.468146 0.8264362 -0.3127982 0.1652884 0.9800422 -0.1104397 0.1652849 0.9800429 -0.1104392 0.1949721 0.9800418 -0.03877955 0.1949631 0.9800436 -0.0387817 0.5521865 0.8264535 -0.1098399 0.5521934 0.826449 -0.1098382 0.8203299 0.5481178 -0.1631739 0.8203362 0.5481091 -0.1631714 0.9626408 0.191466 -0.1914769 0.9626396 0.1914708 -0.1914784 0 0.9807814 -0.1951099 0 0.9807814 -0.1951099 0 0.8314682 -0.5555725 0 0.8314682 -0.5555725 0 0.5555812 -0.8314623 0 0.5555812 -0.8314623 0 0.1950805 -0.9807873 0 0.1950805 -0.9807873 0.03088599 0.9803135 -0.1950168 0.08765423 0.8282678 -0.553434 0.4454789 0.1927775 -0.8742914 0.1534987 0.1927685 -0.9691637 0.1534976 0.1927716 -0.9691634 0.1305611 0.5508255 -0.8243452 0.6481537 -0.06303369 -0.7588962 0.6938393 0.192785 -0.693845 0.4454751 0.1927878 -0.874291 0.7458782 0.1945171 -0.637047 0.8742921 0.1927798 -0.4454764 0.874298 0.192761 -0.4454728 0.9691643 0.1927659 -0.1534988 0.9691593 0.1927865 -0.1535046 0.130562 0.5508237 -0.8243464 0.3789128 0.550819 -0.7436555 0.3789178 0.5508106 -0.7436591 0.5901693 0.5508129 -0.5901741 0.5901829 0.5507939 -0.5901782 0.7436699 0.5507981 -0.3789151 0.7436542 0.550819 -0.3789154 0.8243511 0.550815 -0.1305685 0.8243532 0.550812 -0.1305677 0.08764928 0.8282747 -0.5534245 0.2543829 0.8282756 -0.4992484 0.2543789 0.8282791 -0.4992444 0.3962058 0.828278 -0.3962027 0.3962054 0.8282783 -0.3962025 0.4992434 0.8282793 -0.2543804 0.4992572 0.8282704 -0.2543824 0.5534255 0.8282732 -0.08765596 0.5534251 0.8282736 -0.08765608 0.03088933 0.9803119 -0.1950243 0.08964306 0.9803119 -0.1759337 0.08963996 0.9803129 -0.1759302 0.1396197 0.9803127 -0.1396186 0.1396172 0.9803133 -0.1396172 0.17593 0.9803128 -0.08964014 0.1759311 0.9803127 -0.08964043 0.1950206 0.9803126 -0.03088897 0.1950204 0.9803127 -0.03088897 0.1951135 0.9807807 0 0.2588155 0.9659022 -0.006894707 0.5555577 0.8314653 0.004615962 0.6087725 0.7933449 0 0.8314711 0.555568 0 0.7933366 0.6087442 0.006896853 0.9807425 0.1950907 -0.009149193 0.9659242 0.2588253 0 0.1886875 0.2541761 -0.9485735 0.1392827 0.7002143 -0.7002143 0.05141675 0.9646465 -0.2584829 0.05141574 0.9646469 -0.2584818 0.1464204 0.9646467 -0.2191299 0.146415 0.964648 -0.2191273 0.219126 0.964648 -0.1464178 0.2191287 0.9646472 -0.1464179 0.2584818 0.964647 -0.05141401 0.2584794 0.9646477 -0.05141484 0.6043576 0.7875915 -0.1202145 0.1392851 0.7002115 -0.7002167 0.3966395 0.7002106 -0.5936178 0.3966394 0.7002108 -0.5936178 0.5936132 0.7002133 -0.3966419 0.5936166 0.7002104 -0.3966418 0.690526 0.703033 -0.1700538 0.7836579 0.6013175 -0.1558766 0.1886826 0.2541857 -0.9485718 0.5373202 0.2541823 -0.8041632 0.5373195 0.2541837 -0.8041632 0.8041616 0.2541801 -0.5373235 0.8041624 0.2541785 -0.5373231 0.9485752 0.254175 -0.1886801 0.9485747 0.2541764 -0.1886807 0 0.9659242 -0.2588253 0 0.9659242 -0.2588253 0 0.7071068 -0.7071068 0 0.7071068 -0.7071068 0 0.2588253 -0.9659242 0 0.2588253 -0.9659242 0 0 -1 0 0 -1 0 0 -1 0 0 -1 0 0 -1 0 0 -1 0 0 -1 0 0 -1 0 0 -1 0 0 -1 0 0 -1 0 0 -1 0 0 -1 0 0 -1 0.9807858 0 -0.1950878 0.9807858 0 -0.1950878 0.8314701 0 -0.5555695 0.8314701 0 -0.5555695 0.5555666 0 -0.8314721 0.5555666 0 -0.8314721 0.1950902 0 -0.9807853 0.1950902 0 -0.9807853 1 0 0 1 0 0 0.1564327 7.8854e-4 -0.9876884 0.195086 0 -0.9807862 0.4539947 -4.75201e-4 -0.8910043 0.5555744 9.49407e-4 -0.8314663 0.6494452 0 -0.7604084 0.7604025 0 -0.6494521 0.83147 9.49539e-4 -0.5555688 0.8910055 -4.75018e-4 -0.4539923 0.9807847 6.32399e-4 -0.1950923 0.9876887 0 -0.1564327 0 0 -1 0 0 -1 0.1950902 0 -0.9807853 0.2588227 -9.85347e-4 -0.9659243 0.4423009 0 -0.8968667 0.6087558 0 -0.7933576 0.7071014 -0.001315593 -0.707111 0.7933484 0 -0.6087679 0.9659278 0 -0.2588115 0.896875 -0.003898799 -0.442267 0.9807858 0 -0.1950878 1 0 0 1 0 0 1 0 0 1 0 0 1 0 0 1 0 0 1 0 0 1 0 0 1 0 0 1 0 0 0.1951025 0 0.9807829 0.1951025 0 0.9807829 0.5555695 0 0.8314701 0.5555695 0 0.8314701 0.8314741 0 0.5555636 0.8314741 0 0.5555636 0.9807853 0 0.1950902 0.9807853 0 0.1950902 0 0 1 0 0 1 0.9951844 0 0.09802091 0.9807847 9.89117e-4 0.1950904 0.9569426 0 0.2902771 0.8819181 0 0.4714028 0.831467 9.89129e-4 0.5555732 0.7730111 0 0.6343925 0.6344028 0 0.7730026 0.5555743 9.89248e-4 0.8314663 0.4713948 0 0.8819223 0.2902563 0 0.9569489 0.1950767 9.89013e-4 0.9807875 0.09801906 0 0.9951846 1 0 0 1 0 0 0.9914446 0 0.1305283 0.9659245 -0.001315534 0.2588206 0.9238799 0 0.3826825 0.793353 0 0.6087618 0.707111 -0.001315474 0.7071014 0.1305258 0 0.9914449 0.2588137 -0.001315534 0.9659264 0.3826744 0 0.9238833 0.6087752 0 0.7933428 0 0 1 0 0 1 0 0 1 0 0 1 0 0 1 0 0 1 0 0 1 0 0 1 0 0 1 0 0 1 -0.9807853 0 0.1950902 -0.9807853 0 0.1950902 -0.8314661 0 0.5555753 -0.8314661 0 0.5555753 -0.5555695 0 0.8314701 -0.5555695 0 0.8314701 -0.1951013 0 0.9807832 -0.1951013 0 0.9807832 -1 0 0 -1 0 0 -0.1305165 0 0.9914461 -0.2588088 0.001754105 0.9659271 -0.3826736 0 0.9238836 -0.6087655 0 0.7933502 -0.7071039 0.001754045 0.7071075 -0.7933483 0 0.6087679 -0.9238821 0 0.3826771 -0.9659246 0.001754045 0.2588179 -0.9914442 0 0.1305305 0 -1 0 0 -1 0 0 -1 0 0 -1 0 0 -1 0 0 -1 0 0 -1 0 0 -1 0 0 -1 0 0 -1 0 0 -1 0 0 -1 0 0 -1 0 0 -1 0 0 -1 0 0 -1 0 0 -1 0 0 -1 0 0 -1 0 0 -1 0 0 -1 0 0 -1 0 0 -1 0 0 -1 0 0 -1 0 0 -1 0 0 -1 0 0 -1 0 0 -1 0 0 -1 0 0 -1 0 0 -1 0 0 -1 0 0 -1 0 0 -1 0 0 -1 0 0 -1 0 0 -1 0 0 -1 0 0 -1 0 0 -1 0 0 -1 0 0 -1 0 0 -1 0 0 -1 0 0 -1 0 0 -1 0 0 -1 0 0 -1 0 0 -1 0 0 -1 0 0 -1 0 0 -1 0 0 -1 0 0 -1 0 0 -1 0 0 -1 0 0 -1 0 0 -1 0 0 -1 0 0 -1 0 0 -1 0 0 -1 0 0 -1 0 0 -1 0 0 -1 0 0 -1 0 0 -1 0 0.130526 0.9914449 0 0.130526 0.9914449 0 0.3826839 0.9238793 0 0.3826839 0.9238793 0 0.6087616 0.7933533 0 0.6087616 0.7933533 0 0.7933533 0.6087616 0 0.7933533 0.6087616 0 0.9238793 0.3826839 0 0.9238793 0.3826839 0 0.9914449 0.130526 0 0.9914449 0.130526 0 1 0 0 1 0 0 1 0 0 0.9914449 -0.130526 0 0.9914449 -0.130526 0 0.9238793 -0.3826839 0 0.9238793 -0.3826839 0 0.7933533 -0.6087616 0 0.7933533 -0.6087616 0 0.6087616 -0.7933533 0 0.6087616 -0.7933533 0 0.3826839 -0.9238793 0 0.3826839 -0.9238793 0 0.130526 -0.9914449 0 0.130526 -0.9914449 0 -0.9914449 0.130526 0 -0.9914449 0.130526 0 -0.9238793 0.3826839 0 -0.9238793 0.3826839 0 -0.7933533 0.6087616 0 -0.7933533 0.6087616 0 -0.6087616 0.7933533 0 -0.6087616 0.7933533 0 -0.3826839 0.9238793 0 -0.3826839 0.9238793 0 -0.130526 0.9914449 0 -0.130526 0.9914449 0 -0.130526 -0.9914449 0 -0.130526 -0.9914449 0 -0.3826839 -0.9238793 0 -0.3826839 -0.9238793 0 -0.6087616 -0.7933533 0 -0.6087616 -0.7933533 0 -0.7933533 -0.6087616 0 -0.7933533 -0.6087616 0 -0.9238793 -0.3826839 0 -0.9238793 -0.3826839 0 -0.9914449 -0.130526 0 -0.9914449 -0.130526 0 -1 0 0 -1 0 0 -1 0 0 0 0 1 0 0 1 0 0 1 0 0 1 0 0 1 0 0 1 0 0 1 0 0 1 0 0 1 0 0 1 0 0 1 0 0 1 0 0 1 0 0 1 0 0 1 0 0 1 0 0 1 0 0 1 0 0 1 0 0 1 0 0 1 0 0 1 0 0 1 0 0 1 0 0 1 0 0 1 0 0 1 0 0 1 0 0 1 0 0 1 0 0 1 0 0 1 0 0 1 0 0 1 0 0 1 0 0 1 0 0 1 0 0 1 0 0 1 0 0 1 0 0 1 0 0 1 0 0 1 0 0 1 0 0 1 0 0 1 0 0 1 0 0 1 0 0 1 0 0 1 0 0 1 0 0 1 0 0 1 0 0 1 0 0 1 0 0 1 0 0 1 0 0 1 0 0 1 0 0 1 0 0 1 0 0 1 0 0 1 0 0 1 0 0 1 0 0 1 0 0 1 0 0 1 0 0 1 0 0 1 0 0 1 0 0 1 0 0 1 0 0 1 0 0 1 0 0 1 0 0 1 0 0 1 0 0 1 0 0 1 0 0 1 0 0 1 0 0 1 0 0 1 0 0 1 0 0 1 0 0 1 0 0 1 0 0 1 0 0 1 0 0 1 0 0 1 0 0 1 0 0 1 0 0 1 0 0 1 0 0 1 0 0 1 0 0 1 0 0 1 0 0 1 0 0 1 0 0 1 0 0 1 0 0 1 0 0 1 0 0 1 0 0 1 0 0 1 0 0 1 0 0 1 0 0 1 0 0 1 0 0 1 0 0 1 0 0 1 0 0 1 0 0 1 0 0 1 0 0 1 1 0 0 1 0 0 1 0 0 0.130526 -0.9914449 0 0.130526 -0.9914449 0 0.3826839 -0.9238793 0 0.3826839 -0.9238793 0 0.6087616 -0.7933533 0 0.6087616 -0.7933533 0 0.7933533 -0.6087616 0 0.7933533 -0.6087616 0 0.9238793 -0.3826839 0 0.9238793 -0.3826839 0 0.9914449 -0.130526 0 0.9914449 -0.130526 0 -0.9914449 -0.130526 0 -0.9914449 -0.130526 0 -0.9238793 -0.3826839 0 -0.9238793 -0.3826839 0 -0.7933533 -0.6087616 0 -0.7933533 -0.6087616 0 -0.6087616 -0.7933533 0 -0.6087616 -0.7933533 0 -0.3826839 -0.9238793 0 -0.3826839 -0.9238793 0 -0.130526 -0.9914449 0 -0.130526 -0.9914449 0 -1 0 0 -1 0 0 -1 0 0 -0.130526 0.9914449 0 -0.130526 0.9914449 0 -0.3826839 0.9238793 0 -0.3826839 0.9238793 0 -0.6087616 0.7933533 0 -0.6087616 0.7933533 0 -0.7933533 0.6087616 0 -0.7933533 0.6087616 0 -0.9238793 0.3826839 0 -0.9238793 0.3826839 0 -0.9914449 0.130526 0 -0.9914449 0.130526 0 0 0 1 0 0 1 0 0 1 0 0 1 0 0 1 0 0 1 0 0 1 0 0 1 0 0 1 0 0 1 0 0 1 0 0 1 0 0 1 0 0 1 0 0 1 0 0 1 0 0 1 0 0 1 0 0 1 0 0 1 0 0 1 0 0 1 0 0 1 0 0 1 0 0 1 0 0 1 0 0 1 0 0 1 0 0 1 0 0 1 0 0 1 0 0 1 0 0 1 0 0 1 0 0 1 0 0 1 0 0 1 0 0 1 0 0 1 0 0 1 0 0 1 0 0 1 0 0 1 0 0 1 0 0 1 0 0 1 0 0 1 0 0 1 0 0 1 0 0 1 0 0 1 0 0 1 0 0 1 0 0 1 0 0 1 0 0 1 0 0 1 0 0 1 0 0 1 0 0 1 0 0 1 0 0 1 0 0 1 0 0 1 0 0 1 0 0 1 0 0 1 0 0 1 0 0 1 0 0 1 0 0 1 0 0 1 0 0 1 0 0 1 0 0 1 0 0 1 0 0 1 0 0 1 0 0 1 0 0 1 0 0 1 0 0 1 0 0 1 0 0 1 0 0 1 0 0 1 0 0 1 0 0 1 0 0 1 0 0 1 0 0 1 0 0 1 0 0 1 0 0 1 0 0 1 0 0 1 0 0 1 0 0 1 0 0 1 0 0 1 0 0 1 0 0 1 0 0 1 0 0 1 0 0 1 0 0 1 0 0 1 0 0 1 0 0 1 0 0 1 0 0 1 0 0 1 0 0 1 0 0 1 0 0 1 0 0 1 0 0 1 0 0 1 0 0 1 0 0 1 0.9914449 0.130526 0 0.9914449 0.130526 0 0.9238793 0.3826839 0 0.9238793 0.3826839 0 0.7933533 0.6087616 0 0.7933533 0.6087616 0 0.6087616 0.7933533 0 0.6087616 0.7933533 0 0.3826839 0.9238793 0 0.3826839 0.9238793 0 0.130526 0.9914449 0 0.130526 0.9914449 0 0 0 -1 0 0 -1 -1 0 0 -1 0 0 0 0 1 0 0 1 1 0 0 1 0 0</float_array>
          <technique_common>
            <accessor source="#link_1-mesh-normals-array" count="12776" stride="3">
              <param name="X" type="float" />
              <param name="Y" type="float" />
              <param name="Z" type="float" />
            </accessor>
          </technique_common>
        </source>
        <vertices id="link_1-mesh-vertices">
          <input semantic="POSITION" source="#link_1-mesh-positions" />
        </vertices>
        <triangles count="12776">
          <input semantic="VERTEX" source="#link_1-mesh-vertices" offset="0" />
          <input semantic="NORMAL" source="#link_1-mesh-normals" offset="1" />
          <p>0 0 1 0 2 0 0 1 2 1 3 1 3 2 2 2 4 2 3 3 4 3 5 3 5 4 4 4 6 4 5 5 6 5 7 5 7 6 6 6 8 6 7 7 8 7 9 7 10 8 9 8 11 8 11 9 9 9 8 9 10 10 11 10 12 10 10 11 12 11 13 11 13 12 12 12 14 12 13 13 14 13 15 13 15 14 14 14 16 14 15 15 16 15 17 15 18 16 17 16 19 16 19 17 17 17 16 17 18 18 19 18 20 18 18 19 20 19 21 19 21 20 20 20 22 20 21 21 22 21 23 21 23 22 22 22 24 22 23 23 24 23 25 23 25 24 24 24 26 24 25 25 26 25 27 25 28 26 27 26 29 26 29 27 27 27 26 27 28 28 29 28 30 28 28 29 30 29 31 29 31 30 30 30 32 30 31 31 32 31 33 31 33 32 32 32 34 32 33 33 34 33 35 33 35 34 34 34 36 34 35 35 36 35 37 35 0 36 37 36 1 36 1 37 37 37 36 37 17 38 18 38 37 38 27 39 28 39 37 39 23 40 25 40 27 40 31 41 33 41 28 41 28 42 33 42 35 42 28 43 35 43 37 43 37 44 18 44 27 44 27 45 18 45 21 45 27 46 21 46 23 46 5 47 7 47 3 47 3 48 7 48 9 48 3 49 9 49 0 49 13 50 15 50 10 50 10 51 15 51 17 51 10 52 17 52 9 52 9 53 17 53 37 53 9 54 37 54 0 54 11 55 8 55 29 55 8 56 6 56 4 56 32 57 30 57 34 57 34 58 30 58 29 58 4 59 2 59 8 59 8 60 2 60 1 60 8 61 1 61 29 61 29 62 1 62 36 62 29 63 36 63 34 63 26 64 24 64 19 64 19 65 24 65 22 65 19 66 22 66 20 66 14 67 12 67 16 67 16 68 12 68 11 68 16 69 11 69 19 69 19 70 11 70 29 70 19 71 29 71 26 71 38 72 39 72 40 72 40 73 39 73 41 73 40 74 41 74 42 74 42 75 41 75 43 75 42 76 43 76 44 76 44 77 43 77 45 77 44 78 45 78 46 78 46 79 45 79 47 79 46 80 47 80 48 80 48 81 47 81 49 81 48 82 49 82 50 82 50 83 49 83 51 83 50 84 51 84 52 84 52 85 51 85 53 85 52 86 53 86 54 86 54 87 53 87 55 87 54 88 55 88 56 88 56 89 55 89 57 89 56 90 57 90 58 90 58 91 57 91 59 91 58 92 59 92 60 92 60 93 59 93 61 93 60 94 61 94 62 94 62 95 61 95 63 95 62 96 63 96 64 96 64 97 63 97 65 97 64 98 65 98 66 98 66 99 65 99 67 99 66 100 67 100 68 100 68 101 67 101 69 101 68 102 69 102 70 102 70 103 69 103 71 103 70 104 71 104 72 104 72 105 71 105 73 105 72 106 73 106 74 106 74 107 73 107 75 107 74 108 75 108 76 108 76 109 75 109 77 109 76 110 77 110 78 110 78 111 77 111 79 111 78 112 79 112 80 112 80 113 79 113 81 113 80 114 81 114 82 114 82 115 81 115 83 115 82 116 83 116 84 116 84 117 83 117 85 117 84 118 85 118 86 118 86 119 85 119 87 119 86 120 87 120 88 120 88 121 87 121 89 121 88 122 89 122 90 122 90 123 89 123 91 123 90 124 91 124 92 124 92 125 91 125 93 125 92 126 93 126 94 126 94 127 93 127 95 127 94 128 95 128 38 128 38 129 95 129 39 129 95 130 93 130 96 130 95 131 96 131 39 131 45 132 43 132 96 132 96 133 43 133 41 133 96 134 41 134 39 134 51 135 49 135 96 135 96 136 49 136 47 136 96 137 47 137 45 137 57 138 55 138 96 138 96 139 55 139 53 139 96 140 53 140 51 140 63 141 61 141 96 141 96 142 61 142 59 142 96 143 59 143 57 143 69 144 67 144 96 144 96 145 67 145 65 145 96 146 65 146 63 146 75 147 73 147 96 147 96 148 73 148 71 148 96 149 71 149 69 149 81 150 79 150 96 150 96 151 79 151 77 151 96 152 77 152 75 152 87 153 85 153 96 153 96 154 85 154 83 154 96 155 83 155 81 155 93 156 91 156 96 156 96 157 91 157 89 157 96 158 89 158 87 158 38 159 40 159 97 159 38 160 97 160 94 160 88 161 90 161 97 161 97 162 90 162 92 162 97 163 92 163 94 163 82 164 84 164 97 164 97 165 84 165 86 165 97 166 86 166 88 166 76 167 78 167 97 167 97 168 78 168 80 168 97 169 80 169 82 169 70 170 72 170 97 170 97 171 72 171 74 171 97 172 74 172 76 172 64 173 66 173 97 173 97 174 66 174 68 174 97 175 68 175 70 175 58 176 60 176 97 176 97 177 60 177 62 177 97 178 62 178 64 178 52 179 54 179 97 179 97 180 54 180 56 180 97 181 56 181 58 181 46 182 48 182 97 182 97 183 48 183 50 183 97 184 50 184 52 184 40 185 42 185 97 185 97 186 42 186 44 186 97 187 44 187 46 187 98 188 99 188 100 188 100 189 99 189 101 189 100 190 101 190 102 190 102 191 101 191 103 191 102 192 103 192 104 192 104 193 103 193 105 193 104 194 105 194 106 194 106 195 105 195 107 195 106 196 107 196 108 196 108 197 107 197 109 197 108 198 109 198 110 198 110 199 109 199 111 199 110 200 111 200 112 200 112 201 111 201 113 201 112 202 113 202 114 202 114 203 113 203 115 203 114 204 115 204 116 204 116 205 115 205 117 205 116 206 117 206 118 206 118 207 117 207 119 207 118 208 119 208 120 208 120 209 119 209 121 209 120 210 121 210 122 210 122 211 121 211 123 211 122 212 123 212 124 212 124 213 123 213 125 213 124 214 125 214 126 214 126 215 125 215 127 215 126 216 127 216 128 216 128 217 127 217 129 217 128 218 129 218 130 218 130 219 129 219 131 219 130 220 131 220 132 220 132 221 131 221 133 221 132 222 133 222 134 222 134 223 133 223 135 223 134 224 135 224 136 224 136 225 135 225 137 225 136 226 137 226 138 226 138 227 137 227 139 227 138 228 139 228 140 228 140 229 139 229 141 229 140 230 141 230 142 230 142 231 141 231 143 231 142 232 143 232 144 232 144 233 143 233 145 233 144 234 145 234 146 234 146 235 145 235 147 235 146 236 147 236 148 236 148 237 147 237 149 237 148 238 149 238 150 238 150 239 149 239 151 239 150 240 151 240 152 240 152 241 151 241 153 241 152 242 153 242 154 242 154 243 153 243 155 243 154 244 155 244 98 244 98 245 155 245 99 245 155 246 153 246 156 246 155 247 156 247 99 247 105 248 103 248 156 248 156 249 103 249 101 249 156 250 101 250 99 250 111 251 109 251 156 251 156 252 109 252 107 252 156 253 107 253 105 253 117 254 115 254 156 254 156 255 115 255 113 255 156 256 113 256 111 256 123 257 121 257 156 257 156 258 121 258 119 258 156 259 119 259 117 259 129 260 127 260 156 260 156 261 127 261 125 261 156 262 125 262 123 262 135 263 133 263 156 263 156 264 133 264 131 264 156 265 131 265 129 265 141 266 139 266 156 266 156 267 139 267 137 267 156 268 137 268 135 268 147 269 145 269 156 269 156 270 145 270 143 270 156 271 143 271 141 271 153 272 151 272 156 272 156 273 151 273 149 273 156 274 149 274 147 274 98 275 100 275 157 275 98 276 157 276 154 276 148 277 150 277 157 277 157 278 150 278 152 278 157 279 152 279 154 279 142 280 144 280 157 280 157 281 144 281 146 281 157 282 146 282 148 282 136 283 138 283 157 283 157 284 138 284 140 284 157 285 140 285 142 285 130 286 132 286 157 286 157 287 132 287 134 287 157 288 134 288 136 288 124 289 126 289 157 289 157 290 126 290 128 290 157 291 128 291 130 291 118 292 120 292 157 292 157 293 120 293 122 293 157 294 122 294 124 294 112 295 114 295 157 295 157 296 114 296 116 296 157 297 116 297 118 297 106 298 108 298 157 298 157 299 108 299 110 299 157 300 110 300 112 300 100 301 102 301 157 301 157 302 102 302 104 302 157 303 104 303 106 303 158 304 159 304 160 304 158 305 160 305 161 305 161 306 160 306 162 306 161 307 162 307 163 307 163 308 162 308 164 308 163 309 164 309 165 309 165 310 164 310 166 310 165 311 166 311 167 311 168 312 167 312 169 312 169 313 167 313 166 313 168 314 169 314 170 314 168 315 170 315 171 315 171 316 170 316 172 316 171 317 172 317 173 317 173 318 172 318 174 318 173 319 174 319 175 319 175 320 174 320 176 320 175 321 176 321 177 321 178 322 177 322 179 322 179 323 177 323 176 323 178 324 179 324 180 324 178 325 180 325 181 325 181 326 180 326 182 326 181 327 182 327 183 327 183 328 182 328 184 328 183 329 184 329 185 329 185 330 184 330 186 330 185 331 186 331 187 331 188 332 187 332 189 332 189 333 187 333 186 333 188 334 189 334 190 334 188 335 190 335 191 335 191 336 190 336 192 336 191 337 192 337 193 337 193 338 192 338 194 338 193 339 194 339 195 339 158 340 195 340 159 340 159 341 195 341 194 341 173 342 175 342 177 342 158 343 177 343 195 343 195 344 177 344 178 344 158 345 161 345 163 345 171 346 173 346 168 346 168 347 173 347 177 347 168 348 177 348 167 348 167 349 177 349 158 349 167 350 158 350 165 350 165 351 158 351 163 351 183 352 185 352 181 352 181 353 185 353 187 353 191 354 193 354 188 354 188 355 193 355 195 355 188 356 195 356 187 356 187 357 195 357 178 357 187 358 178 358 181 358 189 359 186 359 169 359 172 360 170 360 169 360 186 361 184 361 182 361 172 362 169 362 174 362 182 363 180 363 186 363 186 364 180 364 179 364 186 365 179 365 169 365 169 366 179 366 176 366 169 367 176 367 174 367 162 368 160 368 164 368 164 369 160 369 159 369 164 370 159 370 166 370 192 371 190 371 194 371 194 372 190 372 189 372 194 373 189 373 159 373 159 374 189 374 169 374 159 375 169 375 166 375 196 376 197 376 198 376 198 377 197 377 199 377 198 378 199 378 200 378 200 379 199 379 201 379 200 380 201 380 202 380 202 381 201 381 203 381 202 382 203 382 204 382 204 383 203 383 205 383 204 384 205 384 206 384 206 385 205 385 207 385 206 386 207 386 208 386 208 387 207 387 209 387 208 388 209 388 210 388 210 389 209 389 211 389 210 390 211 390 212 390 212 391 211 391 213 391 212 392 213 392 214 392 214 393 213 393 215 393 214 394 215 394 216 394 216 395 215 395 217 395 216 396 217 396 218 396 218 397 217 397 219 397 218 398 219 398 220 398 220 399 219 399 221 399 220 400 221 400 222 400 222 401 221 401 223 401 222 402 223 402 224 402 224 403 223 403 225 403 224 404 225 404 226 404 226 405 225 405 227 405 226 406 227 406 228 406 228 407 227 407 229 407 228 408 229 408 230 408 230 409 229 409 231 409 230 410 231 410 232 410 232 411 231 411 233 411 232 412 233 412 234 412 234 413 233 413 235 413 234 414 235 414 236 414 236 415 235 415 237 415 236 416 237 416 238 416 238 417 237 417 239 417 238 418 239 418 240 418 240 419 239 419 241 419 240 420 241 420 242 420 242 421 241 421 243 421 242 422 243 422 244 422 244 423 243 423 245 423 244 424 245 424 246 424 246 425 245 425 247 425 246 426 247 426 248 426 248 427 247 427 249 427 248 428 249 428 250 428 250 429 249 429 251 429 250 430 251 430 252 430 252 431 251 431 253 431 252 432 253 432 196 432 196 433 253 433 197 433 253 434 251 434 254 434 253 435 254 435 197 435 203 436 201 436 254 436 254 437 201 437 199 437 254 438 199 438 197 438 209 439 207 439 254 439 254 440 207 440 205 440 254 441 205 441 203 441 215 442 213 442 254 442 254 443 213 443 211 443 254 444 211 444 209 444 221 445 219 445 254 445 254 446 219 446 217 446 254 447 217 447 215 447 227 448 225 448 254 448 254 449 225 449 223 449 254 450 223 450 221 450 233 451 231 451 254 451 254 452 231 452 229 452 254 453 229 453 227 453 239 454 237 454 254 454 254 455 237 455 235 455 254 456 235 456 233 456 245 457 243 457 254 457 254 458 243 458 241 458 254 459 241 459 239 459 251 460 249 460 254 460 254 461 249 461 247 461 254 462 247 462 245 462 196 463 198 463 255 463 196 464 255 464 252 464 246 465 248 465 255 465 255 466 248 466 250 466 255 467 250 467 252 467 240 468 242 468 255 468 255 469 242 469 244 469 255 470 244 470 246 470 234 471 236 471 255 471 255 472 236 472 238 472 255 473 238 473 240 473 228 474 230 474 255 474 255 475 230 475 232 475 255 476 232 476 234 476 222 477 224 477 255 477 255 478 224 478 226 478 255 479 226 479 228 479 216 480 218 480 255 480 255 481 218 481 220 481 255 482 220 482 222 482 210 483 212 483 255 483 255 484 212 484 214 484 255 485 214 485 216 485 204 486 206 486 255 486 255 487 206 487 208 487 255 488 208 488 210 488 198 489 200 489 255 489 255 490 200 490 202 490 255 491 202 491 204 491 256 492 257 492 258 492 258 493 257 493 259 493 258 494 259 494 260 494 260 495 259 495 261 495 260 496 261 496 262 496 262 497 261 497 263 497 262 498 263 498 264 498 264 499 263 499 265 499 264 500 265 500 266 500 266 501 265 501 267 501 266 502 267 502 268 502 268 503 267 503 269 503 268 504 269 504 270 504 270 505 269 505 271 505 270 506 271 506 272 506 272 507 271 507 273 507 272 508 273 508 274 508 274 509 273 509 275 509 274 510 275 510 276 510 276 511 275 511 277 511 276 512 277 512 278 512 278 513 277 513 279 513 278 514 279 514 280 514 280 515 279 515 281 515 280 516 281 516 282 516 282 517 281 517 283 517 282 518 283 518 284 518 284 519 283 519 285 519 284 520 285 520 286 520 286 521 285 521 287 521 286 522 287 522 288 522 288 523 287 523 289 523 288 524 289 524 290 524 290 525 289 525 291 525 290 526 291 526 292 526 292 527 291 527 293 527 292 528 293 528 294 528 294 529 293 529 295 529 294 530 295 530 296 530 296 531 295 531 297 531 296 532 297 532 298 532 298 533 297 533 299 533 298 534 299 534 300 534 300 535 299 535 301 535 300 536 301 536 302 536 302 537 301 537 303 537 302 538 303 538 304 538 304 539 303 539 305 539 304 540 305 540 306 540 306 541 305 541 307 541 306 542 307 542 308 542 308 543 307 543 309 543 308 544 309 544 310 544 310 545 309 545 311 545 310 546 311 546 312 546 312 547 311 547 313 547 312 548 313 548 256 548 256 549 313 549 257 549 313 550 311 550 314 550 313 551 314 551 257 551 263 552 261 552 314 552 314 553 261 553 259 553 314 554 259 554 257 554 269 555 267 555 314 555 314 556 267 556 265 556 314 557 265 557 263 557 275 558 273 558 314 558 314 559 273 559 271 559 314 560 271 560 269 560 281 561 279 561 314 561 314 562 279 562 277 562 314 563 277 563 275 563 287 564 285 564 314 564 314 565 285 565 283 565 314 566 283 566 281 566 293 567 291 567 314 567 314 568 291 568 289 568 314 569 289 569 287 569 299 570 297 570 314 570 314 571 297 571 295 571 314 572 295 572 293 572 305 573 303 573 314 573 314 574 303 574 301 574 314 575 301 575 299 575 311 576 309 576 314 576 314 577 309 577 307 577 314 578 307 578 305 578 256 579 258 579 315 579 256 580 315 580 312 580 306 581 308 581 315 581 315 582 308 582 310 582 315 583 310 583 312 583 300 584 302 584 315 584 315 585 302 585 304 585 315 586 304 586 306 586 294 587 296 587 315 587 315 588 296 588 298 588 315 589 298 589 300 589 288 590 290 590 315 590 315 591 290 591 292 591 315 592 292 592 294 592 282 593 284 593 315 593 315 594 284 594 286 594 315 595 286 595 288 595 276 596 278 596 315 596 315 597 278 597 280 597 315 598 280 598 282 598 270 599 272 599 315 599 315 600 272 600 274 600 315 601 274 601 276 601 264 602 266 602 315 602 315 603 266 603 268 603 315 604 268 604 270 604 258 605 260 605 315 605 315 606 260 606 262 606 315 607 262 607 264 607 316 608 317 608 318 608 318 609 317 609 319 609 318 610 319 610 320 610 320 611 319 611 321 611 320 612 321 612 322 612 322 613 321 613 323 613 322 614 323 614 324 614 324 615 323 615 325 615 324 616 325 616 326 616 326 617 325 617 327 617 326 618 327 618 328 618 328 619 327 619 329 619 328 620 329 620 330 620 330 621 329 621 331 621 330 622 331 622 332 622 332 623 331 623 333 623 332 624 333 624 334 624 334 625 333 625 335 625 334 626 335 626 336 626 336 627 335 627 337 627 336 628 337 628 338 628 338 629 337 629 339 629 338 630 339 630 340 630 340 631 339 631 341 631 340 632 341 632 342 632 342 633 341 633 343 633 342 634 343 634 344 634 344 635 343 635 345 635 344 636 345 636 346 636 346 637 345 637 347 637 346 638 347 638 348 638 348 639 347 639 349 639 348 640 349 640 350 640 350 641 349 641 351 641 350 642 351 642 316 642 316 643 351 643 317 643 352 644 348 644 353 644 353 645 348 645 350 645 353 646 350 646 354 646 354 647 350 647 316 647 354 648 316 648 355 648 316 649 318 649 355 649 355 650 318 650 320 650 355 651 320 651 356 651 356 652 320 652 322 652 356 653 322 653 357 653 357 654 322 654 324 654 357 655 324 655 358 655 358 656 324 656 326 656 358 657 326 657 359 657 360 658 338 658 361 658 361 659 338 659 340 659 361 660 340 660 362 660 362 661 340 661 342 661 362 662 342 662 363 662 363 663 342 663 344 663 363 664 344 664 352 664 352 665 344 665 346 665 352 666 346 666 348 666 326 667 328 667 359 667 359 668 328 668 330 668 359 669 330 669 364 669 364 670 330 670 332 670 364 671 332 671 365 671 365 672 332 672 334 672 365 673 334 673 360 673 360 674 334 674 336 674 360 675 336 675 338 675 366 676 355 676 367 676 367 677 355 677 356 677 367 678 356 678 368 678 368 679 356 679 357 679 368 680 357 680 369 680 369 681 357 681 358 681 369 682 358 682 370 682 370 683 358 683 359 683 370 684 359 684 371 684 371 685 359 685 364 685 371 686 364 686 372 686 372 687 364 687 365 687 372 688 365 688 373 688 373 689 365 689 360 689 373 690 360 690 374 690 374 691 360 691 361 691 374 692 361 692 375 692 375 693 361 693 362 693 375 694 362 694 376 694 376 695 362 695 363 695 376 696 363 696 377 696 377 697 363 697 352 697 377 698 352 698 378 698 378 699 352 699 353 699 378 700 353 700 379 700 379 701 353 701 354 701 379 702 354 702 366 702 366 703 354 703 355 703 380 704 377 704 381 704 381 705 377 705 378 705 381 706 378 706 382 706 382 707 378 707 379 707 382 708 379 708 383 708 383 709 379 709 366 709 383 710 366 710 384 710 384 711 366 711 367 711 384 712 367 712 385 712 367 713 368 713 385 713 385 714 368 714 369 714 385 715 369 715 386 715 386 716 369 716 370 716 386 717 370 717 387 717 387 718 370 718 371 718 387 719 371 719 388 719 388 720 371 720 372 720 388 721 372 721 389 721 389 722 372 722 373 722 389 723 373 723 390 723 390 724 373 724 374 724 390 725 374 725 391 725 391 726 374 726 375 726 391 727 375 727 380 727 380 728 375 728 376 728 380 729 376 729 377 729 392 730 383 730 393 730 393 731 383 731 384 731 393 732 384 732 394 732 394 733 384 733 385 733 394 734 385 734 395 734 395 735 385 735 386 735 395 736 386 736 396 736 396 737 386 737 387 737 396 738 387 738 397 738 397 739 387 739 388 739 397 740 388 740 398 740 398 741 388 741 389 741 398 742 389 742 399 742 399 743 389 743 390 743 399 744 390 744 400 744 400 745 390 745 391 745 400 746 391 746 401 746 401 747 391 747 380 747 401 748 380 748 402 748 402 749 380 749 381 749 402 750 381 750 403 750 403 751 381 751 382 751 403 752 382 752 392 752 392 753 382 753 383 753 402 754 403 754 404 754 404 755 403 755 392 755 404 756 392 756 393 756 399 757 400 757 404 757 404 758 400 758 401 758 404 759 401 759 402 759 396 760 397 760 404 760 404 761 397 761 398 761 404 762 398 762 399 762 393 763 394 763 404 763 404 764 394 764 395 764 404 765 395 765 396 765 405 766 406 766 407 766 408 767 409 767 337 767 319 768 410 768 321 768 321 769 410 769 411 769 321 770 411 770 323 770 349 771 412 771 351 771 351 772 412 772 413 772 351 773 413 773 317 773 317 774 413 774 414 774 317 775 414 775 319 775 319 776 414 776 415 776 319 777 415 777 410 777 337 778 409 778 339 778 339 779 409 779 416 779 339 780 416 780 406 780 341 781 417 781 343 781 343 782 417 782 418 782 343 783 418 783 345 783 345 784 418 784 419 784 345 785 419 785 347 785 347 786 419 786 420 786 347 787 420 787 349 787 349 788 420 788 421 788 349 789 421 789 412 789 422 790 423 790 405 790 405 791 423 791 424 791 411 792 425 792 323 792 323 793 425 793 426 793 323 794 426 794 325 794 325 795 426 795 427 795 325 796 427 796 327 796 327 797 427 797 428 797 327 798 428 798 329 798 329 799 428 799 429 799 329 800 429 800 331 800 331 801 429 801 430 801 331 802 430 802 333 802 333 803 430 803 431 803 333 804 431 804 335 804 422 805 405 805 432 805 432 806 405 806 433 806 432 807 433 807 434 807 434 808 433 808 435 808 434 809 435 809 407 809 407 810 435 810 436 810 407 811 436 811 405 811 406 812 405 812 339 812 339 813 405 813 424 813 339 814 424 814 341 814 341 815 424 815 437 815 341 816 437 816 417 816 431 817 438 817 335 817 335 818 438 818 439 818 335 819 439 819 337 819 337 820 439 820 440 820 337 821 440 821 408 821 434 822 407 822 441 822 441 823 407 823 442 823 432 824 434 824 443 824 443 825 434 825 441 825 432 826 443 826 422 826 422 827 443 827 444 827 422 828 444 828 423 828 423 829 444 829 445 829 423 830 445 830 424 830 424 831 445 831 446 831 424 832 446 832 437 832 437 833 446 833 447 833 437 834 447 834 417 834 417 835 447 835 448 835 417 836 448 836 418 836 418 837 448 837 449 837 418 838 449 838 419 838 419 839 449 839 450 839 419 840 450 840 451 840 419 841 451 841 420 841 420 842 451 842 452 842 420 843 452 843 421 843 421 844 452 844 453 844 421 845 453 845 412 845 412 846 453 846 454 846 412 847 454 847 413 847 413 848 454 848 455 848 413 849 455 849 414 849 414 850 455 850 456 850 414 851 456 851 415 851 415 852 456 852 457 852 415 853 457 853 410 853 410 854 457 854 458 854 410 855 458 855 411 855 411 856 458 856 459 856 411 857 459 857 425 857 425 858 459 858 460 858 425 859 460 859 426 859 426 860 460 860 461 860 426 861 461 861 427 861 427 862 461 862 462 862 427 863 462 863 428 863 428 864 462 864 463 864 428 865 463 865 429 865 429 866 463 866 464 866 429 867 464 867 430 867 430 868 464 868 465 868 430 869 465 869 431 869 431 870 465 870 466 870 431 871 466 871 438 871 438 872 466 872 467 872 438 873 467 873 439 873 439 874 467 874 468 874 439 875 468 875 440 875 440 876 468 876 469 876 440 877 469 877 408 877 408 878 469 878 470 878 408 879 470 879 409 879 409 880 470 880 471 880 409 881 471 881 416 881 416 882 471 882 472 882 416 883 472 883 406 883 407 884 406 884 442 884 442 885 406 885 472 885 463 886 462 886 473 886 474 887 459 887 475 887 475 888 459 888 458 888 475 889 458 889 476 889 476 890 458 890 457 890 476 891 457 891 477 891 477 892 457 892 456 892 477 893 456 893 478 893 478 894 456 894 455 894 478 895 455 895 479 895 473 896 462 896 480 896 480 897 462 897 461 897 480 898 461 898 474 898 474 899 461 899 460 899 474 900 460 900 459 900 470 901 469 901 481 901 481 902 469 902 482 902 473 903 483 903 463 903 463 904 483 904 484 904 463 905 484 905 464 905 464 906 484 906 485 906 464 907 485 907 465 907 465 908 485 908 486 908 465 909 486 909 466 909 466 910 486 910 487 910 466 911 487 911 467 911 467 912 487 912 482 912 467 913 482 913 468 913 468 914 482 914 469 914 488 915 442 915 489 915 489 916 442 916 472 916 489 917 472 917 481 917 481 918 472 918 471 918 481 919 471 919 470 919 446 920 445 920 488 920 488 921 445 921 444 921 488 922 444 922 442 922 442 923 444 923 443 923 442 924 443 924 441 924 455 925 454 925 479 925 479 926 454 926 453 926 479 927 453 927 490 927 490 928 453 928 452 928 490 929 452 929 491 929 491 930 452 930 451 930 491 931 451 931 492 931 492 932 451 932 450 932 492 933 450 933 493 933 493 934 450 934 449 934 493 935 449 935 494 935 494 936 449 936 448 936 494 937 448 937 488 937 488 938 448 938 447 938 488 939 447 939 446 939 495 940 496 940 497 940 497 941 496 941 498 941 497 942 498 942 499 942 500 943 501 943 497 943 497 944 501 944 502 944 497 945 502 945 495 945 503 946 504 946 497 946 497 947 504 947 505 947 497 948 505 948 500 948 506 949 507 949 497 949 497 950 507 950 508 950 497 951 508 951 503 951 509 952 510 952 497 952 497 953 510 953 511 953 497 954 511 954 506 954 512 955 513 955 497 955 497 956 513 956 514 956 497 957 514 957 509 957 499 958 515 958 497 958 497 959 515 959 516 959 497 960 516 960 512 960 486 961 485 961 507 961 507 962 485 962 484 962 507 963 484 963 508 963 508 964 484 964 483 964 508 965 483 965 503 965 503 966 483 966 473 966 503 967 473 967 504 967 504 968 473 968 480 968 504 969 480 969 505 969 505 970 480 970 474 970 505 971 474 971 500 971 500 972 474 972 475 972 500 973 475 973 501 973 501 974 475 974 476 974 501 975 476 975 502 975 502 976 476 976 477 976 502 977 477 977 495 977 495 978 477 978 478 978 495 979 478 979 496 979 496 980 478 980 479 980 496 981 479 981 498 981 498 982 479 982 490 982 498 983 490 983 499 983 499 984 490 984 491 984 499 985 491 985 515 985 515 986 491 986 492 986 515 987 492 987 516 987 516 988 492 988 493 988 516 989 493 989 512 989 512 990 493 990 494 990 512 991 494 991 513 991 513 992 494 992 488 992 513 993 488 993 514 993 514 994 488 994 489 994 514 995 489 995 509 995 509 996 489 996 481 996 509 997 481 997 510 997 510 998 481 998 482 998 510 999 482 999 511 999 511 1000 482 1000 487 1000 511 1001 487 1001 506 1001 506 1002 487 1002 486 1002 506 1003 486 1003 507 1003 517 1004 518 1004 519 1004 519 1005 518 1005 520 1005 519 1006 520 1006 405 1006 405 1007 520 1007 521 1007 405 1008 521 1008 522 1008 523 1009 524 1009 433 1009 433 1010 524 1010 525 1010 433 1011 525 1011 526 1011 526 1012 525 1012 527 1012 526 1013 527 1013 528 1013 528 1014 529 1014 526 1014 526 1015 529 1015 530 1015 526 1016 530 1016 519 1016 519 1017 530 1017 531 1017 519 1018 531 1018 517 1018 522 1019 532 1019 405 1019 405 1020 532 1020 533 1020 405 1021 533 1021 433 1021 433 1022 533 1022 534 1022 433 1023 534 1023 523 1023 535 1024 536 1024 537 1024 537 1025 536 1025 538 1025 537 1026 538 1026 539 1026 539 1027 538 1027 540 1027 539 1028 540 1028 541 1028 541 1029 540 1029 542 1029 541 1030 542 1030 543 1030 543 1031 542 1031 544 1031 543 1032 544 1032 545 1032 545 1033 544 1033 546 1033 545 1034 546 1034 547 1034 547 1035 546 1035 548 1035 547 1036 548 1036 549 1036 549 1037 548 1037 550 1037 549 1038 550 1038 551 1038 551 1039 550 1039 552 1039 551 1040 552 1040 553 1040 553 1041 552 1041 554 1041 553 1042 554 1042 555 1042 555 1043 554 1043 556 1043 555 1044 556 1044 557 1044 557 1045 556 1045 558 1045 557 1046 558 1046 559 1046 559 1047 558 1047 560 1047 559 1048 560 1048 561 1048 561 1049 560 1049 562 1049 561 1050 562 1050 563 1050 563 1051 562 1051 564 1051 563 1052 564 1052 565 1052 565 1053 564 1053 566 1053 565 1054 566 1054 567 1054 567 1055 566 1055 568 1055 567 1056 568 1056 569 1056 569 1057 568 1057 570 1057 569 1058 570 1058 535 1058 535 1059 570 1059 536 1059 567 1060 569 1060 571 1060 571 1061 569 1061 572 1061 571 1062 572 1062 537 1062 561 1063 563 1063 571 1063 571 1064 563 1064 565 1064 571 1065 565 1065 567 1065 555 1066 557 1066 571 1066 571 1067 557 1067 559 1067 571 1068 559 1068 561 1068 549 1069 551 1069 571 1069 571 1070 551 1070 553 1070 571 1071 553 1071 555 1071 543 1072 545 1072 571 1072 571 1073 545 1073 547 1073 571 1074 547 1074 549 1074 537 1075 539 1075 571 1075 571 1076 539 1076 541 1076 571 1077 541 1077 543 1077 573 1078 574 1078 575 1078 575 1079 574 1079 576 1079 575 1080 576 1080 577 1080 577 1081 576 1081 578 1081 577 1082 578 1082 579 1082 579 1083 578 1083 580 1083 579 1084 580 1084 581 1084 581 1085 580 1085 582 1085 581 1086 582 1086 583 1086 583 1087 582 1087 584 1087 583 1088 584 1088 585 1088 585 1089 584 1089 586 1089 585 1090 586 1090 587 1090 587 1091 586 1091 588 1091 587 1092 588 1092 589 1092 589 1093 588 1093 590 1093 589 1094 590 1094 591 1094 591 1095 590 1095 592 1095 591 1096 592 1096 593 1096 593 1097 592 1097 594 1097 593 1098 594 1098 595 1098 595 1099 594 1099 596 1099 595 1100 596 1100 597 1100 597 1101 596 1101 598 1101 597 1102 598 1102 599 1102 599 1103 598 1103 600 1103 599 1104 600 1104 601 1104 601 1105 600 1105 602 1105 601 1106 602 1106 603 1106 603 1107 602 1107 604 1107 603 1108 604 1108 605 1108 605 1109 604 1109 606 1109 605 1110 606 1110 607 1110 607 1111 606 1111 608 1111 607 1112 608 1112 609 1112 609 1113 608 1113 610 1113 609 1114 610 1114 611 1114 611 1115 610 1115 612 1115 611 1116 612 1116 573 1116 573 1117 612 1117 574 1117 544 1118 585 1118 546 1118 546 1119 585 1119 587 1119 546 1120 587 1120 548 1120 548 1121 587 1121 589 1121 548 1122 589 1122 550 1122 550 1123 589 1123 591 1123 550 1124 591 1124 552 1124 552 1125 591 1125 593 1125 552 1126 593 1126 554 1126 554 1127 593 1127 595 1127 554 1128 595 1128 556 1128 556 1129 595 1129 597 1129 556 1130 597 1130 558 1130 558 1131 597 1131 599 1131 558 1132 599 1132 560 1132 599 1133 601 1133 560 1133 560 1134 601 1134 603 1134 560 1135 603 1135 562 1135 562 1136 603 1136 605 1136 562 1137 605 1137 564 1137 564 1138 605 1138 607 1138 564 1139 607 1139 566 1139 566 1140 607 1140 609 1140 566 1141 609 1141 568 1141 568 1142 609 1142 611 1142 568 1143 611 1143 570 1143 570 1144 611 1144 613 1144 570 1145 613 1145 536 1145 536 1146 613 1146 575 1146 536 1147 575 1147 538 1147 538 1148 575 1148 577 1148 538 1149 577 1149 540 1149 540 1150 577 1150 579 1150 540 1151 579 1151 542 1151 542 1152 579 1152 581 1152 542 1153 581 1153 544 1153 544 1154 581 1154 583 1154 544 1155 583 1155 585 1155 614 1156 615 1156 616 1156 616 1157 615 1157 617 1157 616 1158 617 1158 618 1158 618 1159 617 1159 619 1159 618 1160 619 1160 620 1160 620 1161 619 1161 621 1161 620 1162 621 1162 622 1162 622 1163 621 1163 623 1163 622 1164 623 1164 624 1164 624 1165 623 1165 625 1165 624 1166 625 1166 626 1166 626 1167 625 1167 627 1167 626 1168 627 1168 628 1168 628 1169 627 1169 629 1169 628 1170 629 1170 630 1170 630 1171 629 1171 631 1171 630 1172 631 1172 632 1172 632 1173 631 1173 633 1173 632 1174 633 1174 634 1174 634 1175 633 1175 635 1175 634 1176 635 1176 636 1176 636 1177 635 1177 637 1177 636 1178 637 1178 638 1178 638 1179 637 1179 639 1179 638 1180 639 1180 640 1180 640 1181 639 1181 641 1181 640 1182 641 1182 642 1182 642 1183 641 1183 643 1183 642 1184 643 1184 644 1184 644 1185 643 1185 645 1185 644 1186 645 1186 646 1186 646 1187 645 1187 647 1187 646 1188 647 1188 648 1188 648 1189 647 1189 649 1189 648 1190 649 1190 650 1190 650 1191 649 1191 651 1191 650 1192 651 1192 652 1192 652 1193 651 1193 653 1193 652 1194 653 1194 654 1194 654 1195 653 1195 655 1195 654 1196 655 1196 656 1196 656 1197 655 1197 657 1197 656 1198 657 1198 658 1198 658 1199 657 1199 659 1199 658 1200 659 1200 614 1200 614 1201 659 1201 615 1201 592 1202 638 1202 594 1202 594 1203 638 1203 640 1203 594 1204 640 1204 596 1204 596 1205 640 1205 642 1205 596 1206 642 1206 598 1206 598 1207 642 1207 644 1207 598 1208 644 1208 600 1208 600 1209 644 1209 646 1209 600 1210 646 1210 602 1210 602 1211 646 1211 648 1211 602 1212 648 1212 604 1212 604 1213 648 1213 650 1213 604 1214 650 1214 606 1214 650 1215 652 1215 606 1215 606 1216 652 1216 654 1216 606 1217 654 1217 608 1217 608 1218 654 1218 656 1218 608 1219 656 1219 610 1219 610 1220 656 1220 658 1220 610 1221 658 1221 612 1221 612 1222 658 1222 660 1222 612 1223 660 1223 574 1223 574 1224 660 1224 616 1224 574 1225 616 1225 576 1225 576 1226 616 1226 618 1226 576 1227 618 1227 578 1227 618 1228 620 1228 578 1228 578 1229 620 1229 622 1229 578 1230 622 1230 580 1230 580 1231 622 1231 624 1231 580 1232 624 1232 582 1232 582 1233 624 1233 626 1233 582 1234 626 1234 584 1234 584 1235 626 1235 628 1235 584 1236 628 1236 586 1236 586 1237 628 1237 630 1237 586 1238 630 1238 588 1238 588 1239 630 1239 632 1239 588 1240 632 1240 590 1240 590 1241 632 1241 634 1241 590 1242 634 1242 592 1242 592 1243 634 1243 636 1243 592 1244 636 1244 638 1244 436 1245 661 1245 405 1245 405 1246 661 1246 519 1246 526 1247 519 1247 662 1247 662 1248 519 1248 661 1248 433 1249 526 1249 435 1249 435 1250 526 1250 662 1250 653 1251 651 1251 661 1251 653 1252 661 1252 655 1252 633 1253 631 1253 435 1253 435 1254 631 1254 629 1254 662 1255 643 1255 641 1255 623 1256 436 1256 625 1256 625 1257 436 1257 435 1257 625 1258 435 1258 627 1258 627 1259 435 1259 629 1259 641 1260 639 1260 662 1260 662 1261 639 1261 637 1261 662 1262 637 1262 435 1262 435 1263 637 1263 635 1263 435 1264 635 1264 633 1264 623 1265 621 1265 436 1265 436 1266 621 1266 619 1266 436 1267 619 1267 617 1267 617 1268 615 1268 436 1268 436 1269 615 1269 659 1269 436 1270 659 1270 661 1270 661 1271 659 1271 657 1271 661 1272 657 1272 655 1272 651 1273 649 1273 661 1273 661 1274 649 1274 647 1274 661 1275 647 1275 662 1275 662 1276 647 1276 645 1276 662 1277 645 1277 643 1277 663 1278 533 1278 532 1278 663 1279 532 1279 664 1279 664 1280 532 1280 522 1280 664 1281 522 1281 665 1281 665 1282 522 1282 521 1282 665 1283 521 1283 666 1283 667 1284 666 1284 520 1284 520 1285 666 1285 521 1285 667 1286 520 1286 518 1286 667 1287 518 1287 668 1287 668 1288 518 1288 517 1288 668 1289 517 1289 669 1289 669 1290 517 1290 531 1290 669 1291 531 1291 670 1291 671 1292 670 1292 530 1292 530 1293 670 1293 531 1293 671 1294 530 1294 529 1294 671 1295 529 1295 672 1295 672 1296 529 1296 528 1296 672 1297 528 1297 673 1297 673 1298 528 1298 527 1298 673 1299 527 1299 674 1299 675 1300 674 1300 525 1300 525 1301 674 1301 527 1301 675 1302 525 1302 524 1302 675 1303 524 1303 676 1303 676 1304 524 1304 523 1304 676 1305 523 1305 677 1305 677 1306 523 1306 534 1306 677 1307 534 1307 678 1307 663 1308 678 1308 533 1308 533 1309 678 1309 534 1309 664 1310 665 1310 663 1310 663 1311 665 1311 666 1311 667 1312 668 1312 669 1312 676 1313 677 1313 675 1313 675 1314 677 1314 678 1314 675 1315 678 1315 674 1315 674 1316 678 1316 671 1316 674 1317 671 1317 673 1317 673 1318 671 1318 672 1318 669 1319 670 1319 667 1319 667 1320 670 1320 671 1320 667 1321 671 1321 666 1321 666 1322 671 1322 678 1322 666 1323 678 1323 663 1323 679 1324 680 1324 681 1324 679 1325 681 1325 682 1325 682 1326 681 1326 683 1326 682 1327 683 1327 684 1327 684 1328 683 1328 685 1328 684 1329 685 1329 686 1329 686 1330 685 1330 687 1330 686 1331 687 1331 688 1331 688 1332 687 1332 689 1332 688 1333 689 1333 690 1333 690 1334 689 1334 691 1334 690 1335 691 1335 692 1335 692 1336 691 1336 693 1336 692 1337 693 1337 694 1337 694 1338 693 1338 695 1338 694 1339 695 1339 696 1339 696 1340 695 1340 697 1340 696 1341 697 1341 698 1341 698 1342 697 1342 699 1342 698 1343 699 1343 700 1343 700 1344 699 1344 701 1344 700 1345 701 1345 702 1345 702 1346 701 1346 703 1346 702 1347 703 1347 704 1347 704 1348 703 1348 705 1348 704 1349 705 1349 706 1349 706 1350 705 1350 707 1350 706 1351 707 1351 708 1351 708 1352 707 1352 709 1352 708 1353 709 1353 710 1353 710 1354 709 1354 711 1354 710 1355 711 1355 712 1355 712 1356 711 1356 713 1356 712 1357 713 1357 714 1357 714 1358 713 1358 715 1358 714 1359 715 1359 716 1359 716 1360 715 1360 717 1360 716 1361 717 1361 718 1361 718 1362 717 1362 719 1362 718 1363 719 1363 720 1363 720 1364 719 1364 721 1364 720 1365 721 1365 722 1365 722 1366 721 1366 723 1366 722 1367 723 1367 724 1367 724 1368 723 1368 725 1368 724 1369 725 1369 726 1369 726 1370 725 1370 727 1370 727 1371 725 1371 728 1371 727 1372 728 1372 729 1372 729 1373 728 1373 730 1373 729 1374 730 1374 731 1374 731 1375 730 1375 732 1375 731 1376 732 1376 733 1376 733 1377 732 1377 734 1377 733 1378 734 1378 735 1378 735 1379 734 1379 736 1379 735 1380 736 1380 737 1380 737 1381 736 1381 738 1381 737 1382 738 1382 739 1382 739 1383 738 1383 740 1383 741 1384 739 1384 742 1384 742 1385 739 1385 740 1385 743 1386 741 1386 744 1386 744 1387 741 1387 742 1387 679 1388 743 1388 680 1388 680 1389 743 1389 744 1389 726 1390 700 1390 702 1390 720 1391 722 1391 706 1391 733 1392 690 1392 731 1392 731 1393 690 1393 692 1393 731 1394 692 1394 729 1394 729 1395 692 1395 694 1395 729 1396 694 1396 727 1396 727 1397 694 1397 696 1397 727 1398 696 1398 726 1398 726 1399 696 1399 698 1399 726 1400 698 1400 700 1400 708 1401 710 1401 706 1401 706 1402 710 1402 712 1402 706 1403 712 1403 714 1403 702 1404 704 1404 726 1404 726 1405 704 1405 706 1405 726 1406 706 1406 724 1406 724 1407 706 1407 722 1407 737 1408 684 1408 735 1408 735 1409 684 1409 686 1409 735 1410 686 1410 733 1410 733 1411 686 1411 688 1411 733 1412 688 1412 690 1412 741 1413 743 1413 739 1413 739 1414 743 1414 679 1414 739 1415 679 1415 737 1415 737 1416 679 1416 682 1416 737 1417 682 1417 684 1417 714 1418 716 1418 706 1418 706 1419 716 1419 718 1419 706 1420 718 1420 720 1420 736 1421 683 1421 738 1421 738 1422 683 1422 681 1422 738 1423 681 1423 740 1423 740 1424 681 1424 680 1424 740 1425 680 1425 742 1425 742 1426 680 1426 744 1426 732 1427 689 1427 734 1427 734 1428 689 1428 687 1428 734 1429 687 1429 736 1429 736 1430 687 1430 685 1430 736 1431 685 1431 683 1431 701 1432 699 1432 725 1432 725 1433 699 1433 697 1433 725 1434 697 1434 728 1434 728 1435 697 1435 695 1435 728 1436 695 1436 730 1436 730 1437 695 1437 693 1437 730 1438 693 1438 732 1438 732 1439 693 1439 691 1439 732 1440 691 1440 689 1440 723 1441 705 1441 725 1441 725 1442 705 1442 703 1442 725 1443 703 1443 701 1443 723 1444 721 1444 705 1444 705 1445 721 1445 719 1445 705 1446 719 1446 717 1446 707 1447 705 1447 709 1447 709 1448 705 1448 711 1448 717 1449 715 1449 705 1449 705 1450 715 1450 713 1450 705 1451 713 1451 711 1451 745 1452 746 1452 747 1452 747 1453 746 1453 748 1453 747 1454 748 1454 749 1454 749 1455 748 1455 750 1455 749 1456 750 1456 751 1456 751 1457 750 1457 752 1457 751 1458 752 1458 753 1458 753 1459 752 1459 754 1459 755 1460 756 1460 757 1460 757 1461 756 1461 758 1461 759 1462 760 1462 761 1462 761 1463 760 1463 762 1463 761 1464 762 1464 763 1464 763 1465 762 1465 764 1465 763 1466 764 1466 765 1466 765 1467 764 1467 766 1467 765 1468 766 1468 767 1468 767 1469 766 1469 768 1469 767 1470 768 1470 769 1470 769 1471 768 1471 770 1471 769 1472 770 1472 771 1472 771 1473 770 1473 772 1473 760 1474 773 1474 748 1474 774 1475 754 1475 775 1475 775 1476 754 1476 752 1476 775 1477 752 1477 773 1477 773 1478 752 1478 750 1478 773 1479 750 1479 748 1479 748 1480 746 1480 760 1480 760 1481 746 1481 776 1481 760 1482 776 1482 762 1482 762 1483 776 1483 777 1483 762 1484 777 1484 764 1484 764 1485 777 1485 778 1485 764 1486 778 1486 766 1486 766 1487 778 1487 779 1487 766 1488 779 1488 768 1488 768 1489 779 1489 780 1489 768 1490 780 1490 770 1490 770 1491 780 1491 781 1491 770 1492 781 1492 772 1492 772 1493 781 1493 782 1493 772 1494 782 1494 783 1494 783 1495 782 1495 784 1495 783 1496 784 1496 785 1496 785 1497 784 1497 758 1497 785 1498 758 1498 774 1498 774 1499 758 1499 756 1499 774 1500 756 1500 754 1500 757 1501 758 1501 784 1501 782 1502 786 1502 787 1502 782 1503 787 1503 784 1503 784 1504 787 1504 788 1504 784 1505 788 1505 757 1505 789 1506 790 1506 777 1506 777 1507 790 1507 778 1507 790 1508 791 1508 778 1508 778 1509 791 1509 792 1509 778 1510 792 1510 779 1510 792 1511 793 1511 779 1511 779 1512 793 1512 794 1512 779 1513 794 1513 780 1513 794 1514 795 1514 780 1514 780 1515 795 1515 796 1515 780 1516 796 1516 781 1516 786 1517 782 1517 797 1517 797 1518 782 1518 781 1518 797 1519 781 1519 798 1519 798 1520 781 1520 796 1520 789 1521 777 1521 799 1521 799 1522 777 1522 776 1522 800 1523 799 1523 776 1523 746 1524 745 1524 776 1524 776 1525 745 1525 801 1525 776 1526 801 1526 800 1526 802 1527 803 1527 804 1527 804 1528 803 1528 805 1528 803 1529 806 1529 805 1529 805 1530 806 1530 807 1530 805 1531 807 1531 808 1531 800 1532 801 1532 809 1532 809 1533 801 1533 808 1533 809 1534 808 1534 810 1534 810 1535 808 1535 807 1535 802 1536 804 1536 811 1536 811 1537 804 1537 812 1537 813 1538 814 1538 815 1538 813 1539 815 1539 816 1539 815 1540 817 1540 816 1540 816 1541 817 1541 818 1541 816 1542 818 1542 819 1542 811 1543 812 1543 820 1543 820 1544 812 1544 819 1544 820 1545 819 1545 821 1545 821 1546 819 1546 818 1546 822 1547 814 1547 823 1547 823 1548 814 1548 813 1548 823 1549 813 1549 824 1549 824 1550 813 1550 825 1550 826 1551 827 1551 828 1551 829 1552 830 1552 828 1552 828 1553 830 1553 831 1553 828 1554 831 1554 826 1554 832 1555 833 1555 827 1555 827 1556 833 1556 828 1556 834 1557 835 1557 836 1557 836 1558 835 1558 837 1558 836 1559 837 1559 838 1559 838 1560 837 1560 833 1560 838 1561 833 1561 832 1561 839 1562 840 1562 841 1562 841 1563 829 1563 839 1563 839 1564 829 1564 828 1564 839 1565 828 1565 842 1565 842 1566 828 1566 833 1566 842 1567 833 1567 843 1567 843 1568 833 1568 837 1568 843 1569 837 1569 844 1569 844 1570 837 1570 835 1570 844 1571 835 1571 845 1571 845 1572 835 1572 846 1572 845 1573 846 1573 847 1573 847 1574 846 1574 848 1574 847 1575 848 1575 849 1575 849 1576 848 1576 850 1576 849 1577 850 1577 851 1577 851 1578 850 1578 852 1578 851 1579 852 1579 853 1579 853 1580 852 1580 854 1580 853 1581 854 1581 855 1581 854 1582 823 1582 855 1582 855 1583 823 1583 824 1583 855 1584 824 1584 856 1584 856 1585 824 1585 857 1585 856 1586 857 1586 840 1586 840 1587 857 1587 858 1587 840 1588 858 1588 841 1588 835 1589 834 1589 859 1589 835 1590 859 1590 846 1590 859 1591 860 1591 846 1591 846 1592 860 1592 861 1592 846 1593 861 1593 848 1593 861 1594 862 1594 848 1594 848 1595 862 1595 863 1595 848 1596 863 1596 850 1596 863 1597 864 1597 850 1597 850 1598 864 1598 865 1598 850 1599 865 1599 852 1599 866 1600 854 1600 867 1600 867 1601 854 1601 852 1601 867 1602 852 1602 868 1602 868 1603 852 1603 865 1603 822 1604 866 1604 869 1604 822 1605 869 1605 870 1605 870 1606 869 1606 871 1606 870 1607 871 1607 872 1607 871 1608 873 1608 872 1608 872 1609 873 1609 874 1609 872 1610 874 1610 875 1610 875 1611 874 1611 876 1611 876 1612 874 1612 877 1612 876 1613 877 1613 878 1613 879 1614 880 1614 881 1614 882 1615 883 1615 884 1615 884 1616 883 1616 885 1616 877 1617 886 1617 887 1617 887 1618 886 1618 888 1618 887 1619 888 1619 889 1619 889 1620 888 1620 890 1620 889 1621 890 1621 891 1621 891 1622 890 1622 892 1622 891 1623 892 1623 893 1623 893 1624 892 1624 894 1624 893 1625 894 1625 895 1625 895 1626 894 1626 896 1626 895 1627 896 1627 897 1627 897 1628 896 1628 881 1628 897 1629 881 1629 898 1629 898 1630 881 1630 880 1630 898 1631 880 1631 899 1631 879 1632 881 1632 900 1632 900 1633 881 1633 896 1633 900 1634 896 1634 901 1634 901 1635 896 1635 894 1635 901 1636 894 1636 902 1636 902 1637 894 1637 892 1637 902 1638 892 1638 903 1638 903 1639 892 1639 890 1639 903 1640 890 1640 904 1640 904 1641 890 1641 888 1641 904 1642 888 1642 905 1642 905 1643 888 1643 886 1643 905 1644 886 1644 906 1644 838 1645 832 1645 907 1645 907 1646 832 1646 908 1646 907 1647 908 1647 885 1647 885 1648 908 1648 909 1648 885 1649 909 1649 884 1649 883 1650 899 1650 885 1650 885 1651 899 1651 880 1651 885 1652 880 1652 907 1652 907 1653 880 1653 879 1653 907 1654 879 1654 838 1654 838 1655 879 1655 836 1655 836 1656 879 1656 834 1656 834 1657 879 1657 900 1657 834 1658 900 1658 859 1658 859 1659 900 1659 901 1659 859 1660 901 1660 860 1660 860 1661 901 1661 902 1661 860 1662 902 1662 861 1662 861 1663 902 1663 862 1663 862 1664 902 1664 903 1664 862 1665 903 1665 863 1665 863 1666 903 1666 904 1666 863 1667 904 1667 864 1667 864 1668 904 1668 905 1668 864 1669 905 1669 865 1669 877 1670 874 1670 886 1670 886 1671 874 1671 873 1671 886 1672 873 1672 906 1672 906 1673 873 1673 871 1673 906 1674 871 1674 869 1674 865 1675 905 1675 868 1675 868 1676 905 1676 906 1676 868 1677 906 1677 867 1677 867 1678 906 1678 869 1678 867 1679 869 1679 866 1679 882 1680 884 1680 910 1680 910 1681 884 1681 911 1681 911 1682 884 1682 912 1682 912 1683 884 1683 909 1683 912 1684 909 1684 913 1684 913 1685 909 1685 914 1685 914 1686 909 1686 908 1686 914 1687 908 1687 915 1687 915 1688 908 1688 916 1688 916 1689 908 1689 832 1689 916 1690 832 1690 827 1690 916 1691 827 1691 826 1691 916 1692 826 1692 915 1692 915 1693 826 1693 917 1693 915 1694 917 1694 914 1694 914 1695 917 1695 913 1695 913 1696 917 1696 918 1696 913 1697 918 1697 912 1697 912 1698 918 1698 911 1698 911 1699 918 1699 919 1699 911 1700 919 1700 910 1700 919 1701 918 1701 920 1701 918 1702 917 1702 921 1702 917 1703 826 1703 922 1703 917 1704 922 1704 921 1704 921 1705 922 1705 923 1705 921 1706 923 1706 924 1706 924 1707 923 1707 925 1707 924 1708 925 1708 926 1708 926 1709 925 1709 927 1709 926 1710 927 1710 928 1710 928 1711 927 1711 929 1711 928 1712 929 1712 930 1712 930 1713 929 1713 931 1713 930 1714 931 1714 932 1714 918 1715 921 1715 920 1715 920 1716 921 1716 924 1716 920 1717 924 1717 933 1717 933 1718 924 1718 926 1718 933 1719 926 1719 934 1719 934 1720 926 1720 928 1720 934 1721 928 1721 935 1721 935 1722 928 1722 930 1722 935 1723 930 1723 936 1723 936 1724 930 1724 932 1724 936 1725 932 1725 937 1725 919 1726 920 1726 938 1726 938 1727 920 1727 933 1727 938 1728 933 1728 939 1728 939 1729 933 1729 934 1729 939 1730 934 1730 940 1730 940 1731 934 1731 935 1731 940 1732 935 1732 941 1732 941 1733 935 1733 936 1733 941 1734 936 1734 942 1734 942 1735 936 1735 937 1735 942 1736 937 1736 943 1736 944 1737 931 1737 929 1737 944 1738 929 1738 945 1738 929 1739 927 1739 945 1739 945 1740 927 1740 925 1740 945 1741 925 1741 946 1741 826 1742 831 1742 922 1742 922 1743 831 1743 946 1743 922 1744 946 1744 923 1744 923 1745 946 1745 925 1745 931 1746 944 1746 947 1746 947 1747 944 1747 948 1747 949 1748 812 1748 804 1748 950 1749 948 1749 944 1749 951 1750 952 1750 953 1750 954 1751 812 1751 955 1751 955 1752 812 1752 949 1752 955 1753 949 1753 956 1753 956 1754 949 1754 957 1754 958 1755 948 1755 959 1755 959 1756 948 1756 950 1756 959 1757 950 1757 960 1757 960 1758 950 1758 961 1758 962 1759 963 1759 753 1759 753 1760 963 1760 964 1760 753 1761 964 1761 751 1761 751 1762 964 1762 965 1762 751 1763 965 1763 749 1763 749 1764 965 1764 966 1764 749 1765 966 1765 747 1765 747 1766 966 1766 967 1766 747 1767 967 1767 745 1767 745 1768 967 1768 968 1768 745 1769 968 1769 801 1769 801 1770 968 1770 969 1770 801 1771 969 1771 808 1771 808 1772 969 1772 970 1772 808 1773 970 1773 805 1773 805 1774 970 1774 971 1774 805 1775 971 1775 804 1775 804 1776 971 1776 972 1776 804 1777 972 1777 949 1777 973 1778 974 1778 975 1778 975 1779 974 1779 976 1779 977 1780 978 1780 979 1780 979 1781 978 1781 980 1781 979 1782 980 1782 981 1782 981 1783 980 1783 982 1783 981 1784 982 1784 983 1784 983 1785 982 1785 984 1785 983 1786 984 1786 985 1786 985 1787 984 1787 986 1787 985 1788 986 1788 987 1788 987 1789 986 1789 988 1789 987 1790 988 1790 989 1790 989 1791 988 1791 990 1791 989 1792 990 1792 991 1792 991 1793 990 1793 992 1793 993 1794 994 1794 995 1794 996 1795 997 1795 954 1795 954 1796 997 1796 998 1796 954 1797 998 1797 812 1797 812 1798 998 1798 999 1798 812 1799 999 1799 819 1799 819 1800 999 1800 1000 1800 819 1801 1000 1801 816 1801 816 1802 1000 1802 1001 1802 816 1803 1001 1803 813 1803 813 1804 1001 1804 1002 1804 813 1805 1002 1805 825 1805 825 1806 1002 1806 1003 1806 825 1807 1003 1807 1004 1807 1004 1808 1003 1808 1005 1808 1004 1809 1005 1809 1006 1809 1006 1810 1005 1810 1007 1810 1006 1811 1007 1811 1008 1811 1008 1812 1007 1812 1009 1812 1008 1813 1009 1813 830 1813 830 1814 1009 1814 1010 1814 830 1815 1010 1815 831 1815 831 1816 1010 1816 1011 1816 831 1817 1011 1817 946 1817 946 1818 1011 1818 1012 1818 946 1819 1012 1819 945 1819 945 1820 1012 1820 1013 1820 945 1821 1013 1821 944 1821 944 1822 1013 1822 1014 1822 944 1823 1014 1823 950 1823 995 1824 1015 1824 993 1824 993 1825 1015 1825 951 1825 993 1826 951 1826 1016 1826 1016 1827 951 1827 953 1827 1016 1828 975 1828 993 1828 993 1829 975 1829 976 1829 993 1830 976 1830 1017 1830 1017 1831 976 1831 1018 1831 1017 1832 1018 1832 1019 1832 1019 1833 1018 1833 1020 1833 1019 1834 1020 1834 992 1834 992 1835 1020 1835 1021 1835 992 1836 1021 1836 991 1836 1022 1837 1023 1837 958 1837 958 1838 1023 1838 1024 1838 958 1839 1024 1839 948 1839 948 1840 1024 1840 1025 1840 948 1841 1025 1841 1026 1841 1026 1842 1025 1842 1027 1842 1026 1843 1027 1843 1028 1843 1028 1844 1027 1844 1029 1844 1028 1845 1029 1845 1030 1845 1030 1846 1029 1846 1031 1846 1030 1847 1031 1847 1032 1847 1032 1848 1031 1848 1033 1848 1032 1849 1033 1849 1034 1849 1034 1850 1033 1850 1035 1850 1034 1851 1035 1851 1036 1851 1036 1852 1035 1852 1037 1852 1036 1853 1037 1853 1038 1853 1038 1854 1037 1854 1039 1854 1038 1855 1039 1855 1040 1855 1040 1856 1039 1856 1041 1856 1040 1857 1041 1857 1042 1857 1042 1858 1041 1858 1043 1858 1042 1859 1043 1859 1044 1859 1044 1860 1043 1860 1045 1860 1044 1861 1045 1861 994 1861 994 1862 1045 1862 1046 1862 994 1863 1046 1863 995 1863 980 1864 1047 1864 982 1864 982 1865 1047 1865 1048 1865 982 1866 1048 1866 984 1866 984 1867 1048 1867 1049 1867 984 1868 1049 1868 986 1868 986 1869 1049 1869 1050 1869 986 1870 1050 1870 988 1870 988 1871 1050 1871 1051 1871 1052 1872 1053 1872 1054 1872 1054 1873 1053 1873 1055 1873 1054 1874 1055 1874 1056 1874 1056 1875 1055 1875 1057 1875 1056 1876 1057 1876 1058 1876 1058 1877 1057 1877 1059 1877 1058 1878 1059 1878 1060 1878 1060 1879 1059 1879 1061 1879 1060 1880 1061 1880 1062 1880 1062 1881 1061 1881 1063 1881 1062 1882 1063 1882 1064 1882 1064 1883 1063 1883 1065 1883 1066 1884 1067 1884 1048 1884 1065 1885 1051 1885 1068 1885 1068 1886 1051 1886 1050 1886 1068 1887 1050 1887 1067 1887 1067 1888 1050 1888 1049 1888 1067 1889 1049 1889 1048 1889 1048 1890 1047 1890 1066 1890 1066 1891 1047 1891 1069 1891 1066 1892 1069 1892 1070 1892 1070 1893 1069 1893 1071 1893 1070 1894 1071 1894 1072 1894 1072 1895 1071 1895 1073 1895 1072 1896 1073 1896 1053 1896 1053 1897 1073 1897 1074 1897 1053 1898 1074 1898 1055 1898 1055 1899 1074 1899 1075 1899 1055 1900 1075 1900 1057 1900 1057 1901 1075 1901 1076 1901 1057 1902 1076 1902 1059 1902 1059 1903 1076 1903 1077 1903 1059 1904 1077 1904 1061 1904 1061 1905 1077 1905 1078 1905 1061 1906 1078 1906 1063 1906 1063 1907 1078 1907 1079 1907 1063 1908 1079 1908 1065 1908 1065 1909 1079 1909 1080 1909 1065 1910 1080 1910 1051 1910 1081 1911 1082 1911 1083 1911 1083 1912 1082 1912 1084 1912 1083 1913 1084 1913 1085 1913 1085 1914 1084 1914 1086 1914 1085 1915 1086 1915 1087 1915 1088 1916 1089 1916 1090 1916 1087 1917 1086 1917 1090 1917 1090 1918 1086 1918 1091 1918 1090 1919 1091 1919 1088 1919 1092 1920 1093 1920 1088 1920 1088 1921 1093 1921 1094 1921 1088 1922 1094 1922 1089 1922 1095 1923 1096 1923 1097 1923 1096 1924 1098 1924 1099 1924 1098 1925 1100 1925 1101 1925 1098 1926 1101 1926 1099 1926 1099 1927 1101 1927 1102 1927 1099 1928 1102 1928 1103 1928 1103 1929 1102 1929 1104 1929 1103 1930 1104 1930 1105 1930 1105 1931 1104 1931 1106 1931 1105 1932 1106 1932 1107 1932 1107 1933 1106 1933 1108 1933 1107 1934 1108 1934 1109 1934 1108 1935 1092 1935 1088 1935 1108 1936 1088 1936 1109 1936 1109 1937 1088 1937 1091 1937 1109 1938 1091 1938 1086 1938 1096 1939 1099 1939 1097 1939 1097 1940 1099 1940 1103 1940 1097 1941 1103 1941 1110 1941 1110 1942 1103 1942 1105 1942 1110 1943 1105 1943 1111 1943 1111 1944 1105 1944 1107 1944 1111 1945 1107 1945 1112 1945 1112 1946 1107 1946 1109 1946 1112 1947 1109 1947 1113 1947 1113 1948 1109 1948 1086 1948 1113 1949 1086 1949 1084 1949 1095 1950 1097 1950 1114 1950 1114 1951 1097 1951 1110 1951 1114 1952 1110 1952 1115 1952 1115 1953 1110 1953 1111 1953 1115 1954 1111 1954 1116 1954 1116 1955 1111 1955 1112 1955 1116 1956 1112 1956 1117 1956 1117 1957 1112 1957 1113 1957 1117 1958 1113 1958 1118 1958 1118 1959 1113 1959 1084 1959 1118 1960 1084 1960 1082 1960 1119 1961 1120 1961 1121 1961 1121 1962 1120 1962 1122 1962 1121 1963 1122 1963 1123 1963 1123 1964 1122 1964 1124 1964 1123 1965 1124 1965 1125 1965 1125 1966 1124 1966 1126 1966 1125 1967 1126 1967 1127 1967 1127 1968 1126 1968 1128 1968 1127 1969 1128 1969 1129 1969 1129 1970 1128 1970 1130 1970 1129 1971 1130 1971 1131 1971 1131 1972 1130 1972 1132 1972 1131 1973 1132 1973 1133 1973 1134 1974 1135 1974 1136 1974 1135 1975 1137 1975 1138 1975 1137 1976 1139 1976 1140 1976 1137 1977 1140 1977 1138 1977 1138 1978 1140 1978 1141 1978 1138 1979 1141 1979 1142 1979 1142 1980 1141 1980 1143 1980 1142 1981 1143 1981 1144 1981 1144 1982 1143 1982 1145 1982 1144 1983 1145 1983 1146 1983 1146 1984 1145 1984 1147 1984 1146 1985 1147 1985 1148 1985 1148 1986 1147 1986 1149 1986 1148 1987 1149 1987 1150 1987 1135 1988 1138 1988 1136 1988 1136 1989 1138 1989 1142 1989 1136 1990 1142 1990 1151 1990 1151 1991 1142 1991 1144 1991 1151 1992 1144 1992 1152 1992 1152 1993 1144 1993 1146 1993 1152 1994 1146 1994 1153 1994 1153 1995 1146 1995 1148 1995 1153 1996 1148 1996 1154 1996 1154 1997 1148 1997 1150 1997 1154 1998 1150 1998 1155 1998 1134 1999 1136 1999 1156 1999 1156 2000 1136 2000 1151 2000 1156 2001 1151 2001 1157 2001 1157 2002 1151 2002 1152 2002 1157 2003 1152 2003 1158 2003 1158 2004 1152 2004 1153 2004 1158 2005 1153 2005 1159 2005 1159 2006 1153 2006 1154 2006 1159 2007 1154 2007 1160 2007 1160 2008 1154 2008 1155 2008 1160 2009 1155 2009 1161 2009 1162 2010 1161 2010 1155 2010 1162 2011 1155 2011 1163 2011 1163 2012 1155 2012 1150 2012 1163 2013 1150 2013 1164 2013 1164 2014 1150 2014 1149 2014 1164 2015 1149 2015 1165 2015 1162 2016 1163 2016 1166 2016 1163 2017 1164 2017 1167 2017 1164 2018 1165 2018 1168 2018 1164 2019 1168 2019 1167 2019 1167 2020 1168 2020 1169 2020 1167 2021 1169 2021 1170 2021 1170 2022 1169 2022 1171 2022 1170 2023 1171 2023 1172 2023 1172 2024 1171 2024 1173 2024 1172 2025 1173 2025 1174 2025 1174 2026 1173 2026 1175 2026 1174 2027 1175 2027 1176 2027 1176 2028 1175 2028 1177 2028 1176 2029 1177 2029 1178 2029 1163 2030 1167 2030 1166 2030 1166 2031 1167 2031 1170 2031 1166 2032 1170 2032 1179 2032 1179 2033 1170 2033 1172 2033 1179 2034 1172 2034 1180 2034 1180 2035 1172 2035 1174 2035 1180 2036 1174 2036 1181 2036 1181 2037 1174 2037 1176 2037 1181 2038 1176 2038 1182 2038 1182 2039 1176 2039 1178 2039 1182 2040 1178 2040 1183 2040 1162 2041 1166 2041 1184 2041 1184 2042 1166 2042 1179 2042 1184 2043 1179 2043 1185 2043 1185 2044 1179 2044 1180 2044 1185 2045 1180 2045 1186 2045 1186 2046 1180 2046 1181 2046 1186 2047 1181 2047 1187 2047 1187 2048 1181 2048 1182 2048 1187 2049 1182 2049 1188 2049 1188 2050 1182 2050 1183 2050 1188 2051 1183 2051 1189 2051 1190 2052 1189 2052 1191 2052 1191 2053 1189 2053 1183 2053 1178 2054 1192 2054 1183 2054 1183 2055 1192 2055 1193 2055 1183 2056 1193 2056 1191 2056 1194 2057 1195 2057 1177 2057 1177 2058 1195 2058 1196 2058 1177 2059 1196 2059 1178 2059 1178 2060 1196 2060 1197 2060 1178 2061 1197 2061 1192 2061 1194 2062 1198 2062 1195 2062 1195 2063 1198 2063 1199 2063 1195 2064 1199 2064 1196 2064 1196 2065 1199 2065 1197 2065 1197 2066 1199 2066 1200 2066 1197 2067 1200 2067 1192 2067 1192 2068 1200 2068 1193 2068 1193 2069 1200 2069 1201 2069 1193 2070 1201 2070 1191 2070 1191 2071 1201 2071 1202 2071 1191 2072 1202 2072 1190 2072 1203 2073 1204 2073 1205 2073 1204 2074 1206 2074 1207 2074 1208 2075 1209 2075 1210 2075 1208 2076 1210 2076 1211 2076 1204 2077 1207 2077 1205 2077 1205 2078 1207 2078 1212 2078 1205 2079 1212 2079 1213 2079 1213 2080 1212 2080 1214 2080 1213 2081 1214 2081 1215 2081 1215 2082 1214 2082 1216 2082 1215 2083 1216 2083 1217 2083 1217 2084 1216 2084 1218 2084 1217 2085 1218 2085 1219 2085 1219 2086 1218 2086 1220 2086 1219 2087 1220 2087 1221 2087 1221 2088 1220 2088 1222 2088 1221 2089 1222 2089 1223 2089 1223 2090 1222 2090 1224 2090 1223 2091 1224 2091 1225 2091 1224 2092 1202 2092 1225 2092 1225 2093 1202 2093 1201 2093 1225 2094 1201 2094 1200 2094 1203 2095 1205 2095 1226 2095 1226 2096 1205 2096 1213 2096 1226 2097 1213 2097 1227 2097 1227 2098 1213 2098 1215 2098 1227 2099 1215 2099 1228 2099 1228 2100 1215 2100 1217 2100 1228 2101 1217 2101 1229 2101 1229 2102 1217 2102 1219 2102 1229 2103 1219 2103 1230 2103 1230 2104 1219 2104 1221 2104 1230 2105 1221 2105 1231 2105 1231 2106 1221 2106 1223 2106 1231 2107 1223 2107 1232 2107 1232 2108 1223 2108 1225 2108 1232 2109 1225 2109 1233 2109 1233 2110 1225 2110 1200 2110 1233 2111 1200 2111 1199 2111 1234 2112 1206 2112 1235 2112 1235 2113 1206 2113 1204 2113 1235 2114 1204 2114 1210 2114 1210 2115 1204 2115 1203 2115 1210 2116 1203 2116 1211 2116 1211 2117 1203 2117 1226 2117 1211 2118 1226 2118 1236 2118 1236 2119 1226 2119 1227 2119 1236 2120 1227 2120 1237 2120 1237 2121 1227 2121 1228 2121 1237 2122 1228 2122 1238 2122 1238 2123 1228 2123 1229 2123 1238 2124 1229 2124 1239 2124 1239 2125 1229 2125 1230 2125 1239 2126 1230 2126 1240 2126 1240 2127 1230 2127 1231 2127 1240 2128 1231 2128 1241 2128 1241 2129 1231 2129 1232 2129 1241 2130 1232 2130 1242 2130 1242 2131 1232 2131 1233 2131 1242 2132 1233 2132 1243 2132 1243 2133 1233 2133 1199 2133 1243 2134 1199 2134 1198 2134 1244 2135 1245 2135 1246 2135 1246 2136 1245 2136 1247 2136 1246 2137 1247 2137 1248 2137 1248 2138 1247 2138 1249 2138 1248 2139 1249 2139 1250 2139 1250 2140 1249 2140 1251 2140 1245 2141 1252 2141 1247 2141 1247 2142 1252 2142 1253 2142 1247 2143 1253 2143 1249 2143 1249 2144 1253 2144 1254 2144 1249 2145 1254 2145 1251 2145 1251 2146 1254 2146 1255 2146 1252 2147 1234 2147 1253 2147 1253 2148 1234 2148 1235 2148 1253 2149 1235 2149 1254 2149 1254 2150 1235 2150 1210 2150 1254 2151 1210 2151 1255 2151 1255 2152 1210 2152 1209 2152 1256 2153 1244 2153 1257 2153 1257 2154 1244 2154 1246 2154 1257 2155 1246 2155 1258 2155 1258 2156 1246 2156 1259 2156 1259 2157 1246 2157 1248 2157 1259 2158 1248 2158 1260 2158 1260 2159 1248 2159 1261 2159 1261 2160 1248 2160 1250 2160 1261 2161 1250 2161 1262 2161 1262 2162 1263 2162 1261 2162 1261 2163 1263 2163 1264 2163 1261 2164 1264 2164 1260 2164 1260 2165 1264 2165 1259 2165 1259 2166 1264 2166 1265 2166 1259 2167 1265 2167 1258 2167 1258 2168 1265 2168 1257 2168 1257 2169 1265 2169 1266 2169 1257 2170 1266 2170 1256 2170 1266 2171 1265 2171 1267 2171 1265 2172 1264 2172 1268 2172 1264 2173 1263 2173 1269 2173 1264 2174 1269 2174 1268 2174 1268 2175 1269 2175 1270 2175 1268 2176 1270 2176 1271 2176 1271 2177 1270 2177 1272 2177 1271 2178 1272 2178 1273 2178 1273 2179 1272 2179 1274 2179 1273 2180 1274 2180 1275 2180 1275 2181 1274 2181 1276 2181 1275 2182 1276 2182 1277 2182 1277 2183 1276 2183 1278 2183 1277 2184 1278 2184 1279 2184 1265 2185 1268 2185 1267 2185 1267 2186 1268 2186 1271 2186 1267 2187 1271 2187 1280 2187 1280 2188 1271 2188 1273 2188 1280 2189 1273 2189 1281 2189 1281 2190 1273 2190 1275 2190 1281 2191 1275 2191 1282 2191 1282 2192 1275 2192 1277 2192 1282 2193 1277 2193 1283 2193 1283 2194 1277 2194 1279 2194 1283 2195 1279 2195 1284 2195 1266 2196 1267 2196 1285 2196 1285 2197 1267 2197 1280 2197 1285 2198 1280 2198 1286 2198 1286 2199 1280 2199 1281 2199 1286 2200 1281 2200 1287 2200 1287 2201 1281 2201 1282 2201 1287 2202 1282 2202 1288 2202 1288 2203 1282 2203 1283 2203 1288 2204 1283 2204 1289 2204 1289 2205 1283 2205 1284 2205 1289 2206 1284 2206 1290 2206 1291 2207 1290 2207 1284 2207 1291 2208 1284 2208 1292 2208 1292 2209 1284 2209 1279 2209 1292 2210 1279 2210 1293 2210 1293 2211 1279 2211 1278 2211 1293 2212 1278 2212 1294 2212 1278 2213 1295 2213 1294 2213 1294 2214 1295 2214 1296 2214 1278 2215 1276 2215 1295 2215 1295 2216 1276 2216 1297 2216 1270 2217 1120 2217 1272 2217 1272 2218 1120 2218 1297 2218 1272 2219 1297 2219 1274 2219 1274 2220 1297 2220 1276 2220 1130 2221 1263 2221 1132 2221 1132 2222 1263 2222 1133 2222 1130 2223 1128 2223 1263 2223 1263 2224 1128 2224 1126 2224 1263 2225 1126 2225 1269 2225 1269 2226 1126 2226 1124 2226 1269 2227 1124 2227 1270 2227 1270 2228 1124 2228 1122 2228 1270 2229 1122 2229 1120 2229 1297 2230 1120 2230 1119 2230 1081 2231 1298 2231 1082 2231 1082 2232 1298 2232 1296 2232 1299 2233 1295 2233 1297 2233 1297 2234 1119 2234 1299 2234 1299 2235 1119 2235 1300 2235 1299 2236 1300 2236 1301 2236 1117 2237 1118 2237 1116 2237 1116 2238 1118 2238 1082 2238 1116 2239 1082 2239 1115 2239 1115 2240 1082 2240 1296 2240 1115 2241 1296 2241 1114 2241 1299 2242 1302 2242 1295 2242 1295 2243 1302 2243 1303 2243 1295 2244 1303 2244 1296 2244 1296 2245 1303 2245 1095 2245 1296 2246 1095 2246 1114 2246 1129 2247 1131 2247 1304 2247 1127 2248 1129 2248 1305 2248 1305 2249 1129 2249 1304 2249 1305 2250 1304 2250 1306 2250 1306 2251 1304 2251 1307 2251 1307 2252 1308 2252 1306 2252 1306 2253 1308 2253 1309 2253 1306 2254 1309 2254 1310 2254 1310 2255 1309 2255 1311 2255 1310 2256 1311 2256 1312 2256 1311 2257 1313 2257 1312 2257 1312 2258 1313 2258 1314 2258 1312 2259 1314 2259 1315 2259 1123 2260 1125 2260 1316 2260 1316 2261 1125 2261 1127 2261 1127 2262 1305 2262 1316 2262 1316 2263 1305 2263 1306 2263 1316 2264 1306 2264 1317 2264 1317 2265 1306 2265 1310 2265 1317 2266 1310 2266 1318 2266 1318 2267 1310 2267 1312 2267 1318 2268 1312 2268 1319 2268 1319 2269 1312 2269 1315 2269 1319 2270 1315 2270 1320 2270 1119 2271 1121 2271 1321 2271 1321 2272 1121 2272 1123 2272 1123 2273 1316 2273 1321 2273 1321 2274 1316 2274 1317 2274 1321 2275 1317 2275 1322 2275 1322 2276 1317 2276 1318 2276 1322 2277 1318 2277 1323 2277 1323 2278 1318 2278 1319 2278 1323 2279 1319 2279 1324 2279 1324 2280 1319 2280 1320 2280 1324 2281 1320 2281 1325 2281 1119 2282 1321 2282 1300 2282 1300 2283 1321 2283 1322 2283 1300 2284 1322 2284 1301 2284 1301 2285 1322 2285 1323 2285 1301 2286 1323 2286 1299 2286 1299 2287 1323 2287 1324 2287 1299 2288 1324 2288 1302 2288 1302 2289 1324 2289 1325 2289 1302 2290 1325 2290 1303 2290 1326 2291 1327 2291 1328 2291 1328 2292 1327 2292 1329 2292 1328 2293 1329 2293 1330 2293 1330 2294 1329 2294 1331 2294 1330 2295 1331 2295 1332 2295 1332 2296 1331 2296 1333 2296 1332 2297 1333 2297 1334 2297 1334 2298 1333 2298 1335 2298 1334 2299 1335 2299 1336 2299 1336 2300 1335 2300 1337 2300 1336 2301 1337 2301 1338 2301 1338 2302 1337 2302 1339 2302 1340 2303 1341 2303 1342 2303 1342 2304 1341 2304 1343 2304 1342 2305 1343 2305 1344 2305 1344 2306 1343 2306 1345 2306 1344 2307 1345 2307 1346 2307 1346 2308 1345 2308 1347 2308 1346 2309 1347 2309 1348 2309 1348 2310 1347 2310 1349 2310 1348 2311 1349 2311 1350 2311 1350 2312 1349 2312 1351 2312 1350 2313 1351 2313 1352 2313 1352 2314 1351 2314 1353 2314 98 2315 1354 2315 1355 2315 98 2316 1355 2316 1356 2316 1356 2317 1355 2317 1357 2317 1356 2318 1357 2318 1358 2318 1358 2319 1357 2319 1359 2319 1358 2320 1359 2320 1360 2320 1360 2321 1359 2321 1361 2321 1360 2322 1361 2322 1362 2322 1362 2323 1361 2323 1363 2323 1362 2324 1363 2324 1364 2324 1364 2325 1363 2325 1365 2325 1364 2326 1365 2326 1366 2326 1367 2327 1368 2327 1369 2327 1367 2328 1369 2328 1370 2328 1370 2329 1369 2329 1371 2329 1370 2330 1371 2330 1372 2330 1373 2331 1374 2331 1375 2331 1373 2332 1375 2332 1376 2332 1376 2333 1375 2333 1377 2333 1376 2334 1377 2334 1378 2334 1378 2335 1377 2335 1368 2335 1378 2336 1368 2336 1367 2336 1366 2337 1365 2337 1379 2337 1366 2338 1379 2338 1380 2338 1380 2339 1379 2339 1381 2339 1380 2340 1381 2340 1382 2340 1382 2341 1381 2341 1383 2341 1382 2342 1383 2342 1384 2342 1329 2343 1327 2343 98 2343 1385 2344 1353 2344 1386 2344 1386 2345 1353 2345 1351 2345 1386 2346 1351 2346 1387 2346 1367 2347 1341 2347 1378 2347 1378 2348 1341 2348 1339 2348 1378 2349 1339 2349 1376 2349 1376 2350 1339 2350 1384 2350 1387 2351 1351 2351 1388 2351 1388 2352 1351 2352 1349 2352 1388 2353 1349 2353 1372 2353 1372 2354 1349 2354 1347 2354 1372 2355 1347 2355 1370 2355 1370 2356 1347 2356 1345 2356 1370 2357 1345 2357 1367 2357 1367 2358 1345 2358 1343 2358 1367 2359 1343 2359 1341 2359 1382 2360 1384 2360 1380 2360 1380 2361 1384 2361 1339 2361 1380 2362 1339 2362 1366 2362 1366 2363 1339 2363 1337 2363 1366 2364 1337 2364 1364 2364 1364 2365 1337 2365 1335 2365 1364 2366 1335 2366 1362 2366 1362 2367 1335 2367 1333 2367 1362 2368 1333 2368 1360 2368 1360 2369 1333 2369 1331 2369 1360 2370 1331 2370 1358 2370 1358 2371 1331 2371 1329 2371 1358 2372 1329 2372 1356 2372 1356 2373 1329 2373 98 2373 1372 2374 1371 2374 1389 2374 1372 2375 1389 2375 1388 2375 1388 2376 1389 2376 1390 2376 1388 2377 1390 2377 1387 2377 1387 2378 1390 2378 1391 2378 1387 2379 1391 2379 1386 2379 1386 2380 1391 2380 1392 2380 1386 2381 1392 2381 1385 2381 1369 2382 1100 2382 1371 2382 1371 2383 1100 2383 1314 2383 1375 2384 1369 2384 1377 2384 1377 2385 1369 2385 1368 2385 1393 2386 1392 2386 1314 2386 1314 2387 1392 2387 1391 2387 1391 2388 1390 2388 1314 2388 1314 2389 1390 2389 1389 2389 1314 2390 1389 2390 1371 2390 1394 2391 1381 2391 1363 2391 1363 2392 1381 2392 1379 2392 1363 2393 1379 2393 1365 2393 1375 2394 1394 2394 1369 2394 1369 2395 1394 2395 1363 2395 1369 2396 1363 2396 1100 2396 1100 2397 1363 2397 1361 2397 1100 2398 1361 2398 1359 2398 1354 2399 1395 2399 1355 2399 1355 2400 1395 2400 1100 2400 1355 2401 1100 2401 1357 2401 1357 2402 1100 2402 1359 2402 1311 2403 1396 2403 1313 2403 1313 2404 1396 2404 1393 2404 1313 2405 1393 2405 1314 2405 1311 2406 1309 2406 1396 2406 1396 2407 1309 2407 1308 2407 1396 2408 1308 2408 1397 2408 1131 2409 1398 2409 1304 2409 1304 2410 1398 2410 1397 2410 1304 2411 1397 2411 1307 2411 1307 2412 1397 2412 1308 2412 1398 2413 1131 2413 1399 2413 1399 2414 1131 2414 1133 2414 1399 2415 1133 2415 978 2415 978 2416 1133 2416 980 2416 1047 2417 980 2417 1069 2417 1069 2418 980 2418 1133 2418 1069 2419 1133 2419 1262 2419 1262 2420 1133 2420 1263 2420 1250 2421 1071 2421 1262 2421 1262 2422 1071 2422 1069 2422 1250 2423 1251 2423 1071 2423 1071 2424 1251 2424 1073 2424 1251 2425 1255 2425 1073 2425 1073 2426 1255 2426 1209 2426 1073 2427 1209 2427 1074 2427 1209 2428 1208 2428 1074 2428 1074 2429 1208 2429 1211 2429 1074 2430 1211 2430 1075 2430 1211 2431 1236 2431 1075 2431 1075 2432 1236 2432 1237 2432 1075 2433 1237 2433 1076 2433 1237 2434 1238 2434 1076 2434 1076 2435 1238 2435 1239 2435 1076 2436 1239 2436 1077 2436 1239 2437 1240 2437 1077 2437 1077 2438 1240 2438 1241 2438 1077 2439 1241 2439 1078 2439 1198 2440 1079 2440 1243 2440 1243 2441 1079 2441 1078 2441 1243 2442 1078 2442 1242 2442 1242 2443 1078 2443 1241 2443 1194 2444 1080 2444 1198 2444 1198 2445 1080 2445 1079 2445 1194 2446 1177 2446 1080 2446 1080 2447 1177 2447 990 2447 1080 2448 990 2448 1051 2448 1051 2449 990 2449 988 2449 1177 2450 1175 2450 990 2450 990 2451 1175 2451 992 2451 1175 2452 1173 2452 992 2452 992 2453 1173 2453 1171 2453 992 2454 1171 2454 1019 2454 1165 2455 1017 2455 1168 2455 1168 2456 1017 2456 1019 2456 1168 2457 1019 2457 1169 2457 1169 2458 1019 2458 1171 2458 1149 2459 993 2459 1165 2459 1165 2460 993 2460 1017 2460 993 2461 1149 2461 1147 2461 993 2462 1147 2462 994 2462 1147 2463 1145 2463 994 2463 994 2464 1145 2464 1143 2464 994 2465 1143 2465 1044 2465 1139 2466 1042 2466 1140 2466 1140 2467 1042 2467 1044 2467 1140 2468 1044 2468 1141 2468 1141 2469 1044 2469 1143 2469 1139 2470 1400 2470 1401 2470 1402 2471 1040 2471 1401 2471 1401 2472 1040 2472 1042 2472 1401 2473 1042 2473 1139 2473 1403 2474 1404 2474 1405 2474 1406 2475 1407 2475 1408 2475 1408 2476 1407 2476 1409 2476 1408 2477 1409 2477 1404 2477 1404 2478 1409 2478 1410 2478 1404 2479 1410 2479 1405 2479 1405 2480 1402 2480 1403 2480 1403 2481 1402 2481 1401 2481 1403 2482 1401 2482 1411 2482 1411 2483 1401 2483 1412 2483 1411 2484 1412 2484 1413 2484 1413 2485 1412 2485 1414 2485 1413 2486 1414 2486 1415 2486 1415 2487 1414 2487 1416 2487 1415 2488 1416 2488 1417 2488 1417 2489 1416 2489 1418 2489 1417 2490 1418 2490 1419 2490 1419 2491 1418 2491 1420 2491 1419 2492 1420 2492 1421 2492 1421 2493 1420 2493 1422 2493 1421 2494 1422 2494 1423 2494 1423 2495 1422 2495 1424 2495 1423 2496 1424 2496 1425 2496 1425 2497 1424 2497 1426 2497 1425 2498 1426 2498 1406 2498 1406 2499 1426 2499 1427 2499 1406 2500 1427 2500 1407 2500 1428 2501 1429 2501 1430 2501 1428 2502 1430 2502 1431 2502 1431 2503 1430 2503 1432 2503 1431 2504 1432 2504 1433 2504 1433 2505 1432 2505 1434 2505 1434 2506 1432 2506 1435 2506 1434 2507 1435 2507 1400 2507 1436 2508 1437 2508 1438 2508 1438 2509 1437 2509 1439 2509 1438 2510 1439 2510 1440 2510 1440 2511 1439 2511 1441 2511 1441 2512 1439 2512 1442 2512 1441 2513 1442 2513 1443 2513 1443 2514 1442 2514 1444 2514 1444 2515 1442 2515 1445 2515 1444 2516 1445 2516 1446 2516 1446 2517 1445 2517 1447 2517 1446 2518 1447 2518 1448 2518 1449 2519 1450 2519 1447 2519 1451 2520 1452 2520 1453 2520 1453 2521 1452 2521 1454 2521 1453 2522 1454 2522 1455 2522 1455 2523 1454 2523 1456 2523 1455 2524 1456 2524 1457 2524 1457 2525 1456 2525 1458 2525 1452 2526 1450 2526 1454 2526 1454 2527 1450 2527 1449 2527 1454 2528 1449 2528 1456 2528 1456 2529 1449 2529 1459 2529 1456 2530 1459 2530 1458 2530 1458 2531 1459 2531 1460 2531 1447 2532 1445 2532 1449 2532 1449 2533 1445 2533 1442 2533 1449 2534 1442 2534 1459 2534 1459 2535 1442 2535 1439 2535 1459 2536 1439 2536 1460 2536 1460 2537 1439 2537 1437 2537 1435 2538 1432 2538 1461 2538 1432 2539 1430 2539 1462 2539 1430 2540 1429 2540 1463 2540 1430 2541 1463 2541 1462 2541 1462 2542 1463 2542 1464 2542 1462 2543 1464 2543 1465 2543 1465 2544 1464 2544 1466 2544 1465 2545 1466 2545 1467 2545 1467 2546 1466 2546 1468 2546 1467 2547 1468 2547 1469 2547 1469 2548 1468 2548 1470 2548 1469 2549 1470 2549 1471 2549 1471 2550 1470 2550 1472 2550 1471 2551 1472 2551 1473 2551 1473 2552 1472 2552 1474 2552 1473 2553 1474 2553 1475 2553 1475 2554 1474 2554 1476 2554 1475 2555 1476 2555 1477 2555 1477 2556 1476 2556 1478 2556 1477 2557 1478 2557 1479 2557 1479 2558 1478 2558 1480 2558 1479 2559 1480 2559 1481 2559 1481 2560 1480 2560 1451 2560 1481 2561 1451 2561 1453 2561 1432 2562 1462 2562 1461 2562 1461 2563 1462 2563 1465 2563 1461 2564 1465 2564 1482 2564 1482 2565 1465 2565 1467 2565 1482 2566 1467 2566 1483 2566 1483 2567 1467 2567 1469 2567 1483 2568 1469 2568 1484 2568 1484 2569 1469 2569 1471 2569 1484 2570 1471 2570 1485 2570 1485 2571 1471 2571 1473 2571 1485 2572 1473 2572 1486 2572 1486 2573 1473 2573 1475 2573 1486 2574 1475 2574 1487 2574 1487 2575 1475 2575 1477 2575 1487 2576 1477 2576 1488 2576 1488 2577 1477 2577 1479 2577 1488 2578 1479 2578 1489 2578 1489 2579 1479 2579 1481 2579 1489 2580 1481 2580 1490 2580 1490 2581 1481 2581 1453 2581 1490 2582 1453 2582 1455 2582 1435 2583 1461 2583 1491 2583 1491 2584 1461 2584 1482 2584 1491 2585 1482 2585 1492 2585 1492 2586 1482 2586 1483 2586 1492 2587 1483 2587 1493 2587 1493 2588 1483 2588 1484 2588 1493 2589 1484 2589 1494 2589 1494 2590 1484 2590 1485 2590 1494 2591 1485 2591 1495 2591 1495 2592 1485 2592 1486 2592 1495 2593 1486 2593 1496 2593 1496 2594 1486 2594 1487 2594 1496 2595 1487 2595 1497 2595 1497 2596 1487 2596 1488 2596 1497 2597 1488 2597 1498 2597 1498 2598 1488 2598 1489 2598 1498 2599 1489 2599 1499 2599 1499 2600 1489 2600 1490 2600 1499 2601 1490 2601 1500 2601 1500 2602 1490 2602 1455 2602 1500 2603 1455 2603 1457 2603 1412 2604 1435 2604 1491 2604 1412 2605 1491 2605 1414 2605 1491 2606 1492 2606 1414 2606 1414 2607 1492 2607 1493 2607 1414 2608 1493 2608 1416 2608 1493 2609 1494 2609 1416 2609 1416 2610 1494 2610 1495 2610 1416 2611 1495 2611 1418 2611 1495 2612 1496 2612 1418 2612 1418 2613 1496 2613 1497 2613 1418 2614 1497 2614 1420 2614 1497 2615 1498 2615 1420 2615 1420 2616 1498 2616 1499 2616 1420 2617 1499 2617 1422 2617 1499 2618 1500 2618 1422 2618 1422 2619 1500 2619 1457 2619 1422 2620 1457 2620 1424 2620 1437 2621 1426 2621 1460 2621 1460 2622 1426 2622 1424 2622 1460 2623 1424 2623 1458 2623 1458 2624 1424 2624 1457 2624 1436 2625 1427 2625 1437 2625 1437 2626 1427 2626 1426 2626 1436 2627 1501 2627 1427 2627 1427 2628 1501 2628 1030 2628 1427 2629 1030 2629 1407 2629 1407 2630 1030 2630 1032 2630 1030 2631 1501 2631 1502 2631 1030 2632 1502 2632 1028 2632 1502 2633 1503 2633 1028 2633 1028 2634 1503 2634 1504 2634 1028 2635 1504 2635 1026 2635 947 2636 948 2636 1505 2636 1505 2637 948 2637 1026 2637 1505 2638 1026 2638 1506 2638 1506 2639 1026 2639 1504 2639 1507 2640 1508 2640 1509 2640 1508 2641 1510 2641 1511 2641 1510 2642 947 2642 1505 2642 1510 2643 1505 2643 1511 2643 1511 2644 1505 2644 1506 2644 1511 2645 1506 2645 1512 2645 1512 2646 1506 2646 1504 2646 1512 2647 1504 2647 1513 2647 1513 2648 1504 2648 1503 2648 1513 2649 1503 2649 1514 2649 1514 2650 1503 2650 1502 2650 1514 2651 1502 2651 1515 2651 1515 2652 1502 2652 1501 2652 1515 2653 1501 2653 1516 2653 1508 2654 1511 2654 1509 2654 1509 2655 1511 2655 1512 2655 1509 2656 1512 2656 1517 2656 1517 2657 1512 2657 1513 2657 1517 2658 1513 2658 1518 2658 1518 2659 1513 2659 1514 2659 1518 2660 1514 2660 1519 2660 1519 2661 1514 2661 1515 2661 1519 2662 1515 2662 1520 2662 1520 2663 1515 2663 1516 2663 1520 2664 1516 2664 1521 2664 1507 2665 1509 2665 1522 2665 1522 2666 1509 2666 1517 2666 1522 2667 1517 2667 1523 2667 1523 2668 1517 2668 1518 2668 1523 2669 1518 2669 1524 2669 1524 2670 1518 2670 1519 2670 1524 2671 1519 2671 1525 2671 1525 2672 1519 2672 1520 2672 1525 2673 1520 2673 1526 2673 1526 2674 1520 2674 1521 2674 1526 2675 1521 2675 1527 2675 1448 2676 1527 2676 1446 2676 1446 2677 1527 2677 1521 2677 1516 2678 1443 2678 1521 2678 1521 2679 1443 2679 1444 2679 1521 2680 1444 2680 1446 2680 1436 2681 1438 2681 1501 2681 1501 2682 1438 2682 1440 2682 1501 2683 1440 2683 1516 2683 1516 2684 1440 2684 1441 2684 1516 2685 1441 2685 1443 2685 1528 2686 1529 2686 1530 2686 1530 2687 1529 2687 1531 2687 1530 2688 1531 2688 1532 2688 1532 2689 1531 2689 1533 2689 1532 2690 1533 2690 1534 2690 1534 2691 1533 2691 1535 2691 1534 2692 1535 2692 1536 2692 1536 2693 1535 2693 1537 2693 1538 2694 1539 2694 1540 2694 1540 2695 1539 2695 1541 2695 1542 2696 1543 2696 1544 2696 1532 2697 1534 2697 1536 2697 1539 2698 1545 2698 1546 2698 1546 2699 1542 2699 1539 2699 1539 2700 1542 2700 1544 2700 1539 2701 1544 2701 1541 2701 1541 2702 1544 2702 1528 2702 1541 2703 1528 2703 1547 2703 1547 2704 1528 2704 1536 2704 1536 2705 1528 2705 1530 2705 1536 2706 1530 2706 1532 2706 1548 2707 1549 2707 1540 2707 1540 2708 1549 2708 1550 2708 1540 2709 1550 2709 1538 2709 1539 2710 1551 2710 1545 2710 1545 2711 1551 2711 1552 2711 1545 2712 1552 2712 1546 2712 1546 2713 1552 2713 1553 2713 1546 2714 1553 2714 1542 2714 1542 2715 1553 2715 1554 2715 1542 2716 1554 2716 1543 2716 1543 2717 1554 2717 1555 2717 1543 2718 1555 2718 1544 2718 1544 2719 1555 2719 1556 2719 1539 2720 1538 2720 1551 2720 1551 2721 1538 2721 1557 2721 1540 2722 1558 2722 1548 2722 1548 2723 1558 2723 1559 2723 1548 2724 1559 2724 1560 2724 1560 2725 1559 2725 1561 2725 1560 2726 1561 2726 1550 2726 1550 2727 1561 2727 1562 2727 1550 2728 1562 2728 1538 2728 1538 2729 1562 2729 1557 2729 1540 2730 1541 2730 1558 2730 1558 2731 1541 2731 1563 2731 1559 2732 1290 2732 1564 2732 1564 2733 1290 2733 1291 2733 1564 2734 1291 2734 1562 2734 1565 2735 1566 2735 1567 2735 1464 2736 1463 2736 1535 2736 1535 2737 1463 2737 1161 2737 1535 2738 1161 2738 1537 2738 889 2739 1554 2739 887 2739 887 2740 1554 2740 1553 2740 1568 2741 1569 2741 1562 2741 1234 2742 1559 2742 1206 2742 1206 2743 1559 2743 1558 2743 1206 2744 1558 2744 1207 2744 1472 2745 1470 2745 1533 2745 1533 2746 1470 2746 1468 2746 1533 2747 1468 2747 1535 2747 1535 2748 1468 2748 1466 2748 1535 2749 1466 2749 1464 2749 1463 2750 1429 2750 1161 2750 1161 2751 1429 2751 1428 2751 1161 2752 1428 2752 1134 2752 1529 2753 1452 2753 1531 2753 1531 2754 1452 2754 1451 2754 1472 2755 1533 2755 1474 2755 1474 2756 1533 2756 1531 2756 1474 2757 1531 2757 1476 2757 1450 2758 1507 2758 1447 2758 1447 2759 1507 2759 1527 2759 1447 2760 1527 2760 1448 2760 898 2761 899 2761 1507 2761 1507 2762 899 2762 883 2762 1507 2763 883 2763 882 2763 877 2764 887 2764 1565 2764 1565 2765 887 2765 1553 2765 1565 2766 1553 2766 1552 2766 1569 2767 1570 2767 1562 2767 1562 2768 1570 2768 1571 2768 1562 2769 1571 2769 1557 2769 1234 2770 1252 2770 1559 2770 1559 2771 1252 2771 1245 2771 1559 2772 1245 2772 1290 2772 1290 2773 1245 2773 1244 2773 1451 2774 1480 2774 1531 2774 1531 2775 1480 2775 1478 2775 1531 2776 1478 2776 1476 2776 1523 2777 1524 2777 1525 2777 1555 2778 897 2778 1556 2778 1556 2779 897 2779 898 2779 1556 2780 898 2780 1529 2780 1529 2781 898 2781 1507 2781 1529 2782 1507 2782 1452 2782 1452 2783 1507 2783 1450 2783 889 2784 891 2784 1554 2784 1554 2785 891 2785 893 2785 1554 2786 893 2786 1555 2786 1555 2787 893 2787 895 2787 1555 2788 895 2788 897 2788 1571 2789 1572 2789 1557 2789 1557 2790 1572 2790 1573 2790 1557 2791 1573 2791 1551 2791 1551 2792 1573 2792 1574 2792 1551 2793 1574 2793 1552 2793 1552 2794 1574 2794 1575 2794 1552 2795 1575 2795 1565 2795 1565 2796 1575 2796 1576 2796 1565 2797 1576 2797 1566 2797 1157 2798 1158 2798 1156 2798 1156 2799 1158 2799 1159 2799 1156 2800 1159 2800 1134 2800 1134 2801 1159 2801 1160 2801 1134 2802 1160 2802 1161 2802 1507 2803 1522 2803 1527 2803 1527 2804 1522 2804 1523 2804 1527 2805 1523 2805 1526 2805 1526 2806 1523 2806 1525 2806 878 2807 877 2807 1577 2807 1577 2808 877 2808 1565 2808 1577 2809 1565 2809 1578 2809 1578 2810 1565 2810 1579 2810 1562 2811 1291 2811 1568 2811 1568 2812 1291 2812 1580 2812 1568 2813 1580 2813 1581 2813 1582 2814 1583 2814 1584 2814 1584 2815 1583 2815 1585 2815 1584 2816 1585 2816 1586 2816 1202 2817 1224 2817 1587 2817 1587 2818 1224 2818 1222 2818 1288 2819 1266 2819 1287 2819 1287 2820 1266 2820 1285 2820 1287 2821 1285 2821 1286 2821 1588 2822 1589 2822 1565 2822 1565 2823 1589 2823 1590 2823 1565 2824 1590 2824 1579 2824 1567 2825 1591 2825 1565 2825 1565 2826 1591 2826 1592 2826 1565 2827 1592 2827 1585 2827 1585 2828 1592 2828 1593 2828 1585 2829 1593 2829 1586 2829 1188 2830 1189 2830 1162 2830 1222 2831 1220 2831 1587 2831 1587 2832 1220 2832 1218 2832 1587 2833 1218 2833 1563 2833 1244 2834 1256 2834 1290 2834 1290 2835 1256 2835 1266 2835 1290 2836 1266 2836 1289 2836 1289 2837 1266 2837 1288 2837 941 2838 942 2838 940 2838 940 2839 942 2839 943 2839 940 2840 943 2840 939 2840 1291 2841 1594 2841 1580 2841 1580 2842 1594 2842 1595 2842 1580 2843 1595 2843 1596 2843 1596 2844 1595 2844 1597 2844 1596 2845 1597 2845 1598 2845 1537 2846 1161 2846 1587 2846 1587 2847 1161 2847 1162 2847 1587 2848 1162 2848 1202 2848 1202 2849 1162 2849 1189 2849 1202 2850 1189 2850 1190 2850 1218 2851 1216 2851 1563 2851 1563 2852 1216 2852 1214 2852 1563 2853 1214 2853 1558 2853 1558 2854 1214 2854 1212 2854 1558 2855 1212 2855 1207 2855 882 2856 910 2856 1507 2856 1507 2857 910 2857 919 2857 1507 2858 919 2858 943 2858 943 2859 919 2859 938 2859 943 2860 938 2860 939 2860 1185 2861 1186 2861 1187 2861 1188 2862 1162 2862 1187 2862 1187 2863 1162 2863 1184 2863 1187 2864 1184 2864 1185 2864 1565 2865 1599 2865 1600 2865 1599 2866 1601 2866 1602 2866 1601 2867 811 2867 820 2867 1601 2868 820 2868 1602 2868 1602 2869 820 2869 821 2869 1602 2870 821 2870 1603 2870 1603 2871 821 2871 818 2871 1603 2872 818 2872 1604 2872 1604 2873 818 2873 817 2873 1604 2874 817 2874 1605 2874 1605 2875 817 2875 815 2875 1605 2876 815 2876 1606 2876 1606 2877 815 2877 814 2877 1606 2878 814 2878 1607 2878 1599 2879 1602 2879 1600 2879 1600 2880 1602 2880 1603 2880 1600 2881 1603 2881 1608 2881 1608 2882 1603 2882 1604 2882 1608 2883 1604 2883 1609 2883 1609 2884 1604 2884 1605 2884 1609 2885 1605 2885 1610 2885 1610 2886 1605 2886 1606 2886 1610 2887 1606 2887 1611 2887 1611 2888 1606 2888 1607 2888 1611 2889 1607 2889 1612 2889 1565 2890 1600 2890 1588 2890 1588 2891 1600 2891 1608 2891 1588 2892 1608 2892 1589 2892 1589 2893 1608 2893 1609 2893 1589 2894 1609 2894 1590 2894 1590 2895 1609 2895 1610 2895 1590 2896 1610 2896 1579 2896 1579 2897 1610 2897 1611 2897 1579 2898 1611 2898 1578 2898 1578 2899 1611 2899 1612 2899 1578 2900 1612 2900 1577 2900 1565 2901 1585 2901 1613 2901 1565 2902 1613 2902 1599 2902 1599 2903 1613 2903 1614 2903 1599 2904 1614 2904 1601 2904 1601 2905 1614 2905 802 2905 1601 2906 802 2906 811 2906 1592 2907 1615 2907 1616 2907 1615 2908 1617 2908 1618 2908 1617 2909 800 2909 809 2909 1617 2910 809 2910 1618 2910 1618 2911 809 2911 810 2911 1618 2912 810 2912 1619 2912 1619 2913 810 2913 807 2913 1619 2914 807 2914 1620 2914 1620 2915 807 2915 806 2915 1620 2916 806 2916 1621 2916 1621 2917 806 2917 803 2917 1621 2918 803 2918 1622 2918 1622 2919 803 2919 802 2919 1622 2920 802 2920 1614 2920 1615 2921 1618 2921 1616 2921 1616 2922 1618 2922 1619 2922 1616 2923 1619 2923 1623 2923 1623 2924 1619 2924 1620 2924 1623 2925 1620 2925 1624 2925 1624 2926 1620 2926 1621 2926 1624 2927 1621 2927 1625 2927 1625 2928 1621 2928 1622 2928 1625 2929 1622 2929 1626 2929 1626 2930 1622 2930 1614 2930 1626 2931 1614 2931 1613 2931 1592 2932 1616 2932 1593 2932 1593 2933 1616 2933 1623 2933 1593 2934 1623 2934 1586 2934 1586 2935 1623 2935 1624 2935 1586 2936 1624 2936 1584 2936 1584 2937 1624 2937 1625 2937 1584 2938 1625 2938 1582 2938 1582 2939 1625 2939 1626 2939 1582 2940 1626 2940 1583 2940 1583 2941 1626 2941 1613 2941 1583 2942 1613 2942 1585 2942 799 2943 800 2943 1627 2943 1627 2944 800 2944 1617 2944 1628 2945 1629 2945 1615 2945 1615 2946 1629 2946 1630 2946 1615 2947 1630 2947 1617 2947 1617 2948 1630 2948 1631 2948 1617 2949 1631 2949 1627 2949 1628 2950 1615 2950 1632 2950 1632 2951 1615 2951 1592 2951 1632 2952 1592 2952 1591 2952 1591 2953 1567 2953 1632 2953 1632 2954 1567 2954 1633 2954 1632 2955 1633 2955 1628 2955 1628 2956 1633 2956 1629 2956 1629 2957 1633 2957 1634 2957 1629 2958 1634 2958 1630 2958 1630 2959 1634 2959 1631 2959 1631 2960 1634 2960 1635 2960 1631 2961 1635 2961 1627 2961 1627 2962 1635 2962 789 2962 1627 2963 789 2963 799 2963 789 2964 1635 2964 1636 2964 1637 2965 1566 2965 1576 2965 1637 2966 1576 2966 1638 2966 1638 2967 1576 2967 1575 2967 1638 2968 1575 2968 1639 2968 1639 2969 1575 2969 1574 2969 1639 2970 1574 2970 1640 2970 1640 2971 1574 2971 1573 2971 1640 2972 1573 2972 1641 2972 1641 2973 1573 2973 1572 2973 1641 2974 1572 2974 1642 2974 1642 2975 1572 2975 1571 2975 1642 2976 1571 2976 1643 2976 1567 2977 1566 2977 1633 2977 1633 2978 1566 2978 1637 2978 1633 2979 1637 2979 1634 2979 1634 2980 1637 2980 1635 2980 1635 2981 1637 2981 1636 2981 1636 2982 1637 2982 1638 2982 1636 2983 1638 2983 1644 2983 1644 2984 1638 2984 1639 2984 1644 2985 1639 2985 1645 2985 1645 2986 1639 2986 1640 2986 1645 2987 1640 2987 1646 2987 1646 2988 1640 2988 1641 2988 1646 2989 1641 2989 1647 2989 1647 2990 1641 2990 1642 2990 1647 2991 1642 2991 1648 2991 1648 2992 1642 2992 1643 2992 1648 2993 1643 2993 1649 2993 1570 2994 1569 2994 1650 2994 1650 2995 1569 2995 1651 2995 1650 2996 1651 2996 1652 2996 1652 2997 1651 2997 1653 2997 1569 2998 1568 2998 1651 2998 1651 2999 1568 2999 1654 2999 1651 3000 1654 3000 1653 3000 1653 3001 1654 3001 1655 3001 1646 3002 793 3002 1645 3002 1645 3003 793 3003 792 3003 1645 3004 792 3004 1644 3004 1644 3005 792 3005 791 3005 1644 3006 791 3006 1636 3006 1636 3007 791 3007 790 3007 1636 3008 790 3008 789 3008 1649 3009 798 3009 1648 3009 1648 3010 798 3010 796 3010 1648 3011 796 3011 1647 3011 1647 3012 796 3012 795 3012 1647 3013 795 3013 1646 3013 1646 3014 795 3014 794 3014 1646 3015 794 3015 793 3015 787 3016 786 3016 1649 3016 1649 3017 786 3017 797 3017 1649 3018 797 3018 798 3018 1571 3019 1570 3019 1643 3019 1643 3020 1570 3020 1650 3020 1643 3021 1650 3021 1649 3021 1649 3022 1650 3022 1652 3022 1649 3023 1652 3023 787 3023 787 3024 1652 3024 1653 3024 787 3025 1653 3025 788 3025 788 3026 1653 3026 1655 3026 788 3027 1655 3027 757 3027 755 3028 757 3028 1656 3028 1656 3029 757 3029 1655 3029 1656 3030 1655 3030 1657 3030 1657 3031 1655 3031 1658 3031 1658 3032 1655 3032 1654 3032 1658 3033 1654 3033 1659 3033 1659 3034 1654 3034 1660 3034 1660 3035 1654 3035 1568 3035 1660 3036 1568 3036 1581 3036 1581 3037 1580 3037 1660 3037 1660 3038 1580 3038 1661 3038 1660 3039 1661 3039 1659 3039 1659 3040 1661 3040 1658 3040 1658 3041 1661 3041 1662 3041 1658 3042 1662 3042 1657 3042 1657 3043 1662 3043 1656 3043 1656 3044 1662 3044 1663 3044 1656 3045 1663 3045 755 3045 1291 3046 1292 3046 1664 3046 1292 3047 1293 3047 1665 3047 1293 3048 1294 3048 1666 3048 1293 3049 1666 3049 1665 3049 1665 3050 1666 3050 1667 3050 1665 3051 1667 3051 1668 3051 1668 3052 1667 3052 1669 3052 1668 3053 1669 3053 1670 3053 1670 3054 1669 3054 1671 3054 1670 3055 1671 3055 1672 3055 1672 3056 1671 3056 1673 3056 1672 3057 1673 3057 1674 3057 1674 3058 1673 3058 1663 3058 1674 3059 1663 3059 1662 3059 1292 3060 1665 3060 1664 3060 1664 3061 1665 3061 1668 3061 1664 3062 1668 3062 1675 3062 1675 3063 1668 3063 1670 3063 1675 3064 1670 3064 1676 3064 1676 3065 1670 3065 1672 3065 1676 3066 1672 3066 1677 3066 1677 3067 1672 3067 1674 3067 1677 3068 1674 3068 1678 3068 1678 3069 1674 3069 1662 3069 1678 3070 1662 3070 1661 3070 1291 3071 1664 3071 1594 3071 1594 3072 1664 3072 1675 3072 1594 3073 1675 3073 1595 3073 1595 3074 1675 3074 1676 3074 1595 3075 1676 3075 1597 3075 1597 3076 1676 3076 1677 3076 1597 3077 1677 3077 1598 3077 1598 3078 1677 3078 1678 3078 1598 3079 1678 3079 1596 3079 1596 3080 1678 3080 1661 3080 1596 3081 1661 3081 1580 3081 1663 3082 1087 3082 1090 3082 1090 3083 1089 3083 1663 3083 1663 3084 1089 3084 1094 3084 1663 3085 1094 3085 1093 3085 1087 3086 1663 3086 1085 3086 1085 3087 1663 3087 1673 3087 1085 3088 1673 3088 1083 3088 1083 3089 1673 3089 1671 3089 1083 3090 1671 3090 1081 3090 1081 3091 1671 3091 1669 3091 1081 3092 1669 3092 1298 3092 1294 3093 1296 3093 1666 3093 1666 3094 1296 3094 1298 3094 1666 3095 1298 3095 1667 3095 1667 3096 1298 3096 1669 3096 753 3097 754 3097 756 3097 1092 3098 1679 3098 1093 3098 1093 3099 1679 3099 1680 3099 755 3100 1663 3100 756 3100 756 3101 1663 3101 1093 3101 756 3102 1093 3102 753 3102 753 3103 1093 3103 1680 3103 753 3104 1680 3104 962 3104 1679 3105 1092 3105 1108 3105 1679 3106 1108 3106 1681 3106 1108 3107 1106 3107 1681 3107 1681 3108 1106 3108 1104 3108 1681 3109 1104 3109 1682 3109 1100 3110 1395 3110 1101 3110 1101 3111 1395 3111 1682 3111 1101 3112 1682 3112 1102 3112 1102 3113 1682 3113 1104 3113 1683 3114 1684 3114 1685 3114 1683 3115 1685 3115 1686 3115 1686 3116 1685 3116 1687 3116 1686 3117 1687 3117 1688 3117 1688 3118 1687 3118 1689 3118 1688 3119 1689 3119 1690 3119 1684 3120 1683 3120 1691 3120 1691 3121 1683 3121 1692 3121 1693 3122 1694 3122 1695 3122 1695 3123 1694 3123 1696 3123 1694 3124 1697 3124 1696 3124 1696 3125 1697 3125 1698 3125 1696 3126 1698 3126 1699 3126 1698 3127 1700 3127 1699 3127 1699 3128 1700 3128 1701 3128 1699 3129 1701 3129 1702 3129 1701 3130 1703 3130 1702 3130 1702 3131 1703 3131 1704 3131 1702 3132 1704 3132 1705 3132 1691 3133 1692 3133 1706 3133 1706 3134 1692 3134 1705 3134 1706 3135 1705 3135 1707 3135 1707 3136 1705 3136 1704 3136 1693 3137 1695 3137 1708 3137 1708 3138 1695 3138 1709 3138 1710 3139 1711 3139 1712 3139 1712 3140 1711 3140 1713 3140 1713 3141 1711 3141 1714 3141 1714 3142 1711 3142 1715 3142 1714 3143 1715 3143 1716 3143 1716 3144 1715 3144 1717 3144 1716 3145 1717 3145 1718 3145 1718 3146 1717 3146 1719 3146 1718 3147 1719 3147 1720 3147 1719 3148 1721 3148 1720 3148 1720 3149 1721 3149 1693 3149 1720 3150 1693 3150 1708 3150 1721 3151 1719 3151 1722 3151 1711 3152 1710 3152 1723 3152 1719 3153 1717 3153 1724 3153 1724 3154 1717 3154 1715 3154 1724 3155 1715 3155 1711 3155 1721 3156 1722 3156 1693 3156 1711 3157 1723 3157 1724 3157 1724 3158 1723 3158 1725 3158 1724 3159 1725 3159 1726 3159 1726 3160 1725 3160 1727 3160 1726 3161 1727 3161 1728 3161 1728 3162 1727 3162 1729 3162 1728 3163 1729 3163 1730 3163 1730 3164 1729 3164 1731 3164 1730 3165 1731 3165 1732 3165 1732 3166 1731 3166 1733 3166 1732 3167 1733 3167 1734 3167 1734 3168 1733 3168 1735 3168 1734 3169 1735 3169 1736 3169 1736 3170 1735 3170 1737 3170 1736 3171 1737 3171 1738 3171 1738 3172 1737 3172 1739 3172 1738 3173 1739 3173 1740 3173 1740 3174 1739 3174 1741 3174 1740 3175 1741 3175 1742 3175 1719 3176 1724 3176 1722 3176 1722 3177 1724 3177 1726 3177 1722 3178 1726 3178 1743 3178 1743 3179 1726 3179 1728 3179 1743 3180 1728 3180 1744 3180 1744 3181 1728 3181 1730 3181 1744 3182 1730 3182 1745 3182 1745 3183 1730 3183 1732 3183 1745 3184 1732 3184 1746 3184 1746 3185 1732 3185 1734 3185 1746 3186 1734 3186 1747 3186 1747 3187 1734 3187 1736 3187 1747 3188 1736 3188 1748 3188 1748 3189 1736 3189 1738 3189 1748 3190 1738 3190 1749 3190 1749 3191 1738 3191 1740 3191 1749 3192 1740 3192 1750 3192 1750 3193 1740 3193 1742 3193 1750 3194 1742 3194 1751 3194 1693 3195 1722 3195 1694 3195 1694 3196 1722 3196 1743 3196 1694 3197 1743 3197 1697 3197 1697 3198 1743 3198 1744 3198 1697 3199 1744 3199 1698 3199 1698 3200 1744 3200 1745 3200 1698 3201 1745 3201 1700 3201 1700 3202 1745 3202 1746 3202 1700 3203 1746 3203 1701 3203 1701 3204 1746 3204 1747 3204 1701 3205 1747 3205 1703 3205 1703 3206 1747 3206 1748 3206 1703 3207 1748 3207 1704 3207 1704 3208 1748 3208 1749 3208 1704 3209 1749 3209 1707 3209 1707 3210 1749 3210 1750 3210 1707 3211 1750 3211 1706 3211 1706 3212 1750 3212 1751 3212 1706 3213 1751 3213 1691 3213 1741 3214 1752 3214 1753 3214 1741 3215 1753 3215 1742 3215 1742 3216 1753 3216 1754 3216 1742 3217 1754 3217 1751 3217 1751 3218 1754 3218 1684 3218 1751 3219 1684 3219 1691 3219 1752 3220 1755 3220 1756 3220 1752 3221 1756 3221 1757 3221 1757 3222 1756 3222 1758 3222 1757 3223 1758 3223 1759 3223 1759 3224 1758 3224 1760 3224 1759 3225 1760 3225 1689 3225 1761 3226 1762 3226 1763 3226 1760 3227 1758 3227 1764 3227 1762 3228 1765 3228 1763 3228 1763 3229 1765 3229 1764 3229 1763 3230 1764 3230 1766 3230 1766 3231 1764 3231 1758 3231 1766 3232 1758 3232 1756 3232 1761 3233 1763 3233 1767 3233 1767 3234 1763 3234 1766 3234 1767 3235 1766 3235 1768 3235 1768 3236 1766 3236 1756 3236 1768 3237 1756 3237 1755 3237 1765 3238 1760 3238 1764 3238 1762 3239 1769 3239 1765 3239 1765 3240 1769 3240 1760 3240 1755 3241 1770 3241 1771 3241 1755 3242 1771 3242 1768 3242 1768 3243 1771 3243 1772 3243 1768 3244 1772 3244 1767 3244 1767 3245 1772 3245 1773 3245 1767 3246 1773 3246 1761 3246 1773 3247 1772 3247 1774 3247 1772 3248 1771 3248 1775 3248 1771 3249 1770 3249 1776 3249 1771 3250 1776 3250 1775 3250 1775 3251 1776 3251 1777 3251 1775 3252 1777 3252 1778 3252 1778 3253 1777 3253 1779 3253 1778 3254 1779 3254 1780 3254 1780 3255 1779 3255 1781 3255 1780 3256 1781 3256 1782 3256 1782 3257 1781 3257 1783 3257 1782 3258 1783 3258 1784 3258 1784 3259 1783 3259 1785 3259 1784 3260 1785 3260 1786 3260 1786 3261 1785 3261 1787 3261 1786 3262 1787 3262 1788 3262 1788 3263 1787 3263 1789 3263 1788 3264 1789 3264 1790 3264 1790 3265 1789 3265 1791 3265 1790 3266 1791 3266 1792 3266 1792 3267 1791 3267 1793 3267 1792 3268 1793 3268 1794 3268 1772 3269 1775 3269 1774 3269 1774 3270 1775 3270 1778 3270 1774 3271 1778 3271 1795 3271 1795 3272 1778 3272 1780 3272 1795 3273 1780 3273 1796 3273 1796 3274 1780 3274 1782 3274 1796 3275 1782 3275 1797 3275 1797 3276 1782 3276 1784 3276 1797 3277 1784 3277 1798 3277 1798 3278 1784 3278 1786 3278 1798 3279 1786 3279 1799 3279 1799 3280 1786 3280 1788 3280 1799 3281 1788 3281 1800 3281 1800 3282 1788 3282 1790 3282 1800 3283 1790 3283 1801 3283 1801 3284 1790 3284 1792 3284 1801 3285 1792 3285 1802 3285 1802 3286 1792 3286 1794 3286 1802 3287 1794 3287 1803 3287 1773 3288 1774 3288 1804 3288 1804 3289 1774 3289 1795 3289 1804 3290 1795 3290 1805 3290 1805 3291 1795 3291 1796 3291 1805 3292 1796 3292 1806 3292 1806 3293 1796 3293 1797 3293 1806 3294 1797 3294 1807 3294 1807 3295 1797 3295 1798 3295 1807 3296 1798 3296 1808 3296 1808 3297 1798 3297 1799 3297 1808 3298 1799 3298 1809 3298 1809 3299 1799 3299 1800 3299 1809 3300 1800 3300 1810 3300 1810 3301 1800 3301 1801 3301 1810 3302 1801 3302 1811 3302 1811 3303 1801 3303 1802 3303 1811 3304 1802 3304 1812 3304 1812 3305 1802 3305 1803 3305 1812 3306 1803 3306 1813 3306 1793 3307 1814 3307 1815 3307 1793 3308 1815 3308 1794 3308 1794 3309 1815 3309 1816 3309 1794 3310 1816 3310 1803 3310 1803 3311 1816 3311 1817 3311 1803 3312 1817 3312 1813 3312 1817 3313 1818 3313 1813 3313 1813 3314 1818 3314 1819 3314 1818 3315 1817 3315 1820 3315 1818 3316 1820 3316 1821 3316 1821 3317 1820 3317 1822 3317 1821 3318 1822 3318 1823 3318 1823 3319 1822 3319 1824 3319 1823 3320 1824 3320 1825 3320 1822 3321 1820 3321 1826 3321 1817 3322 1816 3322 1827 3322 1826 3323 1820 3323 1817 3323 1828 3324 1829 3324 1830 3324 1830 3325 1829 3325 1827 3325 1830 3326 1827 3326 1831 3326 1831 3327 1827 3327 1816 3327 1831 3328 1816 3328 1815 3328 1828 3329 1832 3329 1824 3329 1832 3330 1828 3330 1833 3330 1833 3331 1828 3331 1830 3331 1833 3332 1830 3332 1834 3332 1834 3333 1830 3333 1835 3333 1835 3334 1830 3334 1831 3334 1835 3335 1831 3335 1836 3335 1836 3336 1831 3336 1815 3336 1836 3337 1815 3337 1814 3337 1829 3338 1817 3338 1827 3338 1824 3339 1822 3339 1828 3339 1828 3340 1822 3340 1826 3340 1828 3341 1826 3341 1829 3341 1829 3342 1826 3342 1817 3342 1814 3343 1837 3343 1836 3343 1836 3344 1837 3344 1838 3344 1836 3345 1838 3345 1835 3345 1835 3346 1838 3346 1834 3346 1834 3347 1838 3347 1839 3347 1834 3348 1839 3348 1833 3348 1833 3349 1839 3349 1832 3349 1832 3350 1839 3350 1840 3350 1832 3351 1840 3351 1824 3351 1791 3352 1837 3352 1793 3352 1793 3353 1837 3353 1814 3353 1837 3354 1737 3354 1735 3354 1725 3355 1841 3355 1727 3355 1727 3356 1841 3356 1837 3356 1727 3357 1837 3357 1729 3357 1725 3358 1723 3358 1841 3358 1841 3359 1723 3359 1710 3359 1841 3360 1710 3360 1712 3360 1737 3361 1783 3361 1781 3361 1781 3362 1779 3362 1737 3362 1737 3363 1779 3363 1777 3363 1737 3364 1777 3364 1776 3364 1735 3365 1733 3365 1837 3365 1837 3366 1733 3366 1731 3366 1837 3367 1731 3367 1729 3367 1791 3368 1789 3368 1837 3368 1837 3369 1789 3369 1787 3369 1837 3370 1787 3370 1737 3370 1737 3371 1787 3371 1785 3371 1737 3372 1785 3372 1783 3372 1755 3373 1752 3373 1770 3373 1770 3374 1752 3374 1741 3374 1770 3375 1741 3375 1776 3375 1776 3376 1741 3376 1739 3376 1776 3377 1739 3377 1737 3377 1841 3378 1712 3378 1842 3378 1841 3379 1842 3379 1843 3379 1843 3380 1842 3380 1844 3380 1843 3381 1844 3381 1845 3381 1845 3382 1844 3382 1846 3382 1845 3383 1846 3383 1847 3383 1716 3384 1718 3384 1848 3384 1708 3385 1849 3385 1850 3385 1713 3386 1714 3386 1851 3386 1851 3387 1714 3387 1716 3387 1716 3388 1848 3388 1851 3388 1851 3389 1848 3389 1850 3389 1851 3390 1850 3390 1852 3390 1852 3391 1850 3391 1849 3391 1852 3392 1849 3392 1853 3392 1842 3393 1712 3393 1713 3393 1713 3394 1851 3394 1842 3394 1842 3395 1851 3395 1852 3395 1842 3396 1852 3396 1844 3396 1844 3397 1852 3397 1853 3397 1844 3398 1853 3398 1846 3398 1848 3399 1708 3399 1850 3399 1718 3400 1720 3400 1848 3400 1848 3401 1720 3401 1708 3401 1854 3402 1846 3402 1853 3402 1854 3403 1853 3403 1855 3403 1855 3404 1853 3404 1849 3404 1855 3405 1849 3405 1856 3405 1856 3406 1849 3406 1708 3406 1856 3407 1708 3407 1709 3407 1854 3408 1857 3408 1398 3408 978 3409 1858 3409 1847 3409 1398 3410 1399 3410 1854 3410 1854 3411 1399 3411 978 3411 1854 3412 978 3412 1846 3412 1846 3413 978 3413 1847 3413 1859 3414 1860 3414 1861 3414 1861 3415 1860 3415 1862 3415 1861 3416 1862 3416 1863 3416 1863 3417 1862 3417 1864 3417 1863 3418 1864 3418 1865 3418 1865 3419 1864 3419 1866 3419 1865 3420 1866 3420 1867 3420 1867 3421 1866 3421 1868 3421 1867 3422 1868 3422 1869 3422 1869 3423 1868 3423 1870 3423 1869 3424 1870 3424 1871 3424 1871 3425 1870 3425 1872 3425 1871 3426 1872 3426 1873 3426 1873 3427 1872 3427 1874 3427 1856 3428 1857 3428 1855 3428 1855 3429 1857 3429 1854 3429 1690 3430 1875 3430 1688 3430 1688 3431 1875 3431 1686 3431 1870 3432 1702 3432 1872 3432 1872 3433 1702 3433 1705 3433 1872 3434 1705 3434 1874 3434 1874 3435 1705 3435 1692 3435 1874 3436 1692 3436 1876 3436 1876 3437 1692 3437 1683 3437 1876 3438 1683 3438 1877 3438 1877 3439 1683 3439 1686 3439 1877 3440 1686 3440 1878 3440 1878 3441 1686 3441 1875 3441 1878 3442 1875 3442 1879 3442 1879 3443 1875 3443 1880 3443 1879 3444 1880 3444 1881 3444 1880 3445 1882 3445 1881 3445 1881 3446 1882 3446 1883 3446 1881 3447 1883 3447 1884 3447 1884 3448 1883 3448 1885 3448 1884 3449 1885 3449 1860 3449 1860 3450 1885 3450 1857 3450 1860 3451 1857 3451 1862 3451 1862 3452 1857 3452 1856 3452 1862 3453 1856 3453 1864 3453 1864 3454 1856 3454 1709 3454 1864 3455 1709 3455 1866 3455 1866 3456 1709 3456 1695 3456 1866 3457 1695 3457 1868 3457 1868 3458 1695 3458 1696 3458 1868 3459 1696 3459 1870 3459 1870 3460 1696 3460 1699 3460 1870 3461 1699 3461 1702 3461 1398 3462 1857 3462 1885 3462 1398 3463 1885 3463 1886 3463 1886 3464 1885 3464 1883 3464 1886 3465 1883 3465 1887 3465 1887 3466 1883 3466 1882 3466 1887 3467 1882 3467 1888 3467 1888 3468 1882 3468 1880 3468 1888 3469 1880 3469 1889 3469 1889 3470 1880 3470 1875 3470 1889 3471 1875 3471 1393 3471 1338 3472 1339 3472 1890 3472 1890 3473 1339 3473 1891 3473 1890 3474 1891 3474 1892 3474 1892 3475 1891 3475 1893 3475 1892 3476 1893 3476 1894 3476 1894 3477 1893 3477 1895 3477 1894 3478 1895 3478 1896 3478 1896 3479 1895 3479 1897 3479 1896 3480 1897 3480 1898 3480 1898 3481 1897 3481 1899 3481 1898 3482 1899 3482 1900 3482 1900 3483 1899 3483 1901 3483 1900 3484 1901 3484 1902 3484 1902 3485 1901 3485 1903 3485 1902 3486 1903 3486 1904 3486 1904 3487 1903 3487 1905 3487 1904 3488 1905 3488 1326 3488 1326 3489 1905 3489 1327 3489 1906 3490 1907 3490 1908 3490 1908 3491 1907 3491 1909 3491 1385 3492 1392 3492 1910 3492 1385 3493 1910 3493 1911 3493 1911 3494 1910 3494 1912 3494 1911 3495 1912 3495 1913 3495 1913 3496 1912 3496 1914 3496 1913 3497 1914 3497 1915 3497 1915 3498 1914 3498 1916 3498 1915 3499 1916 3499 1917 3499 1917 3500 1916 3500 1918 3500 1917 3501 1918 3501 1919 3501 1919 3502 1918 3502 1920 3502 1919 3503 1920 3503 1921 3503 1921 3504 1920 3504 1922 3504 1921 3505 1922 3505 1923 3505 1923 3506 1922 3506 1924 3506 1923 3507 1924 3507 1925 3507 1925 3508 1924 3508 1909 3508 1925 3509 1909 3509 1907 3509 1352 3510 1353 3510 1926 3510 1926 3511 1353 3511 1927 3511 1926 3512 1927 3512 1928 3512 1928 3513 1927 3513 1929 3513 1928 3514 1929 3514 1930 3514 1930 3515 1929 3515 1931 3515 1930 3516 1931 3516 1932 3516 1932 3517 1931 3517 1933 3517 1932 3518 1933 3518 1934 3518 1934 3519 1933 3519 1935 3519 1934 3520 1935 3520 1936 3520 1936 3521 1935 3521 1937 3521 1936 3522 1937 3522 1938 3522 1938 3523 1937 3523 1939 3523 1938 3524 1939 3524 1940 3524 1940 3525 1939 3525 1941 3525 1940 3526 1941 3526 1340 3526 1340 3527 1941 3527 1341 3527 1891 3528 1339 3528 1906 3528 1906 3529 1339 3529 1907 3529 1937 3530 1923 3530 1939 3530 1939 3531 1923 3531 1925 3531 1939 3532 1925 3532 1941 3532 1941 3533 1925 3533 1907 3533 1941 3534 1907 3534 1341 3534 1341 3535 1907 3535 1339 3535 98 3536 1327 3536 1942 3536 1942 3537 1327 3537 1905 3537 1942 3538 1905 3538 1943 3538 1943 3539 1905 3539 1903 3539 1943 3540 1903 3540 1944 3540 1944 3541 1903 3541 1901 3541 1944 3542 1901 3542 1945 3542 1945 3543 1901 3543 1899 3543 1945 3544 1899 3544 1946 3544 1946 3545 1899 3545 1897 3545 1946 3546 1897 3546 1947 3546 1947 3547 1897 3547 1895 3547 1891 3548 1906 3548 1893 3548 1893 3549 1906 3549 1948 3549 1893 3550 1948 3550 1895 3550 1895 3551 1948 3551 1949 3551 1895 3552 1949 3552 1947 3552 1353 3553 1385 3553 1927 3553 1927 3554 1385 3554 1911 3554 1927 3555 1911 3555 1929 3555 1929 3556 1911 3556 1913 3556 1929 3557 1913 3557 1931 3557 1931 3558 1913 3558 1915 3558 1931 3559 1915 3559 1933 3559 1933 3560 1915 3560 1917 3560 1933 3561 1917 3561 1935 3561 1935 3562 1917 3562 1919 3562 1935 3563 1919 3563 1937 3563 1937 3564 1919 3564 1921 3564 1937 3565 1921 3565 1923 3565 1906 3566 1908 3566 1950 3566 1906 3567 1950 3567 1948 3567 1948 3568 1950 3568 1951 3568 1948 3569 1951 3569 1949 3569 1949 3570 1951 3570 1952 3570 1949 3571 1952 3571 1947 3571 1947 3572 1952 3572 1953 3572 1947 3573 1953 3573 1946 3573 1946 3574 1953 3574 1954 3574 1946 3575 1954 3575 1945 3575 1945 3576 1954 3576 1955 3576 1945 3577 1955 3577 1944 3577 1944 3578 1955 3578 1956 3578 1944 3579 1956 3579 1943 3579 1943 3580 1956 3580 1957 3580 1943 3581 1957 3581 1942 3581 1942 3582 1957 3582 1354 3582 1942 3583 1354 3583 98 3583 1395 3584 1958 3584 1959 3584 1395 3585 1959 3585 1960 3585 1960 3586 1959 3586 1961 3586 1960 3587 1961 3587 1962 3587 1962 3588 1961 3588 1963 3588 1962 3589 1963 3589 1964 3589 1964 3590 1963 3590 1965 3590 1964 3591 1965 3591 1966 3591 1966 3592 1965 3592 1967 3592 1966 3593 1967 3593 1679 3593 1968 3594 1958 3594 1956 3594 1956 3595 1958 3595 1957 3595 1957 3596 1958 3596 1395 3596 1957 3597 1395 3597 1354 3597 1690 3598 1920 3598 1918 3598 1918 3599 1916 3599 1690 3599 1690 3600 1916 3600 1914 3600 1690 3601 1914 3601 1875 3601 1875 3602 1914 3602 1912 3602 1875 3603 1912 3603 1393 3603 1393 3604 1912 3604 1910 3604 1393 3605 1910 3605 1392 3605 1956 3606 1955 3606 1968 3606 1968 3607 1955 3607 1954 3607 1968 3608 1954 3608 1760 3608 1760 3609 1954 3609 1953 3609 1760 3610 1953 3610 1689 3610 1953 3611 1952 3611 1689 3611 1689 3612 1952 3612 1951 3612 1689 3613 1951 3613 1690 3613 1690 3614 1951 3614 1950 3614 1690 3615 1950 3615 1920 3615 1920 3616 1950 3616 1922 3616 1908 3617 1909 3617 1950 3617 1950 3618 1909 3618 1924 3618 1950 3619 1924 3619 1922 3619 1968 3620 1760 3620 1769 3620 1968 3621 1769 3621 1969 3621 1969 3622 1769 3622 1762 3622 1969 3623 1762 3623 1970 3623 1970 3624 1762 3624 1761 3624 1970 3625 1761 3625 1971 3625 1773 3626 1972 3626 1761 3626 1761 3627 1972 3627 1971 3627 1972 3628 1773 3628 1804 3628 1972 3629 1804 3629 1973 3629 1804 3630 1805 3630 1973 3630 1973 3631 1805 3631 1806 3631 1973 3632 1806 3632 1974 3632 1806 3633 1807 3633 1974 3633 1974 3634 1807 3634 1808 3634 1974 3635 1808 3635 1975 3635 1808 3636 1809 3636 1975 3636 1975 3637 1809 3637 1810 3637 1975 3638 1810 3638 1976 3638 1813 3639 1819 3639 1812 3639 1812 3640 1819 3640 1976 3640 1812 3641 1976 3641 1811 3641 1811 3642 1976 3642 1810 3642 1977 3643 1978 3643 1979 3643 1979 3644 1978 3644 1980 3644 1979 3645 1980 3645 1981 3645 1981 3646 1980 3646 1982 3646 1981 3647 1982 3647 1983 3647 1983 3648 1982 3648 1984 3648 1983 3649 1984 3649 1985 3649 1985 3650 1984 3650 1986 3650 1985 3651 1986 3651 1987 3651 1987 3652 1986 3652 1988 3652 1987 3653 1988 3653 1989 3653 1989 3654 1988 3654 1990 3654 1989 3655 1990 3655 1991 3655 1991 3656 1990 3656 1992 3656 1991 3657 1992 3657 1993 3657 1993 3658 1992 3658 1994 3658 1993 3659 1994 3659 1995 3659 1995 3660 1994 3660 1996 3660 1995 3661 1996 3661 1997 3661 1997 3662 1996 3662 1998 3662 1997 3663 1998 3663 1999 3663 1999 3664 1998 3664 2000 3664 1999 3665 2000 3665 2001 3665 2001 3666 2000 3666 2002 3666 2001 3667 2002 3667 2003 3667 2003 3668 2002 3668 2004 3668 2003 3669 2004 3669 1977 3669 1977 3670 2004 3670 1978 3670 1825 3671 1967 3671 1823 3671 1823 3672 1967 3672 1821 3672 1986 3673 1969 3673 1988 3673 1988 3674 1969 3674 1970 3674 1988 3675 1970 3675 1990 3675 1990 3676 1970 3676 1992 3676 1968 3677 1969 3677 1958 3677 1958 3678 1969 3678 1986 3678 1958 3679 1986 3679 1959 3679 1959 3680 1986 3680 1984 3680 1959 3681 1984 3681 1961 3681 1961 3682 1984 3682 1982 3682 1961 3683 1982 3683 1963 3683 1963 3684 1982 3684 1980 3684 1992 3685 1970 3685 1994 3685 1994 3686 1970 3686 1971 3686 1994 3687 1971 3687 1972 3687 1972 3688 1973 3688 1994 3688 1994 3689 1973 3689 1974 3689 1994 3690 1974 3690 1996 3690 1996 3691 1974 3691 1975 3691 1996 3692 1975 3692 1998 3692 1998 3693 1975 3693 1976 3693 1998 3694 1976 3694 2000 3694 2000 3695 1976 3695 1819 3695 2000 3696 1819 3696 2002 3696 2002 3697 1819 3697 1818 3697 2002 3698 1818 3698 2004 3698 2004 3699 1818 3699 1821 3699 2004 3700 1821 3700 1978 3700 1978 3701 1821 3701 1967 3701 1978 3702 1967 3702 1980 3702 1980 3703 1967 3703 1965 3703 1980 3704 1965 3704 1963 3704 1679 3705 1967 3705 1680 3705 1680 3706 1967 3706 1825 3706 1680 3707 1825 3707 962 3707 962 3708 1825 3708 1824 3708 962 3709 1824 3709 2005 3709 2005 3710 1824 3710 1840 3710 1840 3711 1839 3711 1838 3711 1858 3712 2006 3712 1847 3712 1847 3713 2006 3713 2007 3713 1847 3714 2007 3714 1845 3714 1845 3715 2007 3715 1843 3715 2008 3716 2005 3716 2009 3716 2009 3717 2005 3717 1840 3717 1840 3718 1838 3718 2009 3718 2009 3719 1838 3719 1837 3719 2009 3720 1837 3720 2007 3720 2007 3721 1837 3721 1841 3721 2007 3722 1841 3722 1843 3722 2010 3723 2011 3723 2012 3723 2013 3724 2014 3724 2015 3724 2016 3725 2017 3725 2018 3725 2017 3726 2019 3726 2020 3726 2020 3727 2019 3727 2021 3727 2020 3728 2021 3728 2022 3728 2016 3729 2018 3729 2014 3729 2023 3730 2024 3730 2013 3730 2013 3731 2015 3731 2023 3731 2023 3732 2015 3732 2025 3732 2023 3733 2025 3733 2026 3733 2022 3734 2027 3734 2020 3734 2020 3735 2027 3735 2028 3735 2020 3736 2028 3736 2029 3736 2029 3737 2028 3737 2030 3737 2029 3738 2030 3738 2031 3738 2030 3739 2032 3739 2031 3739 2031 3740 2032 3740 2033 3740 2031 3741 2033 3741 2034 3741 2017 3742 2020 3742 2018 3742 2018 3743 2020 3743 2029 3743 2018 3744 2029 3744 2035 3744 2035 3745 2029 3745 2031 3745 2035 3746 2031 3746 2036 3746 2036 3747 2031 3747 2034 3747 2036 3748 2034 3748 2037 3748 2014 3749 2018 3749 2015 3749 2015 3750 2018 3750 2035 3750 2015 3751 2035 3751 2025 3751 2025 3752 2035 3752 2036 3752 2025 3753 2036 3753 2012 3753 2012 3754 2036 3754 2037 3754 2012 3755 2037 3755 2010 3755 2026 3756 2025 3756 2038 3756 2038 3757 2025 3757 2012 3757 2038 3758 2012 3758 2039 3758 2039 3759 2012 3759 2011 3759 2039 3760 2011 3760 2040 3760 2041 3761 2024 3761 2023 3761 2041 3762 2023 3762 2042 3762 2042 3763 2023 3763 2026 3763 2042 3764 2026 3764 2043 3764 2040 3765 2044 3765 2039 3765 2039 3766 2044 3766 2043 3766 2039 3767 2043 3767 2038 3767 2038 3768 2043 3768 2026 3768 2044 3769 2045 3769 2046 3769 2042 3770 2043 3770 2041 3770 2041 3771 2043 3771 2044 3771 2041 3772 2044 3772 2047 3772 2047 3773 2044 3773 2046 3773 2048 3774 2049 3774 2050 3774 2051 3775 2052 3775 2053 3775 2054 3776 2055 3776 2056 3776 2054 3777 2056 3777 2057 3777 2058 3778 2059 3778 2060 3778 2060 3779 2059 3779 2061 3779 2062 3780 2063 3780 2064 3780 2064 3781 2063 3781 2065 3781 2064 3782 2065 3782 2061 3782 2061 3783 2065 3783 2066 3783 2061 3784 2066 3784 2060 3784 2067 3785 2068 3785 2069 3785 2069 3786 2068 3786 2070 3786 2069 3787 2070 3787 2071 3787 2072 3788 2073 3788 2067 3788 2067 3789 2073 3789 2074 3789 2067 3790 2074 3790 2068 3790 2056 3791 2075 3791 2057 3791 2057 3792 2075 3792 2076 3792 2057 3793 2076 3793 2077 3793 2077 3794 2076 3794 2078 3794 2077 3795 2078 3795 2079 3795 2079 3796 2078 3796 2080 3796 2079 3797 2080 3797 2081 3797 2081 3798 2080 3798 2082 3798 2081 3799 2082 3799 2083 3799 2083 3800 2082 3800 2084 3800 2083 3801 2084 3801 2085 3801 2085 3802 2084 3802 2086 3802 2070 3803 2062 3803 2071 3803 2071 3804 2062 3804 2064 3804 2071 3805 2064 3805 2087 3805 2088 3806 2089 3806 2059 3806 2059 3807 2089 3807 2090 3807 2059 3808 2090 3808 2061 3808 2061 3809 2090 3809 2091 3809 2061 3810 2091 3810 2064 3810 2064 3811 2091 3811 2092 3811 2064 3812 2092 3812 2087 3812 2093 3813 2094 3813 2088 3813 2088 3814 2094 3814 2095 3814 2088 3815 2095 3815 2089 3815 2096 3816 2097 3816 2088 3816 2093 3817 2088 3817 2098 3817 2098 3818 2088 3818 2097 3818 2098 3819 2097 3819 2099 3819 2100 3820 2055 3820 2053 3820 2053 3821 2055 3821 2054 3821 2053 3822 2054 3822 2051 3822 2051 3823 2054 3823 2101 3823 2102 3824 2103 3824 2104 3824 2104 3825 2103 3825 2105 3825 2106 3826 2107 3826 2104 3826 2104 3827 2107 3827 2108 3827 2104 3828 2108 3828 2102 3828 2109 3829 2110 3829 2111 3829 2110 3830 2112 3830 2111 3830 2111 3831 2112 3831 2113 3831 2111 3832 2113 3832 2114 3832 2114 3833 2113 3833 2115 3833 2111 3834 2116 3834 2117 3834 2109 3835 2111 3835 2118 3835 2118 3836 2111 3836 2117 3836 2118 3837 2117 3837 2119 3837 2120 3838 2085 3838 2072 3838 2072 3839 2085 3839 2086 3839 2072 3840 2086 3840 2073 3840 2120 3841 2072 3841 2121 3841 2121 3842 2072 3842 2067 3842 2121 3843 2067 3843 2122 3843 2123 3844 2124 3844 2125 3844 2125 3845 2124 3845 2126 3845 2125 3846 2126 3846 2050 3846 2050 3847 2126 3847 2127 3847 2050 3848 2127 3848 2048 3848 2128 3849 2129 3849 2125 3849 2125 3850 2129 3850 2130 3850 2125 3851 2130 3851 2123 3851 2101 3852 2054 3852 2131 3852 2131 3853 2054 3853 2057 3853 2131 3854 2057 3854 2105 3854 2105 3855 2057 3855 2077 3855 2105 3856 2077 3856 2104 3856 2104 3857 2077 3857 2079 3857 2104 3858 2079 3858 2132 3858 2051 3859 2096 3859 2052 3859 2052 3860 2096 3860 2088 3860 2052 3861 2088 3861 2053 3861 2053 3862 2088 3862 2059 3862 2053 3863 2059 3863 2100 3863 2100 3864 2059 3864 2058 3864 2122 3865 2067 3865 2049 3865 2049 3866 2067 3866 2069 3866 2049 3867 2069 3867 2050 3867 2050 3868 2069 3868 2071 3868 2050 3869 2071 3869 2125 3869 2125 3870 2071 3870 2087 3870 2125 3871 2087 3871 2128 3871 2133 3872 2106 3872 2134 3872 2134 3873 2106 3873 2104 3873 2134 3874 2104 3874 2135 3874 2135 3875 2104 3875 2132 3875 2135 3876 2132 3876 2136 3876 2136 3877 2132 3877 2079 3877 2136 3878 2079 3878 2137 3878 2137 3879 2079 3879 2081 3879 2137 3880 2081 3880 2115 3880 2115 3881 2081 3881 2083 3881 2115 3882 2083 3882 2114 3882 2114 3883 2083 3883 2085 3883 2114 3884 2085 3884 2111 3884 2111 3885 2085 3885 2120 3885 2111 3886 2120 3886 2116 3886 2138 3887 2056 3887 2055 3887 2070 3888 2068 3888 2139 3888 2065 3889 2063 3889 2140 3889 2138 3890 2055 3890 2141 3890 2141 3891 2055 3891 2100 3891 2141 3892 2100 3892 2142 3892 2140 3893 2063 3893 2139 3893 2139 3894 2063 3894 2062 3894 2139 3895 2062 3895 2070 3895 2056 3896 2138 3896 2075 3896 2075 3897 2138 3897 2143 3897 2075 3898 2143 3898 2076 3898 2100 3899 2058 3899 2142 3899 2142 3900 2058 3900 2060 3900 2142 3901 2060 3901 2140 3901 2140 3902 2060 3902 2066 3902 2140 3903 2066 3903 2065 3903 2076 3904 2143 3904 2078 3904 2078 3905 2143 3905 2144 3905 2078 3906 2144 3906 2080 3906 2080 3907 2144 3907 2046 3907 2080 3908 2046 3908 2082 3908 2082 3909 2046 3909 2045 3909 2082 3910 2045 3910 2084 3910 2068 3911 2074 3911 2139 3911 2139 3912 2074 3912 2073 3912 2139 3913 2073 3913 2045 3913 2045 3914 2073 3914 2086 3914 2045 3915 2086 3915 2084 3915 2145 3916 2146 3916 2140 3916 2147 3917 2148 3917 2149 3917 2149 3918 2148 3918 2145 3918 2149 3919 2145 3919 2139 3919 2139 3920 2145 3920 2140 3920 2145 3921 2148 3921 2150 3921 2150 3922 2148 3922 2151 3922 2151 3923 2148 3923 2152 3923 2152 3924 2148 3924 2147 3924 2152 3925 2147 3925 2153 3925 2153 3926 2147 3926 2154 3926 2154 3927 2147 3927 2149 3927 2154 3928 2149 3928 2155 3928 2156 3929 2157 3929 2158 3929 2159 3930 2160 3930 2161 3930 2162 3931 2163 3931 2164 3931 2163 3932 2165 3932 2166 3932 2166 3933 2165 3933 2167 3933 2166 3934 2167 3934 2150 3934 2162 3935 2164 3935 2160 3935 2168 3936 2169 3936 2159 3936 2154 3937 2170 3937 2153 3937 2153 3938 2170 3938 2171 3938 2153 3939 2171 3939 2152 3939 2152 3940 2171 3940 2166 3940 2152 3941 2166 3941 2151 3941 2151 3942 2166 3942 2150 3942 2154 3943 2155 3943 2170 3943 2170 3944 2155 3944 2172 3944 2170 3945 2172 3945 2173 3945 2163 3946 2166 3946 2164 3946 2164 3947 2166 3947 2171 3947 2164 3948 2171 3948 2174 3948 2174 3949 2171 3949 2170 3949 2174 3950 2170 3950 2175 3950 2175 3951 2170 3951 2173 3951 2175 3952 2173 3952 2176 3952 2160 3953 2164 3953 2161 3953 2161 3954 2164 3954 2174 3954 2161 3955 2174 3955 2177 3955 2177 3956 2174 3956 2175 3956 2177 3957 2175 3957 2158 3957 2158 3958 2175 3958 2176 3958 2158 3959 2176 3959 2156 3959 2159 3960 2161 3960 2168 3960 2168 3961 2161 3961 2177 3961 2168 3962 2177 3962 2178 3962 2178 3963 2177 3963 2158 3963 2178 3964 2158 3964 2179 3964 2179 3965 2158 3965 2157 3965 2179 3966 2157 3966 2180 3966 2181 3967 2182 3967 2183 3967 2184 3968 2185 3968 2186 3968 2186 3969 2185 3969 2181 3969 2186 3970 2181 3970 2187 3970 2187 3971 2181 3971 2183 3971 2182 3972 2181 3972 2188 3972 2188 3973 2189 3973 2182 3973 2182 3974 2189 3974 2190 3974 2182 3975 2190 3975 2183 3975 2183 3976 2190 3976 2191 3976 2192 3977 2187 3977 2193 3977 2193 3978 2187 3978 2183 3978 2193 3979 2183 3979 2194 3979 2194 3980 2183 3980 2191 3980 2195 3981 2196 3981 2192 3981 2197 3982 2198 3982 2199 3982 2199 3983 2198 3983 2200 3983 2199 3984 2200 3984 2196 3984 2201 3985 2202 3985 2203 3985 2204 3986 2205 3986 2206 3986 2188 3987 2207 3987 2208 3987 2204 3988 2206 3988 2209 3988 2209 3989 2206 3989 2210 3989 2209 3990 2210 3990 2211 3990 2211 3991 2210 3991 2212 3991 2211 3992 2212 3992 2213 3992 2213 3993 2212 3993 2201 3993 2213 3994 2201 3994 2214 3994 2214 3995 2201 3995 2203 3995 2214 3996 2203 3996 2197 3996 2197 3997 2199 3997 2214 3997 2214 3998 2199 3998 2215 3998 2214 3999 2215 3999 2213 3999 2213 4000 2215 4000 2216 4000 2213 4001 2216 4001 2211 4001 2211 4002 2216 4002 2217 4002 2211 4003 2217 4003 2209 4003 2209 4004 2217 4004 2218 4004 2209 4005 2218 4005 2204 4005 2196 4006 2195 4006 2199 4006 2199 4007 2195 4007 2219 4007 2199 4008 2219 4008 2215 4008 2215 4009 2219 4009 2220 4009 2215 4010 2220 4010 2216 4010 2216 4011 2220 4011 2208 4011 2216 4012 2208 4012 2217 4012 2217 4013 2208 4013 2207 4013 2217 4014 2207 4014 2218 4014 2192 4015 2193 4015 2195 4015 2195 4016 2193 4016 2194 4016 2195 4017 2194 4017 2219 4017 2219 4018 2194 4018 2191 4018 2219 4019 2191 4019 2220 4019 2220 4020 2191 4020 2190 4020 2220 4021 2190 4021 2208 4021 2208 4022 2190 4022 2189 4022 2208 4023 2189 4023 2188 4023 2221 4024 2205 4024 2204 4024 2221 4025 2204 4025 2222 4025 2222 4026 2204 4026 2218 4026 2222 4027 2218 4027 2223 4027 2223 4028 2218 4028 2207 4028 2223 4029 2207 4029 2224 4029 2224 4030 2207 4030 2188 4030 2224 4031 2188 4031 2225 4031 2226 4032 2227 4032 2228 4032 2228 4033 2227 4033 2229 4033 2228 4034 2229 4034 2230 4034 2230 4035 2229 4035 2231 4035 2230 4036 2231 4036 2232 4036 2232 4037 2231 4037 2233 4037 2232 4038 2233 4038 2234 4038 2234 4039 2233 4039 2235 4039 2234 4040 2235 4040 2236 4040 2236 4041 2235 4041 2237 4041 2236 4042 2237 4042 2238 4042 2238 4043 2237 4043 2239 4043 2238 4044 2239 4044 2240 4044 2240 4045 2239 4045 2241 4045 2240 4046 2241 4046 2242 4046 2242 4047 2241 4047 2243 4047 2242 4048 2243 4048 2244 4048 2244 4049 2243 4049 2245 4049 2244 4050 2245 4050 2246 4050 2246 4051 2245 4051 2247 4051 2246 4052 2247 4052 2248 4052 2248 4053 2247 4053 2249 4053 2248 4054 2249 4054 2226 4054 2226 4055 2249 4055 2227 4055 2250 4056 2231 4056 2251 4056 2251 4057 2231 4057 2229 4057 2251 4058 2229 4058 2227 4058 2247 4059 2245 4059 2221 4059 2221 4060 2245 4060 2243 4060 2252 4061 2251 4061 2225 4061 2225 4062 2251 4062 2227 4062 2225 4063 2227 4063 2224 4063 2224 4064 2227 4064 2249 4064 2224 4065 2249 4065 2223 4065 2223 4066 2249 4066 2247 4066 2223 4067 2247 4067 2222 4067 2222 4068 2247 4068 2221 4068 2253 4069 2221 4069 2254 4069 2254 4070 2221 4070 2243 4070 2254 4071 2243 4071 2255 4071 2255 4072 2243 4072 2241 4072 2255 4073 2241 4073 2256 4073 2250 4074 2257 4074 2231 4074 2231 4075 2257 4075 2258 4075 2231 4076 2258 4076 2233 4076 2233 4077 2258 4077 2259 4077 2233 4078 2259 4078 2235 4078 2235 4079 2259 4079 2260 4079 2235 4080 2260 4080 2237 4080 2237 4081 2260 4081 2261 4081 2237 4082 2261 4082 2239 4082 2239 4083 2261 4083 2262 4083 2239 4084 2262 4084 2241 4084 2241 4085 2262 4085 2263 4085 2241 4086 2263 4086 2256 4086 2264 4087 2258 4087 2257 4087 2264 4088 2257 4088 2265 4088 2265 4089 2257 4089 2250 4089 2265 4090 2250 4090 2266 4090 2266 4091 2250 4091 2251 4091 2266 4092 2251 4092 2267 4092 2267 4093 2251 4093 2252 4093 2267 4094 2252 4094 2268 4094 2269 4095 2259 4095 2264 4095 2264 4096 2259 4096 2258 4096 2270 4097 2262 4097 2271 4097 2271 4098 2262 4098 2261 4098 2271 4099 2261 4099 2272 4099 2272 4100 2261 4100 2273 4100 2273 4101 2261 4101 2260 4101 2273 4102 2260 4102 2274 4102 2274 4103 2260 4103 2275 4103 2275 4104 2260 4104 2259 4104 2275 4105 2259 4105 2269 4105 2276 4106 2263 4106 2270 4106 2270 4107 2263 4107 2262 4107 2263 4108 2276 4108 2277 4108 2263 4109 2277 4109 2256 4109 2256 4110 2277 4110 2278 4110 2256 4111 2278 4111 2255 4111 2255 4112 2278 4112 2279 4112 2255 4113 2279 4113 2254 4113 2254 4114 2279 4114 2280 4114 2254 4115 2280 4115 2253 4115 2281 4116 2282 4116 2283 4116 2281 4117 2283 4117 2284 4117 2284 4118 2283 4118 2285 4118 2284 4119 2285 4119 2286 4119 2286 4120 2285 4120 2287 4120 2286 4121 2287 4121 2288 4121 2288 4122 2287 4122 2289 4122 2288 4123 2289 4123 2280 4123 2290 4124 2291 4124 2292 4124 2292 4125 2291 4125 2293 4125 2292 4126 2293 4126 2294 4126 2294 4127 2293 4127 2295 4127 2294 4128 2295 4128 2296 4128 2296 4129 2295 4129 2297 4129 2296 4130 2297 4130 2276 4130 2276 4131 2297 4131 2277 4131 2291 4132 2298 4132 2293 4132 2293 4133 2298 4133 2299 4133 2293 4134 2299 4134 2295 4134 2295 4135 2299 4135 2300 4135 2295 4136 2300 4136 2297 4136 2297 4137 2300 4137 2301 4137 2297 4138 2301 4138 2277 4138 2277 4139 2301 4139 2278 4139 2298 4140 2302 4140 2299 4140 2299 4141 2302 4141 2303 4141 2299 4142 2303 4142 2300 4142 2300 4143 2303 4143 2304 4143 2300 4144 2304 4144 2301 4144 2301 4145 2304 4145 2305 4145 2301 4146 2305 4146 2278 4146 2278 4147 2305 4147 2279 4147 2302 4148 2281 4148 2303 4148 2303 4149 2281 4149 2284 4149 2303 4150 2284 4150 2304 4150 2304 4151 2284 4151 2286 4151 2304 4152 2286 4152 2305 4152 2305 4153 2286 4153 2288 4153 2305 4154 2288 4154 2279 4154 2279 4155 2288 4155 2280 4155 2306 4156 2290 4156 2292 4156 2306 4157 2292 4157 2307 4157 2307 4158 2292 4158 2294 4158 2307 4159 2294 4159 2308 4159 2308 4160 2294 4160 2296 4160 2308 4161 2296 4161 2309 4161 2309 4162 2296 4162 2276 4162 2309 4163 2276 4163 2270 4163 2308 4164 2309 4164 2310 4164 2309 4165 2270 4165 2271 4165 2306 4166 2307 4166 2311 4166 2311 4167 2307 4167 2308 4167 2309 4168 2271 4168 2310 4168 2310 4169 2271 4169 2272 4169 2310 4170 2272 4170 2312 4170 2312 4171 2272 4171 2273 4171 2312 4172 2273 4172 2313 4172 2313 4173 2273 4173 2274 4173 2313 4174 2274 4174 2314 4174 2314 4175 2274 4175 2275 4175 2314 4176 2275 4176 2315 4176 2315 4177 2275 4177 2269 4177 2315 4178 2269 4178 2316 4178 2308 4179 2310 4179 2311 4179 2311 4180 2310 4180 2312 4180 2311 4181 2312 4181 2317 4181 2317 4182 2312 4182 2313 4182 2317 4183 2313 4183 2318 4183 2318 4184 2313 4184 2314 4184 2318 4185 2314 4185 2319 4185 2319 4186 2314 4186 2315 4186 2319 4187 2315 4187 2320 4187 2320 4188 2315 4188 2316 4188 2320 4189 2316 4189 2321 4189 2306 4190 2311 4190 2322 4190 2322 4191 2311 4191 2317 4191 2322 4192 2317 4192 2323 4192 2323 4193 2317 4193 2318 4193 2323 4194 2318 4194 2324 4194 2324 4195 2318 4195 2319 4195 2324 4196 2319 4196 2325 4196 2325 4197 2319 4197 2320 4197 2325 4198 2320 4198 2326 4198 2326 4199 2320 4199 2321 4199 2326 4200 2321 4200 2327 4200 2328 4201 2327 4201 2321 4201 2328 4202 2321 4202 2329 4202 2329 4203 2321 4203 2316 4203 2329 4204 2316 4204 2330 4204 2330 4205 2316 4205 2269 4205 2330 4206 2269 4206 2264 4206 2331 4207 2332 4207 2333 4207 2332 4208 2334 4208 2335 4208 2332 4209 2335 4209 2333 4209 2333 4210 2335 4210 2336 4210 2333 4211 2336 4211 2337 4211 2337 4212 2336 4212 2338 4212 2337 4213 2338 4213 2339 4213 2339 4214 2338 4214 2328 4214 2339 4215 2328 4215 2329 4215 2268 4216 2340 4216 2341 4216 2341 4217 2340 4217 2331 4217 2331 4218 2333 4218 2341 4218 2341 4219 2333 4219 2337 4219 2341 4220 2337 4220 2342 4220 2342 4221 2337 4221 2339 4221 2342 4222 2339 4222 2343 4222 2343 4223 2339 4223 2329 4223 2343 4224 2329 4224 2330 4224 2268 4225 2341 4225 2267 4225 2267 4226 2341 4226 2342 4226 2267 4227 2342 4227 2266 4227 2266 4228 2342 4228 2343 4228 2266 4229 2343 4229 2265 4229 2265 4230 2343 4230 2330 4230 2265 4231 2330 4231 2264 4231 2344 4232 2334 4232 2332 4232 2344 4233 2332 4233 2345 4233 2345 4234 2332 4234 2331 4234 2345 4235 2331 4235 2346 4235 2346 4236 2331 4236 2340 4236 2346 4237 2340 4237 2347 4237 2347 4238 2340 4238 2268 4238 2347 4239 2268 4239 2348 4239 2349 4240 2350 4240 2351 4240 2349 4241 2351 4241 2352 4241 2352 4242 2351 4242 2353 4242 2352 4243 2353 4243 2354 4243 2354 4244 2353 4244 2355 4244 2354 4245 2355 4245 2356 4245 2356 4246 2355 4246 2348 4246 2356 4247 2348 4247 2357 4247 2225 4248 2188 4248 2252 4248 2252 4249 2188 4249 2181 4249 2252 4250 2181 4250 2268 4250 2268 4251 2181 4251 2185 4251 2348 4252 2268 4252 2357 4252 2357 4253 2268 4253 2185 4253 2357 4254 2185 4254 2358 4254 2358 4255 2185 4255 2359 4255 2358 4256 2359 4256 2180 4256 2180 4257 2359 4257 2360 4257 2155 4258 2361 4258 2172 4258 2172 4259 2361 4259 2362 4259 2172 4260 2362 4260 2173 4260 2173 4261 2362 4261 2176 4261 2176 4262 2362 4262 2363 4262 2176 4263 2363 4263 2156 4263 2156 4264 2363 4264 2157 4264 2157 4265 2363 4265 2358 4265 2157 4266 2358 4266 2180 4266 2364 4267 2365 4267 2366 4267 2364 4268 2366 4268 2367 4268 2367 4269 2366 4269 2368 4269 2367 4270 2368 4270 2369 4270 2369 4271 2368 4271 2370 4271 2369 4272 2370 4272 2371 4272 2371 4273 2370 4273 2372 4273 2371 4274 2372 4274 2373 4274 2373 4275 2374 4275 2375 4275 2374 4276 2376 4276 2377 4276 2376 4277 2378 4277 2379 4277 2376 4278 2379 4278 2377 4278 2377 4279 2379 4279 2380 4279 2377 4280 2380 4280 2381 4280 2381 4281 2380 4281 2382 4281 2381 4282 2382 4282 2383 4282 2383 4283 2382 4283 2384 4283 2383 4284 2384 4284 2385 4284 2374 4285 2377 4285 2375 4285 2375 4286 2377 4286 2381 4286 2375 4287 2381 4287 2386 4287 2386 4288 2381 4288 2383 4288 2386 4289 2383 4289 2387 4289 2387 4290 2383 4290 2385 4290 2387 4291 2385 4291 2388 4291 2373 4292 2375 4292 2371 4292 2371 4293 2375 4293 2386 4293 2371 4294 2386 4294 2369 4294 2369 4295 2386 4295 2387 4295 2369 4296 2387 4296 2367 4296 2367 4297 2387 4297 2388 4297 2367 4298 2388 4298 2364 4298 2389 4299 2390 4299 2378 4299 2389 4300 2378 4300 2391 4300 2391 4301 2378 4301 2376 4301 2391 4302 2376 4302 2392 4302 2392 4303 2376 4303 2374 4303 2392 4304 2374 4304 2393 4304 2393 4305 2374 4305 2394 4305 2394 4306 2374 4306 2373 4306 2394 4307 2373 4307 2395 4307 2396 4308 2397 4308 2398 4308 2399 4309 2400 4309 2390 4309 2401 4310 2402 4310 2403 4310 2403 4311 2402 4311 2404 4311 2403 4312 2404 4312 2405 4312 2405 4313 2404 4313 2406 4313 2405 4314 2406 4314 2398 4314 2402 4315 2400 4315 2404 4315 2404 4316 2400 4316 2399 4316 2404 4317 2399 4317 2406 4317 2406 4318 2399 4318 2407 4318 2390 4319 2389 4319 2399 4319 2399 4320 2389 4320 2391 4320 2399 4321 2391 4321 2407 4321 2407 4322 2391 4322 2392 4322 2407 4323 2392 4323 2393 4323 2398 4324 2406 4324 2408 4324 2408 4325 2406 4325 2407 4325 2408 4326 2407 4326 2409 4326 2409 4327 2407 4327 2393 4327 2409 4328 2393 4328 2394 4328 2410 4329 2401 4329 2411 4329 2411 4330 2401 4330 2403 4330 2411 4331 2403 4331 2412 4331 2412 4332 2403 4332 2405 4332 2412 4333 2405 4333 2413 4333 2413 4334 2405 4334 2398 4334 2413 4335 2398 4335 2414 4335 2414 4336 2398 4336 2397 4336 2396 4337 2398 4337 2415 4337 2415 4338 2398 4338 2408 4338 2415 4339 2408 4339 2416 4339 2416 4340 2408 4340 2409 4340 2416 4341 2409 4341 2417 4341 2417 4342 2409 4342 2394 4342 2417 4343 2394 4343 2395 4343 2414 4344 2397 4344 2418 4344 2418 4345 2397 4345 2419 4345 2397 4346 2396 4346 2419 4346 2419 4347 2396 4347 2415 4347 2419 4348 2415 4348 2420 4348 2420 4349 2415 4349 2416 4349 2420 4350 2416 4350 2421 4350 2421 4351 2416 4351 2417 4351 2421 4352 2417 4352 2395 4352 2372 4353 2361 4353 2155 4353 2044 4354 2040 4354 2045 4354 2045 4355 2040 4355 2422 4355 2045 4356 2422 4356 2139 4356 2139 4357 2422 4357 2421 4357 2139 4358 2421 4358 2395 4358 2155 4359 2149 4359 2372 4359 2372 4360 2149 4360 2139 4360 2372 4361 2139 4361 2373 4361 2373 4362 2139 4362 2395 4362 2032 4363 2423 4363 2033 4363 2033 4364 2423 4364 2424 4364 2033 4365 2424 4365 2034 4365 2034 4366 2424 4366 2037 4366 2037 4367 2424 4367 2425 4367 2037 4368 2425 4368 2010 4368 2010 4369 2425 4369 2011 4369 2011 4370 2425 4370 2422 4370 2011 4371 2422 4371 2040 4371 2426 4372 2427 4372 2428 4372 2429 4373 2430 4373 2431 4373 2431 4374 2430 4374 2426 4374 2431 4375 2426 4375 2432 4375 2432 4376 2426 4376 2428 4376 2433 4377 2434 4377 2435 4377 2436 4378 2437 4378 2438 4378 2439 4379 2440 4379 2441 4379 2442 4380 2443 4380 2444 4380 2445 4381 2446 4381 2447 4381 2446 4382 2448 4382 2447 4382 2447 4383 2448 4383 2449 4383 2447 4384 2449 4384 2450 4384 2450 4385 2449 4385 2451 4385 2447 4386 2452 4386 2453 4386 2445 4387 2447 4387 2454 4387 2454 4388 2447 4388 2453 4388 2454 4389 2453 4389 2455 4389 2456 4390 2457 4390 2458 4390 2458 4391 2457 4391 2459 4391 2458 4392 2459 4392 2460 4392 2461 4393 2462 4393 2441 4393 2441 4394 2462 4394 2463 4394 2441 4395 2463 4395 2444 4395 2444 4396 2463 4396 2464 4396 2444 4397 2464 4397 2442 4397 2440 4398 2465 4398 2441 4398 2441 4399 2465 4399 2466 4399 2441 4400 2466 4400 2461 4400 2467 4401 2468 4401 2469 4401 2469 4402 2468 4402 2439 4402 2470 4403 2471 4403 2472 4403 2473 4404 2474 4404 2471 4404 2471 4405 2474 4405 2475 4405 2471 4406 2475 4406 2472 4406 2476 4407 2477 4407 2471 4407 2473 4408 2471 4408 2478 4408 2478 4409 2471 4409 2477 4409 2478 4410 2477 4410 2479 4410 2480 4411 2481 4411 2482 4411 2483 4412 2484 4412 2480 4412 2480 4413 2484 4413 2485 4413 2480 4414 2485 4414 2481 4414 2486 4415 2483 4415 2487 4415 2487 4416 2483 4416 2480 4416 2487 4417 2480 4417 2488 4417 2488 4418 2480 4418 2489 4418 2488 4419 2489 4419 2490 4419 2439 4420 2491 4420 2469 4420 2469 4421 2491 4421 2492 4421 2469 4422 2492 4422 2493 4422 2493 4423 2436 4423 2469 4423 2469 4424 2436 4424 2438 4424 2469 4425 2438 4425 2467 4425 2467 4426 2438 4426 2494 4426 2437 4427 2495 4427 2438 4427 2438 4428 2495 4428 2470 4428 2438 4429 2470 4429 2494 4429 2494 4430 2470 4430 2472 4430 2434 4431 2496 4431 2435 4431 2435 4432 2496 4432 2497 4432 2435 4433 2497 4433 2498 4433 2434 4434 2499 4434 2496 4434 2496 4435 2499 4435 2500 4435 2496 4436 2500 4436 2501 4436 2500 4437 2502 4437 2501 4437 2501 4438 2502 4438 2503 4438 2501 4439 2503 4439 2504 4439 2504 4440 2503 4440 2505 4440 2504 4441 2505 4441 2506 4441 2506 4442 2505 4442 2507 4442 2506 4443 2507 4443 2508 4443 2508 4444 2507 4444 2509 4444 2508 4445 2509 4445 2510 4445 2510 4446 2509 4446 2511 4446 2510 4447 2511 4447 2460 4447 2460 4448 2511 4448 2512 4448 2460 4449 2512 4449 2458 4449 2458 4450 2512 4450 2513 4450 2458 4451 2513 4451 2456 4451 2456 4452 2513 4452 2514 4452 2456 4453 2514 4453 2515 4453 2515 4454 2514 4454 2516 4454 2515 4455 2516 4455 2491 4455 2491 4456 2516 4456 2517 4456 2491 4457 2517 4457 2492 4457 2490 4458 2506 4458 2518 4458 2518 4459 2506 4459 2508 4459 2518 4460 2508 4460 2451 4460 2451 4461 2508 4461 2510 4461 2451 4462 2510 4462 2450 4462 2450 4463 2510 4463 2460 4463 2450 4464 2460 4464 2447 4464 2447 4465 2460 4465 2459 4465 2447 4466 2459 4466 2452 4466 2439 4467 2441 4467 2491 4467 2491 4468 2441 4468 2444 4468 2491 4469 2444 4469 2515 4469 2515 4470 2444 4470 2443 4470 2515 4471 2443 4471 2456 4471 2456 4472 2443 4472 2519 4472 2456 4473 2519 4473 2457 4473 2495 4474 2433 4474 2470 4474 2470 4475 2433 4475 2435 4475 2470 4476 2435 4476 2471 4476 2471 4477 2435 4477 2498 4477 2471 4478 2498 4478 2476 4478 2476 4479 2498 4479 2497 4479 2490 4480 2489 4480 2506 4480 2506 4481 2489 4481 2480 4481 2506 4482 2480 4482 2504 4482 2504 4483 2480 4483 2482 4483 2504 4484 2482 4484 2501 4484 2501 4485 2482 4485 2520 4485 2501 4486 2520 4486 2496 4486 2496 4487 2520 4487 2521 4487 2496 4488 2521 4488 2497 4488 2436 4489 2493 4489 2429 4489 2503 4490 2502 4490 2522 4490 2522 4491 2502 4491 2500 4491 2522 4492 2500 4492 2431 4492 2431 4493 2500 4493 2499 4493 2431 4494 2499 4494 2434 4494 2429 4495 2493 4495 2523 4495 2524 4496 2511 4496 2525 4496 2525 4497 2511 4497 2509 4497 2525 4498 2509 4498 2526 4498 2526 4499 2509 4499 2507 4499 2526 4500 2507 4500 2522 4500 2522 4501 2507 4501 2505 4501 2522 4502 2505 4502 2503 4502 2493 4503 2492 4503 2523 4503 2523 4504 2492 4504 2517 4504 2523 4505 2517 4505 2527 4505 2527 4506 2517 4506 2516 4506 2527 4507 2516 4507 2528 4507 2434 4508 2433 4508 2431 4508 2431 4509 2433 4509 2495 4509 2431 4510 2495 4510 2429 4510 2429 4511 2495 4511 2437 4511 2429 4512 2437 4512 2436 4512 2516 4513 2514 4513 2528 4513 2528 4514 2514 4514 2513 4514 2528 4515 2513 4515 2524 4515 2524 4516 2513 4516 2512 4516 2524 4517 2512 4517 2511 4517 2529 4518 2530 4518 2526 4518 2531 4519 2532 4519 2533 4519 2526 4520 2522 4520 2529 4520 2529 4521 2522 4521 2531 4521 2529 4522 2531 4522 2534 4522 2534 4523 2531 4523 2533 4523 2535 4524 2529 4524 2534 4524 2535 4525 2534 4525 2536 4525 2536 4526 2534 4526 2533 4526 2536 4527 2533 4527 2537 4527 2537 4528 2533 4528 2532 4528 2537 4529 2532 4529 2538 4529 2538 4530 2532 4530 2531 4530 2538 4531 2531 4531 2539 4531 2539 4532 2540 4532 2538 4532 2538 4533 2540 4533 2541 4533 2538 4534 2541 4534 2537 4534 2537 4535 2541 4535 2542 4535 2537 4536 2542 4536 2536 4536 2536 4537 2542 4537 2543 4537 2536 4538 2543 4538 2535 4538 2535 4539 2543 4539 2544 4539 2540 4540 2545 4540 2541 4540 2541 4541 2545 4541 2546 4541 2541 4542 2546 4542 2542 4542 2542 4543 2546 4543 2547 4543 2542 4544 2547 4544 2543 4544 2543 4545 2547 4545 2548 4545 2543 4546 2548 4546 2544 4546 2544 4547 2548 4547 2549 4547 2545 4548 2550 4548 2546 4548 2546 4549 2550 4549 2551 4549 2546 4550 2551 4550 2547 4550 2547 4551 2551 4551 2552 4551 2547 4552 2552 4552 2548 4552 2548 4553 2552 4553 2553 4553 2548 4554 2553 4554 2549 4554 2549 4555 2553 4555 2554 4555 2550 4556 2555 4556 2551 4556 2551 4557 2555 4557 2556 4557 2551 4558 2556 4558 2552 4558 2552 4559 2556 4559 2557 4559 2552 4560 2557 4560 2553 4560 2553 4561 2557 4561 2558 4561 2553 4562 2558 4562 2554 4562 2554 4563 2558 4563 2559 4563 2539 4564 2560 4564 2561 4564 2539 4565 2561 4565 2540 4565 2540 4566 2561 4566 2562 4566 2540 4567 2562 4567 2545 4567 2545 4568 2562 4568 2563 4568 2545 4569 2563 4569 2550 4569 2550 4570 2563 4570 2564 4570 2550 4571 2564 4571 2555 4571 2565 4572 2566 4572 2567 4572 2567 4573 2566 4573 2568 4573 2567 4574 2568 4574 2569 4574 2569 4575 2568 4575 2570 4575 2569 4576 2570 4576 2571 4576 2571 4577 2570 4577 2572 4577 2571 4578 2572 4578 2573 4578 2573 4579 2572 4579 2574 4579 2573 4580 2574 4580 2575 4580 2575 4581 2574 4581 2576 4581 2575 4582 2576 4582 2577 4582 2577 4583 2576 4583 2578 4583 2577 4584 2578 4584 2579 4584 2579 4585 2578 4585 2580 4585 2579 4586 2580 4586 2581 4586 2581 4587 2580 4587 2582 4587 2581 4588 2582 4588 2583 4588 2583 4589 2582 4589 2584 4589 2583 4590 2584 4590 2585 4590 2585 4591 2584 4591 2586 4591 2585 4592 2586 4592 2587 4592 2587 4593 2586 4593 2588 4593 2587 4594 2588 4594 2565 4594 2565 4595 2588 4595 2566 4595 2589 4596 2590 4596 2564 4596 2576 4597 2574 4597 2591 4597 2584 4598 2592 4598 2586 4598 2586 4599 2592 4599 2593 4599 2586 4600 2593 4600 2588 4600 2591 4601 2589 4601 2576 4601 2576 4602 2589 4602 2564 4602 2576 4603 2564 4603 2578 4603 2578 4604 2564 4604 2580 4604 2568 4605 2594 4605 2570 4605 2570 4606 2594 4606 2595 4606 2570 4607 2595 4607 2572 4607 2572 4608 2595 4608 2596 4608 2572 4609 2596 4609 2574 4609 2574 4610 2596 4610 2597 4610 2574 4611 2597 4611 2591 4611 2598 4612 2592 4612 2560 4612 2560 4613 2592 4613 2584 4613 2560 4614 2584 4614 2561 4614 2561 4615 2584 4615 2582 4615 2561 4616 2582 4616 2562 4616 2562 4617 2582 4617 2580 4617 2562 4618 2580 4618 2563 4618 2563 4619 2580 4619 2564 4619 2593 4620 2599 4620 2588 4620 2588 4621 2599 4621 2600 4621 2588 4622 2600 4622 2566 4622 2566 4623 2600 4623 2601 4623 2566 4624 2601 4624 2568 4624 2568 4625 2601 4625 2602 4625 2568 4626 2602 4626 2594 4626 2603 4627 2600 4627 2599 4627 2603 4628 2599 4628 2604 4628 2604 4629 2599 4629 2593 4629 2604 4630 2593 4630 2605 4630 2605 4631 2593 4631 2592 4631 2605 4632 2592 4632 2606 4632 2606 4633 2592 4633 2598 4633 2606 4634 2598 4634 2607 4634 2608 4635 2601 4635 2603 4635 2603 4636 2601 4636 2600 4636 2609 4637 2596 4637 2610 4637 2610 4638 2596 4638 2595 4638 2610 4639 2595 4639 2611 4639 2611 4640 2595 4640 2612 4640 2612 4641 2595 4641 2594 4641 2612 4642 2594 4642 2613 4642 2613 4643 2594 4643 2614 4643 2614 4644 2594 4644 2602 4644 2614 4645 2602 4645 2615 4645 2615 4646 2602 4646 2616 4646 2616 4647 2602 4647 2601 4647 2616 4648 2601 4648 2608 4648 2617 4649 2597 4649 2609 4649 2609 4650 2597 4650 2596 4650 2617 4651 2618 4651 2597 4651 2597 4652 2618 4652 2591 4652 2618 4653 2619 4653 2591 4653 2591 4654 2619 4654 2620 4654 2591 4655 2620 4655 2589 4655 2621 4656 2590 4656 2622 4656 2622 4657 2590 4657 2589 4657 2622 4658 2589 4658 2623 4658 2623 4659 2589 4659 2620 4659 2423 4660 2032 4660 2624 4660 2624 4661 2032 4661 2625 4661 2624 4662 2625 4662 2626 4662 2626 4663 2625 4663 2627 4663 2621 4664 2626 4664 2590 4664 2590 4665 2626 4665 2627 4665 2590 4666 2627 4666 2564 4666 2564 4667 2627 4667 2628 4667 2564 4668 2628 4668 2555 4668 2555 4669 2628 4669 2629 4669 2630 4670 2631 4670 2632 4670 2630 4671 2632 4671 2633 4671 2633 4672 2632 4672 2634 4672 2633 4673 2634 4673 2635 4673 2635 4674 2634 4674 2626 4674 2635 4675 2626 4675 2621 4675 2636 4676 2637 4676 2638 4676 2637 4677 2639 4677 2640 4677 2641 4678 2642 4678 2643 4678 2643 4679 2642 4679 2636 4679 2618 4680 2617 4680 2641 4680 2637 4681 2640 4681 2638 4681 2638 4682 2640 4682 2644 4682 2638 4683 2644 4683 2645 4683 2645 4684 2644 4684 2646 4684 2645 4685 2646 4685 2647 4685 2647 4686 2646 4686 2648 4686 2647 4687 2648 4687 2649 4687 2649 4688 2648 4688 2650 4688 2649 4689 2650 4689 2651 4689 2651 4690 2650 4690 2630 4690 2651 4691 2630 4691 2633 4691 2636 4692 2638 4692 2643 4692 2643 4693 2638 4693 2645 4693 2643 4694 2645 4694 2652 4694 2652 4695 2645 4695 2647 4695 2652 4696 2647 4696 2653 4696 2653 4697 2647 4697 2649 4697 2653 4698 2649 4698 2654 4698 2654 4699 2649 4699 2651 4699 2654 4700 2651 4700 2655 4700 2655 4701 2651 4701 2633 4701 2655 4702 2633 4702 2635 4702 2641 4703 2643 4703 2618 4703 2618 4704 2643 4704 2652 4704 2618 4705 2652 4705 2619 4705 2619 4706 2652 4706 2653 4706 2619 4707 2653 4707 2620 4707 2620 4708 2653 4708 2654 4708 2620 4709 2654 4709 2623 4709 2623 4710 2654 4710 2655 4710 2623 4711 2655 4711 2622 4711 2622 4712 2655 4712 2635 4712 2622 4713 2635 4713 2621 4713 2617 4714 2609 4714 2656 4714 2657 4715 2639 4715 2637 4715 2657 4716 2637 4716 2658 4716 2658 4717 2637 4717 2636 4717 2658 4718 2636 4718 2659 4718 2659 4719 2636 4719 2642 4719 2659 4720 2642 4720 2656 4720 2656 4721 2642 4721 2641 4721 2656 4722 2641 4722 2617 4722 2659 4723 2656 4723 2660 4723 2656 4724 2609 4724 2610 4724 2657 4725 2658 4725 2661 4725 2661 4726 2658 4726 2659 4726 2656 4727 2610 4727 2660 4727 2660 4728 2610 4728 2611 4728 2660 4729 2611 4729 2662 4729 2662 4730 2611 4730 2612 4730 2662 4731 2612 4731 2663 4731 2663 4732 2612 4732 2613 4732 2663 4733 2613 4733 2664 4733 2664 4734 2613 4734 2614 4734 2664 4735 2614 4735 2665 4735 2665 4736 2614 4736 2615 4736 2665 4737 2615 4737 2666 4737 2666 4738 2615 4738 2616 4738 2666 4739 2616 4739 2667 4739 2667 4740 2616 4740 2608 4740 2667 4741 2608 4741 2668 4741 2659 4742 2660 4742 2661 4742 2661 4743 2660 4743 2662 4743 2661 4744 2662 4744 2669 4744 2669 4745 2662 4745 2663 4745 2669 4746 2663 4746 2670 4746 2670 4747 2663 4747 2664 4747 2670 4748 2664 4748 2671 4748 2671 4749 2664 4749 2665 4749 2671 4750 2665 4750 2672 4750 2672 4751 2665 4751 2666 4751 2672 4752 2666 4752 2673 4752 2673 4753 2666 4753 2667 4753 2673 4754 2667 4754 2674 4754 2674 4755 2667 4755 2668 4755 2674 4756 2668 4756 2675 4756 2657 4757 2661 4757 2676 4757 2676 4758 2661 4758 2669 4758 2676 4759 2669 4759 2677 4759 2677 4760 2669 4760 2670 4760 2677 4761 2670 4761 2678 4761 2678 4762 2670 4762 2671 4762 2678 4763 2671 4763 2679 4763 2679 4764 2671 4764 2672 4764 2679 4765 2672 4765 2680 4765 2680 4766 2672 4766 2673 4766 2680 4767 2673 4767 2681 4767 2681 4768 2673 4768 2674 4768 2681 4769 2674 4769 2682 4769 2682 4770 2674 4770 2675 4770 2682 4771 2675 4771 2683 4771 2684 4772 2683 4772 2675 4772 2684 4773 2675 4773 2685 4773 2685 4774 2675 4774 2668 4774 2685 4775 2668 4775 2686 4775 2686 4776 2668 4776 2608 4776 2686 4777 2608 4777 2603 4777 2607 4778 2687 4778 2688 4778 2687 4779 2689 4779 2690 4779 2689 4780 2691 4780 2692 4780 2689 4781 2692 4781 2690 4781 2690 4782 2692 4782 2693 4782 2690 4783 2693 4783 2694 4783 2694 4784 2693 4784 2695 4784 2694 4785 2695 4785 2696 4785 2696 4786 2695 4786 2684 4786 2696 4787 2684 4787 2685 4787 2687 4788 2690 4788 2688 4788 2688 4789 2690 4789 2694 4789 2688 4790 2694 4790 2697 4790 2697 4791 2694 4791 2696 4791 2697 4792 2696 4792 2698 4792 2698 4793 2696 4793 2685 4793 2698 4794 2685 4794 2686 4794 2607 4795 2688 4795 2606 4795 2606 4796 2688 4796 2697 4796 2606 4797 2697 4797 2605 4797 2605 4798 2697 4798 2698 4798 2605 4799 2698 4799 2604 4799 2604 4800 2698 4800 2686 4800 2604 4801 2686 4801 2603 4801 2699 4802 2691 4802 2689 4802 2699 4803 2689 4803 2700 4803 2700 4804 2689 4804 2687 4804 2700 4805 2687 4805 2701 4805 2701 4806 2687 4806 2607 4806 2701 4807 2607 4807 2702 4807 2703 4808 2702 4808 2607 4808 2432 4809 2205 4809 2431 4809 2431 4810 2205 4810 2221 4810 2431 4811 2221 4811 2522 4811 2522 4812 2221 4812 2253 4812 2560 4813 2539 4813 2598 4813 2598 4814 2539 4814 2531 4814 2598 4815 2531 4815 2607 4815 2607 4816 2531 4816 2522 4816 2607 4817 2522 4817 2703 4817 2703 4818 2522 4818 2253 4818 2703 4819 2253 4819 2704 4819 2704 4820 2253 4820 2280 4820 2704 4821 2280 4821 2289 4821 2705 4822 2706 4822 2707 4822 2707 4823 2706 4823 2708 4823 2707 4824 2708 4824 2709 4824 2709 4825 2708 4825 2710 4825 2709 4826 2710 4826 2711 4826 2711 4827 2710 4827 2712 4827 2711 4828 2712 4828 2713 4828 2713 4829 2712 4829 2714 4829 2713 4830 2714 4830 2715 4830 2715 4831 2714 4831 2716 4831 2715 4832 2716 4832 2717 4832 2717 4833 2716 4833 2718 4833 2719 4834 2720 4834 2721 4834 2721 4835 2720 4835 2722 4835 2721 4836 2722 4836 2723 4836 2723 4837 2722 4837 2724 4837 2723 4838 2724 4838 2725 4838 2725 4839 2724 4839 2726 4839 2725 4840 2726 4840 2727 4840 2727 4841 2726 4841 2728 4841 2727 4842 2728 4842 2729 4842 2729 4843 2728 4843 2730 4843 2729 4844 2730 4844 2731 4844 2731 4845 2730 4845 2732 4845 2733 4846 2734 4846 2735 4846 2735 4847 2734 4847 2736 4847 2735 4848 2736 4848 2737 4848 2737 4849 2736 4849 2738 4849 2737 4850 2738 4850 2739 4850 2739 4851 2738 4851 2740 4851 2739 4852 2740 4852 2741 4852 2741 4853 2740 4853 2742 4853 2741 4854 2742 4854 2743 4854 2743 4855 2742 4855 2744 4855 2743 4856 2744 4856 2745 4856 2745 4857 2744 4857 2746 4857 2747 4858 2748 4858 2749 4858 2749 4859 2748 4859 2750 4859 2749 4860 2750 4860 2751 4860 2751 4861 2750 4861 2752 4861 2751 4862 2752 4862 2753 4862 2753 4863 2752 4863 2754 4863 2753 4864 2754 4864 2755 4864 2755 4865 2754 4865 2756 4865 2755 4866 2756 4866 2757 4866 2757 4867 2756 4867 2758 4867 2757 4868 2758 4868 2759 4868 2759 4869 2758 4869 2760 4869 2759 4870 2760 4870 2761 4870 2761 4871 2760 4871 2762 4871 2761 4872 2762 4872 2763 4872 2763 4873 2762 4873 2764 4873 2763 4874 2764 4874 2765 4874 2765 4875 2764 4875 2766 4875 2765 4876 2766 4876 2767 4876 2767 4877 2766 4877 2768 4877 2767 4878 2768 4878 2769 4878 2769 4879 2768 4879 2770 4879 2769 4880 2770 4880 2771 4880 2771 4881 2770 4881 2772 4881 2771 4882 2772 4882 2773 4882 2773 4883 2772 4883 2774 4883 2773 4884 2774 4884 2775 4884 2775 4885 2774 4885 2776 4885 2775 4886 2776 4886 2777 4886 2777 4887 2776 4887 2778 4887 2777 4888 2778 4888 2779 4888 2779 4889 2778 4889 2780 4889 2779 4890 2780 4890 2781 4890 2781 4891 2780 4891 2782 4891 2781 4892 2782 4892 2783 4892 2783 4893 2782 4893 2784 4893 2785 4894 2786 4894 2787 4894 2785 4895 2787 4895 2788 4895 2788 4896 2787 4896 2789 4896 2788 4897 2789 4897 2790 4897 2790 4898 2789 4898 2791 4898 2790 4899 2791 4899 2792 4899 2792 4900 2791 4900 2793 4900 2792 4901 2793 4901 2794 4901 2794 4902 2793 4902 2795 4902 2794 4903 2795 4903 2796 4903 2796 4904 2795 4904 2797 4904 2796 4905 2797 4905 2798 4905 2798 4906 2797 4906 2799 4906 2798 4907 2799 4907 2800 4907 2800 4908 2799 4908 2801 4908 2800 4909 2801 4909 2802 4909 2802 4910 2801 4910 2803 4910 2802 4911 2803 4911 2804 4911 2804 4912 2803 4912 2805 4912 2804 4913 2805 4913 2806 4913 2806 4914 2805 4914 2807 4914 2806 4915 2807 4915 2808 4915 2808 4916 2807 4916 2809 4916 2808 4917 2809 4917 2810 4917 2810 4918 2809 4918 2811 4918 2810 4919 2811 4919 2812 4919 2812 4920 2811 4920 2813 4920 2812 4921 2813 4921 2814 4921 2814 4922 2813 4922 2815 4922 2814 4923 2815 4923 2816 4923 2816 4924 2815 4924 2817 4924 2816 4925 2817 4925 2818 4925 2818 4926 2817 4926 2819 4926 2818 4927 2819 4927 2820 4927 2820 4928 2819 4928 2821 4928 2820 4929 2821 4929 2822 4929 2748 4930 2822 4930 2750 4930 2750 4931 2822 4931 2823 4931 2750 4932 2823 4932 2752 4932 2752 4933 2823 4933 2824 4933 2752 4934 2824 4934 2754 4934 2754 4935 2824 4935 2825 4935 2754 4936 2825 4936 2756 4936 2756 4937 2825 4937 2826 4937 2756 4938 2826 4938 2758 4938 2758 4939 2826 4939 2827 4939 2758 4940 2827 4940 2760 4940 2760 4941 2827 4941 2828 4941 2760 4942 2828 4942 2762 4942 2762 4943 2828 4943 2829 4943 2762 4944 2829 4944 2764 4944 2764 4945 2829 4945 2830 4945 2764 4946 2830 4946 2766 4946 2766 4947 2830 4947 2831 4947 2766 4948 2831 4948 2768 4948 2768 4949 2831 4949 2832 4949 2768 4950 2832 4950 2770 4950 2770 4951 2832 4951 2833 4951 2770 4952 2833 4952 2772 4952 2772 4953 2833 4953 2834 4953 2772 4954 2834 4954 2774 4954 2774 4955 2834 4955 2835 4955 2774 4956 2835 4956 2776 4956 2776 4957 2835 4957 2836 4957 2776 4958 2836 4958 2778 4958 2778 4959 2836 4959 2837 4959 2778 4960 2837 4960 2780 4960 2780 4961 2837 4961 2838 4961 2780 4962 2838 4962 2782 4962 2782 4963 2838 4963 2839 4963 2782 4964 2839 4964 2784 4964 2784 4965 2839 4965 2785 4965 2784 4966 2785 4966 2840 4966 2840 4967 2785 4967 2788 4967 2840 4968 2788 4968 2841 4968 2841 4969 2788 4969 2790 4969 2841 4970 2790 4970 2842 4970 2842 4971 2790 4971 2792 4971 2842 4972 2792 4972 2843 4972 2843 4973 2792 4973 2794 4973 2843 4974 2794 4974 2844 4974 2844 4975 2794 4975 2796 4975 2844 4976 2796 4976 2845 4976 2845 4977 2796 4977 2798 4977 2845 4978 2798 4978 2846 4978 2846 4979 2798 4979 2800 4979 2846 4980 2800 4980 2847 4980 2847 4981 2800 4981 2802 4981 2847 4982 2802 4982 2848 4982 2848 4983 2802 4983 2804 4983 2848 4984 2804 4984 2849 4984 2849 4985 2804 4985 2806 4985 2849 4986 2806 4986 2850 4986 2850 4987 2806 4987 2808 4987 2850 4988 2808 4988 2851 4988 2851 4989 2808 4989 2810 4989 2851 4990 2810 4990 2852 4990 2852 4991 2810 4991 2812 4991 2852 4992 2812 4992 2853 4992 2853 4993 2812 4993 2814 4993 2853 4994 2814 4994 2854 4994 2854 4995 2814 4995 2816 4995 2854 4996 2816 4996 2855 4996 2855 4997 2816 4997 2818 4997 2855 4998 2818 4998 2856 4998 2856 4999 2818 4999 2820 4999 2856 5000 2820 5000 2748 5000 2748 5001 2820 5001 2822 5001 2822 5002 2821 5002 2857 5002 2822 5003 2857 5003 2823 5003 2823 5004 2857 5004 2858 5004 2823 5005 2858 5005 2824 5005 2824 5006 2858 5006 2859 5006 2824 5007 2859 5007 2825 5007 2825 5008 2859 5008 2860 5008 2825 5009 2860 5009 2826 5009 2826 5010 2860 5010 2861 5010 2826 5011 2861 5011 2827 5011 2827 5012 2861 5012 2862 5012 2827 5013 2862 5013 2828 5013 2828 5014 2862 5014 2863 5014 2828 5015 2863 5015 2829 5015 2829 5016 2863 5016 2864 5016 2829 5017 2864 5017 2830 5017 2830 5018 2864 5018 2865 5018 2830 5019 2865 5019 2831 5019 2831 5020 2865 5020 2866 5020 2831 5021 2866 5021 2832 5021 2832 5022 2866 5022 2867 5022 2832 5023 2867 5023 2833 5023 2833 5024 2867 5024 2868 5024 2833 5025 2868 5025 2834 5025 2834 5026 2868 5026 2869 5026 2834 5027 2869 5027 2835 5027 2835 5028 2869 5028 2870 5028 2835 5029 2870 5029 2836 5029 2836 5030 2870 5030 2871 5030 2836 5031 2871 5031 2837 5031 2837 5032 2871 5032 2872 5032 2837 5033 2872 5033 2838 5033 2838 5034 2872 5034 2873 5034 2838 5035 2873 5035 2839 5035 2839 5036 2873 5036 2874 5036 2839 5037 2874 5037 2875 5037 2876 5038 2877 5038 2878 5038 2879 5039 2880 5039 2881 5039 2881 5040 2880 5040 2882 5040 2881 5041 2882 5041 2883 5041 2883 5042 2882 5042 2884 5042 2883 5043 2884 5043 2878 5043 2878 5044 2884 5044 2885 5044 2878 5045 2885 5045 2876 5045 2886 5046 2879 5046 2887 5046 2887 5047 2879 5047 2881 5047 2888 5048 2889 5048 2890 5048 2891 5049 2892 5049 2893 5049 2888 5050 2890 5050 2894 5050 2894 5051 2890 5051 2895 5051 2894 5052 2895 5052 2896 5052 2891 5053 2893 5053 2888 5053 2888 5054 2893 5054 2897 5054 2888 5055 2897 5055 2889 5055 2898 5056 2899 5056 2900 5056 2900 5057 2899 5057 2894 5057 2900 5058 2894 5058 2901 5058 2901 5059 2894 5059 2896 5059 2902 5060 2903 5060 2904 5060 2894 5061 2899 5061 2905 5061 2789 5062 2787 5062 2906 5062 2803 5063 2801 5063 2907 5063 2907 5064 2801 5064 2799 5064 2716 5065 2906 5065 2718 5065 2718 5066 2906 5066 2894 5066 2718 5067 2894 5067 2908 5067 2908 5068 2894 5068 2905 5068 2791 5069 2712 5069 2793 5069 2793 5070 2712 5070 2710 5070 2793 5071 2710 5071 2795 5071 2795 5072 2710 5072 2708 5072 2795 5073 2708 5073 2797 5073 2797 5074 2708 5074 2706 5074 2797 5075 2706 5075 2799 5075 2799 5076 2706 5076 2909 5076 2799 5077 2909 5077 2907 5077 2907 5078 2909 5078 2910 5078 2907 5079 2910 5079 2899 5079 2899 5080 2910 5080 2911 5080 2899 5081 2911 5081 2905 5081 2791 5082 2789 5082 2712 5082 2712 5083 2789 5083 2906 5083 2712 5084 2906 5084 2714 5084 2714 5085 2906 5085 2716 5085 2904 5086 2903 5086 2907 5086 2902 5087 2904 5087 2912 5087 2912 5088 2904 5088 2913 5088 2912 5089 2913 5089 2720 5089 2857 5090 2821 5090 2914 5090 2914 5091 2821 5091 2819 5091 2914 5092 2819 5092 2817 5092 2903 5093 2915 5093 2907 5093 2907 5094 2915 5094 2916 5094 2907 5095 2916 5095 2732 5095 2720 5096 2913 5096 2722 5096 2722 5097 2913 5097 2914 5097 2722 5098 2914 5098 2724 5098 2724 5099 2914 5099 2817 5099 2724 5100 2817 5100 2726 5100 2726 5101 2817 5101 2815 5101 2726 5102 2815 5102 2728 5102 2728 5103 2815 5103 2813 5103 2728 5104 2813 5104 2730 5104 2730 5105 2813 5105 2811 5105 2730 5106 2811 5106 2732 5106 2811 5107 2809 5107 2732 5107 2732 5108 2809 5108 2807 5108 2732 5109 2807 5109 2907 5109 2907 5110 2807 5110 2805 5110 2907 5111 2805 5111 2803 5111 2914 5112 2744 5112 2742 5112 2744 5113 2914 5113 2746 5113 2746 5114 2914 5114 2887 5114 2746 5115 2887 5115 2917 5115 2917 5116 2887 5116 2918 5116 2918 5117 2887 5117 2881 5117 2918 5118 2881 5118 2919 5118 2742 5119 2740 5119 2914 5119 2914 5120 2740 5120 2858 5120 2914 5121 2858 5121 2857 5121 2865 5122 2864 5122 2920 5122 2920 5123 2864 5123 2863 5123 2919 5124 2881 5124 2921 5124 2921 5125 2881 5125 2920 5125 2921 5126 2920 5126 2922 5126 2922 5127 2920 5127 2863 5127 2922 5128 2863 5128 2734 5128 2734 5129 2863 5129 2862 5129 2734 5130 2862 5130 2736 5130 2736 5131 2862 5131 2861 5131 2736 5132 2861 5132 2738 5132 2738 5133 2861 5133 2860 5133 2738 5134 2860 5134 2740 5134 2740 5135 2860 5135 2859 5135 2740 5136 2859 5136 2858 5136 2923 5137 2924 5137 2891 5137 2891 5138 2924 5138 2878 5138 2787 5139 2786 5139 2906 5139 2906 5140 2786 5140 2873 5140 2906 5141 2873 5141 2872 5141 2924 5142 2925 5142 2878 5142 2878 5143 2925 5143 2926 5143 2878 5144 2926 5144 2920 5144 2923 5145 2891 5145 2927 5145 2927 5146 2891 5146 2906 5146 2927 5147 2906 5147 2928 5147 2928 5148 2906 5148 2872 5148 2928 5149 2872 5149 2929 5149 2929 5150 2872 5150 2871 5150 2929 5151 2871 5151 2930 5151 2930 5152 2871 5152 2870 5152 2930 5153 2870 5153 2931 5153 2931 5154 2870 5154 2869 5154 2931 5155 2869 5155 2932 5155 2926 5156 2933 5156 2920 5156 2920 5157 2933 5157 2934 5157 2920 5158 2934 5158 2932 5158 2869 5159 2868 5159 2932 5159 2932 5160 2868 5160 2867 5160 2932 5161 2867 5161 2920 5161 2920 5162 2867 5162 2866 5162 2920 5163 2866 5163 2865 5163 2935 5164 2913 5164 2936 5164 2936 5165 2913 5165 2904 5165 2936 5166 2904 5166 2937 5166 2938 5167 2937 5167 2904 5167 2898 5168 2939 5168 2899 5168 2899 5169 2939 5169 2940 5169 2899 5170 2940 5170 2907 5170 2907 5171 2940 5171 2941 5171 2907 5172 2941 5172 2904 5172 2904 5173 2941 5173 2942 5173 2904 5174 2942 5174 2938 5174 2709 5175 2711 5175 2943 5175 2944 5176 2945 5176 2946 5176 2947 5177 2948 5177 2949 5177 2950 5178 2951 5178 2952 5178 2953 5179 2954 5179 2955 5179 2952 5180 2956 5180 2950 5180 2950 5181 2956 5181 2957 5181 2950 5182 2957 5182 2958 5182 2957 5183 2959 5183 2958 5183 2958 5184 2959 5184 2960 5184 2958 5185 2960 5185 2961 5185 2961 5186 2960 5186 2962 5186 2961 5187 2962 5187 2953 5187 2954 5188 2963 5188 2955 5188 2955 5189 2963 5189 2964 5189 2955 5190 2964 5190 2965 5190 2965 5191 2964 5191 2966 5191 2965 5192 2966 5192 2967 5192 2968 5193 2969 5193 2970 5193 2969 5194 2971 5194 2970 5194 2970 5195 2971 5195 2972 5195 2970 5196 2972 5196 2961 5196 2961 5197 2972 5197 2973 5197 2961 5198 2973 5198 2958 5198 2974 5199 2948 5199 2975 5199 2975 5200 2948 5200 2947 5200 2975 5201 2947 5201 2976 5201 2976 5202 2947 5202 2977 5202 2974 5203 2978 5203 2948 5203 2948 5204 2978 5204 2979 5204 2948 5205 2979 5205 2980 5205 2979 5206 2981 5206 2980 5206 2980 5207 2981 5207 2982 5207 2980 5208 2982 5208 2983 5208 2984 5209 2985 5209 2986 5209 2986 5210 2985 5210 2987 5210 2986 5211 2987 5211 2968 5211 2947 5212 2988 5212 2977 5212 2977 5213 2988 5213 2989 5213 2977 5214 2989 5214 2990 5214 2990 5215 2989 5215 2984 5215 2990 5216 2984 5216 2991 5216 2991 5217 2984 5217 2986 5217 2991 5218 2986 5218 2992 5218 2992 5219 2986 5219 2983 5219 2993 5220 2994 5220 2949 5220 2993 5221 2949 5221 2995 5221 2996 5222 2997 5222 2998 5222 2998 5223 2997 5223 2999 5223 2998 5224 2999 5224 3000 5224 3001 5225 3002 5225 2999 5225 2999 5226 3002 5226 3003 5226 2999 5227 3003 5227 3000 5227 3000 5228 3004 5228 2998 5228 2998 5229 3004 5229 3005 5229 2998 5230 3005 5230 3006 5230 3006 5231 3005 5231 3007 5231 3007 5232 3008 5232 3006 5232 3006 5233 3008 5233 3009 5233 3006 5234 3009 5234 2993 5234 3009 5235 3010 5235 2993 5235 2993 5236 3010 5236 3011 5236 2993 5237 3011 5237 2994 5237 2994 5238 3011 5238 3012 5238 2994 5239 3012 5239 3001 5239 3001 5240 3012 5240 3013 5240 3001 5241 3013 5241 3002 5241 3014 5242 3015 5242 3016 5242 3017 5243 3018 5243 3014 5243 3018 5244 3019 5244 3014 5244 3014 5245 3019 5245 3020 5245 3014 5246 3020 5246 3021 5246 3021 5247 3020 5247 3022 5247 3021 5248 3022 5248 3023 5248 3024 5249 3025 5249 2944 5249 2944 5250 3025 5250 3026 5250 2944 5251 3026 5251 2945 5251 2945 5252 3026 5252 3027 5252 2945 5253 3027 5253 3028 5253 3029 5254 3030 5254 3015 5254 3015 5255 3030 5255 3031 5255 3015 5256 3031 5256 3016 5256 3016 5257 3032 5257 3014 5257 3014 5258 3032 5258 3033 5258 3014 5259 3033 5259 3017 5259 3017 5260 3033 5260 3034 5260 3017 5261 3034 5261 3035 5261 3035 5262 3034 5262 3024 5262 3035 5263 3024 5263 3036 5263 3036 5264 3024 5264 2944 5264 2945 5265 3037 5265 2946 5265 2946 5266 3037 5266 2965 5266 2946 5267 2965 5267 2951 5267 2951 5268 2965 5268 2967 5268 2951 5269 2967 5269 2952 5269 2938 5270 3038 5270 2937 5270 2937 5271 3038 5271 2936 5271 2723 5272 2725 5272 3039 5272 3039 5273 2725 5273 2727 5273 3038 5274 3040 5274 3041 5274 3038 5275 3041 5275 2936 5275 2936 5276 3041 5276 3042 5276 2936 5277 3042 5277 2935 5277 3042 5278 3043 5278 2935 5278 2935 5279 3043 5279 2719 5279 2935 5280 2719 5280 3044 5280 3044 5281 2719 5281 2721 5281 3044 5282 2721 5282 2723 5282 2727 5283 2729 5283 3039 5283 3039 5284 2729 5284 2731 5284 3039 5285 2731 5285 3038 5285 3038 5286 2731 5286 3045 5286 3038 5287 3045 5287 3040 5287 2879 5288 3046 5288 2880 5288 2880 5289 3046 5289 3047 5289 2880 5290 3047 5290 3048 5290 2733 5291 2735 5291 3049 5291 2886 5292 3050 5292 2743 5292 2743 5293 2745 5293 2886 5293 2886 5294 2745 5294 3051 5294 2886 5295 3051 5295 2879 5295 2879 5296 3051 5296 3052 5296 2879 5297 3052 5297 3046 5297 2735 5298 2737 5298 3049 5298 3049 5299 2737 5299 2739 5299 3049 5300 2739 5300 3050 5300 3050 5301 2739 5301 2741 5301 3050 5302 2741 5302 2743 5302 3053 5303 3054 5303 3055 5303 3056 5304 3057 5304 3058 5304 3058 5305 3057 5305 2877 5305 3053 5306 3055 5306 3059 5306 3054 5307 3060 5307 3061 5307 3061 5308 3060 5308 3062 5308 3061 5309 3062 5309 3063 5309 3064 5310 3065 5310 2876 5310 2876 5311 3065 5311 3066 5311 2876 5312 3066 5312 2877 5312 2877 5313 3066 5313 3067 5313 2877 5314 3067 5314 3058 5314 2893 5315 2892 5315 3057 5315 3068 5316 2901 5316 2896 5316 3069 5317 3070 5317 3071 5317 3070 5318 3072 5318 3071 5318 3071 5319 3072 5319 2705 5319 3071 5320 2705 5320 2943 5320 2943 5321 2705 5321 2707 5321 2943 5322 2707 5322 2709 5322 2713 5323 2715 5323 3068 5323 3068 5324 2715 5324 2717 5324 3068 5325 2717 5325 2901 5325 2901 5326 2717 5326 3073 5326 2901 5327 3073 5327 2900 5327 2900 5328 3073 5328 3074 5328 2900 5329 3074 5329 3069 5329 3069 5330 3071 5330 2900 5330 2900 5331 3071 5331 2939 5331 2900 5332 2939 5332 2898 5332 2968 5333 2970 5333 2986 5333 2986 5334 2970 5334 3075 5334 2986 5335 3075 5335 3076 5335 3076 5336 3075 5336 2942 5336 3076 5337 2942 5337 2941 5337 2983 5338 2986 5338 2980 5338 2980 5339 2986 5339 3076 5339 2980 5340 3076 5340 3077 5340 3077 5341 3076 5341 2941 5341 3077 5342 2941 5342 2940 5342 2953 5343 2955 5343 2961 5343 2961 5344 2955 5344 3039 5344 2961 5345 3039 5345 2970 5345 2970 5346 3039 5346 3038 5346 2970 5347 3038 5347 3075 5347 3075 5348 3038 5348 2938 5348 3075 5349 2938 5349 2942 5349 2949 5350 2948 5350 2995 5350 2995 5351 2948 5351 2980 5351 2995 5352 2980 5352 2943 5352 2943 5353 2980 5353 3077 5353 2943 5354 3077 5354 3071 5354 3071 5355 3077 5355 2940 5355 3071 5356 2940 5356 2939 5356 2723 5357 3039 5357 3044 5357 3044 5358 3039 5358 2955 5358 3044 5359 2955 5359 3078 5359 3078 5360 2955 5360 2965 5360 3078 5361 2965 5361 3079 5361 3079 5362 2965 5362 3037 5362 3079 5363 3037 5363 3080 5363 3028 5364 3029 5364 2945 5364 2945 5365 3029 5365 3015 5365 2945 5366 3015 5366 3037 5366 3037 5367 3015 5367 3049 5367 3037 5368 3049 5368 3080 5368 3080 5369 3049 5369 3050 5369 3006 5370 3061 5370 2998 5370 2998 5371 3061 5371 3021 5371 2998 5372 3021 5372 2996 5372 2996 5373 3021 5373 3023 5373 3054 5374 3061 5374 3055 5374 3055 5375 3061 5375 3006 5375 3055 5376 3006 5376 3081 5376 3081 5377 3006 5377 2993 5377 3081 5378 2993 5378 3082 5378 3082 5379 2993 5379 2995 5379 3082 5380 2995 5380 3083 5380 3083 5381 2995 5381 2943 5381 3083 5382 2943 5382 3068 5382 3068 5383 2943 5383 2711 5383 3068 5384 2711 5384 2713 5384 3056 5385 3059 5385 3057 5385 3057 5386 3059 5386 3055 5386 3057 5387 3055 5387 2893 5387 2893 5388 3055 5388 3081 5388 2893 5389 3081 5389 2897 5389 2897 5390 3081 5390 3082 5390 2897 5391 3082 5391 3084 5391 3084 5392 3082 5392 3083 5392 3084 5393 3083 5393 2890 5393 2890 5394 3083 5394 3068 5394 2890 5395 3068 5395 2895 5395 2895 5396 3068 5396 2896 5396 3063 5397 3064 5397 3061 5397 3061 5398 3064 5398 2876 5398 3061 5399 2876 5399 3021 5399 3021 5400 2876 5400 2885 5400 3021 5401 2885 5401 3014 5401 3014 5402 2885 5402 3085 5402 3014 5403 3085 5403 3015 5403 3015 5404 3085 5404 2882 5404 3015 5405 2882 5405 3049 5405 3049 5406 2882 5406 2880 5406 3049 5407 2880 5407 2733 5407 2733 5408 2880 5408 3048 5408 3059 5409 2923 5409 3053 5409 3053 5410 2923 5410 2927 5410 3053 5411 2927 5411 3054 5411 3054 5412 2927 5412 2928 5412 3054 5413 2928 5413 3060 5413 3060 5414 2928 5414 2929 5414 3060 5415 2929 5415 3062 5415 3062 5416 2929 5416 2930 5416 3062 5417 2930 5417 3063 5417 3063 5418 2930 5418 2931 5418 3063 5419 2931 5419 3064 5419 3064 5420 2931 5420 2932 5420 3064 5421 2932 5421 3065 5421 3065 5422 2932 5422 2934 5422 3065 5423 2934 5423 3066 5423 3066 5424 2934 5424 2933 5424 3066 5425 2933 5425 3067 5425 3067 5426 2933 5426 2926 5426 3067 5427 2926 5427 3058 5427 3058 5428 2926 5428 2925 5428 3058 5429 2925 5429 3056 5429 3056 5430 2925 5430 2924 5430 3056 5431 2924 5431 3059 5431 3059 5432 2924 5432 2923 5432 3086 5433 3087 5433 3088 5433 3088 5434 3087 5434 3089 5434 3088 5435 3089 5435 3090 5435 3090 5436 3089 5436 3091 5436 3090 5437 3091 5437 3092 5437 3092 5438 3091 5438 3093 5438 3092 5439 3093 5439 3094 5439 3094 5440 3093 5440 3095 5440 3094 5441 3095 5441 3096 5441 3096 5442 3095 5442 3097 5442 3096 5443 3097 5443 3098 5443 3098 5444 3097 5444 3099 5444 3098 5445 3099 5445 3100 5445 3100 5446 3099 5446 3101 5446 3100 5447 3101 5447 3102 5447 3102 5448 3101 5448 3103 5448 3102 5449 3103 5449 3104 5449 3104 5450 3103 5450 3105 5450 3104 5451 3105 5451 3106 5451 3106 5452 3105 5452 3107 5452 3106 5453 3107 5453 3108 5453 3108 5454 3107 5454 3109 5454 3108 5455 3109 5455 3086 5455 3086 5456 3109 5456 3087 5456 3110 5457 3111 5457 3112 5457 3112 5458 3111 5458 3113 5458 3112 5459 3113 5459 3114 5459 3114 5460 3113 5460 3115 5460 3114 5461 3115 5461 3116 5461 3116 5462 3115 5462 3117 5462 3116 5463 3117 5463 3118 5463 3118 5464 3117 5464 3119 5464 3118 5465 3119 5465 3120 5465 3120 5466 3119 5466 3121 5466 3120 5467 3121 5467 3122 5467 3122 5468 3121 5468 3123 5468 3124 5469 3125 5469 3126 5469 3126 5470 3125 5470 3127 5470 3126 5471 3127 5471 3128 5471 3128 5472 3127 5472 3129 5472 3128 5473 3129 5473 3130 5473 3130 5474 3129 5474 3131 5474 3130 5475 3131 5475 3132 5475 3132 5476 3131 5476 3133 5476 3132 5477 3133 5477 3134 5477 3134 5478 3133 5478 3135 5478 3134 5479 3135 5479 3136 5479 3136 5480 3135 5480 3137 5480 3138 5481 3139 5481 3140 5481 3140 5482 3139 5482 3141 5482 3140 5483 3141 5483 3142 5483 3142 5484 3141 5484 3143 5484 3142 5485 3143 5485 3144 5485 3144 5486 3143 5486 3145 5486 3144 5487 3145 5487 3146 5487 3146 5488 3145 5488 3147 5488 3146 5489 3147 5489 3148 5489 3148 5490 3147 5490 3149 5490 3148 5491 3149 5491 3150 5491 3150 5492 3149 5492 3151 5492 3150 5493 3151 5493 3152 5493 3152 5494 3151 5494 3153 5494 3152 5495 3153 5495 3154 5495 3154 5496 3153 5496 3155 5496 3154 5497 3155 5497 3156 5497 3156 5498 3155 5498 3157 5498 3156 5499 3157 5499 3158 5499 3158 5500 3157 5500 3159 5500 3158 5501 3159 5501 3160 5501 3160 5502 3159 5502 3161 5502 3160 5503 3161 5503 3138 5503 3138 5504 3161 5504 3139 5504 3162 5505 3163 5505 3164 5505 3164 5506 3163 5506 3165 5506 3164 5507 3165 5507 3166 5507 3166 5508 3165 5508 3167 5508 3166 5509 3167 5509 3168 5509 3168 5510 3167 5510 3169 5510 3168 5511 3169 5511 3170 5511 3170 5512 3169 5512 3171 5512 3170 5513 3171 5513 3172 5513 3172 5514 3171 5514 3173 5514 3172 5515 3173 5515 3174 5515 3174 5516 3173 5516 3175 5516 3174 5517 3175 5517 3176 5517 3176 5518 3175 5518 3177 5518 3176 5519 3177 5519 3178 5519 3178 5520 3177 5520 3179 5520 3178 5521 3179 5521 3180 5521 3180 5522 3179 5522 3181 5522 3180 5523 3181 5523 3182 5523 3182 5524 3181 5524 3183 5524 3182 5525 3183 5525 3184 5525 3184 5526 3183 5526 3185 5526 3184 5527 3185 5527 3186 5527 3186 5528 3185 5528 3187 5528 3186 5529 3187 5529 3188 5529 3188 5530 3187 5530 3189 5530 3188 5531 3189 5531 3190 5531 3190 5532 3189 5532 3191 5532 3190 5533 3191 5533 3192 5533 3192 5534 3191 5534 3193 5534 3192 5535 3193 5535 3194 5535 3193 5536 3195 5536 3194 5536 3194 5537 3195 5537 3196 5537 3194 5538 3196 5538 3197 5538 3197 5539 3196 5539 3198 5539 3197 5540 3198 5540 3199 5540 3199 5541 3198 5541 3200 5541 3199 5542 3200 5542 3201 5542 3201 5543 3200 5543 3202 5543 3201 5544 3202 5544 3203 5544 3203 5545 3202 5545 3204 5545 3203 5546 3204 5546 3205 5546 3205 5547 3204 5547 3206 5547 3205 5548 3206 5548 3207 5548 3207 5549 3206 5549 3208 5549 3207 5550 3208 5550 3209 5550 3209 5551 3208 5551 3210 5551 3209 5552 3210 5552 3211 5552 3211 5553 3210 5553 3212 5553 3211 5554 3212 5554 3213 5554 3213 5555 3212 5555 3214 5555 3213 5556 3214 5556 3215 5556 3215 5557 3214 5557 3216 5557 3215 5558 3216 5558 3217 5558 3217 5559 3216 5559 3218 5559 3217 5560 3218 5560 3219 5560 3219 5561 3218 5561 3220 5561 3219 5562 3220 5562 3221 5562 3221 5563 3220 5563 3222 5563 3221 5564 3222 5564 3223 5564 3223 5565 3222 5565 3224 5565 3223 5566 3224 5566 3225 5566 3225 5567 3224 5567 3226 5567 3225 5568 3226 5568 3227 5568 3227 5569 3226 5569 3228 5569 3227 5570 3228 5570 3229 5570 3229 5571 3228 5571 3230 5571 3229 5572 3230 5572 3162 5572 3162 5573 3230 5573 3231 5573 3162 5574 3231 5574 3163 5574 3214 5575 3232 5575 3216 5575 3216 5576 3232 5576 3233 5576 3216 5577 3233 5577 3218 5577 3218 5578 3233 5578 3234 5578 3218 5579 3234 5579 3220 5579 3220 5580 3234 5580 3235 5580 3220 5581 3235 5581 3222 5581 3222 5582 3235 5582 3236 5582 3222 5583 3236 5583 3224 5583 3224 5584 3236 5584 3237 5584 3224 5585 3237 5585 3226 5585 3226 5586 3237 5586 3238 5586 3226 5587 3238 5587 3228 5587 3228 5588 3238 5588 3239 5588 3228 5589 3239 5589 3230 5589 3230 5590 3239 5590 3240 5590 3230 5591 3240 5591 3231 5591 3231 5592 3240 5592 3241 5592 3231 5593 3241 5593 3163 5593 3163 5594 3241 5594 3242 5594 3163 5595 3242 5595 3165 5595 3165 5596 3242 5596 3243 5596 3165 5597 3243 5597 3167 5597 3167 5598 3243 5598 3244 5598 3167 5599 3244 5599 3169 5599 3169 5600 3244 5600 3245 5600 3169 5601 3245 5601 3171 5601 3171 5602 3245 5602 3246 5602 3171 5603 3246 5603 3173 5603 3173 5604 3246 5604 3247 5604 3173 5605 3247 5605 3175 5605 3175 5606 3247 5606 3248 5606 3175 5607 3248 5607 3177 5607 3177 5608 3248 5608 3249 5608 3177 5609 3249 5609 3179 5609 3179 5610 3249 5610 3250 5610 3241 5611 3251 5611 3242 5611 3242 5612 3251 5612 3252 5612 3242 5613 3252 5613 3243 5613 3243 5614 3252 5614 3253 5614 3243 5615 3253 5615 3244 5615 3244 5616 3253 5616 3254 5616 3244 5617 3254 5617 3245 5617 3245 5618 3254 5618 3255 5618 3245 5619 3255 5619 3246 5619 3246 5620 3255 5620 3256 5620 3246 5621 3256 5621 3247 5621 3247 5622 3256 5622 3257 5622 3247 5623 3257 5623 3248 5623 3248 5624 3257 5624 3258 5624 3248 5625 3258 5625 3249 5625 3249 5626 3258 5626 3259 5626 3249 5627 3259 5627 3260 5627 3260 5628 3259 5628 3261 5628 3260 5629 3261 5629 3262 5629 3262 5630 3261 5630 3263 5630 3262 5631 3263 5631 3264 5631 3264 5632 3263 5632 3265 5632 3264 5633 3265 5633 3266 5633 3266 5634 3265 5634 3267 5634 3266 5635 3267 5635 3268 5635 3268 5636 3267 5636 3269 5636 3268 5637 3269 5637 3270 5637 3270 5638 3269 5638 3271 5638 3270 5639 3271 5639 3272 5639 3272 5640 3271 5640 3273 5640 3272 5641 3273 5641 3274 5641 3274 5642 3273 5642 3275 5642 3274 5643 3275 5643 3276 5643 3276 5644 3275 5644 3277 5644 3276 5645 3277 5645 3278 5645 3277 5646 3279 5646 3278 5646 3278 5647 3279 5647 3280 5647 3278 5648 3280 5648 3281 5648 3281 5649 3280 5649 3282 5649 3281 5650 3282 5650 3283 5650 3283 5651 3282 5651 3284 5651 3283 5652 3284 5652 3285 5652 3285 5653 3284 5653 3286 5653 3285 5654 3286 5654 3287 5654 3287 5655 3286 5655 3288 5655 3287 5656 3288 5656 3289 5656 3289 5657 3288 5657 3290 5657 3289 5658 3290 5658 3291 5658 3291 5659 3290 5659 3292 5659 3291 5660 3292 5660 3293 5660 3293 5661 3292 5661 3294 5661 3293 5662 3294 5662 3295 5662 3295 5663 3294 5663 3296 5663 3295 5664 3296 5664 3297 5664 3297 5665 3296 5665 3298 5665 3297 5666 3298 5666 3233 5666 3233 5667 3298 5667 3299 5667 3233 5668 3299 5668 3234 5668 3234 5669 3299 5669 3300 5669 3234 5670 3300 5670 3235 5670 3235 5671 3300 5671 3301 5671 3235 5672 3301 5672 3236 5672 3236 5673 3301 5673 3302 5673 3236 5674 3302 5674 3237 5674 3237 5675 3302 5675 3303 5675 3237 5676 3303 5676 3238 5676 3238 5677 3303 5677 3304 5677 3238 5678 3304 5678 3239 5678 3239 5679 3304 5679 3305 5679 3239 5680 3305 5680 3240 5680 3240 5681 3305 5681 3306 5681 3240 5682 3306 5682 3241 5682 3241 5683 3306 5683 3307 5683 3241 5684 3307 5684 3251 5684 3308 5685 3309 5685 3259 5685 3308 5686 3259 5686 3310 5686 3310 5687 3259 5687 3258 5687 3310 5688 3258 5688 3311 5688 3311 5689 3258 5689 3257 5689 3311 5690 3257 5690 3312 5690 3312 5691 3257 5691 3256 5691 3312 5692 3256 5692 3313 5692 3313 5693 3256 5693 3255 5693 3313 5694 3255 5694 3314 5694 3314 5695 3255 5695 3254 5695 3314 5696 3254 5696 3315 5696 3315 5697 3254 5697 3253 5697 3315 5698 3253 5698 3316 5698 3316 5699 3253 5699 3252 5699 3316 5700 3252 5700 3317 5700 3317 5701 3252 5701 3251 5701 3317 5702 3251 5702 3318 5702 3318 5703 3251 5703 3319 5703 3319 5704 3251 5704 3307 5704 3319 5705 3307 5705 3320 5705 3320 5706 3307 5706 3306 5706 3320 5707 3306 5707 3321 5707 3321 5708 3306 5708 3305 5708 3321 5709 3305 5709 3322 5709 3322 5710 3305 5710 3304 5710 3322 5711 3304 5711 3323 5711 3323 5712 3304 5712 3303 5712 3323 5713 3303 5713 3324 5713 3324 5714 3303 5714 3302 5714 3324 5715 3302 5715 3325 5715 3325 5716 3302 5716 3301 5716 3325 5717 3301 5717 3326 5717 3326 5718 3301 5718 3300 5718 3326 5719 3300 5719 3327 5719 3327 5720 3300 5720 3299 5720 3327 5721 3299 5721 3328 5721 3328 5722 3299 5722 3298 5722 3328 5723 3298 5723 3329 5723 3329 5724 3298 5724 3296 5724 3329 5725 3296 5725 3330 5725 3330 5726 3296 5726 3294 5726 3330 5727 3294 5727 3331 5727 3331 5728 3294 5728 3292 5728 3331 5729 3292 5729 3332 5729 3332 5730 3292 5730 3290 5730 3332 5731 3290 5731 3333 5731 3333 5732 3290 5732 3288 5732 3333 5733 3288 5733 3334 5733 3334 5734 3288 5734 3286 5734 3334 5735 3286 5735 3335 5735 3335 5736 3286 5736 3284 5736 3335 5737 3284 5737 3336 5737 3336 5738 3284 5738 3282 5738 3336 5739 3282 5739 3337 5739 3337 5740 3282 5740 3280 5740 3337 5741 3280 5741 3338 5741 3338 5742 3280 5742 3339 5742 3339 5743 3280 5743 3279 5743 3339 5744 3279 5744 3340 5744 3340 5745 3279 5745 3277 5745 3340 5746 3277 5746 3341 5746 3341 5747 3277 5747 3275 5747 3341 5748 3275 5748 3342 5748 3342 5749 3275 5749 3273 5749 3342 5750 3273 5750 3343 5750 3343 5751 3273 5751 3271 5751 3343 5752 3271 5752 3344 5752 3344 5753 3271 5753 3269 5753 3344 5754 3269 5754 3345 5754 3345 5755 3269 5755 3267 5755 3345 5756 3267 5756 3346 5756 3346 5757 3267 5757 3265 5757 3346 5758 3265 5758 3347 5758 3347 5759 3265 5759 3263 5759 3347 5760 3263 5760 3348 5760 3348 5761 3263 5761 3261 5761 3348 5762 3261 5762 3349 5762 3350 5763 3351 5763 3352 5763 3352 5764 3351 5764 3353 5764 3352 5765 3353 5765 3354 5765 3355 5766 3356 5766 3357 5766 3357 5767 3356 5767 3358 5767 3357 5768 3358 5768 3359 5768 3355 5769 3360 5769 3356 5769 3356 5770 3360 5770 3361 5770 3362 5771 3350 5771 3094 5771 3327 5772 3328 5772 3363 5772 3326 5773 3104 5773 3325 5773 3325 5774 3104 5774 3106 5774 3325 5775 3106 5775 3324 5775 3324 5776 3106 5776 3108 5776 3324 5777 3108 5777 3323 5777 3323 5778 3108 5778 3086 5778 3323 5779 3086 5779 3322 5779 3321 5780 3364 5780 3320 5780 3320 5781 3364 5781 3319 5781 3100 5782 3363 5782 3098 5782 3098 5783 3363 5783 3362 5783 3098 5784 3362 5784 3096 5784 3096 5785 3362 5785 3094 5785 3322 5786 3086 5786 3321 5786 3321 5787 3086 5787 3088 5787 3321 5788 3088 5788 3364 5788 3364 5789 3088 5789 3090 5789 3364 5790 3090 5790 3350 5790 3350 5791 3090 5791 3092 5791 3350 5792 3092 5792 3094 5792 3326 5793 3327 5793 3104 5793 3104 5794 3327 5794 3363 5794 3104 5795 3363 5795 3102 5795 3102 5796 3363 5796 3100 5796 3354 5797 3365 5797 3366 5797 3308 5798 3310 5798 3367 5798 3367 5799 3310 5799 3311 5799 3366 5800 3368 5800 3354 5800 3354 5801 3368 5801 3369 5801 3354 5802 3369 5802 3364 5802 3364 5803 3369 5803 3370 5803 3364 5804 3370 5804 3371 5804 3110 5805 3112 5805 3314 5805 3314 5806 3112 5806 3313 5806 3313 5807 3112 5807 3114 5807 3313 5808 3114 5808 3312 5808 3312 5809 3114 5809 3116 5809 3312 5810 3116 5810 3311 5810 3311 5811 3116 5811 3118 5811 3311 5812 3118 5812 3367 5812 3367 5813 3118 5813 3120 5813 3367 5814 3120 5814 3365 5814 3365 5815 3120 5815 3122 5815 3365 5816 3122 5816 3366 5816 3314 5817 3315 5817 3110 5817 3110 5818 3315 5818 3316 5818 3110 5819 3316 5819 3371 5819 3371 5820 3316 5820 3317 5820 3371 5821 3317 5821 3364 5821 3364 5822 3317 5822 3318 5822 3364 5823 3318 5823 3319 5823 3360 5824 3355 5824 3372 5824 3130 5825 3132 5825 3345 5825 3372 5826 3373 5826 3360 5826 3360 5827 3373 5827 3124 5827 3360 5828 3124 5828 3367 5828 3124 5829 3126 5829 3367 5829 3367 5830 3126 5830 3128 5830 3367 5831 3128 5831 3130 5831 3345 5832 3132 5832 3344 5832 3344 5833 3132 5833 3134 5833 3344 5834 3134 5834 3343 5834 3343 5835 3134 5835 3136 5835 3343 5836 3136 5836 3342 5836 3341 5837 3374 5837 3340 5837 3340 5838 3374 5838 3339 5838 3345 5839 3346 5839 3130 5839 3130 5840 3346 5840 3347 5840 3130 5841 3347 5841 3367 5841 3367 5842 3347 5842 3348 5842 3367 5843 3348 5843 3308 5843 3342 5844 3136 5844 3341 5844 3341 5845 3136 5845 3375 5845 3341 5846 3375 5846 3374 5846 3374 5847 3375 5847 3376 5847 3374 5848 3376 5848 3355 5848 3355 5849 3376 5849 3377 5849 3355 5850 3377 5850 3372 5850 3150 5851 3152 5851 3378 5851 3378 5852 3152 5852 3359 5852 3152 5853 3154 5853 3359 5853 3359 5854 3154 5854 3156 5854 3359 5855 3156 5855 3374 5855 3374 5856 3156 5856 3158 5856 3374 5857 3158 5857 3160 5857 3328 5858 3329 5858 3363 5858 3363 5859 3329 5859 3330 5859 3363 5860 3330 5860 3331 5860 3150 5861 3378 5861 3148 5861 3148 5862 3378 5862 3363 5862 3148 5863 3363 5863 3146 5863 3146 5864 3363 5864 3331 5864 3146 5865 3331 5865 3144 5865 3144 5866 3331 5866 3332 5866 3144 5867 3332 5867 3142 5867 3142 5868 3332 5868 3333 5868 3142 5869 3333 5869 3140 5869 3140 5870 3333 5870 3334 5870 3140 5871 3334 5871 3138 5871 3334 5872 3335 5872 3138 5872 3138 5873 3335 5873 3336 5873 3138 5874 3336 5874 3160 5874 3160 5875 3336 5875 3337 5875 3160 5876 3337 5876 3374 5876 3374 5877 3337 5877 3338 5877 3374 5878 3338 5878 3339 5878 3379 5879 3380 5879 3381 5879 3379 5880 3381 5880 3382 5880 3382 5881 3381 5881 3383 5881 3382 5882 3383 5882 3384 5882 3384 5883 3383 5883 3385 5883 3384 5884 3385 5884 3386 5884 3386 5885 3385 5885 3387 5885 3386 5886 3387 5886 3388 5886 3388 5887 3387 5887 3389 5887 3388 5888 3389 5888 3390 5888 3390 5889 3389 5889 3391 5889 3390 5890 3391 5890 3392 5890 3392 5891 3391 5891 3393 5891 3392 5892 3393 5892 3394 5892 3394 5893 3393 5893 3395 5893 3394 5894 3395 5894 3396 5894 3396 5895 3395 5895 3397 5895 3396 5896 3397 5896 3398 5896 3398 5897 3397 5897 3399 5897 3398 5898 3399 5898 3400 5898 3400 5899 3399 5899 3401 5899 3400 5900 3401 5900 3402 5900 3402 5901 3401 5901 3403 5901 3402 5902 3403 5902 3404 5902 3404 5903 3403 5903 3405 5903 3404 5904 3405 5904 3406 5904 3406 5905 3405 5905 3407 5905 3406 5906 3407 5906 3408 5906 3408 5907 3407 5907 3409 5907 3408 5908 3409 5908 3410 5908 3410 5909 3409 5909 3411 5909 3410 5910 3411 5910 3412 5910 3412 5911 3411 5911 3413 5911 3412 5912 3413 5912 3414 5912 3414 5913 3413 5913 3415 5913 3414 5914 3415 5914 3416 5914 3416 5915 3415 5915 3417 5915 3416 5916 3417 5916 3418 5916 3419 5917 3420 5917 3421 5917 3419 5918 3421 5918 3381 5918 3381 5919 3421 5919 3422 5919 3381 5920 3422 5920 3383 5920 3383 5921 3422 5921 3423 5921 3383 5922 3423 5922 3385 5922 3385 5923 3423 5923 3424 5923 3385 5924 3424 5924 3387 5924 3387 5925 3424 5925 3425 5925 3387 5926 3425 5926 3389 5926 3389 5927 3425 5927 3426 5927 3389 5928 3426 5928 3391 5928 3391 5929 3426 5929 3427 5929 3391 5930 3427 5930 3393 5930 3393 5931 3427 5931 3428 5931 3393 5932 3428 5932 3395 5932 3395 5933 3428 5933 3429 5933 3395 5934 3429 5934 3397 5934 3397 5935 3429 5935 3430 5935 3397 5936 3430 5936 3399 5936 3399 5937 3430 5937 3431 5937 3399 5938 3431 5938 3401 5938 3401 5939 3431 5939 3432 5939 3401 5940 3432 5940 3403 5940 3403 5941 3432 5941 3433 5941 3403 5942 3433 5942 3405 5942 3405 5943 3433 5943 3434 5943 3405 5944 3434 5944 3407 5944 3407 5945 3434 5945 3435 5945 3407 5946 3435 5946 3409 5946 3409 5947 3435 5947 3436 5947 3409 5948 3436 5948 3411 5948 3411 5949 3436 5949 3437 5949 3411 5950 3437 5950 3413 5950 3413 5951 3437 5951 3438 5951 3413 5952 3438 5952 3415 5952 3415 5953 3438 5953 3439 5953 3415 5954 3439 5954 3417 5954 3417 5955 3439 5955 3440 5955 3417 5956 3440 5956 3441 5956 3441 5957 3440 5957 3442 5957 3441 5958 3442 5958 3443 5958 3443 5959 3442 5959 3444 5959 3443 5960 3444 5960 3445 5960 3445 5961 3444 5961 3446 5961 3445 5962 3446 5962 3447 5962 3447 5963 3446 5963 3448 5963 3447 5964 3448 5964 3449 5964 3449 5965 3448 5965 3450 5965 3449 5966 3450 5966 3451 5966 3451 5967 3450 5967 3452 5967 3451 5968 3452 5968 3453 5968 3453 5969 3452 5969 3454 5969 3453 5970 3454 5970 3455 5970 3455 5971 3454 5971 3456 5971 3455 5972 3456 5972 3457 5972 3457 5973 3456 5973 3458 5973 3457 5974 3458 5974 3459 5974 3459 5975 3458 5975 3460 5975 3459 5976 3460 5976 3461 5976 3461 5977 3460 5977 3462 5977 3461 5978 3462 5978 3463 5978 3463 5979 3462 5979 3464 5979 3463 5980 3464 5980 3465 5980 3465 5981 3464 5981 3466 5981 3465 5982 3466 5982 3467 5982 3467 5983 3466 5983 3468 5983 3467 5984 3468 5984 3469 5984 3469 5985 3468 5985 3470 5985 3469 5986 3470 5986 3471 5986 3471 5987 3470 5987 3472 5987 3471 5988 3472 5988 3473 5988 3473 5989 3472 5989 3474 5989 3473 5990 3474 5990 3475 5990 3475 5991 3474 5991 3476 5991 3475 5992 3476 5992 3477 5992 3478 5993 3479 5993 3480 5993 3478 5994 3480 5994 3481 5994 3481 5995 3480 5995 3482 5995 3481 5996 3482 5996 3483 5996 3483 5997 3482 5997 3484 5997 3483 5998 3484 5998 3485 5998 3485 5999 3484 5999 3486 5999 3485 6000 3486 6000 3487 6000 3487 6001 3486 6001 3488 6001 3487 6002 3488 6002 3489 6002 3489 6003 3488 6003 3490 6003 3489 6004 3490 6004 3491 6004 3491 6005 3490 6005 3492 6005 3491 6006 3492 6006 3493 6006 3493 6007 3492 6007 3494 6007 3493 6008 3494 6008 3495 6008 3496 6009 3497 6009 3498 6009 3496 6010 3498 6010 3499 6010 3499 6011 3498 6011 3500 6011 3499 6012 3500 6012 3501 6012 3501 6013 3500 6013 3502 6013 3501 6014 3502 6014 3503 6014 3503 6015 3502 6015 3504 6015 3503 6016 3504 6016 3505 6016 3505 6017 3504 6017 3506 6017 3505 6018 3506 6018 3507 6018 3507 6019 3506 6019 3508 6019 3507 6020 3508 6020 3509 6020 3509 6021 3508 6021 3510 6021 3509 6022 3510 6022 3511 6022 3511 6023 3510 6023 3512 6023 3511 6024 3512 6024 3513 6024 3514 6025 3515 6025 3516 6025 3517 6026 3518 6026 3519 6026 3520 6027 3521 6027 3522 6027 3523 6028 3524 6028 3525 6028 3525 6029 3524 6029 3526 6029 3527 6030 3528 6030 3498 6030 3498 6031 3528 6031 3500 6031 3529 6032 3530 6032 3492 6032 3492 6033 3530 6033 3531 6033 3492 6034 3531 6034 3494 6034 3520 6035 3532 6035 3533 6035 3533 6036 3532 6036 3534 6036 3533 6037 3534 6037 3535 6037 3535 6038 3534 6038 3536 6038 3535 6039 3536 6039 3537 6039 3538 6040 3539 6040 3540 6040 3541 6041 3542 6041 3543 6041 3544 6042 3539 6042 3545 6042 3545 6043 3539 6043 3538 6043 3545 6044 3538 6044 3546 6044 3546 6045 3538 6045 3547 6045 3546 6046 3547 6046 3548 6046 3548 6047 3547 6047 3549 6047 3548 6048 3549 6048 3550 6048 3550 6049 3549 6049 3551 6049 3520 6050 3522 6050 3532 6050 3532 6051 3522 6051 3552 6051 3532 6052 3552 6052 3553 6052 3554 6053 3555 6053 3556 6053 3556 6054 3555 6054 3532 6054 3556 6055 3532 6055 3557 6055 3557 6056 3532 6056 3553 6056 3540 6057 3558 6057 3538 6057 3538 6058 3558 6058 3541 6058 3538 6059 3541 6059 3559 6059 3559 6060 3541 6060 3543 6060 3560 6061 3561 6061 3562 6061 3508 6062 3506 6062 3563 6062 3563 6063 3506 6063 3504 6063 3563 6064 3504 6064 3528 6064 3528 6065 3504 6065 3502 6065 3528 6066 3502 6066 3500 6066 3564 6067 3565 6067 3566 6067 3523 6068 3560 6068 3524 6068 3524 6069 3560 6069 3562 6069 3524 6070 3562 6070 3536 6070 3536 6071 3562 6071 3567 6071 3536 6072 3567 6072 3537 6072 3516 6073 3515 6073 3568 6073 3569 6074 3570 6074 3531 6074 3531 6075 3570 6075 3571 6075 3531 6076 3571 6076 3494 6076 3572 6077 3573 6077 3574 6077 3575 6078 3576 6078 3577 6078 3577 6079 3576 6079 3527 6079 3577 6080 3527 6080 3497 6080 3497 6081 3527 6081 3498 6081 3578 6082 3579 6082 3580 6082 3580 6083 3579 6083 3581 6083 3518 6084 3517 6084 3582 6084 3582 6085 3517 6085 3583 6085 3582 6086 3583 6086 3524 6086 3524 6087 3583 6087 3584 6087 3524 6088 3584 6088 3585 6088 3574 6089 3586 6089 3572 6089 3572 6090 3586 6090 3587 6090 3572 6091 3587 6091 3515 6091 3515 6092 3587 6092 3588 6092 3515 6093 3588 6093 3568 6093 3568 6094 3588 6094 3589 6094 3568 6095 3589 6095 3560 6095 3560 6096 3589 6096 3590 6096 3560 6097 3590 6097 3561 6097 3578 6098 3591 6098 3579 6098 3579 6099 3591 6099 3592 6099 3579 6100 3592 6100 3563 6100 3563 6101 3592 6101 3593 6101 3563 6102 3593 6102 3508 6102 3594 6103 3595 6103 3596 6103 3519 6104 3529 6104 3517 6104 3517 6105 3529 6105 3492 6105 3517 6106 3492 6106 3597 6106 3597 6107 3492 6107 3598 6107 3526 6108 3599 6108 3549 6108 3549 6109 3599 6109 3600 6109 3549 6110 3600 6110 3551 6110 3551 6111 3600 6111 3601 6111 3551 6112 3601 6112 3602 6112 3585 6113 3603 6113 3524 6113 3524 6114 3603 6114 3604 6114 3524 6115 3604 6115 3526 6115 3526 6116 3604 6116 3605 6116 3526 6117 3605 6117 3599 6117 3606 6118 3607 6118 3608 6118 3608 6119 3607 6119 3609 6119 3608 6120 3609 6120 3610 6120 3610 6121 3609 6121 3611 6121 3610 6122 3611 6122 3516 6122 3516 6123 3611 6123 3612 6123 3516 6124 3612 6124 3514 6124 3596 6125 3595 6125 3613 6125 3490 6126 3614 6126 3492 6126 3492 6127 3614 6127 3615 6127 3616 6128 3617 6128 3618 6128 3619 6129 3620 6129 3621 6129 3618 6130 3622 6130 3616 6130 3616 6131 3622 6131 3623 6131 3616 6132 3623 6132 3624 6132 3624 6133 3623 6133 3625 6133 3624 6134 3625 6134 3492 6134 3492 6135 3625 6135 3626 6135 3492 6136 3626 6136 3598 6136 3627 6137 3628 6137 3629 6137 3630 6138 3631 6138 3596 6138 3596 6139 3631 6139 3632 6139 3596 6140 3632 6140 3594 6140 3566 6141 3613 6141 3564 6141 3564 6142 3613 6142 3595 6142 3564 6143 3595 6143 3633 6143 3633 6144 3595 6144 3619 6144 3633 6145 3619 6145 3634 6145 3634 6146 3619 6146 3621 6146 3479 6147 3635 6147 3480 6147 3480 6148 3635 6148 3636 6148 3480 6149 3636 6149 3482 6149 3490 6150 3488 6150 3614 6150 3614 6151 3488 6151 3486 6151 3614 6152 3486 6152 3636 6152 3636 6153 3486 6153 3484 6153 3636 6154 3484 6154 3482 6154 3629 6155 3637 6155 3638 6155 3601 6156 3639 6156 3602 6156 3602 6157 3639 6157 3640 6157 3602 6158 3640 6158 3579 6158 3579 6159 3640 6159 3641 6159 3641 6160 3642 6160 3579 6160 3579 6161 3642 6161 3643 6161 3579 6162 3643 6162 3581 6162 3581 6163 3643 6163 3644 6163 3615 6164 3645 6164 3492 6164 3492 6165 3645 6165 3646 6165 3492 6166 3646 6166 3624 6166 3624 6167 3646 6167 3647 6167 3624 6168 3647 6168 3565 6168 3565 6169 3647 6169 3648 6169 3565 6170 3648 6170 3566 6170 3649 6171 3637 6171 3650 6171 3650 6172 3637 6172 3629 6172 3650 6173 3629 6173 3651 6173 3651 6174 3629 6174 3652 6174 3651 6175 3652 6175 3653 6175 3653 6176 3652 6176 3644 6176 3653 6177 3644 6177 3654 6177 3654 6178 3644 6178 3643 6178 3642 6179 3655 6179 3643 6179 3643 6180 3655 6180 3656 6180 3643 6181 3656 6181 3617 6181 3617 6182 3656 6182 3657 6182 3617 6183 3657 6183 3618 6183 3658 6184 3659 6184 3660 6184 3660 6185 3659 6185 3512 6185 3660 6186 3512 6186 3661 6186 3661 6187 3512 6187 3510 6187 3661 6188 3510 6188 3662 6188 3662 6189 3510 6189 3508 6189 3662 6190 3508 6190 3663 6190 3663 6191 3508 6191 3593 6191 3664 6192 3665 6192 3666 6192 3666 6193 3665 6193 3635 6193 3666 6194 3635 6194 3667 6194 3667 6195 3635 6195 3479 6195 3668 6196 3627 6196 3669 6196 3669 6197 3627 6197 3629 6197 3669 6198 3629 6198 3670 6198 3670 6199 3629 6199 3638 6199 3671 6200 3532 6200 3555 6200 3671 6201 3555 6201 3672 6201 3672 6202 3555 6202 3554 6202 3672 6203 3554 6203 3673 6203 3673 6204 3554 6204 3556 6204 3673 6205 3556 6205 3674 6205 3674 6206 3556 6206 3557 6206 3674 6207 3557 6207 3675 6207 3676 6208 3677 6208 3678 6208 3677 6209 3679 6209 3680 6209 3681 6210 3682 6210 3683 6210 3683 6211 3682 6211 3684 6211 3683 6212 3684 6212 3685 6212 3686 6213 3687 6213 3688 6213 3678 6214 3677 6214 3689 6214 3689 6215 3677 6215 3680 6215 3689 6216 3680 6216 3690 6216 3691 6217 3692 6217 3693 6217 3693 6218 3692 6218 3694 6218 3693 6219 3694 6219 3695 6219 3696 6220 3697 6220 3698 6220 3698 6221 3697 6221 3699 6221 3698 6222 3699 6222 3700 6222 3701 6223 3702 6223 3703 6223 3704 6224 3705 6224 3706 6224 3681 6225 3707 6225 3682 6225 3682 6226 3707 6226 3708 6226 3682 6227 3708 6227 3688 6227 3688 6228 3708 6228 3709 6228 3688 6229 3709 6229 3686 6229 3710 6230 3711 6230 3712 6230 3712 6231 3711 6231 3713 6231 3712 6232 3713 6232 3714 6232 3715 6233 3716 6233 3717 6233 3717 6234 3716 6234 3718 6234 3717 6235 3718 6235 3719 6235 3720 6236 3704 6236 3697 6236 3697 6237 3704 6237 3706 6237 3697 6238 3706 6238 3721 6238 3721 6239 3706 6239 3722 6239 3721 6240 3722 6240 3723 6240 3723 6241 3722 6241 3724 6241 3723 6242 3724 6242 3725 6242 3717 6243 3726 6243 3715 6243 3715 6244 3726 6244 3727 6244 3715 6245 3727 6245 3703 6245 3703 6246 3727 6246 3728 6246 3703 6247 3728 6247 3701 6247 3729 6248 3730 6248 3731 6248 3732 6249 3733 6249 3734 6249 3713 6250 3735 6250 3714 6250 3714 6251 3735 6251 3736 6251 3714 6252 3736 6252 3737 6252 3737 6253 3736 6253 3723 6253 3737 6254 3723 6254 3694 6254 3694 6255 3723 6255 3725 6255 3694 6256 3725 6256 3695 6256 3699 6257 3738 6257 3700 6257 3700 6258 3738 6258 3739 6258 3700 6259 3739 6259 3740 6259 3740 6260 3739 6260 3741 6260 3740 6261 3741 6261 3742 6261 3742 6262 3741 6262 3743 6262 3742 6263 3743 6263 3744 6263 3744 6264 3743 6264 3745 6264 3744 6265 3745 6265 3746 6265 3746 6266 3745 6266 3747 6266 3748 6267 3749 6267 3691 6267 3691 6268 3749 6268 3750 6268 3691 6269 3750 6269 3692 6269 3751 6270 3752 6270 3753 6270 3696 6271 3754 6271 3697 6271 3697 6272 3754 6272 3755 6272 3697 6273 3755 6273 3720 6273 3756 6274 3757 6274 3758 6274 3758 6275 3757 6275 3759 6275 3758 6276 3759 6276 3760 6276 3760 6277 3759 6277 3761 6277 3762 6278 3763 6278 3764 6278 3763 6279 3762 6279 3765 6279 3765 6280 3762 6280 3766 6280 3765 6281 3766 6281 3767 6281 3767 6282 3766 6282 3768 6282 3767 6283 3768 6283 3769 6283 3770 6284 3771 6284 3772 6284 3773 6285 3774 6285 3775 6285 3775 6286 3774 6286 3751 6286 3775 6287 3751 6287 3776 6287 3776 6288 3751 6288 3753 6288 3761 6289 3759 6289 3777 6289 3777 6290 3759 6290 3778 6290 3777 6291 3778 6291 3779 6291 3779 6292 3778 6292 3780 6292 3779 6293 3780 6293 3781 6293 3781 6294 3780 6294 3782 6294 3781 6295 3782 6295 3783 6295 3764 6296 3729 6296 3762 6296 3762 6297 3729 6297 3731 6297 3762 6298 3731 6298 3784 6298 3784 6299 3731 6299 3785 6299 3784 6300 3785 6300 3786 6300 3786 6301 3785 6301 3719 6301 3786 6302 3719 6302 3787 6302 3787 6303 3719 6303 3718 6303 3788 6304 3789 6304 3790 6304 3791 6305 3792 6305 3768 6305 3768 6306 3792 6306 3793 6306 3768 6307 3793 6307 3769 6307 3732 6308 3794 6308 3733 6308 3733 6309 3794 6309 3795 6309 3733 6310 3795 6310 3796 6310 3796 6311 3795 6311 3797 6311 3796 6312 3797 6312 3791 6312 3789 6313 3749 6313 3790 6313 3790 6314 3749 6314 3748 6314 3790 6315 3748 6315 3798 6315 3798 6316 3748 6316 3683 6316 3798 6317 3683 6317 3773 6317 3773 6318 3683 6318 3685 6318 3773 6319 3685 6319 3774 6319 3790 6320 3799 6320 3788 6320 3788 6321 3799 6321 3792 6321 3788 6322 3792 6322 3800 6322 3800 6323 3792 6323 3791 6323 3800 6324 3791 6324 3801 6324 3801 6325 3791 6325 3797 6325 3734 6326 3703 6326 3732 6326 3732 6327 3703 6327 3702 6327 3732 6328 3702 6328 3802 6328 3802 6329 3702 6329 3803 6329 3756 6330 3804 6330 3757 6330 3757 6331 3804 6331 3805 6331 3757 6332 3805 6332 3806 6332 3806 6333 3805 6333 3807 6333 3806 6334 3807 6334 3808 6334 3808 6335 3807 6335 3809 6335 3808 6336 3809 6336 3810 6336 3810 6337 3809 6337 3811 6337 3812 6338 3813 6338 3814 6338 3815 6339 3816 6339 3702 6339 3702 6340 3816 6340 3817 6340 3702 6341 3817 6341 3803 6341 3818 6342 3811 6342 3819 6342 3819 6343 3811 6343 3809 6343 3819 6344 3809 6344 3820 6344 3820 6345 3809 6345 3821 6345 3820 6346 3821 6346 3822 6346 3782 6347 3823 6347 3783 6347 3783 6348 3823 6348 3824 6348 3783 6349 3824 6349 3825 6349 3826 6350 3702 6350 3827 6350 3827 6351 3702 6351 3828 6351 3827 6352 3828 6352 3772 6352 3772 6353 3828 6353 3829 6353 3772 6354 3829 6354 3770 6354 3770 6355 3829 6355 3812 6355 3770 6356 3812 6356 3830 6356 3830 6357 3812 6357 3814 6357 3826 6358 3831 6358 3702 6358 3702 6359 3831 6359 3832 6359 3702 6360 3832 6360 3815 6360 3815 6361 3832 6361 3833 6361 3815 6362 3833 6362 3834 6362 3834 6363 3833 6363 3835 6363 3834 6364 3835 6364 3757 6364 3757 6365 3835 6365 3836 6365 3757 6366 3836 6366 3759 6366 3759 6367 3836 6367 3837 6367 3759 6368 3837 6368 3678 6368 3678 6369 3837 6369 3838 6369 3678 6370 3838 6370 3676 6370 3825 6371 3839 6371 3783 6371 3783 6372 3839 6372 3840 6372 3783 6373 3840 6373 3841 6373 3841 6374 3840 6374 3842 6374 3841 6375 3842 6375 3821 6375 3821 6376 3842 6376 3843 6376 3821 6377 3843 6377 3822 6377 3844 6378 3845 6378 3846 6378 3846 6379 3845 6379 3847 6379 3710 6380 3844 6380 3711 6380 3711 6381 3844 6381 3846 6381 3711 6382 3846 6382 3747 6382 3747 6383 3846 6383 3848 6383 3747 6384 3848 6384 3746 6384 3849 6385 3846 6385 3850 6385 3850 6386 3846 6386 3847 6386 3850 6387 3847 6387 3851 6387 3851 6388 3847 6388 3852 6388 3851 6389 3852 6389 3853 6389 3853 6390 3852 6390 3818 6390 3853 6391 3818 6391 3854 6391 3854 6392 3818 6392 3819 6392 3855 6393 3856 6393 3857 6393 3857 6394 3856 6394 3858 6394 3857 6395 3858 6395 3859 6395 3859 6396 3858 6396 3860 6396 3859 6397 3860 6397 3849 6397 3849 6398 3860 6398 3861 6398 3849 6399 3861 6399 3846 6399 3862 6400 3863 6400 3864 6400 3864 6401 3863 6401 3865 6401 3864 6402 3865 6402 3866 6402 3866 6403 3865 6403 3867 6403 3866 6404 3867 6404 3868 6404 3868 6405 3867 6405 3869 6405 3868 6406 3869 6406 3870 6406 3870 6407 3869 6407 3871 6407 3870 6408 3871 6408 3872 6408 3872 6409 3871 6409 3873 6409 3872 6410 3873 6410 3874 6410 3874 6411 3873 6411 3875 6411 3874 6412 3875 6412 3876 6412 3876 6413 3875 6413 3877 6413 3876 6414 3877 6414 3878 6414 3878 6415 3877 6415 3879 6415 3878 6416 3879 6416 3880 6416 3880 6417 3879 6417 3881 6417 3880 6418 3881 6418 3882 6418 3882 6419 3881 6419 3883 6419 3882 6420 3883 6420 3884 6420 3884 6421 3883 6421 3885 6421 3884 6422 3885 6422 3862 6422 3862 6423 3885 6423 3863 6423 3886 6424 3887 6424 3888 6424 3888 6425 3887 6425 3889 6425 3888 6426 3889 6426 3890 6426 3890 6427 3889 6427 3891 6427 3890 6428 3891 6428 3892 6428 3892 6429 3891 6429 3893 6429 3892 6430 3893 6430 3894 6430 3894 6431 3893 6431 3895 6431 3894 6432 3895 6432 3896 6432 3896 6433 3895 6433 3897 6433 3896 6434 3897 6434 3898 6434 3898 6435 3897 6435 3899 6435 3898 6436 3899 6436 3900 6436 3900 6437 3899 6437 3901 6437 3900 6438 3901 6438 3902 6438 3902 6439 3901 6439 3903 6439 3902 6440 3903 6440 3904 6440 3904 6441 3903 6441 3905 6441 3904 6442 3905 6442 3906 6442 3906 6443 3905 6443 3907 6443 3906 6444 3907 6444 3908 6444 3908 6445 3907 6445 3909 6445 3908 6446 3909 6446 3886 6446 3886 6447 3909 6447 3887 6447 3910 6448 3911 6448 3912 6448 3912 6449 3911 6449 3913 6449 3912 6450 3913 6450 3914 6450 3914 6451 3913 6451 3915 6451 3914 6452 3915 6452 3916 6452 3916 6453 3915 6453 3917 6453 3916 6454 3917 6454 3918 6454 3918 6455 3917 6455 3919 6455 3918 6456 3919 6456 3920 6456 3920 6457 3919 6457 3921 6457 3920 6458 3921 6458 3922 6458 3922 6459 3921 6459 3923 6459 3922 6460 3923 6460 3924 6460 3924 6461 3923 6461 3925 6461 3924 6462 3925 6462 3926 6462 3926 6463 3925 6463 3927 6463 3926 6464 3927 6464 3928 6464 3928 6465 3927 6465 3929 6465 3928 6466 3929 6466 3930 6466 3930 6467 3929 6467 3931 6467 3930 6468 3931 6468 3932 6468 3932 6469 3931 6469 3933 6469 3932 6470 3933 6470 3910 6470 3910 6471 3933 6471 3911 6471 3934 6472 3935 6472 3936 6472 3936 6473 3935 6473 3937 6473 3936 6474 3937 6474 3938 6474 3938 6475 3937 6475 3939 6475 3938 6476 3939 6476 3940 6476 3940 6477 3939 6477 3941 6477 3940 6478 3941 6478 3942 6478 3942 6479 3941 6479 3943 6479 3942 6480 3943 6480 3944 6480 3944 6481 3943 6481 3945 6481 3944 6482 3945 6482 3946 6482 3946 6483 3945 6483 3947 6483 3946 6484 3947 6484 3948 6484 3948 6485 3947 6485 3949 6485 3948 6486 3949 6486 3950 6486 3950 6487 3949 6487 3951 6487 3950 6488 3951 6488 3952 6488 3952 6489 3951 6489 3953 6489 3952 6490 3953 6490 3954 6490 3954 6491 3953 6491 3955 6491 3954 6492 3955 6492 3956 6492 3956 6493 3955 6493 3957 6493 3956 6494 3957 6494 3958 6494 3958 6495 3957 6495 3959 6495 3958 6496 3959 6496 3960 6496 3960 6497 3959 6497 3961 6497 3960 6498 3961 6498 3962 6498 3962 6499 3961 6499 3963 6499 3964 6500 3965 6500 3966 6500 3966 6501 3965 6501 3967 6501 3966 6502 3967 6502 3968 6502 3968 6503 3967 6503 3969 6503 3968 6504 3969 6504 3970 6504 3970 6505 3969 6505 3971 6505 3970 6506 3971 6506 3963 6506 3963 6507 3971 6507 3972 6507 3963 6508 3972 6508 3962 6508 3973 6509 3974 6509 3975 6509 3976 6510 3977 6510 3978 6510 3978 6511 3977 6511 3979 6511 3978 6512 3979 6512 3980 6512 3980 6513 3979 6513 3981 6513 3980 6514 3981 6514 3982 6514 3982 6515 3981 6515 3983 6515 3984 6516 3985 6516 3969 6516 3969 6517 3985 6517 3986 6517 3987 6518 3977 6518 3988 6518 3988 6519 3977 6519 3976 6519 3988 6520 3976 6520 3989 6520 3989 6521 3976 6521 3990 6521 3989 6522 3990 6522 3991 6522 3991 6523 3990 6523 3992 6523 3991 6524 3992 6524 3993 6524 3993 6525 3992 6525 3994 6525 3993 6526 3994 6526 3995 6526 3995 6527 3994 6527 3996 6527 3995 6528 3996 6528 3986 6528 3986 6529 3996 6529 3997 6529 3986 6530 3997 6530 3969 6530 3983 6531 3998 6531 3969 6531 3997 6532 3999 6532 3969 6532 3969 6533 3999 6533 4000 6533 3969 6534 4000 6534 3983 6534 3983 6535 4000 6535 4001 6535 3983 6536 4001 6536 3982 6536 4002 6537 4003 6537 4004 6537 4004 6538 4003 6538 4005 6538 4004 6539 4005 6539 4006 6539 4006 6540 4005 6540 4007 6540 4006 6541 4007 6541 3965 6541 3965 6542 4007 6542 4008 6542 3965 6543 4008 6543 3967 6543 3967 6544 4008 6544 4009 6544 3967 6545 4009 6545 3969 6545 3969 6546 4009 6546 4010 6546 3969 6547 4010 6547 3984 6547 4011 6548 4012 6548 4013 6548 4013 6549 4014 6549 4011 6549 4011 6550 4014 6550 4015 6550 4011 6551 4015 6551 4002 6551 4002 6552 4015 6552 4016 6552 4002 6553 4016 6553 4003 6553 4017 6554 4018 6554 4012 6554 4017 6555 4012 6555 4019 6555 4018 6556 4020 6556 4012 6556 4012 6557 4020 6557 4021 6557 4012 6558 4021 6558 4013 6558 4020 6559 4022 6559 4021 6559 4021 6560 4022 6560 4023 6560 4021 6561 4023 6561 3973 6561 3973 6562 4023 6562 4024 6562 3973 6563 4024 6563 3974 6563 3974 6564 4024 6564 4025 6564 3974 6565 4025 6565 4026 6565 4026 6566 4025 6566 4027 6566 4028 6567 4029 6567 4027 6567 4027 6568 4029 6568 4030 6568 4027 6569 4030 6569 4026 6569 4031 6570 4032 6570 4033 6570 4033 6571 4032 6571 4034 6571 4033 6572 4034 6572 4028 6572 4028 6573 4034 6573 4035 6573 4028 6574 4035 6574 4029 6574 4036 6575 4037 6575 4038 6575 4038 6576 4037 6576 4039 6576 4040 6577 4041 6577 4042 6577 4042 6578 4041 6578 4043 6578 4012 6579 4038 6579 4019 6579 4019 6580 4038 6580 4039 6580 4019 6581 4039 6581 4031 6581 4031 6582 4039 6582 4044 6582 4031 6583 4044 6583 4032 6583 4036 6584 4038 6584 4045 6584 4045 6585 4038 6585 4046 6585 4045 6586 4046 6586 4047 6586 4047 6587 4046 6587 4048 6587 4047 6588 4048 6588 4049 6588 4049 6589 4048 6589 4050 6589 4049 6590 4050 6590 4051 6590 4051 6591 4050 6591 4052 6591 4051 6592 4052 6592 4053 6592 4053 6593 4052 6593 4054 6593 4053 6594 4054 6594 4055 6594 4055 6595 4054 6595 4056 6595 4055 6596 4056 6596 4057 6596 4057 6597 4056 6597 4058 6597 4057 6598 4058 6598 4059 6598 4059 6599 4058 6599 4060 6599 4059 6600 4060 6600 4061 6600 4061 6601 4060 6601 4062 6601 4061 6602 4062 6602 4043 6602 4043 6603 4062 6603 4063 6603 4043 6604 4063 6604 4042 6604 4064 6605 3940 6605 4065 6605 4065 6606 3940 6606 3942 6606 4066 6607 4067 6607 4042 6607 4042 6608 4067 6608 4068 6608 4042 6609 4068 6609 4040 6609 4069 6610 4070 6610 3944 6610 4071 6611 3940 6611 4072 6611 4072 6612 3940 6612 4064 6612 4072 6613 4064 6613 4073 6613 4073 6614 4064 6614 4074 6614 4073 6615 4074 6615 4075 6615 4075 6616 4074 6616 4076 6616 4075 6617 4076 6617 4077 6617 4077 6618 4076 6618 4078 6618 4079 6619 4080 6619 4081 6619 4081 6620 4080 6620 4082 6620 4083 6621 4084 6621 4085 6621 4085 6622 4084 6622 4066 6622 4085 6623 4066 6623 4086 6623 4086 6624 4066 6624 4087 6624 4070 6625 4080 6625 3944 6625 3944 6626 4080 6626 4079 6626 3944 6627 4079 6627 3942 6627 3942 6628 4079 6628 4088 6628 3942 6629 4088 6629 4065 6629 4089 6630 4090 6630 4091 6630 4066 6631 4042 6631 4087 6631 4087 6632 4042 6632 4089 6632 4087 6633 4089 6633 4092 6633 4082 6634 4093 6634 4081 6634 4081 6635 4093 6635 4094 6635 4081 6636 4094 6636 4095 6636 4095 6637 4094 6637 4096 6637 4095 6638 4096 6638 4097 6638 4097 6639 4096 6639 4098 6639 4097 6640 4098 6640 4099 6640 4099 6641 4098 6641 4100 6641 4099 6642 4100 6642 4101 6642 4101 6643 4100 6643 4102 6643 4101 6644 4102 6644 4078 6644 4078 6645 4102 6645 4103 6645 4078 6646 4103 6646 4077 6646 3998 6647 4104 6647 3969 6647 3969 6648 4104 6648 4105 6648 3969 6649 4105 6649 3971 6649 3971 6650 4105 6650 4106 6650 3971 6651 4106 6651 3972 6651 3972 6652 4106 6652 4107 6652 3972 6653 4107 6653 3962 6653 3962 6654 4107 6654 4108 6654 3962 6655 4108 6655 4109 6655 4091 6656 4110 6656 4089 6656 4089 6657 4110 6657 4111 6657 4089 6658 4111 6658 4092 6658 4092 6659 4111 6659 4112 6659 4092 6660 4112 6660 4113 6660 4113 6661 4112 6661 4114 6661 4113 6662 4114 6662 4115 6662 4115 6663 4114 6663 4116 6663 4115 6664 4116 6664 4117 6664 4117 6665 4116 6665 4118 6665 4117 6666 4118 6666 4119 6666 4119 6667 4118 6667 4120 6667 4119 6668 4120 6668 4121 6668 4121 6669 4120 6669 4122 6669 4121 6670 4122 6670 4123 6670 4123 6671 4122 6671 4124 6671 4123 6672 4124 6672 4125 6672 4125 6673 4124 6673 4126 6673 4125 6674 4126 6674 4083 6674 4083 6675 4126 6675 4127 6675 4083 6676 4127 6676 4084 6676 4069 6677 3944 6677 4128 6677 4128 6678 3944 6678 3946 6678 4128 6679 3946 6679 4129 6679 4129 6680 3946 6680 3948 6680 4129 6681 3948 6681 4130 6681 4130 6682 3948 6682 3950 6682 4130 6683 3950 6683 4131 6683 4131 6684 3950 6684 3952 6684 4131 6685 3952 6685 4132 6685 4132 6686 3952 6686 3954 6686 4132 6687 3954 6687 4133 6687 4133 6688 3954 6688 3956 6688 4133 6689 3956 6689 4134 6689 4134 6690 3956 6690 3958 6690 4134 6691 3958 6691 4109 6691 4109 6692 3958 6692 3960 6692 4109 6693 3960 6693 3962 6693 4071 6694 4135 6694 3940 6694 3940 6695 4135 6695 4136 6695 3940 6696 4136 6696 3938 6696 3938 6697 4136 6697 4137 6697 3938 6698 4137 6698 3936 6698 3936 6699 4137 6699 4138 6699 3936 6700 4138 6700 3934 6700 3934 6701 4138 6701 4139 6701 3934 6702 4139 6702 4090 6702 4090 6703 4139 6703 4140 6703 4090 6704 4140 6704 4091 6704 3965 6705 3964 6705 4006 6705 4006 6706 3964 6706 4141 6706 4006 6707 4141 6707 4004 6707 4004 6708 4141 6708 4142 6708 4004 6709 4142 6709 4002 6709 4002 6710 4142 6710 4143 6710 4002 6711 4143 6711 4011 6711 4011 6712 4143 6712 4144 6712 4011 6713 4144 6713 4012 6713 4012 6714 4144 6714 4145 6714 4146 6715 4042 6715 4147 6715 4147 6716 4042 6716 4063 6716 4147 6717 4063 6717 4148 6717 4148 6718 4063 6718 4062 6718 4148 6719 4062 6719 4149 6719 4149 6720 4062 6720 4060 6720 4149 6721 4060 6721 4150 6721 4150 6722 4060 6722 4058 6722 4150 6723 4058 6723 4151 6723 4151 6724 4058 6724 4056 6724 4151 6725 4056 6725 4152 6725 4152 6726 4056 6726 4054 6726 4152 6727 4054 6727 4153 6727 4153 6728 4054 6728 4052 6728 4153 6729 4052 6729 4154 6729 4154 6730 4052 6730 4050 6730 4154 6731 4050 6731 4155 6731 4155 6732 4050 6732 4048 6732 4155 6733 4048 6733 4156 6733 4156 6734 4048 6734 4046 6734 4156 6735 4046 6735 4145 6735 4145 6736 4046 6736 4038 6736 4145 6737 4038 6737 4012 6737 3935 6738 3934 6738 4157 6738 4157 6739 3934 6739 4090 6739 4157 6740 4090 6740 4146 6740 4146 6741 4090 6741 4089 6741 4146 6742 4089 6742 4042 6742 4158 6743 4159 6743 4160 6743 4158 6744 4160 6744 4161 6744 4161 6745 4160 6745 4162 6745 4161 6746 4162 6746 4163 6746 4163 6747 4162 6747 4164 6747 4163 6748 4164 6748 4165 6748 4165 6749 4164 6749 4166 6749 4165 6750 4166 6750 4167 6750 4167 6751 4166 6751 4168 6751 4167 6752 4168 6752 4169 6752 4169 6753 4168 6753 4170 6753 4169 6754 4170 6754 4171 6754 4171 6755 4170 6755 4172 6755 4171 6756 4172 6756 4173 6756 4173 6757 4172 6757 4174 6757 4173 6758 4174 6758 4175 6758 4175 6759 4174 6759 4176 6759 4175 6760 4176 6760 4177 6760 4177 6761 4176 6761 4178 6761 4177 6762 4178 6762 4179 6762 4179 6763 4178 6763 4180 6763 4179 6764 4180 6764 4181 6764 4181 6765 4180 6765 4182 6765 4181 6766 4182 6766 4183 6766 4183 6767 4182 6767 4184 6767 4183 6768 4184 6768 4185 6768 4185 6769 4184 6769 4186 6769 4185 6770 4186 6770 4187 6770 4187 6771 4186 6771 4188 6771 4187 6772 4188 6772 4189 6772 4189 6773 4188 6773 4190 6773 4189 6774 4190 6774 4191 6774 4191 6775 4190 6775 4192 6775 4191 6776 4192 6776 4193 6776 4193 6777 4192 6777 4194 6777 4193 6778 4194 6778 4195 6778 3959 6779 4196 6779 3961 6779 3961 6780 4196 6780 4197 6780 3961 6781 4197 6781 3963 6781 3963 6782 4197 6782 4198 6782 3963 6783 4198 6783 3970 6783 3970 6784 4198 6784 4199 6784 3970 6785 4199 6785 3968 6785 3968 6786 4199 6786 4200 6786 3968 6787 4200 6787 3966 6787 3966 6788 4200 6788 4201 6788 3966 6789 4201 6789 3964 6789 3964 6790 4201 6790 4158 6790 3964 6791 4158 6791 4141 6791 4141 6792 4158 6792 4161 6792 4141 6793 4161 6793 4142 6793 4142 6794 4161 6794 4163 6794 4142 6795 4163 6795 4143 6795 4143 6796 4163 6796 4165 6796 4143 6797 4165 6797 4144 6797 4144 6798 4165 6798 4167 6798 4144 6799 4167 6799 4145 6799 4145 6800 4167 6800 4169 6800 4145 6801 4169 6801 4156 6801 4156 6802 4169 6802 4171 6802 4156 6803 4171 6803 4155 6803 4155 6804 4171 6804 4173 6804 4155 6805 4173 6805 4154 6805 4154 6806 4173 6806 4175 6806 4154 6807 4175 6807 4153 6807 4153 6808 4175 6808 4177 6808 4153 6809 4177 6809 4152 6809 4152 6810 4177 6810 4179 6810 4152 6811 4179 6811 4151 6811 4151 6812 4179 6812 4181 6812 4151 6813 4181 6813 4150 6813 4150 6814 4181 6814 4183 6814 4150 6815 4183 6815 4149 6815 4149 6816 4183 6816 4185 6816 4149 6817 4185 6817 4148 6817 4148 6818 4185 6818 4187 6818 4148 6819 4187 6819 4147 6819 4147 6820 4187 6820 4189 6820 4147 6821 4189 6821 4146 6821 4146 6822 4189 6822 4191 6822 4146 6823 4191 6823 4157 6823 4157 6824 4191 6824 4193 6824 4157 6825 4193 6825 3935 6825 3935 6826 4193 6826 4195 6826 3935 6827 4195 6827 3937 6827 3937 6828 4195 6828 4202 6828 3937 6829 4202 6829 3939 6829 3939 6830 4202 6830 4203 6830 3939 6831 4203 6831 3941 6831 3941 6832 4203 6832 4204 6832 3941 6833 4204 6833 3943 6833 3943 6834 4204 6834 4205 6834 3943 6835 4205 6835 3945 6835 3945 6836 4205 6836 4206 6836 3945 6837 4206 6837 3947 6837 3947 6838 4206 6838 4207 6838 3947 6839 4207 6839 3949 6839 3949 6840 4207 6840 4208 6840 3949 6841 4208 6841 3951 6841 3951 6842 4208 6842 4209 6842 3951 6843 4209 6843 3953 6843 3953 6844 4209 6844 4210 6844 3953 6845 4210 6845 3955 6845 3955 6846 4210 6846 4211 6846 3955 6847 4211 6847 3957 6847 3957 6848 4211 6848 4212 6848 3957 6849 4212 6849 3959 6849 3959 6850 4212 6850 4196 6850 4195 6851 4194 6851 4213 6851 4195 6852 4213 6852 4202 6852 4202 6853 4213 6853 4214 6853 4202 6854 4214 6854 4203 6854 4203 6855 4214 6855 4215 6855 4203 6856 4215 6856 4204 6856 4204 6857 4215 6857 4216 6857 4204 6858 4216 6858 4205 6858 4205 6859 4216 6859 4217 6859 4205 6860 4217 6860 4206 6860 4206 6861 4217 6861 4218 6861 4206 6862 4218 6862 4207 6862 4207 6863 4218 6863 4219 6863 4207 6864 4219 6864 4208 6864 4208 6865 4219 6865 4220 6865 4208 6866 4220 6866 4209 6866 4209 6867 4220 6867 4221 6867 4209 6868 4221 6868 4210 6868 4210 6869 4221 6869 4222 6869 4210 6870 4222 6870 4211 6870 4211 6871 4222 6871 4223 6871 4211 6872 4223 6872 4212 6872 4212 6873 4223 6873 4224 6873 4212 6874 4224 6874 4196 6874 4196 6875 4224 6875 4225 6875 4196 6876 4225 6876 4197 6876 4197 6877 4225 6877 4226 6877 4197 6878 4226 6878 4198 6878 4198 6879 4226 6879 4227 6879 4198 6880 4227 6880 4199 6880 4199 6881 4227 6881 4228 6881 4199 6882 4228 6882 4200 6882 4200 6883 4228 6883 4229 6883 4200 6884 4229 6884 4201 6884 4201 6885 4229 6885 4159 6885 4201 6886 4159 6886 4158 6886 4230 6887 4231 6887 4232 6887 4233 6888 4234 6888 4235 6888 4230 6889 4232 6889 4236 6889 4236 6890 4232 6890 4237 6890 4236 6891 4237 6891 4238 6891 4233 6892 4235 6892 4230 6892 4230 6893 4235 6893 4239 6893 4230 6894 4239 6894 4231 6894 4238 6895 4240 6895 4236 6895 4236 6896 4240 6896 4241 6896 4242 6897 4243 6897 4244 6897 4240 6898 4245 6898 4241 6898 4241 6899 4245 6899 4246 6899 4241 6900 4246 6900 4247 6900 4247 6901 4246 6901 4248 6901 4247 6902 4248 6902 4244 6902 4244 6903 4248 6903 4249 6903 4244 6904 4249 6904 4242 6904 4250 6905 4251 6905 4252 6905 4252 6906 4251 6906 4244 6906 4252 6907 4244 6907 4243 6907 4253 6908 4254 6908 4255 6908 4255 6909 4254 6909 4251 6909 4255 6910 4251 6910 4250 6910 4253 6911 4256 6911 4254 6911 4254 6912 4256 6912 4257 6912 4254 6913 4257 6913 4258 6913 4258 6914 4257 6914 4259 6914 4258 6915 4259 6915 4260 6915 4261 6916 4262 6916 4263 6916 4261 6917 4263 6917 4264 6917 4264 6918 4263 6918 4258 6918 4264 6919 4258 6919 4260 6919 4176 6920 4174 6920 4265 6920 4265 6921 4174 6921 4172 6921 4258 6922 4263 6922 3879 6922 4162 6923 4160 6923 4254 6923 3879 6924 3877 6924 4258 6924 4258 6925 3877 6925 3875 6925 4258 6926 3875 6926 4254 6926 4254 6927 3875 6927 3873 6927 4164 6928 3869 6928 4166 6928 4166 6929 3869 6929 3867 6929 4166 6930 3867 6930 4168 6930 4168 6931 3867 6931 3865 6931 4168 6932 3865 6932 4170 6932 4170 6933 3865 6933 3863 6933 4170 6934 3863 6934 4172 6934 4172 6935 3863 6935 3885 6935 4172 6936 3885 6936 4265 6936 4265 6937 3885 6937 3883 6937 4265 6938 3883 6938 4263 6938 4263 6939 3883 6939 3881 6939 4263 6940 3881 6940 3879 6940 4164 6941 4162 6941 3869 6941 3869 6942 4162 6942 4254 6942 3869 6943 4254 6943 3871 6943 3871 6944 4254 6944 3873 6944 4233 6945 3887 6945 3909 6945 4233 6946 3909 6946 4266 6946 3909 6947 3907 6947 4266 6947 4266 6948 3907 6948 3905 6948 4266 6949 3905 6949 4265 6949 3887 6950 4233 6950 3889 6950 3889 6951 4233 6951 4230 6951 3889 6952 4230 6952 3891 6952 3891 6953 4230 6953 4190 6953 3891 6954 4190 6954 3893 6954 3893 6955 4190 6955 4188 6955 3893 6956 4188 6956 3895 6956 3895 6957 4188 6957 4186 6957 3895 6958 4186 6958 3897 6958 3897 6959 4186 6959 4184 6959 3897 6960 4184 6960 3899 6960 3905 6961 3903 6961 4265 6961 4265 6962 3903 6962 3901 6962 4265 6963 3901 6963 3899 6963 4184 6964 4182 6964 3899 6964 3899 6965 4182 6965 4180 6965 3899 6966 4180 6966 4265 6966 4265 6967 4180 6967 4178 6967 4265 6968 4178 6968 4176 6968 3917 6969 3915 6969 4241 6969 4241 6970 3915 6970 4236 6970 4213 6971 4194 6971 4230 6971 4230 6972 4194 6972 4192 6972 4230 6973 4192 6973 4190 6973 3915 6974 3913 6974 4236 6974 4236 6975 3913 6975 3911 6975 4236 6976 3911 6976 4230 6976 4230 6977 3911 6977 3933 6977 4230 6978 3933 6978 3931 6978 4222 6979 4221 6979 4247 6979 4247 6980 4221 6980 4220 6980 4247 6981 4220 6981 4219 6981 3931 6982 3929 6982 4230 6982 4230 6983 3929 6983 4214 6983 4230 6984 4214 6984 4213 6984 3917 6985 4241 6985 3919 6985 3919 6986 4241 6986 4247 6986 3919 6987 4247 6987 3921 6987 3921 6988 4247 6988 4219 6988 3921 6989 4219 6989 3923 6989 3923 6990 4219 6990 4218 6990 3923 6991 4218 6991 3925 6991 3925 6992 4218 6992 4217 6992 3925 6993 4217 6993 3927 6993 3927 6994 4217 6994 4216 6994 3927 6995 4216 6995 3929 6995 3929 6996 4216 6996 4215 6996 3929 6997 4215 6997 4214 6997 4267 6998 4268 6998 4251 6998 4251 6999 4268 6999 4244 6999 4160 7000 4159 7000 4254 7000 4254 7001 4159 7001 4229 7001 4254 7002 4229 7002 4228 7002 4269 7003 4270 7003 4247 7003 4247 7004 4270 7004 4223 7004 4247 7005 4223 7005 4222 7005 4267 7006 4251 7006 4271 7006 4271 7007 4251 7007 4254 7007 4271 7008 4254 7008 4272 7008 4272 7009 4254 7009 4228 7009 4272 7010 4228 7010 4273 7010 4273 7011 4228 7011 4227 7011 4273 7012 4227 7012 4274 7012 4274 7013 4227 7013 4226 7013 4274 7014 4226 7014 4275 7014 4275 7015 4226 7015 4225 7015 4275 7016 4225 7016 4270 7016 4270 7017 4225 7017 4224 7017 4270 7018 4224 7018 4223 7018 4268 7019 4276 7019 4244 7019 4244 7020 4276 7020 4277 7020 4244 7021 4277 7021 4247 7021 4247 7022 4277 7022 4278 7022 4247 7023 4278 7023 4269 7023 4234 7024 4233 7024 4279 7024 4279 7025 4233 7025 4266 7025 4279 7026 4266 7026 4280 7026 4281 7027 4280 7027 4266 7027 4262 7028 4282 7028 4263 7028 4263 7029 4282 7029 4283 7029 4263 7030 4283 7030 4265 7030 4265 7031 4283 7031 4284 7031 4265 7032 4284 7032 4266 7032 4266 7033 4284 7033 4285 7033 4266 7034 4285 7034 4281 7034 4286 7035 4287 7035 4288 7035 4289 7036 4290 7036 4291 7036 4291 7037 4290 7037 4292 7037 4293 7038 4294 7038 4295 7038 4296 7039 4297 7039 4298 7039 4299 7040 4300 7040 4297 7040 4301 7041 4302 7041 4303 7041 4304 7042 4305 7042 4306 7042 4306 7043 4307 7043 4304 7043 4304 7044 4307 7044 4308 7044 4304 7045 4308 7045 4309 7045 4309 7046 4308 7046 4310 7046 4309 7047 4310 7047 4301 7047 4302 7048 4311 7048 4303 7048 4303 7049 4311 7049 4312 7049 4303 7050 4312 7050 4313 7050 4313 7051 4312 7051 4314 7051 4313 7052 4314 7052 4315 7052 4316 7053 4317 7053 4305 7053 4305 7054 4317 7054 4318 7054 4305 7055 4318 7055 4306 7055 4319 7056 4320 7056 4321 7056 4320 7057 4322 7057 4321 7057 4321 7058 4322 7058 4323 7058 4321 7059 4323 7059 4309 7059 4309 7060 4323 7060 4324 7060 4309 7061 4324 7061 4304 7061 4297 7062 4300 7062 4325 7062 4300 7063 4326 7063 4325 7063 4325 7064 4326 7064 4327 7064 4325 7065 4327 7065 4328 7065 4329 7066 4330 7066 4331 7066 4331 7067 4330 7067 4332 7067 4331 7068 4332 7068 4319 7068 4328 7069 4333 7069 4331 7069 4331 7070 4333 7070 4334 7070 4331 7071 4334 7071 4329 7071 4329 7072 4334 7072 4335 7072 4329 7073 4335 7073 4336 7073 4336 7074 4335 7074 4337 7074 4336 7075 4337 7075 4338 7075 4338 7076 4337 7076 4339 7076 4338 7077 4339 7077 4296 7077 4296 7078 4339 7078 4340 7078 4296 7079 4340 7079 4297 7079 4297 7080 4340 7080 4341 7080 4297 7081 4341 7081 4299 7081 4342 7082 4343 7082 4298 7082 4342 7083 4298 7083 4344 7083 4295 7084 4294 7084 4342 7084 4291 7085 4345 7085 4295 7085 4295 7086 4345 7086 4346 7086 4295 7087 4346 7087 4293 7087 4294 7088 4347 7088 4342 7088 4342 7089 4347 7089 4348 7089 4342 7090 4348 7090 4343 7090 4343 7091 4348 7091 4349 7091 4343 7092 4349 7092 4350 7092 4349 7093 4351 7093 4350 7093 4350 7094 4351 7094 4352 7094 4350 7095 4352 7095 4292 7095 4352 7096 4353 7096 4292 7096 4292 7097 4353 7097 4354 7097 4292 7098 4354 7098 4291 7098 4291 7099 4354 7099 4355 7099 4291 7100 4355 7100 4345 7100 4356 7101 4357 7101 4358 7101 4359 7102 4360 7102 4356 7102 4361 7103 4362 7103 4357 7103 4357 7104 4362 7104 4363 7104 4357 7105 4363 7105 4358 7105 4360 7106 4364 7106 4356 7106 4356 7107 4364 7107 4365 7107 4356 7108 4365 7108 4366 7108 4366 7109 4365 7109 4367 7109 4366 7110 4367 7110 4368 7110 4358 7111 4369 7111 4356 7111 4356 7112 4369 7112 4370 7112 4356 7113 4370 7113 4359 7113 4359 7114 4370 7114 4371 7114 4359 7115 4371 7115 4372 7115 4372 7116 4371 7116 4373 7116 4372 7117 4373 7117 4374 7117 4374 7118 4373 7118 4375 7118 4374 7119 4375 7119 4286 7119 4286 7120 4375 7120 4376 7120 4286 7121 4376 7121 4287 7121 4287 7122 4376 7122 4377 7122 4287 7123 4377 7123 4378 7123 4287 7124 4379 7124 4288 7124 4288 7125 4379 7125 4313 7125 4288 7126 4313 7126 4316 7126 4316 7127 4313 7127 4315 7127 4316 7128 4315 7128 4317 7128 4281 7129 4380 7129 4280 7129 4280 7130 4380 7130 4279 7130 4380 7131 3902 7131 3904 7131 3890 7132 3892 7132 4381 7132 4381 7133 3892 7133 3894 7133 4380 7134 3904 7134 4279 7134 4279 7135 3904 7135 3906 7135 4279 7136 3906 7136 4234 7136 3894 7137 3896 7137 4381 7137 4381 7138 3896 7138 3898 7138 4381 7139 3898 7139 4380 7139 4380 7140 3898 7140 3900 7140 4380 7141 3900 7141 3902 7141 3906 7142 3908 7142 4234 7142 4234 7143 3908 7143 3886 7143 4234 7144 3886 7144 4235 7144 4235 7145 3886 7145 3888 7145 4235 7146 3888 7146 3890 7146 4382 7147 3922 7147 3924 7147 4238 7148 4237 7148 3932 7148 3932 7149 3910 7149 4238 7149 4238 7150 3910 7150 3912 7150 4238 7151 3912 7151 4240 7151 3924 7152 3926 7152 4382 7152 4382 7153 3926 7153 3928 7153 4382 7154 3928 7154 4237 7154 4237 7155 3928 7155 3930 7155 4237 7156 3930 7156 3932 7156 3912 7157 3914 7157 4240 7157 4240 7158 3914 7158 3916 7158 4240 7159 3916 7159 4245 7159 4245 7160 3916 7160 3918 7160 4245 7161 3918 7161 3920 7161 4383 7162 4384 7162 4385 7162 4385 7163 4384 7163 4386 7163 4386 7164 4387 7164 4388 7164 4388 7165 4387 7165 4389 7165 4388 7166 4389 7166 4390 7166 4391 7167 4252 7167 4392 7167 4392 7168 4252 7168 4243 7168 4393 7169 4394 7169 4242 7169 4242 7170 4394 7170 4395 7170 4242 7171 4395 7171 4243 7171 4243 7172 4395 7172 4396 7172 4243 7173 4396 7173 4392 7173 4255 7174 4250 7174 4252 7174 4397 7175 4264 7175 4260 7175 3866 7176 3868 7176 4398 7176 3880 7177 3882 7177 4399 7177 3882 7178 3884 7178 4399 7178 4399 7179 3884 7179 3862 7179 4399 7180 3862 7180 4398 7180 4398 7181 3862 7181 3864 7181 4398 7182 3864 7182 3866 7182 3870 7183 3872 7183 4397 7183 4397 7184 3872 7184 3874 7184 4397 7185 3874 7185 4264 7185 4264 7186 3874 7186 3876 7186 4264 7187 3876 7187 4261 7187 4261 7188 3876 7188 3878 7188 4261 7189 3878 7189 3880 7189 3880 7190 4399 7190 4261 7190 4261 7191 4399 7191 4282 7191 4261 7192 4282 7192 4262 7192 4319 7193 4321 7193 4331 7193 4331 7194 4321 7194 4400 7194 4331 7195 4400 7195 4401 7195 4401 7196 4400 7196 4285 7196 4401 7197 4285 7197 4284 7197 4328 7198 4331 7198 4325 7198 4325 7199 4331 7199 4401 7199 4325 7200 4401 7200 4402 7200 4402 7201 4401 7201 4284 7201 4402 7202 4284 7202 4283 7202 4301 7203 4303 7203 4309 7203 4309 7204 4303 7204 4381 7204 4309 7205 4381 7205 4321 7205 4321 7206 4381 7206 4380 7206 4321 7207 4380 7207 4400 7207 4400 7208 4380 7208 4281 7208 4400 7209 4281 7209 4285 7209 4298 7210 4297 7210 4344 7210 4344 7211 4297 7211 4325 7211 4344 7212 4325 7212 4398 7212 4398 7213 4325 7213 4402 7213 4398 7214 4402 7214 4399 7214 4399 7215 4402 7215 4283 7215 4399 7216 4283 7216 4282 7216 3890 7217 4381 7217 4235 7217 4235 7218 4381 7218 4303 7218 4235 7219 4303 7219 4239 7219 4239 7220 4303 7220 4313 7220 4239 7221 4313 7221 4231 7221 4231 7222 4313 7222 4379 7222 4231 7223 4379 7223 4232 7223 4378 7224 4361 7224 4287 7224 4287 7225 4361 7225 4357 7225 4287 7226 4357 7226 4379 7226 4379 7227 4357 7227 4382 7227 4379 7228 4382 7228 4232 7228 4232 7229 4382 7229 4237 7229 4295 7230 4388 7230 4291 7230 4291 7231 4388 7231 4366 7231 4291 7232 4366 7232 4289 7232 4289 7233 4366 7233 4368 7233 4386 7234 4388 7234 4385 7234 4385 7235 4388 7235 4295 7235 4385 7236 4295 7236 4403 7236 4403 7237 4295 7237 4342 7237 4403 7238 4342 7238 4404 7238 4404 7239 4342 7239 4344 7239 4404 7240 4344 7240 4405 7240 4405 7241 4344 7241 4398 7241 4405 7242 4398 7242 4397 7242 4397 7243 4398 7243 3868 7243 4397 7244 3868 7244 3870 7244 4391 7245 4383 7245 4252 7245 4252 7246 4383 7246 4385 7246 4252 7247 4385 7247 4255 7247 4255 7248 4385 7248 4403 7248 4255 7249 4403 7249 4253 7249 4253 7250 4403 7250 4404 7250 4253 7251 4404 7251 4256 7251 4256 7252 4404 7252 4405 7252 4256 7253 4405 7253 4257 7253 4257 7254 4405 7254 4397 7254 4257 7255 4397 7255 4259 7255 4259 7256 4397 7256 4260 7256 4390 7257 4393 7257 4388 7257 4388 7258 4393 7258 4242 7258 4388 7259 4242 7259 4366 7259 4366 7260 4242 7260 4249 7260 4366 7261 4249 7261 4356 7261 4356 7262 4249 7262 4248 7262 4356 7263 4248 7263 4357 7263 4357 7264 4248 7264 4246 7264 4357 7265 4246 7265 4382 7265 4382 7266 4246 7266 4245 7266 4382 7267 4245 7267 3922 7267 3922 7268 4245 7268 3920 7268 4383 7269 4267 7269 4384 7269 4384 7270 4267 7270 4271 7270 4384 7271 4271 7271 4386 7271 4386 7272 4271 7272 4272 7272 4386 7273 4272 7273 4387 7273 4387 7274 4272 7274 4273 7274 4387 7275 4273 7275 4389 7275 4389 7276 4273 7276 4274 7276 4389 7277 4274 7277 4390 7277 4390 7278 4274 7278 4275 7278 4390 7279 4275 7279 4393 7279 4393 7280 4275 7280 4270 7280 4393 7281 4270 7281 4394 7281 4394 7282 4270 7282 4269 7282 4394 7283 4269 7283 4395 7283 4395 7284 4269 7284 4278 7284 4395 7285 4278 7285 4396 7285 4396 7286 4278 7286 4277 7286 4396 7287 4277 7287 4392 7287 4392 7288 4277 7288 4276 7288 4392 7289 4276 7289 4391 7289 4391 7290 4276 7290 4268 7290 4391 7291 4268 7291 4383 7291 4383 7292 4268 7292 4267 7292 4406 7293 4407 7293 4408 7293 4408 7294 4407 7294 4409 7294 4408 7295 4409 7295 4410 7295 4410 7296 4409 7296 4411 7296 4410 7297 4411 7297 4412 7297 4412 7298 4411 7298 4413 7298 4412 7299 4413 7299 4414 7299 4414 7300 4413 7300 4415 7300 4414 7301 4415 7301 4416 7301 4416 7302 4415 7302 4417 7302 4416 7303 4417 7303 4418 7303 4418 7304 4417 7304 4419 7304 4418 7305 4419 7305 4420 7305 4420 7306 4419 7306 4421 7306 4420 7307 4421 7307 4422 7307 4422 7308 4421 7308 4423 7308 4422 7309 4423 7309 4424 7309 4424 7310 4423 7310 4425 7310 4424 7311 4425 7311 4426 7311 4426 7312 4425 7312 4427 7312 4426 7313 4427 7313 4428 7313 4428 7314 4427 7314 4429 7314 4428 7315 4429 7315 4406 7315 4406 7316 4429 7316 4407 7316 4430 7317 4431 7317 4432 7317 4432 7318 4431 7318 4433 7318 4432 7319 4433 7319 4434 7319 4434 7320 4433 7320 4435 7320 4434 7321 4435 7321 4436 7321 4436 7322 4435 7322 4437 7322 4436 7323 4437 7323 4438 7323 4438 7324 4437 7324 4439 7324 4438 7325 4439 7325 4440 7325 4440 7326 4439 7326 4441 7326 4440 7327 4441 7327 4442 7327 4442 7328 4441 7328 4443 7328 4442 7329 4443 7329 4444 7329 4444 7330 4443 7330 4445 7330 4444 7331 4445 7331 4446 7331 4446 7332 4445 7332 4447 7332 4446 7333 4447 7333 4448 7333 4448 7334 4447 7334 4449 7334 4448 7335 4449 7335 4450 7335 4450 7336 4449 7336 4451 7336 4450 7337 4451 7337 4452 7337 4452 7338 4451 7338 4453 7338 4452 7339 4453 7339 4430 7339 4430 7340 4453 7340 4431 7340 4454 7341 4455 7341 4456 7341 4456 7342 4455 7342 4457 7342 4456 7343 4457 7343 4458 7343 4458 7344 4457 7344 4459 7344 4458 7345 4459 7345 4460 7345 4460 7346 4459 7346 4461 7346 4460 7347 4461 7347 4462 7347 4462 7348 4461 7348 4463 7348 4462 7349 4463 7349 4464 7349 4464 7350 4463 7350 4465 7350 4464 7351 4465 7351 4466 7351 4466 7352 4465 7352 4467 7352 4466 7353 4467 7353 4468 7353 4468 7354 4467 7354 4469 7354 4468 7355 4469 7355 4470 7355 4470 7356 4469 7356 4471 7356 4470 7357 4471 7357 4472 7357 4472 7358 4471 7358 4473 7358 4472 7359 4473 7359 4474 7359 4474 7360 4473 7360 4475 7360 4474 7361 4475 7361 4476 7361 4476 7362 4475 7362 4477 7362 4476 7363 4477 7363 4454 7363 4454 7364 4477 7364 4455 7364 4478 7365 4479 7365 4480 7365 4480 7366 4479 7366 4481 7366 4480 7367 4481 7367 4482 7367 4482 7368 4481 7368 4483 7368 4482 7369 4483 7369 4484 7369 4484 7370 4483 7370 4485 7370 4484 7371 4485 7371 4486 7371 4486 7372 4485 7372 4487 7372 4486 7373 4487 7373 4488 7373 4488 7374 4487 7374 4489 7374 4488 7375 4489 7375 4490 7375 4490 7376 4489 7376 4491 7376 4490 7377 4491 7377 4492 7377 4492 7378 4491 7378 4493 7378 4492 7379 4493 7379 4494 7379 4494 7380 4493 7380 4495 7380 4494 7381 4495 7381 4496 7381 4496 7382 4495 7382 4497 7382 4496 7383 4497 7383 4498 7383 4498 7384 4497 7384 4499 7384 4498 7385 4499 7385 4500 7385 4500 7386 4499 7386 4501 7386 4500 7387 4501 7387 4478 7387 4478 7388 4501 7388 4479 7388 4502 7389 4503 7389 4504 7389 4504 7390 4503 7390 4505 7390 4504 7391 4505 7391 4506 7391 4506 7392 4505 7392 4507 7392 4506 7393 4507 7393 4508 7393 4508 7394 4507 7394 4509 7394 4508 7395 4509 7395 4510 7395 4510 7396 4509 7396 4511 7396 4510 7397 4511 7397 4512 7397 4512 7398 4511 7398 4513 7398 4512 7399 4513 7399 4514 7399 4514 7400 4513 7400 4515 7400 4514 7401 4515 7401 4516 7401 4516 7402 4515 7402 4517 7402 4516 7403 4517 7403 4518 7403 4518 7404 4517 7404 4519 7404 4518 7405 4519 7405 4520 7405 4520 7406 4519 7406 4521 7406 4520 7407 4521 7407 4522 7407 4522 7408 4521 7408 4523 7408 4522 7409 4523 7409 4524 7409 4524 7410 4523 7410 4525 7410 4524 7411 4525 7411 4526 7411 4526 7412 4525 7412 4527 7412 4526 7413 4527 7413 4528 7413 4528 7414 4527 7414 4529 7414 4528 7415 4529 7415 4530 7415 4530 7416 4529 7416 4531 7416 4530 7417 4531 7417 4532 7417 4532 7418 4531 7418 4533 7418 4532 7419 4533 7419 4534 7419 4534 7420 4533 7420 4535 7420 4534 7421 4535 7421 4536 7421 4536 7422 4535 7422 4537 7422 4536 7423 4537 7423 4538 7423 4538 7424 4537 7424 4539 7424 4540 7425 4541 7425 4542 7425 4542 7426 4541 7426 4543 7426 4542 7427 4543 7427 4544 7427 4544 7428 4543 7428 4545 7428 4544 7429 4545 7429 4546 7429 4546 7430 4545 7430 4547 7430 4546 7431 4547 7431 4548 7431 4548 7432 4547 7432 4549 7432 4548 7433 4549 7433 4550 7433 4550 7434 4549 7434 4551 7434 4550 7435 4551 7435 4552 7435 4552 7436 4551 7436 4553 7436 4552 7437 4553 7437 4554 7437 4554 7438 4553 7438 4555 7438 4554 7439 4555 7439 4556 7439 4556 7440 4555 7440 4557 7440 4556 7441 4557 7441 4558 7441 4558 7442 4557 7442 4502 7442 4558 7443 4502 7443 4559 7443 4559 7444 4502 7444 4504 7444 4559 7445 4504 7445 4560 7445 4560 7446 4504 7446 4506 7446 4560 7447 4506 7447 4561 7447 4561 7448 4506 7448 4508 7448 4561 7449 4508 7449 4562 7449 4562 7450 4508 7450 4510 7450 4562 7451 4510 7451 4563 7451 4563 7452 4510 7452 4512 7452 4563 7453 4512 7453 4564 7453 4564 7454 4512 7454 4514 7454 4564 7455 4514 7455 4565 7455 4565 7456 4514 7456 4516 7456 4565 7457 4516 7457 4566 7457 4566 7458 4516 7458 4518 7458 4566 7459 4518 7459 4567 7459 4518 7460 4520 7460 4567 7460 4567 7461 4520 7461 4522 7461 4567 7462 4522 7462 4568 7462 4568 7463 4522 7463 4524 7463 4568 7464 4524 7464 4569 7464 4569 7465 4524 7465 4526 7465 4569 7466 4526 7466 4570 7466 4570 7467 4526 7467 4528 7467 4570 7468 4528 7468 4571 7468 4571 7469 4528 7469 4530 7469 4571 7470 4530 7470 4572 7470 4572 7471 4530 7471 4532 7471 4572 7472 4532 7472 4573 7472 4573 7473 4532 7473 4534 7473 4573 7474 4534 7474 4574 7474 4574 7475 4534 7475 4536 7475 4574 7476 4536 7476 4575 7476 4575 7477 4536 7477 4538 7477 4575 7478 4538 7478 4576 7478 4576 7479 4538 7479 4577 7479 4576 7480 4577 7480 4578 7480 4578 7481 4577 7481 4579 7481 4578 7482 4579 7482 4580 7482 4580 7483 4579 7483 4581 7483 4580 7484 4581 7484 4582 7484 4582 7485 4581 7485 4583 7485 4582 7486 4583 7486 4584 7486 4584 7487 4583 7487 4585 7487 4584 7488 4585 7488 4586 7488 4586 7489 4585 7489 4587 7489 4586 7490 4587 7490 4588 7490 4588 7491 4587 7491 4589 7491 4588 7492 4589 7492 4540 7492 4540 7493 4589 7493 4590 7493 4540 7494 4590 7494 4541 7494 4538 7495 4539 7495 4577 7495 4577 7496 4539 7496 4591 7496 4577 7497 4591 7497 4579 7497 4579 7498 4591 7498 4592 7498 4579 7499 4592 7499 4581 7499 4581 7500 4592 7500 4593 7500 4581 7501 4593 7501 4583 7501 4583 7502 4593 7502 4594 7502 4583 7503 4594 7503 4585 7503 4585 7504 4594 7504 4595 7504 4585 7505 4595 7505 4587 7505 4587 7506 4595 7506 4596 7506 4587 7507 4596 7507 4589 7507 4589 7508 4596 7508 4597 7508 4589 7509 4597 7509 4590 7509 4590 7510 4597 7510 4598 7510 4590 7511 4598 7511 4541 7511 4541 7512 4598 7512 4599 7512 4541 7513 4599 7513 4543 7513 4543 7514 4599 7514 4600 7514 4543 7515 4600 7515 4545 7515 4545 7516 4600 7516 4601 7516 4545 7517 4601 7517 4547 7517 4547 7518 4601 7518 4602 7518 4547 7519 4602 7519 4549 7519 4549 7520 4602 7520 4603 7520 4549 7521 4603 7521 4551 7521 4551 7522 4603 7522 4604 7522 4551 7523 4604 7523 4553 7523 4553 7524 4604 7524 4605 7524 4553 7525 4605 7525 4555 7525 4555 7526 4605 7526 4606 7526 4555 7527 4606 7527 4557 7527 4557 7528 4606 7528 4607 7528 4557 7529 4607 7529 4502 7529 4502 7530 4607 7530 4503 7530 4599 7531 4608 7531 4600 7531 4600 7532 4608 7532 4609 7532 4600 7533 4609 7533 4601 7533 4601 7534 4609 7534 4610 7534 4601 7535 4610 7535 4602 7535 4602 7536 4610 7536 4611 7536 4602 7537 4611 7537 4603 7537 4603 7538 4611 7538 4612 7538 4603 7539 4612 7539 4604 7539 4604 7540 4612 7540 4613 7540 4604 7541 4613 7541 4605 7541 4605 7542 4613 7542 4614 7542 4605 7543 4614 7543 4606 7543 4606 7544 4614 7544 4615 7544 4606 7545 4615 7545 4607 7545 4607 7546 4615 7546 4616 7546 4607 7547 4616 7547 4503 7547 4503 7548 4616 7548 4617 7548 4503 7549 4617 7549 4505 7549 4505 7550 4617 7550 4618 7550 4505 7551 4618 7551 4507 7551 4507 7552 4618 7552 4619 7552 4507 7553 4619 7553 4509 7553 4509 7554 4619 7554 4620 7554 4509 7555 4620 7555 4511 7555 4511 7556 4620 7556 4621 7556 4511 7557 4621 7557 4513 7557 4513 7558 4621 7558 4622 7558 4513 7559 4622 7559 4515 7559 4515 7560 4622 7560 4623 7560 4515 7561 4623 7561 4517 7561 4517 7562 4623 7562 4624 7562 4517 7563 4624 7563 4519 7563 4519 7564 4624 7564 4625 7564 4519 7565 4625 7565 4521 7565 4625 7566 4626 7566 4521 7566 4521 7567 4626 7567 4627 7567 4521 7568 4627 7568 4523 7568 4523 7569 4627 7569 4628 7569 4523 7570 4628 7570 4525 7570 4525 7571 4628 7571 4629 7571 4525 7572 4629 7572 4527 7572 4527 7573 4629 7573 4630 7573 4527 7574 4630 7574 4529 7574 4529 7575 4630 7575 4631 7575 4529 7576 4631 7576 4531 7576 4531 7577 4631 7577 4632 7577 4531 7578 4632 7578 4533 7578 4533 7579 4632 7579 4633 7579 4533 7580 4633 7580 4535 7580 4535 7581 4633 7581 4634 7581 4535 7582 4634 7582 4537 7582 4537 7583 4634 7583 4635 7583 4537 7584 4635 7584 4539 7584 4539 7585 4635 7585 4636 7585 4539 7586 4636 7586 4591 7586 4591 7587 4636 7587 4637 7587 4591 7588 4637 7588 4592 7588 4592 7589 4637 7589 4638 7589 4592 7590 4638 7590 4593 7590 4593 7591 4638 7591 4639 7591 4593 7592 4639 7592 4594 7592 4594 7593 4639 7593 4640 7593 4594 7594 4640 7594 4595 7594 4595 7595 4640 7595 4641 7595 4595 7596 4641 7596 4596 7596 4596 7597 4641 7597 4642 7597 4596 7598 4642 7598 4597 7598 4597 7599 4642 7599 4643 7599 4597 7600 4643 7600 4598 7600 4598 7601 4643 7601 4644 7601 4598 7602 4644 7602 4599 7602 4599 7603 4644 7603 4645 7603 4599 7604 4645 7604 4608 7604 4646 7605 4617 7605 4616 7605 4646 7606 4616 7606 4647 7606 4647 7607 4616 7607 4615 7607 4647 7608 4615 7608 4648 7608 4648 7609 4615 7609 4614 7609 4648 7610 4614 7610 4649 7610 4649 7611 4614 7611 4613 7611 4649 7612 4613 7612 4650 7612 4650 7613 4613 7613 4612 7613 4650 7614 4612 7614 4651 7614 4651 7615 4612 7615 4611 7615 4651 7616 4611 7616 4652 7616 4652 7617 4611 7617 4610 7617 4652 7618 4610 7618 4653 7618 4653 7619 4610 7619 4609 7619 4653 7620 4609 7620 4654 7620 4654 7621 4609 7621 4608 7621 4654 7622 4608 7622 4655 7622 4655 7623 4608 7623 4656 7623 4656 7624 4608 7624 4645 7624 4656 7625 4645 7625 4657 7625 4657 7626 4645 7626 4644 7626 4657 7627 4644 7627 4658 7627 4658 7628 4644 7628 4643 7628 4658 7629 4643 7629 4659 7629 4659 7630 4643 7630 4642 7630 4659 7631 4642 7631 4660 7631 4660 7632 4642 7632 4641 7632 4660 7633 4641 7633 4661 7633 4661 7634 4641 7634 4640 7634 4661 7635 4640 7635 4662 7635 4662 7636 4640 7636 4639 7636 4662 7637 4639 7637 4663 7637 4663 7638 4639 7638 4638 7638 4663 7639 4638 7639 4664 7639 4664 7640 4638 7640 4637 7640 4664 7641 4637 7641 4665 7641 4665 7642 4637 7642 4636 7642 4665 7643 4636 7643 4666 7643 4666 7644 4636 7644 4635 7644 4666 7645 4635 7645 4667 7645 4667 7646 4635 7646 4634 7646 4667 7647 4634 7647 4668 7647 4668 7648 4634 7648 4633 7648 4668 7649 4633 7649 4669 7649 4669 7650 4633 7650 4632 7650 4669 7651 4632 7651 4670 7651 4670 7652 4632 7652 4631 7652 4670 7653 4631 7653 4671 7653 4671 7654 4631 7654 4630 7654 4671 7655 4630 7655 4672 7655 4672 7656 4630 7656 4629 7656 4672 7657 4629 7657 4673 7657 4673 7658 4629 7658 4628 7658 4673 7659 4628 7659 4674 7659 4674 7660 4628 7660 4627 7660 4674 7661 4627 7661 4675 7661 4675 7662 4627 7662 4676 7662 4676 7663 4627 7663 4626 7663 4676 7664 4626 7664 4677 7664 4677 7665 4626 7665 4625 7665 4677 7666 4625 7666 4678 7666 4678 7667 4625 7667 4624 7667 4678 7668 4624 7668 4679 7668 4679 7669 4624 7669 4623 7669 4679 7670 4623 7670 4680 7670 4680 7671 4623 7671 4622 7671 4680 7672 4622 7672 4681 7672 4681 7673 4622 7673 4621 7673 4681 7674 4621 7674 4682 7674 4682 7675 4621 7675 4620 7675 4682 7676 4620 7676 4683 7676 4683 7677 4620 7677 4619 7677 4683 7678 4619 7678 4684 7678 4684 7679 4619 7679 4618 7679 4684 7680 4618 7680 4685 7680 4685 7681 4618 7681 4617 7681 4685 7682 4617 7682 4646 7682 4686 7683 4687 7683 4688 7683 4688 7684 4687 7684 4689 7684 4688 7685 4689 7685 4690 7685 4686 7686 4691 7686 4687 7686 4687 7687 4691 7687 4692 7687 4693 7688 4694 7688 4695 7688 4695 7689 4694 7689 4692 7689 4695 7690 4692 7690 4691 7690 4696 7691 4697 7691 4698 7691 4698 7692 4697 7692 4699 7692 4698 7693 4699 7693 4700 7693 4701 7694 4700 7694 4702 7694 4702 7695 4700 7695 4699 7695 4701 7696 4702 7696 4703 7696 4703 7697 4702 7697 4704 7697 4703 7698 4704 7698 4705 7698 4693 7699 4705 7699 4694 7699 4694 7700 4705 7700 4704 7700 4700 7701 4701 7701 4414 7701 4658 7702 4703 7702 4657 7702 4657 7703 4703 7703 4656 7703 4664 7704 4665 7704 4698 7704 4406 7705 4408 7705 4658 7705 4658 7706 4408 7706 4703 7706 4703 7707 4408 7707 4410 7707 4703 7708 4410 7708 4701 7708 4701 7709 4410 7709 4412 7709 4701 7710 4412 7710 4414 7710 4414 7711 4416 7711 4700 7711 4700 7712 4416 7712 4418 7712 4700 7713 4418 7713 4698 7713 4698 7714 4418 7714 4420 7714 4658 7715 4659 7715 4406 7715 4406 7716 4659 7716 4660 7716 4406 7717 4660 7717 4428 7717 4428 7718 4660 7718 4661 7718 4428 7719 4661 7719 4426 7719 4426 7720 4661 7720 4662 7720 4426 7721 4662 7721 4424 7721 4424 7722 4662 7722 4663 7722 4663 7723 4664 7723 4424 7723 4424 7724 4664 7724 4698 7724 4424 7725 4698 7725 4422 7725 4422 7726 4698 7726 4420 7726 4693 7727 4430 7727 4432 7727 4693 7728 4432 7728 4705 7728 4432 7729 4434 7729 4705 7729 4705 7730 4434 7730 4436 7730 4705 7731 4436 7731 4703 7731 4703 7732 4436 7732 4438 7732 4703 7733 4438 7733 4440 7733 4695 7734 4647 7734 4648 7734 4442 7735 4653 7735 4440 7735 4440 7736 4653 7736 4654 7736 4440 7737 4654 7737 4703 7737 4703 7738 4654 7738 4655 7738 4703 7739 4655 7739 4656 7739 4430 7740 4693 7740 4452 7740 4452 7741 4693 7741 4695 7741 4452 7742 4695 7742 4450 7742 4450 7743 4695 7743 4648 7743 4450 7744 4648 7744 4448 7744 4448 7745 4648 7745 4649 7745 4448 7746 4649 7746 4446 7746 4446 7747 4649 7747 4650 7747 4446 7748 4650 7748 4444 7748 4444 7749 4650 7749 4651 7749 4444 7750 4651 7750 4442 7750 4442 7751 4651 7751 4652 7751 4442 7752 4652 7752 4653 7752 4691 7753 4686 7753 4474 7753 4474 7754 4476 7754 4691 7754 4691 7755 4476 7755 4454 7755 4691 7756 4454 7756 4695 7756 4695 7757 4454 7757 4456 7757 4684 7758 4685 7758 4695 7758 4695 7759 4685 7759 4646 7759 4695 7760 4646 7760 4647 7760 4683 7761 4684 7761 4460 7761 4460 7762 4684 7762 4695 7762 4460 7763 4695 7763 4458 7763 4458 7764 4695 7764 4456 7764 4683 7765 4460 7765 4682 7765 4682 7766 4460 7766 4462 7766 4682 7767 4462 7767 4681 7767 4681 7768 4462 7768 4464 7768 4681 7769 4464 7769 4680 7769 4680 7770 4464 7770 4466 7770 4680 7771 4466 7771 4679 7771 4678 7772 4688 7772 4677 7772 4677 7773 4688 7773 4676 7773 4679 7774 4466 7774 4678 7774 4678 7775 4466 7775 4468 7775 4678 7776 4468 7776 4688 7776 4688 7777 4468 7777 4470 7777 4688 7778 4470 7778 4686 7778 4686 7779 4470 7779 4472 7779 4686 7780 4472 7780 4474 7780 4688 7781 4498 7781 4500 7781 4498 7782 4688 7782 4496 7782 4496 7783 4688 7783 4690 7783 4496 7784 4690 7784 4494 7784 4494 7785 4690 7785 4492 7785 4492 7786 4690 7786 4696 7786 4492 7787 4696 7787 4490 7787 4665 7788 4666 7788 4698 7788 4698 7789 4666 7789 4667 7789 4698 7790 4667 7790 4668 7790 4478 7791 4673 7791 4500 7791 4500 7792 4673 7792 4674 7792 4500 7793 4674 7793 4688 7793 4688 7794 4674 7794 4675 7794 4688 7795 4675 7795 4676 7795 4490 7796 4696 7796 4488 7796 4488 7797 4696 7797 4698 7797 4488 7798 4698 7798 4486 7798 4486 7799 4698 7799 4668 7799 4486 7800 4668 7800 4484 7800 4484 7801 4668 7801 4669 7801 4484 7802 4669 7802 4482 7802 4482 7803 4669 7803 4670 7803 4482 7804 4670 7804 4480 7804 4480 7805 4670 7805 4671 7805 4480 7806 4671 7806 4478 7806 4478 7807 4671 7807 4672 7807 4478 7808 4672 7808 4673 7808 4696 7809 4690 7809 4697 7809 4697 7810 4690 7810 4689 7810 4706 7811 4707 7811 4708 7811 4706 7812 4708 7812 4709 7812 4709 7813 4708 7813 4710 7813 4709 7814 4710 7814 4711 7814 4711 7815 4710 7815 4712 7815 4711 7816 4712 7816 4713 7816 4713 7817 4712 7817 4714 7817 4713 7818 4714 7818 4715 7818 4715 7819 4714 7819 4716 7819 4715 7820 4716 7820 4717 7820 4717 7821 4716 7821 4718 7821 4717 7822 4718 7822 4719 7822 4719 7823 4718 7823 4720 7823 4719 7824 4720 7824 4721 7824 4721 7825 4720 7825 4722 7825 4721 7826 4722 7826 4723 7826 4723 7827 4722 7827 4724 7827 4723 7828 4724 7828 4725 7828 4725 7829 4724 7829 4726 7829 4725 7830 4726 7830 4727 7830 4727 7831 4726 7831 4728 7831 4727 7832 4728 7832 4729 7832 4729 7833 4728 7833 4730 7833 4729 7834 4730 7834 4731 7834 4731 7835 4730 7835 4732 7835 4731 7836 4732 7836 4733 7836 4733 7837 4732 7837 4734 7837 4733 7838 4734 7838 4735 7838 4735 7839 4734 7839 4736 7839 4735 7840 4736 7840 4737 7840 4737 7841 4736 7841 4738 7841 4737 7842 4738 7842 4739 7842 4739 7843 4738 7843 4740 7843 4739 7844 4740 7844 4741 7844 4741 7845 4740 7845 4742 7845 4741 7846 4742 7846 4743 7846 4743 7847 4742 7847 4744 7847 4743 7848 4744 7848 4745 7848 4745 7849 4744 7849 4746 7849 4745 7850 4746 7850 4747 7850 4747 7851 4746 7851 4748 7851 4747 7852 4748 7852 4749 7852 4749 7853 4748 7853 4750 7853 4749 7854 4750 7854 4751 7854 4751 7855 4750 7855 4752 7855 4751 7856 4752 7856 4753 7856 4753 7857 4752 7857 4754 7857 4753 7858 4754 7858 4755 7858 4755 7859 4754 7859 4756 7859 4755 7860 4756 7860 4757 7860 4757 7861 4756 7861 4758 7861 4757 7862 4758 7862 4759 7862 4759 7863 4758 7863 4760 7863 4759 7864 4760 7864 4761 7864 4761 7865 4760 7865 4762 7865 4761 7866 4762 7866 4763 7866 4763 7867 4762 7867 4764 7867 4763 7868 4764 7868 4765 7868 4765 7869 4764 7869 4766 7869 4765 7870 4766 7870 4767 7870 4767 7871 4766 7871 4768 7871 4767 7872 4768 7872 4769 7872 4769 7873 4768 7873 4770 7873 4769 7874 4770 7874 4771 7874 4771 7875 4770 7875 4772 7875 4771 7876 4772 7876 4773 7876 4773 7877 4772 7877 4774 7877 4773 7878 4774 7878 4775 7878 4775 7879 4774 7879 4776 7879 4775 7880 4776 7880 4777 7880 4777 7881 4776 7881 4778 7881 4777 7882 4778 7882 4779 7882 4779 7883 4778 7883 4780 7883 4779 7884 4780 7884 4781 7884 4781 7885 4780 7885 4707 7885 4781 7886 4707 7886 4706 7886 4782 7887 4745 7887 4747 7887 4782 7888 4747 7888 4783 7888 4783 7889 4747 7889 4749 7889 4783 7890 4749 7890 4784 7890 4784 7891 4749 7891 4751 7891 4784 7892 4751 7892 4785 7892 4785 7893 4751 7893 4753 7893 4785 7894 4753 7894 4786 7894 4786 7895 4753 7895 4755 7895 4786 7896 4755 7896 4787 7896 4787 7897 4755 7897 4757 7897 4787 7898 4757 7898 4788 7898 4788 7899 4757 7899 4759 7899 4788 7900 4759 7900 4789 7900 4789 7901 4759 7901 4761 7901 4789 7902 4761 7902 4790 7902 4790 7903 4761 7903 4763 7903 4790 7904 4763 7904 4791 7904 4791 7905 4763 7905 4765 7905 4791 7906 4765 7906 4792 7906 4792 7907 4765 7907 4767 7907 4792 7908 4767 7908 4793 7908 4793 7909 4767 7909 4769 7909 4793 7910 4769 7910 4794 7910 4794 7911 4769 7911 4771 7911 4794 7912 4771 7912 4795 7912 4795 7913 4771 7913 4773 7913 4795 7914 4773 7914 4796 7914 4796 7915 4773 7915 4775 7915 4796 7916 4775 7916 4797 7916 4797 7917 4775 7917 4777 7917 4797 7918 4777 7918 4798 7918 4798 7919 4777 7919 4779 7919 4798 7920 4779 7920 4799 7920 4799 7921 4779 7921 4781 7921 4799 7922 4781 7922 4800 7922 4800 7923 4781 7923 4706 7923 4800 7924 4706 7924 4801 7924 4802 7925 4803 7925 4804 7925 4802 7926 4804 7926 4805 7926 4805 7927 4804 7927 4806 7927 4805 7928 4806 7928 4807 7928 4807 7929 4806 7929 4808 7929 4807 7930 4808 7930 4809 7930 4809 7931 4808 7931 4810 7931 4809 7932 4810 7932 4811 7932 4811 7933 4810 7933 4812 7933 4811 7934 4812 7934 4813 7934 4813 7935 4812 7935 4814 7935 4813 7936 4814 7936 4815 7936 4815 7937 4814 7937 4816 7937 4815 7938 4816 7938 4817 7938 4817 7939 4816 7939 4818 7939 4817 7940 4818 7940 4819 7940 4820 7941 4821 7941 4822 7941 4820 7942 4822 7942 4823 7942 4823 7943 4822 7943 4824 7943 4823 7944 4824 7944 4825 7944 4825 7945 4824 7945 4826 7945 4825 7946 4826 7946 4827 7946 4827 7947 4826 7947 4828 7947 4827 7948 4828 7948 4829 7948 4829 7949 4828 7949 4830 7949 4829 7950 4830 7950 4831 7950 4831 7951 4830 7951 4832 7951 4831 7952 4832 7952 4833 7952 4833 7953 4832 7953 4834 7953 4833 7954 4834 7954 4835 7954 4835 7955 4834 7955 4836 7955 4835 7956 4836 7956 4837 7956 4838 7957 4839 7957 4840 7957 4838 7958 4840 7958 4841 7958 4841 7959 4840 7959 4842 7959 4841 7960 4842 7960 4843 7960 4843 7961 4842 7961 4844 7961 4843 7962 4844 7962 4845 7962 4846 7963 4847 7963 4848 7963 4846 7964 4848 7964 4849 7964 4849 7965 4848 7965 4850 7965 4849 7966 4850 7966 4851 7966 4851 7967 4850 7967 4852 7967 4851 7968 4852 7968 4853 7968 4854 7969 4855 7969 4856 7969 4857 7970 4858 7970 4859 7970 4826 7971 4860 7971 4828 7971 4828 7972 4860 7972 4861 7972 4828 7973 4861 7973 4830 7973 4830 7974 4861 7974 4832 7974 4862 7975 4863 7975 4864 7975 4865 7976 4866 7976 4861 7976 4861 7977 4866 7977 4867 7977 4861 7978 4867 7978 4868 7978 4862 7979 4864 7979 4869 7979 4870 7980 4871 7980 4872 7980 4873 7981 4874 7981 4875 7981 4875 7982 4874 7982 4876 7982 4875 7983 4876 7983 4877 7983 4878 7984 4879 7984 4880 7984 4870 7985 4881 7985 4882 7985 4882 7986 4881 7986 4883 7986 4882 7987 4883 7987 4884 7987 4884 7988 4883 7988 4885 7988 4884 7989 4885 7989 4886 7989 4887 7990 4888 7990 4889 7990 4889 7991 4888 7991 4890 7991 4889 7992 4890 7992 4891 7992 4810 7993 4890 7993 4812 7993 4812 7994 4890 7994 4892 7994 4812 7995 4892 7995 4814 7995 4814 7996 4892 7996 4816 7996 4816 7997 4892 7997 4893 7997 4816 7998 4893 7998 4818 7998 4894 7999 4857 7999 4821 7999 4821 8000 4857 8000 4859 8000 4821 8001 4859 8001 4822 8001 4822 8002 4859 8002 4860 8002 4822 8003 4860 8003 4824 8003 4824 8004 4860 8004 4826 8004 4872 8005 4895 8005 4870 8005 4870 8006 4895 8006 4896 8006 4870 8007 4896 8007 4881 8007 4881 8008 4896 8008 4897 8008 4881 8009 4897 8009 4898 8009 4898 8010 4897 8010 4874 8010 4898 8011 4874 8011 4899 8011 4899 8012 4874 8012 4873 8012 4856 8013 4855 8013 4878 8013 4878 8014 4855 8014 4900 8014 4878 8015 4900 8015 4901 8015 4854 8016 4856 8016 4902 8016 4902 8017 4856 8017 4903 8017 4902 8018 4903 8018 4904 8018 4887 8019 4905 8019 4888 8019 4888 8020 4905 8020 4906 8020 4888 8021 4906 8021 4907 8021 4908 8022 4909 8022 4884 8022 4868 8023 4910 8023 4861 8023 4861 8024 4910 8024 4911 8024 4861 8025 4911 8025 4832 8025 4912 8026 4913 8026 4914 8026 4915 8027 4916 8027 4917 8027 4918 8028 4913 8028 4919 8028 4919 8029 4913 8029 4912 8029 4919 8030 4912 8030 4920 8030 4920 8031 4912 8031 4921 8031 4920 8032 4921 8032 4922 8032 4922 8033 4921 8033 4869 8033 4922 8034 4869 8034 4923 8034 4923 8035 4869 8035 4864 8035 4904 8036 4903 8036 4924 8036 4924 8037 4903 8037 4888 8037 4924 8038 4888 8038 4925 8038 4926 8039 4927 8039 4928 8039 4914 8040 4929 8040 4912 8040 4912 8041 4929 8041 4915 8041 4912 8042 4915 8042 4930 8042 4930 8043 4915 8043 4917 8043 4931 8044 4932 8044 4933 8044 4810 8045 4808 8045 4890 8045 4890 8046 4808 8046 4806 8046 4890 8047 4806 8047 4891 8047 4891 8048 4806 8048 4804 8048 4891 8049 4804 8049 4847 8049 4847 8050 4804 8050 4803 8050 4886 8051 4925 8051 4884 8051 4884 8052 4925 8052 4888 8052 4884 8053 4888 8053 4908 8053 4908 8054 4888 8054 4907 8054 4934 8055 4935 8055 4893 8055 4893 8056 4935 8056 4936 8056 4893 8057 4936 8057 4818 8057 4937 8058 4938 8058 4939 8058 4940 8059 4941 8059 4942 8059 4942 8060 4941 8060 4943 8060 4942 8061 4943 8061 4944 8061 4840 8062 4839 8062 4945 8062 4945 8063 4839 8063 4946 8063 4842 8064 4840 8064 4844 8064 4844 8065 4840 8065 4945 8065 4844 8066 4945 8066 4947 8066 4947 8067 4945 8067 4948 8067 4947 8068 4948 8068 4949 8068 4949 8069 4948 8069 4926 8069 4949 8070 4926 8070 4950 8070 4950 8071 4926 8071 4928 8071 4879 8072 4878 8072 4862 8072 4862 8073 4878 8073 4901 8073 4862 8074 4901 8074 4863 8074 4863 8075 4901 8075 4951 8075 4863 8076 4951 8076 4952 8076 4953 8077 4954 8077 4865 8077 4865 8078 4954 8078 4877 8078 4955 8079 4956 8079 4957 8079 4880 8080 4937 8080 4878 8080 4878 8081 4937 8081 4939 8081 4878 8082 4939 8082 4958 8082 4958 8083 4939 8083 4959 8083 4960 8084 4961 8084 4962 8084 4963 8085 4964 8085 4965 8085 4876 8086 4966 8086 4877 8086 4877 8087 4966 8087 4928 8087 4877 8088 4928 8088 4865 8088 4865 8089 4928 8089 4927 8089 4865 8090 4927 8090 4866 8090 4959 8091 4967 8091 4958 8091 4958 8092 4967 8092 4968 8092 4958 8093 4968 8093 4969 8093 4969 8094 4968 8094 4970 8094 4969 8095 4970 8095 4957 8095 4957 8096 4970 8096 4931 8096 4962 8097 4971 8097 4960 8097 4960 8098 4971 8098 4972 8098 4960 8099 4972 8099 4943 8099 4943 8100 4972 8100 4973 8100 4943 8101 4973 8101 4944 8101 4944 8102 4973 8102 4974 8102 4944 8103 4974 8103 4937 8103 4937 8104 4974 8104 4975 8104 4937 8105 4975 8105 4938 8105 4976 8106 4977 8106 4978 8106 4850 8107 4848 8107 4852 8107 4852 8108 4848 8108 4847 8108 4852 8109 4847 8109 4979 8109 4979 8110 4847 8110 4803 8110 4909 8111 4980 8111 4884 8111 4884 8112 4980 8112 4963 8112 4884 8113 4963 8113 4981 8113 4981 8114 4963 8114 4965 8114 4981 8115 4965 8115 4982 8115 4983 8116 4984 8116 4985 8116 4985 8117 4984 8117 4945 8117 4985 8118 4945 8118 4986 8118 4986 8119 4945 8119 4946 8119 4952 8120 4987 8120 4863 8120 4863 8121 4987 8121 4988 8121 4863 8122 4988 8122 4865 8122 4865 8123 4988 8123 4989 8123 4865 8124 4989 8124 4953 8124 4931 8125 4933 8125 4957 8125 4957 8126 4933 8126 4990 8126 4957 8127 4990 8127 4955 8127 4956 8128 4991 8128 4957 8128 4957 8129 4991 8129 4992 8129 4957 8130 4992 8130 4993 8130 4994 8131 4995 8131 4996 8131 4996 8132 4995 8132 4836 8132 4996 8133 4836 8133 4997 8133 4997 8134 4836 8134 4834 8134 4997 8135 4834 8135 4998 8135 4998 8136 4834 8136 4832 8136 4998 8137 4832 8137 4999 8137 4999 8138 4832 8138 4911 8138 4940 8139 4942 8139 5000 8139 5000 8140 4942 8140 5001 8140 5000 8141 5001 8141 4978 8141 4978 8142 5001 8142 5002 8142 4978 8143 5002 8143 4976 8143 4986 8144 4946 8144 5003 8144 5003 8145 4946 8145 5004 8145 5005 8146 5006 8146 5007 8146 5005 8147 5007 8147 5008 8147 5008 8148 5007 8148 5009 8148 5008 8149 5009 8149 5010 8149 5010 8150 5009 8150 5011 8150 5010 8151 5011 8151 5012 8151 5012 8152 5011 8152 5013 8152 5012 8153 5013 8153 5014 8153 5014 8154 5013 8154 5015 8154 5014 8155 5015 8155 5016 8155 5016 8156 5015 8156 5017 8156 5016 8157 5017 8157 5018 8157 5018 8158 5017 8158 5019 8158 5018 8159 5019 8159 5020 8159 5020 8160 5019 8160 5021 8160 5020 8161 5021 8161 5022 8161 5022 8162 5021 8162 5023 8162 5022 8163 5023 8163 5024 8163 5024 8164 5023 8164 5025 8164 5024 8165 5025 8165 5026 8165 5026 8166 5025 8166 5027 8166 5026 8167 5027 8167 5028 8167 5028 8168 5027 8168 5029 8168 5028 8169 5029 8169 5030 8169 5030 8170 5029 8170 5031 8170 5030 8171 5031 8171 5032 8171 5032 8172 5031 8172 5033 8172 5032 8173 5033 8173 5034 8173 5034 8174 5033 8174 5035 8174 5035 8175 5033 8175 5036 8175 5035 8176 5036 8176 5037 8176 5036 8177 5038 8177 5037 8177 5037 8178 5038 8178 5039 8178 5037 8179 5039 8179 5040 8179 5040 8180 5039 8180 5041 8180 5040 8181 5041 8181 5042 8181 5042 8182 5041 8182 5043 8182 5042 8183 5043 8183 5044 8183 5044 8184 5043 8184 5045 8184 5044 8185 5045 8185 5046 8185 5047 8186 5048 8186 5049 8186 5049 8187 5048 8187 5050 8187 5051 8188 5052 8188 5053 8188 5053 8189 5052 8189 5054 8189 5053 8190 5054 8190 5055 8190 5055 8191 5054 8191 5056 8191 5055 8192 5056 8192 5057 8192 5057 8193 5056 8193 5058 8193 5057 8194 5058 8194 5059 8194 5059 8195 5058 8195 5060 8195 5061 8196 5062 8196 5063 8196 5063 8197 5062 8197 5064 8197 5065 8198 5066 8198 5067 8198 5067 8199 5066 8199 5068 8199 5067 8200 5068 8200 5069 8200 5069 8201 5068 8201 5070 8201 5069 8202 5070 8202 5071 8202 5071 8203 5070 8203 5072 8203 5071 8204 5072 8204 5073 8204 5073 8205 5072 8205 5074 8205 5073 8206 5074 8206 5075 8206 5075 8207 5074 8207 5076 8207 5075 8208 5076 8208 5077 8208 5077 8209 5076 8209 5078 8209 5066 8210 5079 8210 5054 8210 5054 8211 5052 8211 5066 8211 5066 8212 5052 8212 5080 8212 5066 8213 5080 8213 5068 8213 5068 8214 5080 8214 5081 8214 5068 8215 5081 8215 5070 8215 5070 8216 5081 8216 5082 8216 5070 8217 5082 8217 5072 8217 5072 8218 5082 8218 5083 8218 5072 8219 5083 8219 5074 8219 5074 8220 5083 8220 5084 8220 5074 8221 5084 8221 5076 8221 5076 8222 5084 8222 5085 8222 5076 8223 5085 8223 5078 8223 5078 8224 5085 8224 5086 8224 5078 8225 5086 8225 5087 8225 5087 8226 5086 8226 5088 8226 5087 8227 5088 8227 5089 8227 5089 8228 5088 8228 5064 8228 5089 8229 5064 8229 5090 8229 5064 8230 5062 8230 5090 8230 5090 8231 5062 8231 5060 8231 5090 8232 5060 8232 5091 8232 5091 8233 5060 8233 5058 8233 5091 8234 5058 8234 5079 8234 5079 8235 5058 8235 5056 8235 5079 8236 5056 8236 5054 8236 5063 8237 5064 8237 5088 8237 5086 8238 5092 8238 5093 8238 5086 8239 5093 8239 5088 8239 5088 8240 5093 8240 5094 8240 5088 8241 5094 8241 5063 8241 5095 8242 5096 8242 5081 8242 5081 8243 5096 8243 5082 8243 5096 8244 5097 8244 5082 8244 5082 8245 5097 8245 5098 8245 5082 8246 5098 8246 5083 8246 5098 8247 5099 8247 5083 8247 5083 8248 5099 8248 5100 8248 5083 8249 5100 8249 5084 8249 5100 8250 5101 8250 5084 8250 5084 8251 5101 8251 5102 8251 5084 8252 5102 8252 5085 8252 5092 8253 5086 8253 5103 8253 5103 8254 5086 8254 5085 8254 5103 8255 5085 8255 5104 8255 5104 8256 5085 8256 5102 8256 5095 8257 5081 8257 5105 8257 5105 8258 5081 8258 5080 8258 5106 8259 5105 8259 5080 8259 5052 8260 5051 8260 5080 8260 5080 8261 5051 8261 5107 8261 5080 8262 5107 8262 5106 8262 5108 8263 5109 8263 5110 8263 5110 8264 5109 8264 5111 8264 5112 8265 5113 8265 5114 8265 5114 8266 5113 8266 5111 8266 5114 8267 5111 8267 5115 8267 5115 8268 5111 8268 5109 8268 5106 8269 5107 8269 5116 8269 5116 8270 5107 8270 5113 8270 5116 8271 5113 8271 5117 8271 5117 8272 5113 8272 5112 8272 5108 8273 5110 8273 5118 8273 5118 8274 5110 8274 5119 8274 5120 8275 5121 8275 5122 8275 5122 8276 5121 8276 5123 8276 5121 8277 5124 8277 5123 8277 5123 8278 5124 8278 5125 8278 5123 8279 5125 8279 5126 8279 5118 8280 5119 8280 5127 8280 5127 8281 5119 8281 5126 8281 5127 8282 5126 8282 5128 8282 5128 8283 5126 8283 5125 8283 5129 8284 5120 8284 5130 8284 5130 8285 5120 8285 5122 8285 5130 8286 5122 8286 5131 8286 5131 8287 5122 8287 5132 8287 5129 8288 5130 8288 5133 8288 5133 8289 5130 8289 5134 8289 5135 8290 5136 8290 5137 8290 5135 8291 5137 8291 5138 8291 5137 8292 5139 8292 5138 8292 5138 8293 5139 8293 5140 8293 5138 8294 5140 8294 5141 8294 5140 8295 5142 8295 5141 8295 5141 8296 5142 8296 5143 8296 5141 8297 5143 8297 5144 8297 5143 8298 5145 8298 5144 8298 5144 8299 5145 8299 5146 8299 5144 8300 5146 8300 5147 8300 5133 8301 5134 8301 5148 8301 5148 8302 5134 8302 5147 8302 5148 8303 5147 8303 5149 8303 5149 8304 5147 8304 5146 8304 5136 8305 5135 8305 5150 8305 5150 8306 5135 8306 5151 8306 5150 8307 5151 8307 5152 8307 5152 8308 5151 8308 5048 8308 5152 8309 5048 8309 5047 8309 5153 8310 5154 8310 5155 8310 5155 8311 5154 8311 5156 8311 5155 8312 5156 8312 5157 8312 5157 8313 5156 8313 5158 8313 5157 8314 5158 8314 5159 8314 5159 8315 5158 8315 5160 8315 5159 8316 5160 8316 5161 8316 5161 8317 5160 8317 5162 8317 5161 8318 5162 8318 5163 8318 5163 8319 5162 8319 5164 8319 5163 8320 5164 8320 5165 8320 5165 8321 5164 8321 5166 8321 5167 8322 5168 8322 5169 8322 5169 8323 5170 8323 5167 8323 5167 8324 5170 8324 5050 8324 5167 8325 5050 8325 5171 8325 5171 8326 5050 8326 5048 8326 5171 8327 5048 8327 5172 8327 5172 8328 5048 8328 5151 8328 5172 8329 5151 8329 5154 8329 5154 8330 5151 8330 5135 8330 5154 8331 5135 8331 5156 8331 5156 8332 5135 8332 5138 8332 5156 8333 5138 8333 5158 8333 5158 8334 5138 8334 5141 8334 5158 8335 5141 8335 5160 8335 5160 8336 5141 8336 5144 8336 5160 8337 5144 8337 5162 8337 5162 8338 5144 8338 5147 8338 5162 8339 5147 8339 5164 8339 5164 8340 5147 8340 5134 8340 5164 8341 5134 8341 5166 8341 5134 8342 5130 8342 5166 8342 5166 8343 5130 8343 5131 8343 5166 8344 5131 8344 5173 8344 5173 8345 5131 8345 5174 8345 5173 8346 5174 8346 5168 8346 5168 8347 5174 8347 5175 8347 5168 8348 5175 8348 5169 8348 5176 8349 5170 8349 5177 8349 5177 8350 5170 8350 5169 8350 5177 8351 5169 8351 5178 8351 5178 8352 5169 8352 5175 8352 5178 8353 5175 8353 5179 8353 5179 8354 5175 8354 5174 8354 5179 8355 5174 8355 5132 8355 5132 8356 5174 8356 5131 8356 5180 8357 5181 8357 5182 8357 5182 8358 5181 8358 5183 8358 5182 8359 5183 8359 5184 8359 5184 8360 5183 8360 5185 8360 5184 8361 5185 8361 5186 8361 5186 8362 5185 8362 5187 8362 5186 8363 5187 8363 5188 8363 5188 8364 5187 8364 5189 8364 5188 8365 5189 8365 5190 8365 5190 8366 5189 8366 5191 8366 5190 8367 5191 8367 5192 8367 5192 8368 5191 8368 5193 8368 5192 8369 5193 8369 5194 8369 5194 8370 5193 8370 5195 8370 5194 8371 5195 8371 5196 8371 5196 8372 5195 8372 5197 8372 5196 8373 5197 8373 5198 8373 5198 8374 5197 8374 5199 8374 5198 8375 5199 8375 5200 8375 5200 8376 5199 8376 5201 8376 5200 8377 5201 8377 5202 8377 5202 8378 5201 8378 5203 8378 5202 8379 5203 8379 5180 8379 5180 8380 5203 8380 5181 8380 5193 8381 5191 8381 5204 8381 5204 8382 5205 8382 5193 8382 5193 8383 5205 8383 5206 8383 5193 8384 5206 8384 5195 8384 5195 8385 5206 8385 5207 8385 5195 8386 5207 8386 5197 8386 5197 8387 5207 8387 5208 8387 5197 8388 5208 8388 5199 8388 5199 8389 5208 8389 5209 8389 5199 8390 5209 8390 5201 8390 5201 8391 5209 8391 5210 8391 5201 8392 5210 8392 5203 8392 5203 8393 5210 8393 5211 8393 5203 8394 5211 8394 5181 8394 5181 8395 5211 8395 5212 8395 5181 8396 5212 8396 5183 8396 5183 8397 5212 8397 5213 8397 5183 8398 5213 8398 5185 8398 5185 8399 5213 8399 5214 8399 5185 8400 5214 8400 5187 8400 5214 8401 5215 8401 5187 8401 5187 8402 5215 8402 5216 8402 5187 8403 5216 8403 5189 8403 5189 8404 5216 8404 5217 8404 5189 8405 5217 8405 5191 8405 5191 8406 5217 8406 5218 8406 5191 8407 5218 8407 5204 8407 5219 8408 5205 8408 5220 8408 5220 8409 5205 8409 5204 8409 5220 8410 5204 8410 5221 8410 5221 8411 5204 8411 5218 8411 5221 8412 5218 8412 5222 8412 5222 8413 5218 8413 5217 8413 5222 8414 5217 8414 5223 8414 5223 8415 5217 8415 5216 8415 5224 8416 5119 8416 5110 8416 5225 8417 5119 8417 5226 8417 5226 8418 5119 8418 5224 8418 5226 8419 5224 8419 5227 8419 5227 8420 5224 8420 5228 8420 5229 8421 5230 8421 5231 8421 5232 8422 5233 8422 5059 8422 5059 8423 5233 8423 5234 8423 5059 8424 5234 8424 5057 8424 5057 8425 5234 8425 5235 8425 5057 8426 5235 8426 5055 8426 5055 8427 5235 8427 5236 8427 5055 8428 5236 8428 5053 8428 5053 8429 5236 8429 5237 8429 5053 8430 5237 8430 5051 8430 5051 8431 5237 8431 5238 8431 5051 8432 5238 8432 5107 8432 5107 8433 5238 8433 5239 8433 5107 8434 5239 8434 5113 8434 5113 8435 5239 8435 5240 8435 5113 8436 5240 8436 5111 8436 5111 8437 5240 8437 5241 8437 5111 8438 5241 8438 5110 8438 5110 8439 5241 8439 5242 8439 5110 8440 5242 8440 5224 8440 5243 8441 5230 8441 5244 8441 5244 8442 5230 8442 5229 8442 5244 8443 5229 8443 5245 8443 5245 8444 5229 8444 5246 8444 5247 8445 5248 8445 5249 8445 5250 8446 5248 8446 5251 8446 5251 8447 5248 8447 5247 8447 5251 8448 5247 8448 5252 8448 5252 8449 5247 8449 5253 8449 5254 8450 5255 8450 5225 8450 5225 8451 5255 8451 5256 8451 5225 8452 5256 8452 5119 8452 5119 8453 5256 8453 5257 8453 5119 8454 5257 8454 5126 8454 5126 8455 5257 8455 5258 8455 5126 8456 5258 8456 5123 8456 5123 8457 5258 8457 5259 8457 5123 8458 5259 8458 5122 8458 5122 8459 5259 8459 5260 8459 5122 8460 5260 8460 5132 8460 5132 8461 5260 8461 5261 8461 5132 8462 5261 8462 5179 8462 5179 8463 5261 8463 5262 8463 5179 8464 5262 8464 5178 8464 5178 8465 5262 8465 5263 8465 5178 8466 5263 8466 5177 8466 5177 8467 5263 8467 5264 8467 5177 8468 5264 8468 5176 8468 5176 8469 5264 8469 5265 8469 5176 8470 5265 8470 5266 8470 5266 8471 5265 8471 5267 8471 5266 8472 5267 8472 5268 8472 5268 8473 5267 8473 5269 8473 5268 8474 5269 8474 5270 8474 5270 8475 5269 8475 5271 8475 5270 8476 5271 8476 5231 8476 5231 8477 5271 8477 5272 8477 5231 8478 5272 8478 5229 8478 5273 8479 5274 8479 5243 8479 5243 8480 5274 8480 5275 8480 5243 8481 5275 8481 5230 8481 5230 8482 5275 8482 5276 8482 5230 8483 5276 8483 5277 8483 5277 8484 5276 8484 5278 8484 5277 8485 5278 8485 5279 8485 5279 8486 5278 8486 5280 8486 5279 8487 5280 8487 5281 8487 5281 8488 5280 8488 5282 8488 5281 8489 5282 8489 5223 8489 5223 8490 5282 8490 5283 8490 5223 8491 5283 8491 5222 8491 5222 8492 5283 8492 5284 8492 5222 8493 5284 8493 5221 8493 5221 8494 5284 8494 5285 8494 5221 8495 5285 8495 5220 8495 5220 8496 5285 8496 5286 8496 5220 8497 5286 8497 5219 8497 5219 8498 5286 8498 5287 8498 5219 8499 5287 8499 5288 8499 5288 8500 5287 8500 5289 8500 5288 8501 5289 8501 5290 8501 5290 8502 5289 8502 5291 8502 5290 8503 5291 8503 5292 8503 5292 8504 5291 8504 5293 8504 5292 8505 5293 8505 5249 8505 5249 8506 5293 8506 5294 8506 5249 8507 5294 8507 5247 8507 5295 8508 5296 8508 5250 8508 5250 8509 5296 8509 5297 8509 5250 8510 5297 8510 5248 8510 5248 8511 5297 8511 5298 8511 5248 8512 5298 8512 5299 8512 5299 8513 5298 8513 5300 8513 5299 8514 5300 8514 5301 8514 5301 8515 5300 8515 5302 8515 5301 8516 5302 8516 5303 8516 5303 8517 5302 8517 5304 8517 5303 8518 5304 8518 5305 8518 5305 8519 5304 8519 5306 8519 5305 8520 5306 8520 5307 8520 5307 8521 5306 8521 5308 8521 5307 8522 5308 8522 5309 8522 5309 8523 5308 8523 5310 8523 5309 8524 5310 8524 5311 8524 5311 8525 5310 8525 5312 8525 5311 8526 5312 8526 5313 8526 5313 8527 5312 8527 5314 8527 5313 8528 5314 8528 5315 8528 5315 8529 5314 8529 5316 8529 5313 8530 5317 8530 5311 8530 5311 8531 5317 8531 5318 8531 5311 8532 5318 8532 5309 8532 5309 8533 5318 8533 5319 8533 5309 8534 5319 8534 5307 8534 5307 8535 5319 8535 5320 8535 5307 8536 5320 8536 5305 8536 5305 8537 5320 8537 5321 8537 5322 8538 5323 8538 5324 8538 5324 8539 5323 8539 5325 8539 5324 8540 5325 8540 5326 8540 5326 8541 5325 8541 5327 8541 5326 8542 5327 8542 5328 8542 5328 8543 5327 8543 5329 8543 5328 8544 5329 8544 5330 8544 5330 8545 5329 8545 5331 8545 5330 8546 5331 8546 5332 8546 5332 8547 5331 8547 5333 8547 5332 8548 5333 8548 5334 8548 5334 8549 5333 8549 5335 8549 5336 8550 5337 8550 5318 8550 5318 8551 5317 8551 5336 8551 5336 8552 5317 8552 5338 8552 5336 8553 5338 8553 5339 8553 5339 8554 5338 8554 5340 8554 5339 8555 5340 8555 5341 8555 5341 8556 5340 8556 5342 8556 5341 8557 5342 8557 5323 8557 5323 8558 5342 8558 5343 8558 5323 8559 5343 8559 5325 8559 5325 8560 5343 8560 5344 8560 5325 8561 5344 8561 5327 8561 5327 8562 5344 8562 5345 8562 5327 8563 5345 8563 5329 8563 5329 8564 5345 8564 5346 8564 5329 8565 5346 8565 5331 8565 5331 8566 5346 8566 5347 8566 5331 8567 5347 8567 5333 8567 5333 8568 5347 8568 5348 8568 5333 8569 5348 8569 5335 8569 5348 8570 5349 8570 5335 8570 5335 8571 5349 8571 5321 8571 5335 8572 5321 8572 5350 8572 5350 8573 5321 8573 5320 8573 5350 8574 5320 8574 5337 8574 5337 8575 5320 8575 5319 8575 5337 8576 5319 8576 5318 8576 5351 8577 5352 8577 5353 8577 5353 8578 5352 8578 5354 8578 5353 8579 5354 8579 5355 8579 5355 8580 5354 8580 5356 8580 5355 8581 5356 8581 5357 8581 5357 8582 5356 8582 5358 8582 5357 8583 5358 8583 5359 8583 5359 8584 5358 8584 5360 8584 5359 8585 5360 8585 5361 8585 5361 8586 5360 8586 5362 8586 5361 8587 5362 8587 5363 8587 5363 8588 5362 8588 5364 8588 5365 8589 5366 8589 5367 8589 5367 8590 5366 8590 5368 8590 5367 8591 5368 8591 5369 8591 5369 8592 5368 8592 5370 8592 5369 8593 5370 8593 5371 8593 5371 8594 5370 8594 5372 8594 5371 8595 5372 8595 5373 8595 5373 8596 5372 8596 5374 8596 5373 8597 5374 8597 5375 8597 5375 8598 5374 8598 5376 8598 5375 8599 5376 8599 5377 8599 5377 8600 5376 8600 5378 8600 5377 8601 5378 8601 5379 8601 5379 8602 5378 8602 5380 8602 5381 8603 5382 8603 5383 8603 5381 8604 5383 8604 5384 8604 5384 8605 5383 8605 5385 8605 5384 8606 5385 8606 5386 8606 5386 8607 5385 8607 5387 8607 5386 8608 5387 8608 5388 8608 5388 8609 5387 8609 5389 8609 5388 8610 5389 8610 256 8610 256 8611 5389 8611 5390 8611 256 8612 5390 8612 5391 8612 5391 8613 5390 8613 5392 8613 5391 8614 5392 8614 5393 8614 5394 8615 5395 8615 5396 8615 5394 8616 5396 8616 5397 8616 5397 8617 5396 8617 5398 8617 5397 8618 5398 8618 196 8618 5399 8619 5400 8619 5401 8619 5399 8620 5401 8620 5402 8620 5402 8621 5401 8621 5403 8621 5402 8622 5403 8622 5404 8622 5404 8623 5403 8623 5395 8623 5404 8624 5395 8624 5394 8624 5393 8625 5392 8625 5405 8625 5393 8626 5405 8626 5406 8626 5406 8627 5405 8627 5407 8627 5406 8628 5407 8628 5408 8628 5408 8629 5407 8629 5400 8629 5408 8630 5400 8630 5399 8630 5354 8631 5352 8631 5381 8631 5393 8632 5406 8632 5366 8632 5366 8633 5406 8633 5408 8633 5366 8634 5408 8634 5399 8634 5399 8635 5402 8635 5366 8635 5366 8636 5402 8636 5404 8636 5366 8637 5404 8637 5394 8637 5409 8638 5380 8638 5410 8638 5410 8639 5380 8639 5378 8639 5410 8640 5378 8640 5411 8640 5411 8641 5378 8641 5376 8641 5411 8642 5376 8642 5412 8642 5412 8643 5376 8643 5374 8643 5412 8644 5374 8644 196 8644 196 8645 5374 8645 5372 8645 196 8646 5372 8646 5397 8646 5397 8647 5372 8647 5370 8647 5397 8648 5370 8648 5394 8648 5394 8649 5370 8649 5368 8649 5394 8650 5368 8650 5366 8650 5366 8651 5364 8651 5393 8651 5393 8652 5364 8652 5362 8652 5393 8653 5362 8653 5391 8653 5391 8654 5362 8654 5360 8654 5391 8655 5360 8655 256 8655 256 8656 5360 8656 5358 8656 256 8657 5358 8657 5388 8657 5388 8658 5358 8658 5356 8658 5388 8659 5356 8659 5386 8659 5386 8660 5356 8660 5354 8660 5386 8661 5354 8661 5384 8661 5384 8662 5354 8662 5381 8662 196 8663 5398 8663 5413 8663 196 8664 5413 8664 5412 8664 5412 8665 5413 8665 5414 8665 5412 8666 5414 8666 5411 8666 5411 8667 5414 8667 5415 8667 5411 8668 5415 8668 5410 8668 5410 8669 5415 8669 5416 8669 5410 8670 5416 8670 5409 8670 5417 8671 5418 8671 5419 8671 5418 8672 5420 8672 5421 8672 5422 8673 5423 8673 5424 8673 5424 8674 5423 8674 5417 8674 5418 8675 5421 8675 5419 8675 5419 8676 5421 8676 5425 8676 5419 8677 5425 8677 5426 8677 5426 8678 5425 8678 5427 8678 5426 8679 5427 8679 5428 8679 5428 8680 5427 8680 5429 8680 5428 8681 5429 8681 5430 8681 5430 8682 5429 8682 5431 8682 5430 8683 5431 8683 5432 8683 5432 8684 5431 8684 5433 8684 5432 8685 5433 8685 5434 8685 5417 8686 5419 8686 5424 8686 5424 8687 5419 8687 5426 8687 5424 8688 5426 8688 5435 8688 5435 8689 5426 8689 5428 8689 5435 8690 5428 8690 5436 8690 5436 8691 5428 8691 5430 8691 5436 8692 5430 8692 5437 8692 5437 8693 5430 8693 5432 8693 5437 8694 5432 8694 5438 8694 5438 8695 5432 8695 5434 8695 5438 8696 5434 8696 5439 8696 5422 8697 5424 8697 5440 8697 5440 8698 5424 8698 5435 8698 5440 8699 5435 8699 5441 8699 5441 8700 5435 8700 5436 8700 5441 8701 5436 8701 5442 8701 5442 8702 5436 8702 5437 8702 5442 8703 5437 8703 5443 8703 5443 8704 5437 8704 5438 8704 5443 8705 5438 8705 5444 8705 5444 8706 5438 8706 5439 8706 5444 8707 5439 8707 5445 8707 5446 8708 5447 8708 5420 8708 5446 8709 5420 8709 5448 8709 5420 8710 5418 8710 5448 8710 5448 8711 5418 8711 5417 8711 5448 8712 5417 8712 5449 8712 5423 8713 5422 8713 5450 8713 5450 8714 5451 8714 5423 8714 5423 8715 5451 8715 5452 8715 5423 8716 5452 8716 5417 8716 5417 8717 5452 8717 5453 8717 5417 8718 5453 8718 5449 8718 5454 8719 5455 8719 5456 8719 5455 8720 5457 8720 5458 8720 5457 8721 5459 8721 5460 8721 5457 8722 5460 8722 5458 8722 5458 8723 5460 8723 5461 8723 5458 8724 5461 8724 5462 8724 5462 8725 5461 8725 5463 8725 5462 8726 5463 8726 5464 8726 5464 8727 5463 8727 5465 8727 5464 8728 5465 8728 5466 8728 5466 8729 5465 8729 5467 8729 5466 8730 5467 8730 5468 8730 5468 8731 5467 8731 5469 8731 5468 8732 5469 8732 5470 8732 5455 8733 5458 8733 5456 8733 5456 8734 5458 8734 5462 8734 5456 8735 5462 8735 5471 8735 5471 8736 5462 8736 5464 8736 5471 8737 5464 8737 5472 8737 5472 8738 5464 8738 5466 8738 5472 8739 5466 8739 5473 8739 5473 8740 5466 8740 5468 8740 5473 8741 5468 8741 5474 8741 5474 8742 5468 8742 5470 8742 5474 8743 5470 8743 5475 8743 5454 8744 5456 8744 5476 8744 5476 8745 5456 8745 5471 8745 5476 8746 5471 8746 5477 8746 5477 8747 5471 8747 5472 8747 5477 8748 5472 8748 5478 8748 5478 8749 5472 8749 5473 8749 5478 8750 5473 8750 5479 8750 5479 8751 5473 8751 5474 8751 5479 8752 5474 8752 5480 8752 5480 8753 5474 8753 5475 8753 5480 8754 5475 8754 5481 8754 5482 8755 5459 8755 5483 8755 5483 8756 5459 8756 5457 8756 5483 8757 5457 8757 5484 8757 5484 8758 5457 8758 5485 8758 5485 8759 5457 8759 5455 8759 5485 8760 5455 8760 5486 8760 5486 8761 5455 8761 5487 8761 5487 8762 5455 8762 5454 8762 5487 8763 5454 8763 5488 8763 5488 8764 5489 8764 5487 8764 5487 8765 5489 8765 5490 8765 5487 8766 5490 8766 5486 8766 5486 8767 5490 8767 5485 8767 5485 8768 5490 8768 5491 8768 5485 8769 5491 8769 5484 8769 5484 8770 5491 8770 5483 8770 5483 8771 5491 8771 5492 8771 5483 8772 5492 8772 5482 8772 5489 8773 5493 8773 5490 8773 5490 8774 5493 8774 5494 8774 5490 8775 5494 8775 5491 8775 5491 8776 5494 8776 5495 8776 5491 8777 5495 8777 5492 8777 5492 8778 5495 8778 5496 8778 5493 8779 5497 8779 5494 8779 5494 8780 5497 8780 5498 8780 5494 8781 5498 8781 5495 8781 5495 8782 5498 8782 5499 8782 5495 8783 5499 8783 5496 8783 5496 8784 5499 8784 5500 8784 5497 8785 5501 8785 5498 8785 5498 8786 5501 8786 5502 8786 5498 8787 5502 8787 5499 8787 5499 8788 5502 8788 5503 8788 5499 8789 5503 8789 5500 8789 5500 8790 5503 8790 5504 8790 5505 8791 5506 8791 5507 8791 5506 8792 5508 8792 5509 8792 5510 8793 5504 8793 5503 8793 5510 8794 5503 8794 5511 8794 5506 8795 5509 8795 5507 8795 5507 8796 5509 8796 5512 8796 5507 8797 5512 8797 5513 8797 5513 8798 5512 8798 5514 8798 5513 8799 5514 8799 5515 8799 5515 8800 5514 8800 5516 8800 5515 8801 5516 8801 5517 8801 5517 8802 5516 8802 5518 8802 5517 8803 5518 8803 5519 8803 5519 8804 5518 8804 5520 8804 5519 8805 5520 8805 5521 8805 5521 8806 5520 8806 5522 8806 5521 8807 5522 8807 5523 8807 5523 8808 5522 8808 5524 8808 5523 8809 5524 8809 5525 8809 5524 8810 5526 8810 5525 8810 5525 8811 5526 8811 5527 8811 5525 8812 5527 8812 5528 8812 5505 8813 5507 8813 5529 8813 5529 8814 5507 8814 5513 8814 5529 8815 5513 8815 5530 8815 5530 8816 5513 8816 5515 8816 5530 8817 5515 8817 5531 8817 5531 8818 5515 8818 5517 8818 5531 8819 5517 8819 5532 8819 5532 8820 5517 8820 5519 8820 5532 8821 5519 8821 5533 8821 5533 8822 5519 8822 5521 8822 5533 8823 5521 8823 5534 8823 5534 8824 5521 8824 5523 8824 5534 8825 5523 8825 5535 8825 5535 8826 5523 8826 5525 8826 5535 8827 5525 8827 5536 8827 5536 8828 5525 8828 5528 8828 5536 8829 5528 8829 5537 8829 5501 8830 5508 8830 5502 8830 5502 8831 5508 8831 5506 8831 5502 8832 5506 8832 5503 8832 5503 8833 5506 8833 5505 8833 5503 8834 5505 8834 5511 8834 5511 8835 5505 8835 5529 8835 5511 8836 5529 8836 5538 8836 5538 8837 5529 8837 5530 8837 5538 8838 5530 8838 5539 8838 5539 8839 5530 8839 5531 8839 5539 8840 5531 8840 5540 8840 5540 8841 5531 8841 5532 8841 5540 8842 5532 8842 5541 8842 5541 8843 5532 8843 5533 8843 5541 8844 5533 8844 5542 8844 5542 8845 5533 8845 5534 8845 5542 8846 5534 8846 5543 8846 5543 8847 5534 8847 5535 8847 5543 8848 5535 8848 5544 8848 5544 8849 5535 8849 5536 8849 5544 8850 5536 8850 5545 8850 5545 8851 5536 8851 5537 8851 5545 8852 5537 8852 5546 8852 5547 8853 5546 8853 5548 8853 5548 8854 5546 8854 5537 8854 5548 8855 5537 8855 5549 8855 5549 8856 5537 8856 5550 8856 5550 8857 5537 8857 5528 8857 5550 8858 5528 8858 5551 8858 5551 8859 5528 8859 5552 8859 5552 8860 5528 8860 5527 8860 5552 8861 5527 8861 5553 8861 5553 8862 5527 8862 5526 8862 5553 8863 5526 8863 5554 8863 5554 8864 5555 8864 5553 8864 5553 8865 5555 8865 5556 8865 5557 8866 5551 8866 5556 8866 5556 8867 5551 8867 5552 8867 5556 8868 5552 8868 5553 8868 5547 8869 5548 8869 5558 8869 5558 8870 5548 8870 5549 8870 5558 8871 5549 8871 5557 8871 5557 8872 5549 8872 5550 8872 5557 8873 5550 8873 5551 8873 5559 8874 5560 8874 5561 8874 5562 8875 5563 8875 5564 8875 5564 8876 5563 8876 5559 8876 5565 8877 5566 8877 5567 8877 5567 8878 5566 8878 5562 8878 5568 8879 5569 8879 5565 8879 5559 8880 5561 8880 5564 8880 5564 8881 5561 8881 5570 8881 5564 8882 5570 8882 5571 8882 5571 8883 5570 8883 5572 8883 5571 8884 5572 8884 5573 8884 5573 8885 5572 8885 5574 8885 5573 8886 5574 8886 5575 8886 5575 8887 5574 8887 5576 8887 5575 8888 5576 8888 5577 8888 5577 8889 5576 8889 5558 8889 5577 8890 5558 8890 5557 8890 5562 8891 5564 8891 5567 8891 5567 8892 5564 8892 5571 8892 5567 8893 5571 8893 5578 8893 5578 8894 5571 8894 5573 8894 5578 8895 5573 8895 5579 8895 5579 8896 5573 8896 5575 8896 5579 8897 5575 8897 5580 8897 5580 8898 5575 8898 5577 8898 5580 8899 5577 8899 5581 8899 5581 8900 5577 8900 5557 8900 5581 8901 5557 8901 5556 8901 5565 8902 5567 8902 5568 8902 5568 8903 5567 8903 5578 8903 5568 8904 5578 8904 5582 8904 5582 8905 5578 8905 5579 8905 5582 8906 5579 8906 5583 8906 5583 8907 5579 8907 5580 8907 5583 8908 5580 8908 5584 8908 5584 8909 5580 8909 5581 8909 5584 8910 5581 8910 5585 8910 5585 8911 5581 8911 5556 8911 5585 8912 5556 8912 5555 8912 5586 8913 5587 8913 5569 8913 5569 8914 5587 8914 5565 8914 5565 8915 5587 8915 5566 8915 5566 8916 5587 8916 5588 8916 5566 8917 5588 8917 5562 8917 5562 8918 5588 8918 5589 8918 5562 8919 5589 8919 5563 8919 5563 8920 5589 8920 5590 8920 5563 8921 5590 8921 5559 8921 5590 8922 5591 8922 5559 8922 5559 8923 5591 8923 5592 8923 5559 8924 5592 8924 5560 8924 5593 8925 5594 8925 5595 8925 5594 8926 5596 8926 5597 8926 5594 8927 5597 8927 5595 8927 5595 8928 5597 8928 5598 8928 5595 8929 5598 8929 5599 8929 5599 8930 5598 8930 5600 8930 5599 8931 5600 8931 5601 8931 5601 8932 5600 8932 5602 8932 5601 8933 5602 8933 5603 8933 5603 8934 5602 8934 5604 8934 5603 8935 5604 8935 5605 8935 5606 8936 5592 8936 5591 8936 5591 8937 5604 8937 5606 8937 5606 8938 5604 8938 5602 8938 5606 8939 5602 8939 5607 8939 5607 8940 5602 8940 5600 8940 5607 8941 5600 8941 5608 8941 5608 8942 5600 8942 5598 8942 5608 8943 5598 8943 5609 8943 5609 8944 5598 8944 5597 8944 5609 8945 5597 8945 5610 8945 5610 8946 5597 8946 5596 8946 5610 8947 5596 8947 5611 8947 5591 8948 5590 8948 5604 8948 5604 8949 5590 8949 5589 8949 5604 8950 5589 8950 5605 8950 5605 8951 5589 8951 5588 8951 5605 8952 5588 8952 5587 8952 5593 8953 5595 8953 5612 8953 5612 8954 5595 8954 5599 8954 5612 8955 5599 8955 5613 8955 5613 8956 5599 8956 5601 8956 5613 8957 5601 8957 5614 8957 5614 8958 5601 8958 5603 8958 5614 8959 5603 8959 5615 8959 5615 8960 5603 8960 5605 8960 5615 8961 5605 8961 5616 8961 5616 8962 5605 8962 5587 8962 5616 8963 5587 8963 5586 8963 5617 8964 5611 8964 5618 8964 5618 8965 5611 8965 5596 8965 5618 8966 5596 8966 5619 8966 5619 8967 5596 8967 5594 8967 5619 8968 5594 8968 5620 8968 5620 8969 5594 8969 5593 8969 5620 8970 5593 8970 5621 8970 5621 8971 5622 8971 5623 8971 5621 8972 5623 8972 5620 8972 5620 8973 5623 8973 5624 8973 5620 8974 5624 8974 5619 8974 5619 8975 5624 8975 5625 8975 5619 8976 5625 8976 5618 8976 5618 8977 5625 8977 5626 8977 5618 8978 5626 8978 5617 8978 5626 8979 5625 8979 5627 8979 5624 8980 5623 8980 5628 8980 5623 8981 5622 8981 5629 8981 5624 8982 5628 8982 5625 8982 5623 8983 5629 8983 5628 8983 5628 8984 5629 8984 5630 8984 5628 8985 5630 8985 5631 8985 5631 8986 5630 8986 5632 8986 5631 8987 5632 8987 5633 8987 5633 8988 5632 8988 5634 8988 5633 8989 5634 8989 5635 8989 5635 8990 5634 8990 5636 8990 5635 8991 5636 8991 5637 8991 5637 8992 5636 8992 5638 8992 5637 8993 5638 8993 5639 8993 5639 8994 5638 8994 5640 8994 5639 8995 5640 8995 5641 8995 5641 8996 5640 8996 5642 8996 5641 8997 5642 8997 5643 8997 5643 8998 5642 8998 5644 8998 5643 8999 5644 8999 5645 8999 5645 9000 5644 9000 5646 9000 5645 9001 5646 9001 5647 9001 5647 9002 5646 9002 5648 9002 5647 9003 5648 9003 5649 9003 5625 9004 5628 9004 5627 9004 5627 9005 5628 9005 5631 9005 5627 9006 5631 9006 5650 9006 5650 9007 5631 9007 5633 9007 5650 9008 5633 9008 5651 9008 5651 9009 5633 9009 5635 9009 5651 9010 5635 9010 5652 9010 5652 9011 5635 9011 5637 9011 5652 9012 5637 9012 5653 9012 5653 9013 5637 9013 5639 9013 5653 9014 5639 9014 5654 9014 5654 9015 5639 9015 5641 9015 5654 9016 5641 9016 5655 9016 5655 9017 5641 9017 5643 9017 5655 9018 5643 9018 5656 9018 5656 9019 5643 9019 5645 9019 5656 9020 5645 9020 5657 9020 5657 9021 5645 9021 5647 9021 5657 9022 5647 9022 5658 9022 5658 9023 5647 9023 5649 9023 5658 9024 5649 9024 5659 9024 5626 9025 5627 9025 5660 9025 5660 9026 5627 9026 5650 9026 5660 9027 5650 9027 5661 9027 5661 9028 5650 9028 5651 9028 5661 9029 5651 9029 5662 9029 5662 9030 5651 9030 5652 9030 5662 9031 5652 9031 5663 9031 5663 9032 5652 9032 5653 9032 5663 9033 5653 9033 5664 9033 5664 9034 5653 9034 5654 9034 5664 9035 5654 9035 5665 9035 5665 9036 5654 9036 5655 9036 5665 9037 5655 9037 5666 9037 5666 9038 5655 9038 5656 9038 5666 9039 5656 9039 5667 9039 5667 9040 5656 9040 5657 9040 5667 9041 5657 9041 5668 9041 5668 9042 5657 9042 5658 9042 5668 9043 5658 9043 5669 9043 5669 9044 5658 9044 5659 9044 5669 9045 5659 9045 5670 9045 5648 9046 5671 9046 5649 9046 5649 9047 5671 9047 5672 9047 5649 9048 5672 9048 5659 9048 5659 9049 5672 9049 5673 9049 5659 9050 5673 9050 5670 9050 5670 9051 5673 9051 5674 9051 5671 9052 5675 9052 5672 9052 5672 9053 5675 9053 5676 9053 5672 9054 5676 9054 5673 9054 5673 9055 5676 9055 5677 9055 5673 9056 5677 9056 5674 9056 5674 9057 5677 9057 5678 9057 5675 9058 5679 9058 5676 9058 5676 9059 5679 9059 5680 9059 5676 9060 5680 9060 5677 9060 5677 9061 5680 9061 5681 9061 5677 9062 5681 9062 5678 9062 5678 9063 5681 9063 5682 9063 5683 9064 5682 9064 5684 9064 5684 9065 5682 9065 5681 9065 5684 9066 5681 9066 5685 9066 5685 9067 5681 9067 5680 9067 5685 9068 5680 9068 5686 9068 5686 9069 5680 9069 5679 9069 5686 9070 5679 9070 5687 9070 5688 9071 5689 9071 5690 9071 5689 9072 5691 9072 5692 9072 5691 9073 5693 9073 5694 9073 5691 9074 5694 9074 5692 9074 5692 9075 5694 9075 5695 9075 5692 9076 5695 9076 5696 9076 5696 9077 5695 9077 5697 9077 5696 9078 5697 9078 5698 9078 5698 9079 5697 9079 5699 9079 5698 9080 5699 9080 5700 9080 5700 9081 5699 9081 5701 9081 5700 9082 5701 9082 5702 9082 5702 9083 5701 9083 5703 9083 5702 9084 5703 9084 5704 9084 5689 9085 5692 9085 5690 9085 5690 9086 5692 9086 5696 9086 5690 9087 5696 9087 5705 9087 5705 9088 5696 9088 5698 9088 5705 9089 5698 9089 5706 9089 5706 9090 5698 9090 5700 9090 5706 9091 5700 9091 5707 9091 5707 9092 5700 9092 5702 9092 5707 9093 5702 9093 5708 9093 5708 9094 5702 9094 5704 9094 5708 9095 5704 9095 5709 9095 5688 9096 5690 9096 5710 9096 5710 9097 5690 9097 5705 9097 5710 9098 5705 9098 5711 9098 5711 9099 5705 9099 5706 9099 5711 9100 5706 9100 5712 9100 5712 9101 5706 9101 5707 9101 5712 9102 5707 9102 5713 9102 5713 9103 5707 9103 5708 9103 5713 9104 5708 9104 5714 9104 5714 9105 5708 9105 5709 9105 5714 9106 5709 9106 5715 9106 5716 9107 5715 9107 5709 9107 5716 9108 5709 9108 5717 9108 5717 9109 5709 9109 5704 9109 5717 9110 5704 9110 5718 9110 5718 9111 5704 9111 5703 9111 5718 9112 5703 9112 5719 9112 5716 9113 5717 9113 5720 9113 5717 9114 5718 9114 5721 9114 5718 9115 5719 9115 5722 9115 5718 9116 5722 9116 5721 9116 5721 9117 5722 9117 5723 9117 5721 9118 5723 9118 5724 9118 5724 9119 5723 9119 5725 9119 5724 9120 5725 9120 5726 9120 5726 9121 5725 9121 5727 9121 5726 9122 5727 9122 5728 9122 5728 9123 5727 9123 5729 9123 5728 9124 5729 9124 5730 9124 5730 9125 5729 9125 5731 9125 5730 9126 5731 9126 5732 9126 5717 9127 5721 9127 5720 9127 5720 9128 5721 9128 5724 9128 5720 9129 5724 9129 5733 9129 5733 9130 5724 9130 5726 9130 5733 9131 5726 9131 5734 9131 5734 9132 5726 9132 5728 9132 5734 9133 5728 9133 5735 9133 5735 9134 5728 9134 5730 9134 5735 9135 5730 9135 5736 9135 5736 9136 5730 9136 5732 9136 5736 9137 5732 9137 5737 9137 5716 9138 5720 9138 5738 9138 5738 9139 5720 9139 5733 9139 5738 9140 5733 9140 5739 9140 5739 9141 5733 9141 5734 9141 5739 9142 5734 9142 5740 9142 5740 9143 5734 9143 5735 9143 5740 9144 5735 9144 5741 9144 5741 9145 5735 9145 5736 9145 5741 9146 5736 9146 5742 9146 5742 9147 5736 9147 5737 9147 5742 9148 5737 9148 5743 9148 5687 9149 5743 9149 5737 9149 5687 9150 5737 9150 5686 9150 5686 9151 5737 9151 5732 9151 5686 9152 5732 9152 5685 9152 5685 9153 5732 9153 5684 9153 5684 9154 5732 9154 5731 9154 5684 9155 5731 9155 5683 9155 5744 9156 5745 9156 5746 9156 5746 9157 5745 9157 5747 9157 5744 9158 5746 9158 5748 9158 5748 9159 5746 9159 5749 9159 5748 9160 5749 9160 5750 9160 5750 9161 5749 9161 5751 9161 5750 9162 5751 9162 5752 9162 5752 9163 5751 9163 5753 9163 5752 9164 5753 9164 5754 9164 5754 9165 5753 9165 5755 9165 5756 9166 5757 9166 5744 9166 5744 9167 5757 9167 5745 9167 5745 9168 5757 9168 5758 9168 5758 9169 5757 9169 5759 9169 5758 9170 5759 9170 5760 9170 5750 9171 5752 9171 5754 9171 5761 9172 5762 9172 5763 9172 5763 9173 5762 9173 5745 9173 5763 9174 5745 9174 5764 9174 5764 9175 5745 9175 5758 9175 5756 9176 5744 9176 5754 9176 5754 9177 5744 9177 5748 9177 5754 9178 5748 9178 5750 9178 5765 9179 5766 9179 5759 9179 5759 9180 5766 9180 5767 9180 5759 9181 5767 9181 5760 9181 5758 9182 5760 9182 5768 9182 5768 9183 5760 9183 5769 9183 5759 9184 5770 9184 5765 9184 5765 9185 5770 9185 5771 9185 5765 9186 5771 9186 5766 9186 5766 9187 5771 9187 5772 9187 5766 9188 5772 9188 5767 9188 5767 9189 5772 9189 5773 9189 5767 9190 5773 9190 5760 9190 5760 9191 5773 9191 5769 9191 5759 9192 5757 9192 5770 9192 5770 9193 5757 9193 5774 9193 5775 9194 5776 9194 5777 9194 5771 9195 5481 9195 5772 9195 5772 9196 5481 9196 5778 9196 5772 9197 5778 9197 5773 9197 5779 9198 5780 9198 5781 9198 5777 9199 5782 9199 5783 9199 5784 9200 5785 9200 5777 9200 5783 9201 5786 9201 5777 9201 5777 9202 5786 9202 5787 9202 5777 9203 5787 9203 5788 9203 5780 9204 5789 9204 5781 9204 5781 9205 5789 9205 5790 9205 5781 9206 5790 9206 5791 9206 5792 9207 5793 9207 5794 9207 5781 9208 5775 9208 5779 9208 5779 9209 5775 9209 5777 9209 5779 9210 5777 9210 5795 9210 5795 9211 5777 9211 5785 9211 5795 9212 5785 9212 5796 9212 5773 9213 5797 9213 5798 9213 5501 9214 5771 9214 5508 9214 5508 9215 5771 9215 5770 9215 5508 9216 5770 9216 5509 9216 5799 9217 5800 9217 5801 9217 5773 9218 5798 9218 5769 9218 5787 9219 5802 9219 5788 9219 5788 9220 5802 9220 5803 9220 5788 9221 5803 9221 5804 9221 5804 9222 5803 9222 5805 9222 5569 9223 5806 9223 5586 9223 5586 9224 5806 9224 5755 9224 5586 9225 5755 9225 5753 9225 5501 9226 5497 9226 5771 9226 5771 9227 5497 9227 5493 9227 5771 9228 5493 9228 5481 9228 5481 9229 5493 9229 5489 9229 5481 9230 5489 9230 5488 9230 5632 9231 5753 9231 5634 9231 5634 9232 5753 9232 5751 9232 5634 9233 5751 9233 5636 9233 5632 9234 5630 9234 5753 9234 5753 9235 5630 9235 5629 9235 5753 9236 5629 9236 5586 9236 5586 9237 5629 9237 5622 9237 5790 9238 5807 9238 5791 9238 5791 9239 5807 9239 5808 9239 5791 9240 5808 9240 5747 9240 5747 9241 5808 9241 5809 9241 5747 9242 5809 9242 5746 9242 5739 9243 5740 9243 5810 9243 5810 9244 5743 9244 5811 9244 5811 9245 5743 9245 5687 9245 5811 9246 5687 9246 5679 9246 5792 9247 5794 9247 5777 9247 5777 9248 5794 9248 5812 9248 5777 9249 5812 9249 5784 9249 5798 9250 5813 9250 5769 9250 5769 9251 5813 9251 5814 9251 5769 9252 5814 9252 5768 9252 5768 9253 5814 9253 5815 9253 5768 9254 5815 9254 5776 9254 5776 9255 5815 9255 5816 9255 5776 9256 5816 9256 5777 9256 5777 9257 5816 9257 5817 9257 5777 9258 5817 9258 5782 9258 5671 9259 5648 9259 5749 9259 5749 9260 5648 9260 5646 9260 5749 9261 5646 9261 5644 9261 5679 9262 5675 9262 5811 9262 5811 9263 5675 9263 5671 9263 5811 9264 5671 9264 5809 9264 5809 9265 5671 9265 5749 9265 5809 9266 5749 9266 5746 9266 5555 9267 5554 9267 5526 9267 5806 9268 5524 9268 5522 9268 5488 9269 5454 9269 5481 9269 5481 9270 5454 9270 5476 9270 5481 9271 5476 9271 5477 9271 5818 9272 5715 9272 5819 9272 5819 9273 5715 9273 5716 9273 5819 9274 5716 9274 5810 9274 5810 9275 5716 9275 5738 9275 5810 9276 5738 9276 5739 9276 5740 9277 5741 9277 5810 9277 5810 9278 5741 9278 5742 9278 5810 9279 5742 9279 5743 9279 5820 9280 5799 9280 5778 9280 5778 9281 5799 9281 5801 9281 5778 9282 5801 9282 5773 9282 5773 9283 5801 9283 5821 9283 5773 9284 5821 9284 5797 9284 5820 9285 5822 9285 5799 9285 5799 9286 5822 9286 5823 9286 5799 9287 5823 9287 5824 9287 5478 9288 5479 9288 5477 9288 5477 9289 5479 9289 5480 9289 5477 9290 5480 9290 5481 9290 5615 9291 5593 9291 5614 9291 5614 9292 5593 9292 5612 9292 5614 9293 5612 9293 5613 9293 5644 9294 5642 9294 5749 9294 5749 9295 5642 9295 5640 9295 5749 9296 5640 9296 5751 9296 5751 9297 5640 9297 5638 9297 5751 9298 5638 9298 5636 9298 5522 9299 5520 9299 5806 9299 5806 9300 5520 9300 5518 9300 5806 9301 5518 9301 5774 9301 5518 9302 5516 9302 5774 9302 5774 9303 5516 9303 5514 9303 5774 9304 5514 9304 5770 9304 5770 9305 5514 9305 5512 9305 5770 9306 5512 9306 5509 9306 5622 9307 5621 9307 5586 9307 5586 9308 5621 9308 5593 9308 5586 9309 5593 9309 5616 9309 5616 9310 5593 9310 5615 9310 5713 9311 5710 9311 5712 9311 5712 9312 5710 9312 5711 9312 5818 9313 5688 9313 5715 9313 5715 9314 5688 9314 5710 9314 5715 9315 5710 9315 5714 9315 5714 9316 5710 9316 5713 9316 5524 9317 5806 9317 5526 9317 5526 9318 5806 9318 5569 9318 5526 9319 5569 9319 5555 9319 5555 9320 5569 9320 5568 9320 5555 9321 5568 9321 5582 9321 5582 9322 5583 9322 5555 9322 5555 9323 5583 9323 5584 9323 5555 9324 5584 9324 5585 9324 5825 9325 5778 9325 5481 9325 5825 9326 5481 9326 5826 9326 5826 9327 5481 9327 5475 9327 5826 9328 5475 9328 5827 9328 5827 9329 5475 9329 5470 9329 5827 9330 5470 9330 5828 9330 5828 9331 5470 9331 5829 9331 5829 9332 5470 9332 5469 9332 5829 9333 5469 9333 5830 9333 5469 9334 5831 9334 5830 9334 5830 9335 5831 9335 5832 9335 5831 9336 5469 9336 5467 9336 5831 9337 5467 9337 5833 9337 5461 9338 5450 9338 5463 9338 5463 9339 5450 9339 5833 9339 5463 9340 5833 9340 5465 9340 5465 9341 5833 9341 5467 9341 5448 9342 5459 9342 5446 9342 5446 9343 5459 9343 5447 9343 5448 9344 5449 9344 5459 9344 5459 9345 5449 9345 5453 9345 5459 9346 5453 9346 5460 9346 5460 9347 5453 9347 5452 9347 5460 9348 5452 9348 5461 9348 5461 9349 5452 9349 5451 9349 5461 9350 5451 9350 5450 9350 5834 9351 5835 9351 5836 9351 5837 9352 5838 9352 5832 9352 5836 9353 5832 9353 5834 9353 5834 9354 5832 9354 5838 9354 5834 9355 5838 9355 5839 9355 5839 9356 5838 9356 5840 9356 5443 9357 5831 9357 5833 9357 5443 9358 5444 9358 5831 9358 5831 9359 5444 9359 5445 9359 5831 9360 5445 9360 5832 9360 5832 9361 5445 9361 5841 9361 5832 9362 5841 9362 5837 9362 5441 9363 5442 9363 5440 9363 5440 9364 5442 9364 5443 9364 5440 9365 5443 9365 5422 9365 5422 9366 5443 9366 5833 9366 5422 9367 5833 9367 5450 9367 5842 9368 5835 9368 5834 9368 5834 9369 5843 9369 5842 9369 5842 9370 5843 9370 5844 9370 5842 9371 5844 9371 5845 9371 5845 9372 5844 9372 5846 9372 5844 9373 5847 9373 5846 9373 5846 9374 5847 9374 5848 9374 5846 9375 5848 9375 5849 9375 5850 9376 5851 9376 5852 9376 5852 9377 5851 9377 5853 9377 5852 9378 5853 9378 5848 9378 5848 9379 5853 9379 5854 9379 5848 9380 5854 9380 5849 9380 5855 9381 5856 9381 5857 9381 5858 9382 5855 9382 5859 9382 5859 9383 5855 9383 5857 9383 5859 9384 5857 9384 5860 9384 5860 9385 5857 9385 5861 9385 5861 9386 5862 9386 5860 9386 5860 9387 5862 9387 5863 9387 5860 9388 5863 9388 5864 9388 5864 9389 5863 9389 5865 9389 5864 9390 5865 9390 5866 9390 5866 9391 5865 9391 5867 9391 5866 9392 5867 9392 5850 9392 5868 9393 5869 9393 5870 9393 5870 9394 5869 9394 5858 9394 5858 9395 5859 9395 5870 9395 5870 9396 5859 9396 5860 9396 5870 9397 5860 9397 5871 9397 5871 9398 5860 9398 5864 9398 5871 9399 5864 9399 5872 9399 5872 9400 5864 9400 5866 9400 5872 9401 5866 9401 5873 9401 5841 9402 5874 9402 5875 9402 5875 9403 5874 9403 5868 9403 5850 9404 5852 9404 5866 9404 5866 9405 5852 9405 5848 9405 5866 9406 5848 9406 5873 9406 5873 9407 5848 9407 5847 9407 5873 9408 5847 9408 5844 9408 5868 9409 5870 9409 5875 9409 5875 9410 5870 9410 5871 9410 5875 9411 5871 9411 5876 9411 5876 9412 5871 9412 5872 9412 5876 9413 5872 9413 5877 9413 5877 9414 5872 9414 5873 9414 5877 9415 5873 9415 5878 9415 5878 9416 5873 9416 5844 9416 5878 9417 5844 9417 5843 9417 5841 9418 5875 9418 5837 9418 5837 9419 5875 9419 5876 9419 5837 9420 5876 9420 5838 9420 5838 9421 5876 9421 5877 9421 5838 9422 5877 9422 5840 9422 5840 9423 5877 9423 5878 9423 5840 9424 5878 9424 5839 9424 5839 9425 5878 9425 5843 9425 5839 9426 5843 9426 5834 9426 5874 9427 5841 9427 5445 9427 5874 9428 5445 9428 5868 9428 5868 9429 5445 9429 5439 9429 5868 9430 5439 9430 5869 9430 5869 9431 5439 9431 5434 9431 5869 9432 5434 9432 5858 9432 5858 9433 5434 9433 5855 9433 5855 9434 5434 9434 5433 9434 5855 9435 5433 9435 5856 9435 5396 9436 5856 9436 5398 9436 5398 9437 5856 9437 5433 9437 5398 9438 5433 9438 5413 9438 5413 9439 5433 9439 5414 9439 5400 9440 5407 9440 5390 9440 5390 9441 5407 9441 5405 9441 5390 9442 5405 9442 5392 9442 5879 9443 5416 9443 5433 9443 5433 9444 5416 9444 5415 9444 5433 9445 5415 9445 5414 9445 5401 9446 5396 9446 5403 9446 5403 9447 5396 9447 5395 9447 5382 9448 5880 9448 5383 9448 5383 9449 5880 9449 5856 9449 5383 9450 5856 9450 5385 9450 5385 9451 5856 9451 5387 9451 5401 9452 5400 9452 5396 9452 5396 9453 5400 9453 5390 9453 5396 9454 5390 9454 5856 9454 5856 9455 5390 9455 5389 9455 5856 9456 5389 9456 5387 9456 5879 9457 5433 9457 5431 9457 5879 9458 5431 9458 5881 9458 5431 9459 5429 9459 5881 9459 5881 9460 5429 9460 5427 9460 5881 9461 5427 9461 5882 9461 5420 9462 5883 9462 5421 9462 5421 9463 5883 9463 5882 9463 5421 9464 5882 9464 5425 9464 5425 9465 5882 9465 5427 9465 5883 9466 5420 9466 5884 9466 5884 9467 5420 9467 5447 9467 5884 9468 5447 9468 5315 9468 5315 9469 5447 9469 5313 9469 5317 9470 5313 9470 5338 9470 5338 9471 5313 9471 5447 9471 5338 9472 5447 9472 5482 9472 5482 9473 5447 9473 5459 9473 5492 9474 5340 9474 5482 9474 5482 9475 5340 9475 5338 9475 5340 9476 5492 9476 5496 9476 5340 9477 5496 9477 5342 9477 5496 9478 5500 9478 5342 9478 5342 9479 5500 9479 5504 9479 5342 9480 5504 9480 5343 9480 5504 9481 5510 9481 5343 9481 5343 9482 5510 9482 5511 9482 5343 9483 5511 9483 5344 9483 5511 9484 5538 9484 5344 9484 5344 9485 5538 9485 5539 9485 5344 9486 5539 9486 5345 9486 5539 9487 5540 9487 5345 9487 5345 9488 5540 9488 5541 9488 5345 9489 5541 9489 5346 9489 5541 9490 5542 9490 5346 9490 5346 9491 5542 9491 5543 9491 5346 9492 5543 9492 5347 9492 5546 9493 5348 9493 5545 9493 5545 9494 5348 9494 5347 9494 5545 9495 5347 9495 5544 9495 5544 9496 5347 9496 5543 9496 5547 9497 5349 9497 5546 9497 5546 9498 5349 9498 5348 9498 5547 9499 5558 9499 5349 9499 5349 9500 5558 9500 5303 9500 5349 9501 5303 9501 5321 9501 5321 9502 5303 9502 5305 9502 5303 9503 5558 9503 5576 9503 5303 9504 5576 9504 5301 9504 5576 9505 5574 9505 5301 9505 5301 9506 5574 9506 5572 9506 5301 9507 5572 9507 5299 9507 5560 9508 5248 9508 5561 9508 5561 9509 5248 9509 5299 9509 5561 9510 5299 9510 5570 9510 5570 9511 5299 9511 5572 9511 5592 9512 5249 9512 5560 9512 5560 9513 5249 9513 5248 9513 5592 9514 5606 9514 5249 9514 5249 9515 5606 9515 5292 9515 5606 9516 5607 9516 5292 9516 5292 9517 5607 9517 5608 9517 5292 9518 5608 9518 5290 9518 5611 9519 5288 9519 5610 9519 5610 9520 5288 9520 5290 9520 5610 9521 5290 9521 5609 9521 5609 9522 5290 9522 5608 9522 5611 9523 5617 9523 5206 9523 5205 9524 5219 9524 5206 9524 5206 9525 5219 9525 5288 9525 5206 9526 5288 9526 5611 9526 5626 9527 5207 9527 5617 9527 5617 9528 5207 9528 5206 9528 5626 9529 5660 9529 5207 9529 5207 9530 5660 9530 5208 9530 5660 9531 5661 9531 5208 9531 5208 9532 5661 9532 5662 9532 5208 9533 5662 9533 5209 9533 5662 9534 5663 9534 5209 9534 5209 9535 5663 9535 5664 9535 5209 9536 5664 9536 5210 9536 5664 9537 5665 9537 5210 9537 5210 9538 5665 9538 5666 9538 5210 9539 5666 9539 5211 9539 5666 9540 5667 9540 5211 9540 5211 9541 5667 9541 5668 9541 5211 9542 5668 9542 5212 9542 5668 9543 5669 9543 5212 9543 5212 9544 5669 9544 5670 9544 5212 9545 5670 9545 5213 9545 5682 9546 5214 9546 5678 9546 5678 9547 5214 9547 5213 9547 5678 9548 5213 9548 5674 9548 5674 9549 5213 9549 5670 9549 5683 9550 5215 9550 5682 9550 5682 9551 5215 9551 5214 9551 5683 9552 5731 9552 5215 9552 5215 9553 5731 9553 5281 9553 5215 9554 5281 9554 5216 9554 5216 9555 5281 9555 5223 9555 5731 9556 5729 9556 5281 9556 5281 9557 5729 9557 5279 9557 5729 9558 5727 9558 5279 9558 5279 9559 5727 9559 5725 9559 5279 9560 5725 9560 5277 9560 5719 9561 5230 9561 5722 9561 5722 9562 5230 9562 5277 9562 5722 9563 5277 9563 5723 9563 5723 9564 5277 9564 5725 9564 5703 9565 5231 9565 5719 9565 5719 9566 5231 9566 5230 9566 5703 9567 5701 9567 5231 9567 5231 9568 5701 9568 5270 9568 5701 9569 5699 9569 5270 9569 5270 9570 5699 9570 5697 9570 5270 9571 5697 9571 5268 9571 5693 9572 5266 9572 5694 9572 5694 9573 5266 9573 5268 9573 5694 9574 5268 9574 5695 9574 5695 9575 5268 9575 5697 9575 5693 9576 5049 9576 5050 9576 5170 9577 5176 9577 5050 9577 5050 9578 5176 9578 5266 9578 5050 9579 5266 9579 5693 9579 5049 9580 5693 9580 5885 9580 5885 9581 5693 9581 5691 9581 5885 9582 5691 9582 5886 9582 5886 9583 5691 9583 5887 9583 5887 9584 5691 9584 5689 9584 5887 9585 5689 9585 5888 9585 5888 9586 5689 9586 5688 9586 5888 9587 5688 9587 5818 9587 5818 9588 5819 9588 5889 9588 5818 9589 5889 9589 5888 9589 5888 9590 5889 9590 5890 9590 5888 9591 5890 9591 5887 9591 5887 9592 5890 9592 5891 9592 5887 9593 5891 9593 5886 9593 5886 9594 5891 9594 5885 9594 5885 9595 5891 9595 5047 9595 5885 9596 5047 9596 5049 9596 5139 9597 5892 9597 5893 9597 5136 9598 5150 9598 5894 9598 5892 9599 5895 9599 5896 9599 5895 9600 5897 9600 5898 9600 5897 9601 5808 9601 5807 9601 5897 9602 5807 9602 5898 9602 5898 9603 5807 9603 5790 9603 5898 9604 5790 9604 5899 9604 5899 9605 5790 9605 5789 9605 5899 9606 5789 9606 5900 9606 5900 9607 5789 9607 5780 9607 5900 9608 5780 9608 5901 9608 5895 9609 5898 9609 5896 9609 5896 9610 5898 9610 5899 9610 5896 9611 5899 9611 5902 9611 5902 9612 5899 9612 5900 9612 5902 9613 5900 9613 5903 9613 5903 9614 5900 9614 5901 9614 5903 9615 5901 9615 5904 9615 5892 9616 5896 9616 5893 9616 5893 9617 5896 9617 5902 9617 5893 9618 5902 9618 5905 9618 5905 9619 5902 9619 5903 9619 5905 9620 5903 9620 5906 9620 5906 9621 5903 9621 5904 9621 5906 9622 5904 9622 5907 9622 5819 9623 5810 9623 5889 9623 5889 9624 5810 9624 5908 9624 5889 9625 5908 9625 5890 9625 5890 9626 5908 9626 5909 9626 5890 9627 5909 9627 5891 9627 5891 9628 5909 9628 5910 9628 5891 9629 5910 9629 5047 9629 5047 9630 5910 9630 5152 9630 5810 9631 5811 9631 5908 9631 5908 9632 5811 9632 5911 9632 5908 9633 5911 9633 5909 9633 5909 9634 5911 9634 5912 9634 5909 9635 5912 9635 5910 9635 5910 9636 5912 9636 5894 9636 5910 9637 5894 9637 5152 9637 5152 9638 5894 9638 5150 9638 5137 9639 5136 9639 5913 9639 5913 9640 5136 9640 5894 9640 5913 9641 5894 9641 5914 9641 5914 9642 5894 9642 5912 9642 5914 9643 5912 9643 5915 9643 5915 9644 5912 9644 5911 9644 5915 9645 5911 9645 5809 9645 5809 9646 5911 9646 5811 9646 5809 9647 5808 9647 5915 9647 5915 9648 5808 9648 5897 9648 5915 9649 5897 9649 5914 9649 5914 9650 5897 9650 5895 9650 5914 9651 5895 9651 5913 9651 5913 9652 5895 9652 5892 9652 5913 9653 5892 9653 5137 9653 5137 9654 5892 9654 5139 9654 5149 9655 5146 9655 5907 9655 5907 9656 5146 9656 5145 9656 5907 9657 5145 9657 5906 9657 5906 9658 5145 9658 5143 9658 5906 9659 5143 9659 5905 9659 5905 9660 5143 9660 5142 9660 5905 9661 5142 9661 5893 9661 5893 9662 5142 9662 5140 9662 5893 9663 5140 9663 5139 9663 5148 9664 5149 9664 5916 9664 5916 9665 5149 9665 5907 9665 5916 9666 5907 9666 5917 9666 5917 9667 5907 9667 5904 9667 5917 9668 5904 9668 5918 9668 5918 9669 5904 9669 5901 9669 5918 9670 5901 9670 5779 9670 5779 9671 5901 9671 5780 9671 5779 9672 5795 9672 5918 9672 5918 9673 5795 9673 5919 9673 5918 9674 5919 9674 5917 9674 5917 9675 5919 9675 5920 9675 5917 9676 5920 9676 5916 9676 5916 9677 5920 9677 5921 9677 5916 9678 5921 9678 5148 9678 5148 9679 5921 9679 5133 9679 5133 9680 5921 9680 5129 9680 5129 9681 5921 9681 5922 9681 5922 9682 5921 9682 5923 9682 5923 9683 5921 9683 5920 9683 5923 9684 5920 9684 5924 9684 5924 9685 5920 9685 5919 9685 5924 9686 5919 9686 5925 9686 5925 9687 5919 9687 5926 9687 5926 9688 5919 9688 5795 9688 5926 9689 5795 9689 5796 9689 5796 9690 5785 9690 5926 9690 5926 9691 5785 9691 5927 9691 5926 9692 5927 9692 5925 9692 5925 9693 5927 9693 5924 9693 5924 9694 5927 9694 5928 9694 5924 9695 5928 9695 5923 9695 5923 9696 5928 9696 5922 9696 5922 9697 5928 9697 5120 9697 5922 9698 5120 9698 5129 9698 5929 9699 5930 9699 5931 9699 5930 9700 5118 9700 5127 9700 5777 9701 5932 9701 5933 9701 5933 9702 5932 9702 5929 9702 5930 9703 5127 9703 5931 9703 5931 9704 5127 9704 5128 9704 5931 9705 5128 9705 5934 9705 5934 9706 5128 9706 5125 9706 5934 9707 5125 9707 5935 9707 5935 9708 5125 9708 5124 9708 5935 9709 5124 9709 5936 9709 5936 9710 5124 9710 5121 9710 5936 9711 5121 9711 5937 9711 5937 9712 5121 9712 5120 9712 5937 9713 5120 9713 5928 9713 5929 9714 5931 9714 5933 9714 5933 9715 5931 9715 5934 9715 5933 9716 5934 9716 5938 9716 5938 9717 5934 9717 5935 9717 5938 9718 5935 9718 5939 9718 5939 9719 5935 9719 5936 9719 5939 9720 5936 9720 5940 9720 5940 9721 5936 9721 5937 9721 5940 9722 5937 9722 5941 9722 5941 9723 5937 9723 5928 9723 5941 9724 5928 9724 5927 9724 5777 9725 5933 9725 5792 9725 5792 9726 5933 9726 5938 9726 5792 9727 5938 9727 5793 9727 5793 9728 5938 9728 5939 9728 5793 9729 5939 9729 5794 9729 5794 9730 5939 9730 5940 9730 5794 9731 5940 9731 5812 9731 5812 9732 5940 9732 5941 9732 5812 9733 5941 9733 5784 9733 5784 9734 5941 9734 5927 9734 5784 9735 5927 9735 5785 9735 5777 9736 5788 9736 5942 9736 5777 9737 5942 9737 5932 9737 5932 9738 5942 9738 5943 9738 5932 9739 5943 9739 5929 9739 5929 9740 5943 9740 5944 9740 5929 9741 5944 9741 5930 9741 5930 9742 5944 9742 5108 9742 5930 9743 5108 9743 5118 9743 5945 9744 5106 9744 5116 9744 5946 9745 5945 9745 5947 9745 5947 9746 5945 9746 5116 9746 5947 9747 5116 9747 5948 9747 5948 9748 5116 9748 5117 9748 5117 9749 5112 9749 5948 9749 5948 9750 5112 9750 5114 9750 5948 9751 5114 9751 5949 9751 5949 9752 5114 9752 5115 9752 5949 9753 5115 9753 5950 9753 5115 9754 5109 9754 5950 9754 5950 9755 5109 9755 5108 9755 5950 9756 5108 9756 5944 9756 5951 9757 5952 9757 5953 9757 5953 9758 5952 9758 5946 9758 5946 9759 5947 9759 5953 9759 5953 9760 5947 9760 5948 9760 5953 9761 5948 9761 5954 9761 5954 9762 5948 9762 5949 9762 5954 9763 5949 9763 5955 9763 5955 9764 5949 9764 5950 9764 5955 9765 5950 9765 5956 9765 5956 9766 5950 9766 5944 9766 5956 9767 5944 9767 5943 9767 5787 9768 5957 9768 5958 9768 5958 9769 5957 9769 5951 9769 5951 9770 5953 9770 5958 9770 5958 9771 5953 9771 5954 9771 5958 9772 5954 9772 5959 9772 5959 9773 5954 9773 5955 9773 5959 9774 5955 9774 5960 9774 5960 9775 5955 9775 5956 9775 5960 9776 5956 9776 5961 9776 5961 9777 5956 9777 5943 9777 5961 9778 5943 9778 5942 9778 5787 9779 5958 9779 5802 9779 5802 9780 5958 9780 5959 9780 5802 9781 5959 9781 5803 9781 5803 9782 5959 9782 5960 9782 5803 9783 5960 9783 5805 9783 5805 9784 5960 9784 5961 9784 5805 9785 5961 9785 5804 9785 5804 9786 5961 9786 5942 9786 5804 9787 5942 9787 5788 9787 5105 9788 5106 9788 5962 9788 5962 9789 5106 9789 5945 9789 5962 9790 5945 9790 5963 9790 5963 9791 5945 9791 5946 9791 5963 9792 5946 9792 5964 9792 5964 9793 5946 9793 5952 9793 5964 9794 5952 9794 5965 9794 5952 9795 5951 9795 5965 9795 5965 9796 5951 9796 5957 9796 5965 9797 5957 9797 5966 9797 5966 9798 5957 9798 5787 9798 5966 9799 5787 9799 5786 9799 5095 9800 5105 9800 5967 9800 5967 9801 5105 9801 5962 9801 5967 9802 5962 9802 5968 9802 5968 9803 5962 9803 5963 9803 5968 9804 5963 9804 5969 9804 5969 9805 5963 9805 5964 9805 5969 9806 5964 9806 5970 9806 5970 9807 5964 9807 5965 9807 5970 9808 5965 9808 5971 9808 5971 9809 5965 9809 5966 9809 5971 9810 5966 9810 5783 9810 5783 9811 5966 9811 5786 9811 5095 9812 5967 9812 5972 9812 5973 9813 5974 9813 5975 9813 5976 9814 5821 9814 5801 9814 5971 9815 5783 9815 5782 9815 5971 9816 5782 9816 5974 9816 5974 9817 5782 9817 5817 9817 5974 9818 5817 9818 5975 9818 5975 9819 5817 9819 5816 9819 5975 9820 5816 9820 5977 9820 5977 9821 5816 9821 5815 9821 5977 9822 5815 9822 5978 9822 5973 9823 5975 9823 5979 9823 5979 9824 5975 9824 5977 9824 5979 9825 5977 9825 5980 9825 5980 9826 5977 9826 5978 9826 5980 9827 5978 9827 5981 9827 5798 9828 5797 9828 5982 9828 5982 9829 5797 9829 5983 9829 5982 9830 5983 9830 5984 9830 5984 9831 5983 9831 5985 9831 5984 9832 5985 9832 5986 9832 5797 9833 5821 9833 5983 9833 5983 9834 5821 9834 5976 9834 5983 9835 5976 9835 5985 9835 5985 9836 5976 9836 5987 9836 5967 9837 5968 9837 5973 9837 5973 9838 5968 9838 5969 9838 5973 9839 5969 9839 5974 9839 5974 9840 5969 9840 5970 9840 5974 9841 5970 9841 5971 9841 5967 9842 5973 9842 5972 9842 5972 9843 5973 9843 5979 9843 5972 9844 5979 9844 5988 9844 5988 9845 5979 9845 5980 9845 5988 9846 5980 9846 5989 9846 5989 9847 5980 9847 5981 9847 5989 9848 5981 9848 5990 9848 5801 9849 5991 9849 5976 9849 5976 9850 5991 9850 5992 9850 5976 9851 5992 9851 5987 9851 5987 9852 5992 9852 5993 9852 5987 9853 5993 9853 5994 9853 5986 9854 5985 9854 5995 9854 5995 9855 5985 9855 5987 9855 5995 9856 5987 9856 5996 9856 5996 9857 5987 9857 5994 9857 5996 9858 5994 9858 5997 9858 5101 9859 5100 9859 5990 9859 5990 9860 5100 9860 5099 9860 5990 9861 5099 9861 5989 9861 5989 9862 5099 9862 5098 9862 5989 9863 5098 9863 5988 9863 5988 9864 5098 9864 5097 9864 5988 9865 5097 9865 5972 9865 5972 9866 5097 9866 5096 9866 5972 9867 5096 9867 5095 9867 5102 9868 5101 9868 5998 9868 5998 9869 5101 9869 5990 9869 5998 9870 5990 9870 5999 9870 5999 9871 5990 9871 5981 9871 5999 9872 5981 9872 6000 9872 6000 9873 5981 9873 5978 9873 6000 9874 5978 9874 5814 9874 5814 9875 5978 9875 5815 9875 5814 9876 5813 9876 6000 9876 6000 9877 5813 9877 6001 9877 6000 9878 6001 9878 5999 9878 5999 9879 6001 9879 6002 9879 5999 9880 6002 9880 5998 9880 5998 9881 6002 9881 6003 9881 5998 9882 6003 9882 5102 9882 5102 9883 6003 9883 5104 9883 5813 9884 5798 9884 6001 9884 6001 9885 5798 9885 5982 9885 6001 9886 5982 9886 6002 9886 6002 9887 5982 9887 5984 9887 6002 9888 5984 9888 6003 9888 6003 9889 5984 9889 5986 9889 6003 9890 5986 9890 5104 9890 5104 9891 5986 9891 5103 9891 5103 9892 5986 9892 5092 9892 5092 9893 5986 9893 5995 9893 5092 9894 5995 9894 5093 9894 5093 9895 5995 9895 5996 9895 5093 9896 5996 9896 5094 9896 5094 9897 5996 9897 5997 9897 5094 9898 5997 9898 5063 9898 5061 9899 5063 9899 6004 9899 6004 9900 5063 9900 5997 9900 6004 9901 5997 9901 6005 9901 6005 9902 5997 9902 5994 9902 6005 9903 5994 9903 6006 9903 6006 9904 5994 9904 5993 9904 6006 9905 5993 9905 6007 9905 5993 9906 5992 9906 6007 9906 6007 9907 5992 9907 5991 9907 6007 9908 5991 9908 6008 9908 6008 9909 5991 9909 5801 9909 6008 9910 5801 9910 5800 9910 6009 9911 5061 9911 6010 9911 6010 9912 5061 9912 6004 9912 6010 9913 6004 9913 6011 9913 6011 9914 6004 9914 6005 9914 6011 9915 6005 9915 6012 9915 6012 9916 6005 9916 6006 9916 6012 9917 6006 9917 6013 9917 6013 9918 6006 9918 6007 9918 6013 9919 6007 9919 6014 9919 6014 9920 6007 9920 6008 9920 6014 9921 6008 9921 5799 9921 5799 9922 6008 9922 5800 9922 5829 9923 5830 9923 6015 9923 5828 9924 5829 9924 6016 9924 6016 9925 5829 9925 6015 9925 6016 9926 6015 9926 6017 9926 6017 9927 6015 9927 6018 9927 6018 9928 6019 9928 6017 9928 6017 9929 6019 9929 6020 9929 6017 9930 6020 9930 6021 9930 6021 9931 6020 9931 6022 9931 6021 9932 6022 9932 6023 9932 6023 9933 6022 9933 6024 9933 6023 9934 6024 9934 6009 9934 5826 9935 5827 9935 6025 9935 6025 9936 5827 9936 5828 9936 5828 9937 6016 9937 6025 9937 6025 9938 6016 9938 6017 9938 6025 9939 6017 9939 6026 9939 6026 9940 6017 9940 6021 9940 6026 9941 6021 9941 6027 9941 6027 9942 6021 9942 6023 9942 6027 9943 6023 9943 6028 9943 5778 9944 5825 9944 6029 9944 6029 9945 5825 9945 5826 9945 6009 9946 6010 9946 6023 9946 6023 9947 6010 9947 6011 9947 6023 9948 6011 9948 6028 9948 6028 9949 6011 9949 6012 9949 6028 9950 6012 9950 6013 9950 5826 9951 6025 9951 6029 9951 6029 9952 6025 9952 6026 9952 6029 9953 6026 9953 6030 9953 6030 9954 6026 9954 6027 9954 6030 9955 6027 9955 6031 9955 6031 9956 6027 9956 6028 9956 6031 9957 6028 9957 6032 9957 6032 9958 6028 9958 6013 9958 6032 9959 6013 9959 6014 9959 5778 9960 6029 9960 5820 9960 5820 9961 6029 9961 6030 9961 5820 9962 6030 9962 5822 9962 5822 9963 6030 9963 6031 9963 5822 9964 6031 9964 5823 9964 5823 9965 6031 9965 6032 9965 5823 9966 6032 9966 5824 9966 5824 9967 6032 9967 6014 9967 5824 9968 6014 9968 5799 9968 5849 9969 5854 9969 6009 9969 6009 9970 5854 9970 5853 9970 6009 9971 5853 9971 5851 9971 6019 9972 5836 9972 6020 9972 6020 9973 5836 9973 5835 9973 6020 9974 5835 9974 6022 9974 6022 9975 5835 9975 5842 9975 6022 9976 5842 9976 6024 9976 6024 9977 5842 9977 5845 9977 6024 9978 5845 9978 6009 9978 6009 9979 5845 9979 5846 9979 6009 9980 5846 9980 5849 9980 5830 9981 5832 9981 6015 9981 6015 9982 5832 9982 5836 9982 6015 9983 5836 9983 6018 9983 6018 9984 5836 9984 6019 9984 5059 9985 5060 9985 5062 9985 5850 9986 6033 9986 5851 9986 5851 9987 6033 9987 6034 9987 5061 9988 6009 9988 5062 9988 5062 9989 6009 9989 5851 9989 5062 9990 5851 9990 5059 9990 5059 9991 5851 9991 6034 9991 5059 9992 6034 9992 5232 9992 5850 9993 5867 9993 6033 9993 6033 9994 5867 9994 6035 9994 5862 9995 6036 9995 5863 9995 5863 9996 6036 9996 6035 9996 5863 9997 6035 9997 5865 9997 5865 9998 6035 9998 5867 9998 5856 9999 5880 9999 5857 9999 5857 10000 5880 10000 6036 10000 5857 10001 6036 10001 5861 10001 5861 10002 6036 10002 5862 10002 6037 10003 6038 10003 6039 10003 6040 10004 6041 10004 6042 10004 6043 10005 6044 10005 6039 10005 6039 10006 6044 10006 6045 10006 6039 10007 6045 10007 6037 10007 6046 10008 6047 10008 6048 10008 6048 10009 6047 10009 6049 10009 6048 10010 6049 10010 6050 10010 6039 10011 6051 10011 6043 10011 6043 10012 6051 10012 6052 10012 6043 10013 6052 10013 6047 10013 6047 10014 6052 10014 6053 10014 6047 10015 6053 10015 6049 10015 6054 10016 6055 10016 6056 10016 6042 10017 6057 10017 6040 10017 6040 10018 6057 10018 6058 10018 6040 10019 6058 10019 6059 10019 6059 10020 6058 10020 6047 10020 6059 10021 6047 10021 6060 10021 6060 10022 6047 10022 6046 10022 6049 10023 6061 10023 6050 10023 6050 10024 6061 10024 6054 10024 6050 10025 6054 10025 6062 10025 6062 10026 6054 10026 6056 10026 6063 10027 6064 10027 6065 10027 6063 10028 6065 10028 6066 10028 6066 10029 6065 10029 6067 10029 6066 10030 6067 10030 6068 10030 6068 10031 6067 10031 6069 10031 6068 10032 6069 10032 6070 10032 6064 10033 6063 10033 6071 10033 6071 10034 6063 10034 6072 10034 6073 10035 6074 10035 6075 10035 6075 10036 6074 10036 6076 10036 6073 10037 6077 10037 6074 10037 6074 10038 6077 10038 6078 10038 6077 10039 6079 10039 6078 10039 6078 10040 6079 10040 6080 10040 6078 10041 6080 10041 6081 10041 6080 10042 6082 10042 6081 10042 6081 10043 6082 10043 6083 10043 6081 10044 6083 10044 6084 10044 6083 10045 6085 10045 6084 10045 6084 10046 6085 10046 6086 10046 6084 10047 6086 10047 6087 10047 6071 10048 6072 10048 6088 10048 6088 10049 6072 10049 6087 10049 6088 10050 6087 10050 6089 10050 6089 10051 6087 10051 6086 10051 6073 10052 6090 10052 6091 10052 6090 10053 6092 10053 6093 10053 6092 10054 6094 10054 6095 10054 6092 10055 6095 10055 6093 10055 6093 10056 6095 10056 6096 10056 6093 10057 6096 10057 6097 10057 6097 10058 6096 10058 6098 10058 6097 10059 6098 10059 6099 10059 6099 10060 6098 10060 6100 10060 6099 10061 6100 10061 6101 10061 6101 10062 6100 10062 6102 10062 6101 10063 6102 10063 6103 10063 6103 10064 6102 10064 6104 10064 6103 10065 6104 10065 6105 10065 6105 10066 6104 10066 6106 10066 6105 10067 6106 10067 6107 10067 6107 10068 6106 10068 6108 10068 6107 10069 6108 10069 6109 10069 6109 10070 6108 10070 6110 10070 6109 10071 6110 10071 6111 10071 6110 10072 6112 10072 6111 10072 6111 10073 6112 10073 6113 10073 6111 10074 6113 10074 6114 10074 6090 10075 6093 10075 6091 10075 6091 10076 6093 10076 6097 10076 6091 10077 6097 10077 6115 10077 6115 10078 6097 10078 6099 10078 6115 10079 6099 10079 6116 10079 6116 10080 6099 10080 6101 10080 6116 10081 6101 10081 6117 10081 6117 10082 6101 10082 6103 10082 6117 10083 6103 10083 6118 10083 6118 10084 6103 10084 6105 10084 6118 10085 6105 10085 6119 10085 6119 10086 6105 10086 6107 10086 6119 10087 6107 10087 6120 10087 6120 10088 6107 10088 6109 10088 6120 10089 6109 10089 6121 10089 6121 10090 6109 10090 6111 10090 6121 10091 6111 10091 6122 10091 6122 10092 6111 10092 6114 10092 6122 10093 6114 10093 6123 10093 6073 10094 6091 10094 6077 10094 6077 10095 6091 10095 6115 10095 6077 10096 6115 10096 6079 10096 6079 10097 6115 10097 6116 10097 6079 10098 6116 10098 6080 10098 6080 10099 6116 10099 6117 10099 6080 10100 6117 10100 6082 10100 6082 10101 6117 10101 6118 10101 6082 10102 6118 10102 6083 10102 6083 10103 6118 10103 6119 10103 6083 10104 6119 10104 6085 10104 6085 10105 6119 10105 6120 10105 6085 10106 6120 10106 6086 10106 6086 10107 6120 10107 6121 10107 6086 10108 6121 10108 6089 10108 6089 10109 6121 10109 6122 10109 6089 10110 6122 10110 6088 10110 6088 10111 6122 10111 6123 10111 6088 10112 6123 10112 6071 10112 6112 10113 6124 10113 6125 10113 6112 10114 6125 10114 6113 10114 6113 10115 6125 10115 6126 10115 6113 10116 6126 10116 6114 10116 6114 10117 6126 10117 6127 10117 6114 10118 6127 10118 6123 10118 6123 10119 6127 10119 6064 10119 6123 10120 6064 10120 6071 10120 6124 10121 6128 10121 6129 10121 6124 10122 6129 10122 6130 10122 6130 10123 6129 10123 6131 10123 6130 10124 6131 10124 6132 10124 6132 10125 6131 10125 6133 10125 6132 10126 6133 10126 6069 10126 6128 10127 6134 10127 6135 10127 6128 10128 6135 10128 6136 10128 6136 10129 6135 10129 6137 10129 6136 10130 6137 10130 6138 10130 6138 10131 6137 10131 6139 10131 6138 10132 6139 10132 6140 10132 6139 10133 6137 10133 6141 10133 6137 10134 6135 10134 6142 10134 6135 10135 6134 10135 6143 10135 6135 10136 6143 10136 6142 10136 6142 10137 6143 10137 6144 10137 6142 10138 6144 10138 6145 10138 6145 10139 6144 10139 6146 10139 6145 10140 6146 10140 6147 10140 6147 10141 6146 10141 6148 10141 6147 10142 6148 10142 6149 10142 6149 10143 6148 10143 6150 10143 6149 10144 6150 10144 6151 10144 6151 10145 6150 10145 6152 10145 6151 10146 6152 10146 6153 10146 6153 10147 6152 10147 6154 10147 6153 10148 6154 10148 6155 10148 6155 10149 6154 10149 6156 10149 6155 10150 6156 10150 6157 10150 6157 10151 6156 10151 6158 10151 6157 10152 6158 10152 6159 10152 6159 10153 6158 10153 6160 10153 6159 10154 6160 10154 6161 10154 6137 10155 6142 10155 6141 10155 6141 10156 6142 10156 6145 10156 6141 10157 6145 10157 6162 10157 6162 10158 6145 10158 6147 10158 6162 10159 6147 10159 6163 10159 6163 10160 6147 10160 6149 10160 6163 10161 6149 10161 6164 10161 6164 10162 6149 10162 6151 10162 6164 10163 6151 10163 6165 10163 6165 10164 6151 10164 6153 10164 6165 10165 6153 10165 6166 10165 6166 10166 6153 10166 6155 10166 6166 10167 6155 10167 6167 10167 6167 10168 6155 10168 6157 10168 6167 10169 6157 10169 6168 10169 6168 10170 6157 10170 6159 10170 6168 10171 6159 10171 6169 10171 6169 10172 6159 10172 6161 10172 6169 10173 6161 10173 6170 10173 6139 10174 6141 10174 6171 10174 6171 10175 6141 10175 6162 10175 6171 10176 6162 10176 6172 10176 6172 10177 6162 10177 6163 10177 6172 10178 6163 10178 6173 10178 6173 10179 6163 10179 6164 10179 6173 10180 6164 10180 6174 10180 6174 10181 6164 10181 6165 10181 6174 10182 6165 10182 6175 10182 6175 10183 6165 10183 6166 10183 6175 10184 6166 10184 6176 10184 6176 10185 6166 10185 6167 10185 6176 10186 6167 10186 6177 10186 6177 10187 6167 10187 6168 10187 6177 10188 6168 10188 6178 10188 6178 10189 6168 10189 6169 10189 6178 10190 6169 10190 6179 10190 6179 10191 6169 10191 6170 10191 6179 10192 6170 10192 6180 10192 6181 10193 6182 10193 6183 10193 6181 10194 6183 10194 6184 10194 6184 10195 6183 10195 6185 10195 6184 10196 6185 10196 6186 10196 6186 10197 6185 10197 6187 10197 6186 10198 6187 10198 6188 10198 6182 10199 6181 10199 6180 10199 6180 10200 6181 10200 6189 10200 6160 10201 6190 10201 6191 10201 6160 10202 6191 10202 6161 10202 6161 10203 6191 10203 6192 10203 6161 10204 6192 10204 6170 10204 6170 10205 6192 10205 6182 10205 6170 10206 6182 10206 6180 10206 6190 10207 6193 10207 6194 10207 6190 10208 6194 10208 6195 10208 6195 10209 6194 10209 6196 10209 6195 10210 6196 10210 6197 10210 6197 10211 6196 10211 6198 10211 6197 10212 6198 10212 6187 10212 6193 10213 6190 10213 6160 10213 6096 10214 6095 10214 6199 10214 6199 10215 6095 10215 6094 10215 6199 10216 6094 10216 6200 10216 6152 10217 6150 10217 6199 10217 6150 10218 6148 10218 6199 10218 6199 10219 6148 10219 6146 10219 6199 10220 6146 10220 6144 10220 6160 10221 6158 10221 6193 10221 6193 10222 6158 10222 6156 10222 6193 10223 6156 10223 6199 10223 6199 10224 6156 10224 6154 10224 6199 10225 6154 10225 6152 10225 6104 10226 6102 10226 6144 10226 6144 10227 6102 10227 6100 10227 6144 10228 6100 10228 6199 10228 6199 10229 6100 10229 6098 10229 6199 10230 6098 10230 6096 10230 6134 10231 6128 10231 6124 10231 6124 10232 6112 10232 6134 10232 6134 10233 6112 10233 6110 10233 6134 10234 6110 10234 6143 10234 6143 10235 6110 10235 6108 10235 6143 10236 6108 10236 6144 10236 6144 10237 6108 10237 6106 10237 6144 10238 6106 10238 6104 10238 6199 10239 6200 10239 6201 10239 6199 10240 6201 10240 6202 10240 6202 10241 6201 10241 6203 10241 6202 10242 6203 10242 6204 10242 6204 10243 6203 10243 6205 10243 6204 10244 6205 10244 6206 10244 6206 10245 6205 10245 6207 10245 6206 10246 6207 10246 6208 10246 6209 10247 6210 10247 6211 10247 6075 10248 6212 10248 6211 10248 6209 10249 6211 10249 6213 10249 6213 10250 6211 10250 6212 10250 6213 10251 6212 10251 6214 10251 6201 10252 6200 10252 6209 10252 6209 10253 6200 10253 6215 10253 6209 10254 6215 10254 6210 10254 6201 10255 6209 10255 6203 10255 6203 10256 6209 10256 6213 10256 6203 10257 6213 10257 6205 10257 6205 10258 6213 10258 6214 10258 6205 10259 6214 10259 6207 10259 6210 10260 6075 10260 6211 10260 6215 10261 6216 10261 6210 10261 6210 10262 6216 10262 6075 10262 6217 10263 6207 10263 6214 10263 6217 10264 6214 10264 6218 10264 6218 10265 6214 10265 6212 10265 6218 10266 6212 10266 6219 10266 6219 10267 6212 10267 6075 10267 6219 10268 6075 10268 6076 10268 6217 10269 6220 10269 5883 10269 5315 10270 6221 10270 6208 10270 5883 10271 5884 10271 6217 10271 6217 10272 5884 10272 5315 10272 6217 10273 5315 10273 6207 10273 6207 10274 5315 10274 6208 10274 6222 10275 6223 10275 6224 10275 6224 10276 6223 10276 6225 10276 6224 10277 6225 10277 6226 10277 6226 10278 6225 10278 6227 10278 6226 10279 6227 10279 6228 10279 6228 10280 6227 10280 6229 10280 6228 10281 6229 10281 6230 10281 6230 10282 6229 10282 6231 10282 6230 10283 6231 10283 6232 10283 6232 10284 6231 10284 6233 10284 6232 10285 6233 10285 6234 10285 6234 10286 6233 10286 6235 10286 6234 10287 6235 10287 6236 10287 6236 10288 6235 10288 6237 10288 6236 10289 6237 10289 6238 10289 6238 10290 6237 10290 6239 10290 6238 10291 6239 10291 6240 10291 6240 10292 6239 10292 6241 10292 6240 10293 6241 10293 6242 10293 6242 10294 6241 10294 6243 10294 6242 10295 6243 10295 6244 10295 6244 10296 6243 10296 6245 10296 6244 10297 6245 10297 6246 10297 6246 10298 6245 10298 6247 10298 6246 10299 6247 10299 6248 10299 6248 10300 6247 10300 6249 10300 6248 10301 6249 10301 6222 10301 6222 10302 6249 10302 6223 10302 6220 10303 6217 10303 6218 10303 6076 10304 6074 10304 6078 10304 6070 10305 6250 10305 6068 10305 6068 10306 6250 10306 6066 10306 6078 10307 6081 10307 6076 10307 6076 10308 6081 10308 6084 10308 6076 10309 6084 10309 6087 10309 6087 10310 6249 10310 6247 10310 6247 10311 6245 10311 6087 10311 6087 10312 6245 10312 6219 10312 6087 10313 6219 10313 6076 10313 6249 10314 6087 10314 6223 10314 6223 10315 6087 10315 6072 10315 6223 10316 6072 10316 6225 10316 6225 10317 6072 10317 6063 10317 6225 10318 6063 10318 6227 10318 6227 10319 6063 10319 6066 10319 6227 10320 6066 10320 6229 10320 6229 10321 6066 10321 6250 10321 6229 10322 6250 10322 6231 10322 6231 10323 6250 10323 6251 10323 6231 10324 6251 10324 6233 10324 6251 10325 6252 10325 6233 10325 6233 10326 6252 10326 6253 10326 6233 10327 6253 10327 6235 10327 6235 10328 6253 10328 6254 10328 6235 10329 6254 10329 6237 10329 6237 10330 6254 10330 6220 10330 6237 10331 6220 10331 6239 10331 6239 10332 6220 10332 6218 10332 6239 10333 6218 10333 6241 10333 6241 10334 6218 10334 6219 10334 6241 10335 6219 10335 6243 10335 6243 10336 6219 10336 6245 10336 5883 10337 6220 10337 6254 10337 5883 10338 6254 10338 6255 10338 6255 10339 6254 10339 6253 10339 6255 10340 6253 10340 6256 10340 6256 10341 6253 10341 6252 10341 6256 10342 6252 10342 6257 10342 6257 10343 6252 10343 6251 10343 6257 10344 6251 10344 6258 10344 6258 10345 6251 10345 6250 10345 6258 10346 6250 10346 5879 10346 5363 10347 5364 10347 6259 10347 6259 10348 5364 10348 6260 10348 6259 10349 6260 10349 6261 10349 6261 10350 6260 10350 6262 10350 6261 10351 6262 10351 6263 10351 6263 10352 6262 10352 6264 10352 6263 10353 6264 10353 6265 10353 6265 10354 6264 10354 6266 10354 6265 10355 6266 10355 6267 10355 6267 10356 6266 10356 6268 10356 6267 10357 6268 10357 6269 10357 6269 10358 6268 10358 6270 10358 6269 10359 6270 10359 6271 10359 6271 10360 6270 10360 6272 10360 6271 10361 6272 10361 6273 10361 6273 10362 6272 10362 6274 10362 6273 10363 6274 10363 5351 10363 5351 10364 6274 10364 5352 10364 6275 10365 6276 10365 6277 10365 6277 10366 6276 10366 6278 10366 5409 10367 5416 10367 6279 10367 5409 10368 6279 10368 6280 10368 6280 10369 6279 10369 6281 10369 6280 10370 6281 10370 6282 10370 6282 10371 6281 10371 6283 10371 6282 10372 6283 10372 6284 10372 6284 10373 6283 10373 6285 10373 6284 10374 6285 10374 6286 10374 6286 10375 6285 10375 6287 10375 6286 10376 6287 10376 6288 10376 6288 10377 6287 10377 6289 10377 6288 10378 6289 10378 6290 10378 6290 10379 6289 10379 6291 10379 6290 10380 6291 10380 6292 10380 6292 10381 6291 10381 6293 10381 6292 10382 6293 10382 6294 10382 6294 10383 6293 10383 6278 10383 6294 10384 6278 10384 6276 10384 5379 10385 5380 10385 6295 10385 6295 10386 5380 10386 6296 10386 6295 10387 6296 10387 6297 10387 6297 10388 6296 10388 6298 10388 6297 10389 6298 10389 6299 10389 6299 10390 6298 10390 6300 10390 6299 10391 6300 10391 6301 10391 6301 10392 6300 10392 6302 10392 6301 10393 6302 10393 6303 10393 6303 10394 6302 10394 6304 10394 6303 10395 6304 10395 6305 10395 6305 10396 6304 10396 6306 10396 6305 10397 6306 10397 6307 10397 6307 10398 6306 10398 6308 10398 6307 10399 6308 10399 6309 10399 6309 10400 6308 10400 6310 10400 6309 10401 6310 10401 5365 10401 5365 10402 6310 10402 5366 10402 6306 10403 6292 10403 6308 10403 6308 10404 6292 10404 6294 10404 6308 10405 6294 10405 6310 10405 6310 10406 6294 10406 6276 10406 6264 10407 6262 10407 6311 10407 6311 10408 6262 10408 6275 10408 6262 10409 6260 10409 6275 10409 6275 10410 6260 10410 5364 10410 6275 10411 5364 10411 6276 10411 6276 10412 5364 10412 5366 10412 6276 10413 5366 10413 6310 10413 5380 10414 5409 10414 6296 10414 6296 10415 5409 10415 6280 10415 6296 10416 6280 10416 6298 10416 6298 10417 6280 10417 6282 10417 6298 10418 6282 10418 6300 10418 6300 10419 6282 10419 6284 10419 6300 10420 6284 10420 6302 10420 6302 10421 6284 10421 6286 10421 6302 10422 6286 10422 6304 10422 6304 10423 6286 10423 6288 10423 6304 10424 6288 10424 6306 10424 6306 10425 6288 10425 6290 10425 6306 10426 6290 10426 6292 10426 6311 10427 6312 10427 6264 10427 6264 10428 6312 10428 6313 10428 6264 10429 6313 10429 6266 10429 6266 10430 6313 10430 6314 10430 6266 10431 6314 10431 6268 10431 6268 10432 6314 10432 6315 10432 6268 10433 6315 10433 6270 10433 6270 10434 6315 10434 6316 10434 6270 10435 6316 10435 6272 10435 6272 10436 6316 10436 6317 10436 6272 10437 6317 10437 6274 10437 6274 10438 6317 10438 6318 10438 6274 10439 6318 10439 5352 10439 5352 10440 6318 10440 5381 10440 6275 10441 6277 10441 6319 10441 6275 10442 6319 10442 6311 10442 6311 10443 6319 10443 6320 10443 6311 10444 6320 10444 6312 10444 6312 10445 6320 10445 6321 10445 6312 10446 6321 10446 6313 10446 6313 10447 6321 10447 6322 10447 6313 10448 6322 10448 6314 10448 6314 10449 6322 10449 6323 10449 6314 10450 6323 10450 6315 10450 6315 10451 6323 10451 6324 10451 6315 10452 6324 10452 6316 10452 6316 10453 6324 10453 6325 10453 6316 10454 6325 10454 6317 10454 6317 10455 6325 10455 6326 10455 6317 10456 6326 10456 6318 10456 6318 10457 6326 10457 5382 10457 6318 10458 5382 10458 5381 10458 5880 10459 6327 10459 6328 10459 5880 10460 6328 10460 6329 10460 6329 10461 6328 10461 6330 10461 6329 10462 6330 10462 6331 10462 6331 10463 6330 10463 6332 10463 6331 10464 6332 10464 6333 10464 6333 10465 6332 10465 6334 10465 6333 10466 6334 10466 6335 10466 6335 10467 6334 10467 6336 10467 6335 10468 6336 10468 6033 10468 5880 10469 5382 10469 6326 10469 6070 10470 6283 10470 6250 10470 6250 10471 6283 10471 6281 10471 6250 10472 6281 10472 5879 10472 5879 10473 6281 10473 6279 10473 5879 10474 6279 10474 5416 10474 6069 10475 6287 10475 6070 10475 6070 10476 6287 10476 6285 10476 6070 10477 6285 10477 6283 10477 5880 10478 6326 10478 6327 10478 6327 10479 6326 10479 6325 10479 6327 10480 6325 10480 6337 10480 6325 10481 6324 10481 6337 10481 6337 10482 6324 10482 6323 10482 6337 10483 6323 10483 6133 10483 6133 10484 6323 10484 6322 10484 6133 10485 6322 10485 6069 10485 6069 10486 6322 10486 6321 10486 6069 10487 6321 10487 6320 10487 6277 10488 6278 10488 6319 10488 6319 10489 6278 10489 6293 10489 6319 10490 6293 10490 6320 10490 6320 10491 6293 10491 6291 10491 6320 10492 6291 10492 6069 10492 6069 10493 6291 10493 6289 10493 6069 10494 6289 10494 6287 10494 6337 10495 6133 10495 6338 10495 6337 10496 6338 10496 6339 10496 6339 10497 6338 10497 6340 10497 6339 10498 6340 10498 6341 10498 6341 10499 6340 10499 6342 10499 6341 10500 6342 10500 6343 10500 6343 10501 6342 10501 6140 10501 6343 10502 6140 10502 6344 10502 6139 10503 6345 10503 6140 10503 6140 10504 6345 10504 6344 10504 6139 10505 6171 10505 6345 10505 6345 10506 6171 10506 6346 10506 6171 10507 6172 10507 6346 10507 6346 10508 6172 10508 6173 10508 6346 10509 6173 10509 6347 10509 6173 10510 6174 10510 6347 10510 6347 10511 6174 10511 6175 10511 6347 10512 6175 10512 6348 10512 6175 10513 6176 10513 6348 10513 6348 10514 6176 10514 6177 10514 6348 10515 6177 10515 6349 10515 6180 10516 6189 10516 6179 10516 6179 10517 6189 10517 6349 10517 6179 10518 6349 10518 6178 10518 6178 10519 6349 10519 6177 10519 6350 10520 6351 10520 6352 10520 6352 10521 6351 10521 6353 10521 6352 10522 6353 10522 6354 10522 6354 10523 6353 10523 6355 10523 6354 10524 6355 10524 6356 10524 6356 10525 6355 10525 6357 10525 6356 10526 6357 10526 6358 10526 6358 10527 6357 10527 6359 10527 6358 10528 6359 10528 6360 10528 6360 10529 6359 10529 6361 10529 6360 10530 6361 10530 6362 10530 6362 10531 6361 10531 6363 10531 6362 10532 6363 10532 6364 10532 6364 10533 6363 10533 6365 10533 6364 10534 6365 10534 6366 10534 6366 10535 6365 10535 6367 10535 6366 10536 6367 10536 6368 10536 6368 10537 6367 10537 6369 10537 6368 10538 6369 10538 6370 10538 6370 10539 6369 10539 6371 10539 6370 10540 6371 10540 6372 10540 6372 10541 6371 10541 6373 10541 6372 10542 6373 10542 6374 10542 6374 10543 6373 10543 6375 10543 6374 10544 6375 10544 6376 10544 6376 10545 6375 10545 6377 10545 6376 10546 6377 10546 6350 10546 6350 10547 6377 10547 6351 10547 6188 10548 6336 10548 6186 10548 6186 10549 6336 10549 6184 10549 6337 10550 6339 10550 6327 10550 6327 10551 6339 10551 6341 10551 6353 10552 6332 10552 6355 10552 6355 10553 6332 10553 6330 10553 6355 10554 6330 10554 6357 10554 6357 10555 6330 10555 6328 10555 6357 10556 6328 10556 6359 10556 6328 10557 6327 10557 6359 10557 6359 10558 6327 10558 6341 10558 6359 10559 6341 10559 6361 10559 6361 10560 6341 10560 6343 10560 6361 10561 6343 10561 6363 10561 6363 10562 6343 10562 6344 10562 6363 10563 6344 10563 6365 10563 6365 10564 6344 10564 6345 10564 6365 10565 6345 10565 6367 10565 6345 10566 6346 10566 6367 10566 6367 10567 6346 10567 6347 10567 6367 10568 6347 10568 6369 10568 6369 10569 6347 10569 6348 10569 6369 10570 6348 10570 6371 10570 6371 10571 6348 10571 6349 10571 6371 10572 6349 10572 6373 10572 6373 10573 6349 10573 6189 10573 6373 10574 6189 10574 6375 10574 6375 10575 6189 10575 6181 10575 6375 10576 6181 10576 6377 10576 6377 10577 6181 10577 6184 10577 6377 10578 6184 10578 6351 10578 6351 10579 6184 10579 6336 10579 6351 10580 6336 10580 6353 10580 6353 10581 6336 10581 6334 10581 6353 10582 6334 10582 6332 10582 6033 10583 6336 10583 6034 10583 6034 10584 6336 10584 6188 10584 6034 10585 6188 10585 5232 10585 5232 10586 6188 10586 6187 10586 5232 10587 6187 10587 6378 10587 6378 10588 6187 10588 6198 10588 6379 10589 6378 10589 6380 10589 6380 10590 6378 10590 6198 10590 6380 10591 6198 10591 6196 10591 6221 10592 6381 10592 6208 10592 6208 10593 6381 10593 6382 10593 6208 10594 6382 10594 6206 10594 6206 10595 6382 10595 6204 10595 6202 10596 6204 10596 6199 10596 6199 10597 6204 10597 6382 10597 6199 10598 6382 10598 6193 10598 6193 10599 6382 10599 6380 10599 6193 10600 6380 10600 6194 10600 6194 10601 6380 10601 6196 10601 6383 10602 6384 10602 6385 10602 6385 10603 6384 10603 6386 10603 6385 10604 6386 10604 6387 10604 6387 10605 6386 10605 6388 10605 6387 10606 6388 10606 6389 10606 6389 10607 6388 10607 6390 10607 6389 10608 6390 10608 6391 10608 6391 10609 6390 10609 6392 10609 6391 10610 6392 10610 6393 10610 6393 10611 6392 10611 6394 10611 6393 10612 6394 10612 6395 10612 6395 10613 6394 10613 6396 10613 6395 10614 6396 10614 6397 10614 6397 10615 6396 10615 6398 10615 6397 10616 6398 10616 6399 10616 6399 10617 6398 10617 6400 10617 6399 10618 6400 10618 6401 10618 6401 10619 6400 10619 6402 10619 6401 10620 6402 10620 6403 10620 6403 10621 6402 10621 6404 10621 6403 10622 6404 10622 6405 10622 6405 10623 6404 10623 6406 10623 6405 10624 6406 10624 6383 10624 6383 10625 6406 10625 6384 10625 6407 10626 6408 10626 6409 10626 6404 10627 6410 10627 6406 10627 6406 10628 6410 10628 6411 10628 6406 10629 6411 10629 6384 10629 6384 10630 6411 10630 6412 10630 6384 10631 6412 10631 6386 10631 6413 10632 6400 10632 6414 10632 6414 10633 6400 10633 6398 10633 6414 10634 6398 10634 6396 10634 6413 10635 6415 10635 6400 10635 6400 10636 6415 10636 6416 10636 6400 10637 6416 10637 6402 10637 6402 10638 6416 10638 6417 10638 6402 10639 6417 10639 6404 10639 6404 10640 6417 10640 6418 10640 6404 10641 6418 10641 6410 10641 6419 10642 6414 10642 6420 10642 6420 10643 6414 10643 6396 10643 6420 10644 6396 10644 6421 10644 6421 10645 6396 10645 6394 10645 6421 10646 6394 10646 6422 10646 6422 10647 6394 10647 6392 10647 6422 10648 6392 10648 6409 10648 6409 10649 6392 10649 6390 10649 6409 10650 6390 10650 6407 10650 6407 10651 6390 10651 6388 10651 6407 10652 6388 10652 6423 10652 6423 10653 6388 10653 6386 10653 6423 10654 6386 10654 6424 10654 6424 10655 6386 10655 6412 10655 6425 10656 6420 10656 6426 10656 6426 10657 6420 10657 6421 10657 6426 10658 6421 10658 6427 10658 6427 10659 6421 10659 6428 10659 6428 10660 6421 10660 6422 10660 6428 10661 6422 10661 6429 10661 6429 10662 6422 10662 6430 10662 6430 10663 6422 10663 6409 10663 6430 10664 6409 10664 6431 10664 6432 10665 6433 10665 6434 10665 6434 10666 6433 10666 6435 10666 6434 10667 6435 10667 6436 10667 6436 10668 6435 10668 6437 10668 6436 10669 6437 10669 6438 10669 6438 10670 6437 10670 6439 10670 6438 10671 6439 10671 6440 10671 6440 10672 6439 10672 6441 10672 6440 10673 6441 10673 6442 10673 6442 10674 6441 10674 6443 10674 6442 10675 6443 10675 6444 10675 6444 10676 6443 10676 6445 10676 6444 10677 6445 10677 6446 10677 6446 10678 6445 10678 6447 10678 6446 10679 6447 10679 6448 10679 6448 10680 6447 10680 6449 10680 6448 10681 6449 10681 6450 10681 6450 10682 6449 10682 6451 10682 6450 10683 6451 10683 6452 10683 6452 10684 6451 10684 6453 10684 6452 10685 6453 10685 6454 10685 6454 10686 6453 10686 6455 10686 6454 10687 6455 10687 6432 10687 6432 10688 6455 10688 6433 10688 6447 10689 6445 10689 6456 10689 6456 10690 6445 10690 6443 10690 6457 10691 6455 10691 6458 10691 6458 10692 6455 10692 6453 10692 6458 10693 6453 10693 6451 10693 6459 10694 6456 10694 6460 10694 6460 10695 6456 10695 6443 10695 6460 10696 6443 10696 6461 10696 6461 10697 6443 10697 6441 10697 6457 10698 6462 10698 6455 10698 6455 10699 6462 10699 6463 10699 6455 10700 6463 10700 6433 10700 6433 10701 6463 10701 6464 10701 6433 10702 6464 10702 6435 10702 6465 10703 6458 10703 6466 10703 6466 10704 6458 10704 6451 10704 6466 10705 6451 10705 6467 10705 6467 10706 6451 10706 6449 10706 6467 10707 6449 10707 6468 10707 6468 10708 6449 10708 6447 10708 6468 10709 6447 10709 6469 10709 6469 10710 6447 10710 6456 10710 6464 10711 6470 10711 6435 10711 6435 10712 6470 10712 6471 10712 6435 10713 6471 10713 6437 10713 6437 10714 6471 10714 6472 10714 6437 10715 6472 10715 6439 10715 6439 10716 6472 10716 6473 10716 6439 10717 6473 10717 6441 10717 6441 10718 6473 10718 6474 10718 6441 10719 6474 10719 6461 10719 6475 10720 6466 10720 6467 10720 6475 10721 6467 10721 6476 10721 6476 10722 6467 10722 6468 10722 6476 10723 6468 10723 6477 10723 6477 10724 6468 10724 6469 10724 6477 10725 6469 10725 6478 10725 6478 10726 6469 10726 6456 10726 6478 10727 6456 10727 6479 10727 6480 10728 6481 10728 6482 10728 6482 10729 6481 10729 6483 10729 6482 10730 6483 10730 6484 10730 6484 10731 6483 10731 6485 10731 6484 10732 6485 10732 6486 10732 6486 10733 6485 10733 6487 10733 6486 10734 6487 10734 6488 10734 6488 10735 6487 10735 6489 10735 6488 10736 6489 10736 6490 10736 6490 10737 6489 10737 6491 10737 6490 10738 6491 10738 6492 10738 6492 10739 6491 10739 6493 10739 6492 10740 6493 10740 6494 10740 6494 10741 6493 10741 6495 10741 6494 10742 6495 10742 6496 10742 6496 10743 6495 10743 6497 10743 6496 10744 6497 10744 6498 10744 6498 10745 6497 10745 6499 10745 6498 10746 6499 10746 6500 10746 6500 10747 6499 10747 6501 10747 6500 10748 6501 10748 6502 10748 6502 10749 6501 10749 6503 10749 6502 10750 6503 10750 6480 10750 6480 10751 6503 10751 6481 10751 6481 10752 6504 10752 6483 10752 6483 10753 6504 10753 6505 10753 6483 10754 6505 10754 6485 10754 6506 10755 6504 10755 6507 10755 6507 10756 6504 10756 6481 10756 6507 10757 6481 10757 6508 10757 6508 10758 6481 10758 6503 10758 6508 10759 6503 10759 6509 10759 6509 10760 6503 10760 6501 10760 6509 10761 6501 10761 6510 10761 6510 10762 6501 10762 6511 10762 6511 10763 6501 10763 6499 10763 6511 10764 6499 10764 6497 10764 6512 10765 6513 10765 6495 10765 6495 10766 6513 10766 6497 10766 6514 10767 6511 10767 6515 10767 6515 10768 6511 10768 6497 10768 6515 10769 6497 10769 6516 10769 6516 10770 6497 10770 6513 10770 6505 10771 6517 10771 6485 10771 6485 10772 6517 10772 6518 10772 6485 10773 6518 10773 6487 10773 6487 10774 6518 10774 6519 10774 6487 10775 6519 10775 6489 10775 6489 10776 6519 10776 6520 10776 6489 10777 6520 10777 6491 10777 6491 10778 6520 10778 6521 10778 6491 10779 6521 10779 6493 10779 6493 10780 6521 10780 6495 10780 6495 10781 6521 10781 6522 10781 6495 10782 6522 10782 6512 10782 6511 10783 6523 10783 6524 10783 6511 10784 6524 10784 6510 10784 6510 10785 6524 10785 6525 10785 6510 10786 6525 10786 6509 10786 6509 10787 6525 10787 6526 10787 6509 10788 6526 10788 6508 10788 6508 10789 6526 10789 6527 10789 6508 10790 6527 10790 6507 10790 6528 10791 6529 10791 6530 10791 6528 10792 6530 10792 6531 10792 6531 10793 6530 10793 6532 10793 6531 10794 6532 10794 6533 10794 6533 10795 6532 10795 6534 10795 6533 10796 6534 10796 6535 10796 6535 10797 6534 10797 6536 10797 6535 10798 6536 10798 6537 10798 6538 10799 6539 10799 6537 10799 6537 10800 6539 10800 6540 10800 6533 10801 6535 10801 6531 10801 6531 10802 6535 10802 6537 10802 6531 10803 6537 10803 6528 10803 6528 10804 6537 10804 6540 10804 6541 10805 6542 10805 6543 10805 6544 10806 6545 10806 6546 10806 6547 10807 6548 10807 6549 10807 6550 10808 6551 10808 6552 10808 6551 10809 6550 10809 6553 10809 6553 10810 6550 10810 6554 10810 6553 10811 6554 10811 6555 10811 6555 10812 6554 10812 6556 10812 6555 10813 6556 10813 6557 10813 6548 10814 6558 10814 6549 10814 6549 10815 6558 10815 6559 10815 6549 10816 6559 10816 6557 10816 6560 10817 6547 10817 6561 10817 6561 10818 6547 10818 6549 10818 6561 10819 6549 10819 6562 10819 6562 10820 6549 10820 6563 10820 6564 10821 6565 10821 6566 10821 6566 10822 6565 10822 6567 10822 6566 10823 6567 10823 6568 10823 6569 10824 6570 10824 6571 10824 6571 10825 6570 10825 6544 10825 6572 10826 6573 10826 6571 10826 6571 10827 6573 10827 6574 10827 6571 10828 6574 10828 6569 10828 6575 10829 6576 10829 6577 10829 6576 10830 6578 10830 6577 10830 6577 10831 6578 10831 6579 10831 6577 10832 6579 10832 6580 10832 6580 10833 6579 10833 6581 10833 6577 10834 6582 10834 6583 10834 6575 10835 6577 10835 6584 10835 6584 10836 6577 10836 6583 10836 6584 10837 6583 10837 6585 10837 6586 10838 6587 10838 6588 10838 6588 10839 6587 10839 6589 10839 6589 10840 6587 10840 6590 10840 6589 10841 6590 10841 6591 10841 6592 10842 6593 10842 6594 10842 6594 10843 6593 10843 6595 10843 6594 10844 6595 10844 6543 10844 6543 10845 6595 10845 6596 10845 6543 10846 6596 10846 6541 10846 6597 10847 6598 10847 6594 10847 6594 10848 6598 10848 6599 10848 6594 10849 6599 10849 6592 10849 6544 10850 6546 10850 6571 10850 6571 10851 6546 10851 6600 10851 6571 10852 6600 10852 6601 10852 6557 10853 6556 10853 6549 10853 6549 10854 6556 10854 6568 10854 6549 10855 6568 10855 6563 10855 6563 10856 6568 10856 6567 10856 6563 10857 6567 10857 6562 10857 6591 10858 6590 10858 6542 10858 6542 10859 6590 10859 6602 10859 6542 10860 6602 10860 6543 10860 6543 10861 6602 10861 6603 10861 6543 10862 6603 10862 6594 10862 6604 10863 6572 10863 6605 10863 6605 10864 6572 10864 6571 10864 6605 10865 6571 10865 6606 10865 6606 10866 6571 10866 6601 10866 6606 10867 6601 10867 6607 10867 6607 10868 6601 10868 6600 10868 6607 10869 6600 10869 6608 10869 6608 10870 6600 10870 6609 10870 6608 10871 6609 10871 6581 10871 6581 10872 6609 10872 6610 10872 6581 10873 6610 10873 6580 10873 6580 10874 6610 10874 6586 10874 6580 10875 6586 10875 6577 10875 6577 10876 6586 10876 6588 10876 6577 10877 6588 10877 6582 10877 6611 10878 6612 10878 6566 10878 6566 10879 6612 10879 6545 10879 6566 10880 6545 10880 6564 10880 6564 10881 6545 10881 6544 10881 6611 10882 6566 10882 6613 10882 6613 10883 6566 10883 6568 10883 6613 10884 6568 10884 6614 10884 6614 10885 6568 10885 6556 10885 6614 10886 6556 10886 6615 10886 6615 10887 6556 10887 6554 10887 6615 10888 6554 10888 6616 10888 6616 10889 6554 10889 6617 10889 6617 10890 6554 10890 6550 10890 6617 10891 6550 10891 6618 10891 6597 10892 6594 10892 6552 10892 6552 10893 6594 10893 6603 10893 6552 10894 6603 10894 6550 10894 6550 10895 6603 10895 6619 10895 6550 10896 6619 10896 6618 10896 6612 10897 6620 10897 6545 10897 6545 10898 6620 10898 6621 10898 6545 10899 6621 10899 6546 10899 6546 10900 6621 10900 6622 10900 6546 10901 6622 10901 6600 10901 6600 10902 6622 10902 6623 10902 6600 10903 6623 10903 6609 10903 6609 10904 6623 10904 6624 10904 6609 10905 6624 10905 6610 10905 6610 10906 6624 10906 6625 10906 6610 10907 6625 10907 6586 10907 6586 10908 6625 10908 6626 10908 6586 10909 6626 10909 6587 10909 6587 10910 6626 10910 6627 10910 6587 10911 6627 10911 6590 10911 6590 10912 6627 10912 6628 10912 6590 10913 6628 10913 6602 10913 6602 10914 6628 10914 6629 10914 6602 10915 6629 10915 6603 10915 6603 10916 6629 10916 6630 10916 6603 10917 6630 10917 6619 10917 6631 10918 6632 10918 6622 10918 6630 10919 6629 10919 6633 10919 6622 10920 6632 10920 6623 10920 6623 10921 6632 10921 6539 10921 6623 10922 6539 10922 6624 10922 6624 10923 6539 10923 6538 10923 6624 10924 6538 10924 6625 10924 6622 10925 6621 10925 6631 10925 6631 10926 6621 10926 6620 10926 6631 10927 6620 10927 6634 10927 6620 10928 6612 10928 6634 10928 6634 10929 6612 10929 6611 10929 6634 10930 6611 10930 6635 10930 6635 10931 6611 10931 6613 10931 6635 10932 6613 10932 6636 10932 6629 10933 6628 10933 6633 10933 6633 10934 6628 10934 6627 10934 6633 10935 6627 10935 6538 10935 6538 10936 6627 10936 6626 10936 6538 10937 6626 10937 6625 10937 6616 10938 6637 10938 6615 10938 6615 10939 6637 10939 6636 10939 6615 10940 6636 10940 6614 10940 6614 10941 6636 10941 6613 10941 6616 10942 6617 10942 6637 10942 6637 10943 6617 10943 6618 10943 6637 10944 6618 10944 6633 10944 6633 10945 6618 10945 6619 10945 6633 10946 6619 10946 6630 10946 6638 10947 6639 10947 6640 10947 6637 10948 6633 10948 6641 10948 6641 10949 6633 10949 6638 10949 6641 10950 6638 10950 6642 10950 6642 10951 6638 10951 6640 10951 6639 10952 6638 10952 6527 10952 6527 10953 6643 10953 6639 10953 6639 10954 6643 10954 6644 10954 6639 10955 6644 10955 6640 10955 6640 10956 6644 10956 6645 10956 6646 10957 6642 10957 6647 10957 6647 10958 6642 10958 6640 10958 6647 10959 6640 10959 6648 10959 6648 10960 6640 10960 6645 10960 6644 10961 6643 10961 6649 10961 6650 10962 6651 10962 6652 10962 6652 10963 6651 10963 6653 10963 6652 10964 6653 10964 6654 10964 6654 10965 6653 10965 6646 10965 6654 10966 6646 10966 6647 10966 6650 10967 6652 10967 6655 10967 6655 10968 6652 10968 6656 10968 6655 10969 6656 10969 6657 10969 6657 10970 6656 10970 6658 10970 6657 10971 6658 10971 6659 10971 6523 10972 6660 10972 6524 10972 6524 10973 6660 10973 6661 10973 6524 10974 6661 10974 6525 10974 6525 10975 6661 10975 6662 10975 6525 10976 6662 10976 6526 10976 6526 10977 6662 10977 6649 10977 6526 10978 6649 10978 6527 10978 6527 10979 6649 10979 6643 10979 6645 10980 6644 10980 6663 10980 6663 10981 6644 10981 6649 10981 6663 10982 6649 10982 6664 10982 6664 10983 6649 10983 6662 10983 6664 10984 6662 10984 6665 10984 6665 10985 6662 10985 6661 10985 6665 10986 6661 10986 6666 10986 6666 10987 6661 10987 6660 10987 6665 10988 6667 10988 6664 10988 6664 10989 6667 10989 6668 10989 6664 10990 6668 10990 6663 10990 6663 10991 6668 10991 6669 10991 6663 10992 6669 10992 6645 10992 6645 10993 6669 10993 6648 10993 6666 10994 6670 10994 6665 10994 6665 10995 6670 10995 6658 10995 6665 10996 6658 10996 6667 10996 6667 10997 6658 10997 6656 10997 6667 10998 6656 10998 6668 10998 6668 10999 6656 10999 6652 10999 6668 11000 6652 11000 6669 11000 6669 11001 6652 11001 6654 11001 6669 11002 6654 11002 6648 11002 6648 11003 6654 11003 6647 11003 6523 11004 6671 11004 6660 11004 6660 11005 6671 11005 6672 11005 6660 11006 6672 11006 6666 11006 6666 11007 6672 11007 6670 11007 6670 11008 6672 11008 6673 11008 6670 11009 6673 11009 6658 11009 6658 11010 6673 11010 6674 11010 6658 11011 6674 11011 6659 11011 6671 11012 6675 11012 6676 11012 6673 11013 6672 11013 6674 11013 6674 11014 6672 11014 6671 11014 6674 11015 6671 11015 6677 11015 6677 11016 6671 11016 6676 11016 6678 11017 6679 11017 6680 11017 6681 11018 6682 11018 6683 11018 6684 11019 6685 11019 6686 11019 6687 11020 6688 11020 6689 11020 6690 11021 6691 11021 6692 11021 6691 11022 6693 11022 6692 11022 6692 11023 6693 11023 6694 11023 6692 11024 6694 11024 6695 11024 6695 11025 6694 11025 6696 11025 6692 11026 6697 11026 6698 11026 6690 11027 6692 11027 6699 11027 6699 11028 6692 11028 6698 11028 6699 11029 6698 11029 6700 11029 6701 11030 6702 11030 6703 11030 6703 11031 6702 11031 6704 11031 6703 11032 6704 11032 6705 11032 6706 11033 6707 11033 6686 11033 6686 11034 6707 11034 6708 11034 6686 11035 6708 11035 6689 11035 6689 11036 6708 11036 6709 11036 6689 11037 6709 11037 6687 11037 6685 11038 6710 11038 6686 11038 6686 11039 6710 11039 6711 11039 6686 11040 6711 11040 6706 11040 6712 11041 6713 11041 6714 11041 6714 11042 6713 11042 6684 11042 6715 11043 6716 11043 6717 11043 6718 11044 6719 11044 6716 11044 6716 11045 6719 11045 6720 11045 6716 11046 6720 11046 6717 11046 6721 11047 6722 11047 6716 11047 6718 11048 6716 11048 6723 11048 6723 11049 6716 11049 6722 11049 6723 11050 6722 11050 6724 11050 6725 11051 6726 11051 6727 11051 6728 11052 6729 11052 6725 11052 6725 11053 6729 11053 6730 11053 6725 11054 6730 11054 6726 11054 6731 11055 6728 11055 6732 11055 6732 11056 6728 11056 6725 11056 6732 11057 6725 11057 6733 11057 6733 11058 6725 11058 6734 11058 6733 11059 6734 11059 6735 11059 6684 11060 6736 11060 6714 11060 6714 11061 6736 11061 6737 11061 6714 11062 6737 11062 6738 11062 6738 11063 6681 11063 6714 11063 6714 11064 6681 11064 6683 11064 6714 11065 6683 11065 6712 11065 6712 11066 6683 11066 6739 11066 6682 11067 6740 11067 6683 11067 6683 11068 6740 11068 6715 11068 6683 11069 6715 11069 6739 11069 6739 11070 6715 11070 6717 11070 6679 11071 6741 11071 6680 11071 6680 11072 6741 11072 6742 11072 6680 11073 6742 11073 6743 11073 6679 11074 6744 11074 6741 11074 6741 11075 6744 11075 6745 11075 6741 11076 6745 11076 6746 11076 6745 11077 6747 11077 6746 11077 6746 11078 6747 11078 6748 11078 6746 11079 6748 11079 6749 11079 6749 11080 6748 11080 6750 11080 6749 11081 6750 11081 6751 11081 6751 11082 6750 11082 6752 11082 6751 11083 6752 11083 6753 11083 6753 11084 6752 11084 6754 11084 6753 11085 6754 11085 6755 11085 6755 11086 6754 11086 6756 11086 6755 11087 6756 11087 6705 11087 6705 11088 6756 11088 6757 11088 6705 11089 6757 11089 6703 11089 6703 11090 6757 11090 6758 11090 6703 11091 6758 11091 6701 11091 6701 11092 6758 11092 6759 11092 6701 11093 6759 11093 6760 11093 6760 11094 6759 11094 6761 11094 6760 11095 6761 11095 6736 11095 6736 11096 6761 11096 6762 11096 6736 11097 6762 11097 6737 11097 6735 11098 6751 11098 6763 11098 6763 11099 6751 11099 6753 11099 6763 11100 6753 11100 6696 11100 6696 11101 6753 11101 6755 11101 6696 11102 6755 11102 6695 11102 6695 11103 6755 11103 6705 11103 6695 11104 6705 11104 6692 11104 6692 11105 6705 11105 6704 11105 6692 11106 6704 11106 6697 11106 6684 11107 6686 11107 6736 11107 6736 11108 6686 11108 6689 11108 6736 11109 6689 11109 6760 11109 6760 11110 6689 11110 6688 11110 6760 11111 6688 11111 6701 11111 6701 11112 6688 11112 6764 11112 6701 11113 6764 11113 6702 11113 6740 11114 6678 11114 6715 11114 6715 11115 6678 11115 6680 11115 6715 11116 6680 11116 6716 11116 6716 11117 6680 11117 6743 11117 6716 11118 6743 11118 6721 11118 6721 11119 6743 11119 6742 11119 6735 11120 6734 11120 6751 11120 6751 11121 6734 11121 6725 11121 6751 11122 6725 11122 6749 11122 6749 11123 6725 11123 6727 11123 6749 11124 6727 11124 6746 11124 6746 11125 6727 11125 6765 11125 6746 11126 6765 11126 6741 11126 6741 11127 6765 11127 6766 11127 6741 11128 6766 11128 6742 11128 6681 11129 6738 11129 6676 11129 6767 11130 6756 11130 6768 11130 6768 11131 6756 11131 6754 11131 6768 11132 6754 11132 6769 11132 6769 11133 6754 11133 6752 11133 6769 11134 6752 11134 6770 11134 6770 11135 6752 11135 6750 11135 6770 11136 6750 11136 6748 11136 6676 11137 6738 11137 6771 11137 6748 11138 6747 11138 6770 11138 6770 11139 6747 11139 6745 11139 6770 11140 6745 11140 6675 11140 6675 11141 6745 11141 6744 11141 6675 11142 6744 11142 6679 11142 6738 11143 6737 11143 6771 11143 6771 11144 6737 11144 6762 11144 6771 11145 6762 11145 6772 11145 6772 11146 6762 11146 6761 11146 6772 11147 6761 11147 6773 11147 6761 11148 6759 11148 6773 11148 6773 11149 6759 11149 6758 11149 6773 11150 6758 11150 6767 11150 6767 11151 6758 11151 6757 11151 6767 11152 6757 11152 6756 11152 6679 11153 6678 11153 6675 11153 6675 11154 6678 11154 6740 11154 6675 11155 6740 11155 6676 11155 6676 11156 6740 11156 6682 11156 6676 11157 6682 11157 6681 11157 6774 11158 6775 11158 6769 11158 6776 11159 6777 11159 6778 11159 6769 11160 6770 11160 6774 11160 6774 11161 6770 11161 6776 11161 6774 11162 6776 11162 6779 11162 6779 11163 6776 11163 6778 11163 6780 11164 6774 11164 6779 11164 6780 11165 6779 11165 6781 11165 6781 11166 6779 11166 6778 11166 6781 11167 6778 11167 6782 11167 6782 11168 6778 11168 6777 11168 6782 11169 6777 11169 6783 11169 6783 11170 6777 11170 6776 11170 6783 11171 6776 11171 6475 11171 6781 11172 6782 11172 6784 11172 6782 11173 6783 11173 6785 11173 6780 11174 6781 11174 6786 11174 6780 11175 6786 11175 6787 11175 6787 11176 6786 11176 6788 11176 6787 11177 6788 11177 6789 11177 6789 11178 6788 11178 6790 11178 6789 11179 6790 11179 6791 11179 6791 11180 6790 11180 6792 11180 6791 11181 6792 11181 6793 11181 6479 11182 6794 11182 6478 11182 6478 11183 6794 11183 6795 11183 6478 11184 6795 11184 6477 11184 6477 11185 6795 11185 6785 11185 6477 11186 6785 11186 6476 11186 6476 11187 6785 11187 6783 11187 6476 11188 6783 11188 6475 11188 6782 11189 6785 11189 6784 11189 6784 11190 6785 11190 6795 11190 6784 11191 6795 11191 6796 11191 6796 11192 6795 11192 6794 11192 6796 11193 6794 11193 6797 11193 6479 11194 6798 11194 6794 11194 6794 11195 6798 11195 6799 11195 6794 11196 6799 11196 6797 11196 6797 11197 6799 11197 6800 11197 6797 11198 6800 11198 6801 11198 6781 11199 6784 11199 6786 11199 6786 11200 6784 11200 6796 11200 6786 11201 6796 11201 6788 11201 6788 11202 6796 11202 6797 11202 6788 11203 6797 11203 6790 11203 6790 11204 6797 11204 6801 11204 6790 11205 6801 11205 6792 11205 6793 11206 6792 11206 6802 11206 6802 11207 6792 11207 6803 11207 6792 11208 6801 11208 6803 11208 6803 11209 6801 11209 6800 11209 6803 11210 6800 11210 6804 11210 6479 11211 6805 11211 6798 11211 6798 11212 6805 11212 6804 11212 6798 11213 6804 11213 6799 11213 6799 11214 6804 11214 6800 11214 6802 11215 6803 11215 6804 11215 6806 11216 6807 11216 6808 11216 6808 11217 6807 11217 6802 11217 6808 11218 6802 11218 6805 11218 6805 11219 6802 11219 6804 11219 6809 11220 6810 11220 6811 11220 6812 11221 6813 11221 6814 11221 6815 11222 6816 11222 6817 11222 6816 11223 6815 11223 6818 11223 6818 11224 6815 11224 6819 11224 6818 11225 6819 11225 6820 11225 6820 11226 6819 11226 6821 11226 6820 11227 6821 11227 6822 11227 6813 11228 6823 11228 6814 11228 6814 11229 6823 11229 6824 11229 6814 11230 6824 11230 6822 11230 6825 11231 6812 11231 6826 11231 6826 11232 6812 11232 6814 11232 6826 11233 6814 11233 6827 11233 6827 11234 6814 11234 6828 11234 6829 11235 6830 11235 6831 11235 6831 11236 6830 11236 6832 11236 6831 11237 6832 11237 6833 11237 6834 11238 6835 11238 6836 11238 6836 11239 6835 11239 6809 11239 6837 11240 6838 11240 6836 11240 6836 11241 6838 11241 6839 11241 6836 11242 6839 11242 6834 11242 6840 11243 6841 11243 6842 11243 6841 11244 6843 11244 6842 11244 6842 11245 6843 11245 6844 11245 6842 11246 6844 11246 6845 11246 6845 11247 6844 11247 6846 11247 6842 11248 6847 11248 6848 11248 6840 11249 6842 11249 6849 11249 6849 11250 6842 11250 6848 11250 6849 11251 6848 11251 6850 11251 6851 11252 6852 11252 6853 11252 6853 11253 6852 11253 6854 11253 6854 11254 6852 11254 6855 11254 6854 11255 6855 11255 6856 11255 6857 11256 6858 11256 6859 11256 6859 11257 6858 11257 6860 11257 6859 11258 6860 11258 6861 11258 6861 11259 6860 11259 6862 11259 6861 11260 6862 11260 6863 11260 6864 11261 6865 11261 6859 11261 6859 11262 6865 11262 6866 11262 6859 11263 6866 11263 6857 11263 6809 11264 6811 11264 6836 11264 6836 11265 6811 11265 6867 11265 6836 11266 6867 11266 6868 11266 6822 11267 6821 11267 6814 11267 6814 11268 6821 11268 6833 11268 6814 11269 6833 11269 6828 11269 6828 11270 6833 11270 6832 11270 6828 11271 6832 11271 6827 11271 6856 11272 6855 11272 6863 11272 6863 11273 6855 11273 6869 11273 6863 11274 6869 11274 6861 11274 6861 11275 6869 11275 6870 11275 6861 11276 6870 11276 6859 11276 6871 11277 6837 11277 6872 11277 6872 11278 6837 11278 6836 11278 6872 11279 6836 11279 6873 11279 6873 11280 6836 11280 6868 11280 6873 11281 6868 11281 6874 11281 6874 11282 6868 11282 6867 11282 6874 11283 6867 11283 6875 11283 6875 11284 6867 11284 6876 11284 6875 11285 6876 11285 6846 11285 6846 11286 6876 11286 6877 11286 6846 11287 6877 11287 6845 11287 6845 11288 6877 11288 6851 11288 6845 11289 6851 11289 6842 11289 6842 11290 6851 11290 6853 11290 6842 11291 6853 11291 6847 11291 6878 11292 6879 11292 6831 11292 6831 11293 6879 11293 6810 11293 6831 11294 6810 11294 6829 11294 6829 11295 6810 11295 6809 11295 6878 11296 6831 11296 6880 11296 6880 11297 6831 11297 6833 11297 6880 11298 6833 11298 6881 11298 6881 11299 6833 11299 6821 11299 6881 11300 6821 11300 6882 11300 6882 11301 6821 11301 6819 11301 6882 11302 6819 11302 6883 11302 6883 11303 6819 11303 6884 11303 6884 11304 6819 11304 6815 11304 6884 11305 6815 11305 6885 11305 6864 11306 6859 11306 6817 11306 6817 11307 6859 11307 6870 11307 6817 11308 6870 11308 6815 11308 6815 11309 6870 11309 6886 11309 6815 11310 6886 11310 6885 11310 6879 11311 6887 11311 6810 11311 6810 11312 6887 11312 6888 11312 6810 11313 6888 11313 6811 11313 6811 11314 6888 11314 6889 11314 6811 11315 6889 11315 6867 11315 6867 11316 6889 11316 6890 11316 6867 11317 6890 11317 6876 11317 6876 11318 6890 11318 6891 11318 6876 11319 6891 11319 6877 11319 6877 11320 6891 11320 6892 11320 6877 11321 6892 11321 6851 11321 6851 11322 6892 11322 6893 11322 6851 11323 6893 11323 6852 11323 6852 11324 6893 11324 6894 11324 6852 11325 6894 11325 6855 11325 6855 11326 6894 11326 6895 11326 6855 11327 6895 11327 6869 11327 6869 11328 6895 11328 6896 11328 6869 11329 6896 11329 6870 11329 6870 11330 6896 11330 6897 11330 6870 11331 6897 11331 6886 11331 6898 11332 6899 11332 6889 11332 6897 11333 6896 11333 6900 11333 6889 11334 6899 11334 6890 11334 6890 11335 6899 11335 6806 11335 6890 11336 6806 11336 6891 11336 6891 11337 6806 11337 6808 11337 6891 11338 6808 11338 6892 11338 6896 11339 6895 11339 6900 11339 6900 11340 6895 11340 6894 11340 6900 11341 6894 11341 6808 11341 6808 11342 6894 11342 6893 11342 6808 11343 6893 11343 6892 11343 6901 11344 6878 11344 6902 11344 6902 11345 6878 11345 6880 11345 6902 11346 6880 11346 6903 11346 6889 11347 6888 11347 6898 11347 6898 11348 6888 11348 6887 11348 6898 11349 6887 11349 6901 11349 6901 11350 6887 11350 6879 11350 6901 11351 6879 11351 6878 11351 6883 11352 6904 11352 6882 11352 6882 11353 6904 11353 6903 11353 6882 11354 6903 11354 6881 11354 6881 11355 6903 11355 6880 11355 6883 11356 6884 11356 6904 11356 6904 11357 6884 11357 6885 11357 6904 11358 6885 11358 6900 11358 6900 11359 6885 11359 6886 11359 6900 11360 6886 11360 6897 11360 6905 11361 6904 11361 6906 11361 6906 11362 6904 11362 6900 11362 6907 11363 6908 11363 6909 11363 6909 11364 6908 11364 6906 11364 6909 11365 6906 11365 6910 11365 6910 11366 6906 11366 6900 11366 6911 11367 6906 11367 6908 11367 6911 11368 6908 11368 6912 11368 6912 11369 6908 11369 6907 11369 6912 11370 6907 11370 6913 11370 6913 11371 6907 11371 6909 11371 6913 11372 6909 11372 6914 11372 6914 11373 6909 11373 6910 11373 6914 11374 6910 11374 6425 11374 6429 11375 6430 11375 6915 11375 6916 11376 6917 11376 6918 11376 6919 11377 6920 11377 6921 11377 6920 11378 6922 11378 6923 11378 6923 11379 6922 11379 6924 11379 6923 11380 6924 11380 6911 11380 6919 11381 6921 11381 6917 11381 6925 11382 6926 11382 6916 11382 6916 11383 6918 11383 6925 11383 6925 11384 6918 11384 6927 11384 6925 11385 6927 11385 6928 11385 6911 11386 6912 11386 6923 11386 6923 11387 6912 11387 6913 11387 6923 11388 6913 11388 6929 11388 6929 11389 6913 11389 6914 11389 6929 11390 6914 11390 6930 11390 6914 11391 6425 11391 6930 11391 6930 11392 6425 11392 6426 11392 6930 11393 6426 11393 6427 11393 6920 11394 6923 11394 6921 11394 6921 11395 6923 11395 6929 11395 6921 11396 6929 11396 6931 11396 6931 11397 6929 11397 6930 11397 6931 11398 6930 11398 6932 11398 6932 11399 6930 11399 6427 11399 6932 11400 6427 11400 6428 11400 6917 11401 6921 11401 6918 11401 6918 11402 6921 11402 6931 11402 6918 11403 6931 11403 6927 11403 6927 11404 6931 11404 6932 11404 6927 11405 6932 11405 6915 11405 6915 11406 6932 11406 6428 11406 6915 11407 6428 11407 6429 11407 6928 11408 6927 11408 6933 11408 6933 11409 6927 11409 6915 11409 6933 11410 6915 11410 6934 11410 6934 11411 6915 11411 6430 11411 6934 11412 6430 11412 6431 11412 6935 11413 6926 11413 6925 11413 6935 11414 6925 11414 6936 11414 6936 11415 6925 11415 6928 11415 6936 11416 6928 11416 6937 11416 6431 11417 6938 11417 6934 11417 6934 11418 6938 11418 6937 11418 6934 11419 6937 11419 6933 11419 6933 11420 6937 11420 6928 11420 6938 11421 6939 11421 6940 11421 6936 11422 6937 11422 6935 11422 6935 11423 6937 11423 6938 11423 6935 11424 6938 11424 6941 11424 6941 11425 6938 11425 6940 11425 6942 11426 6943 11426 6944 11426 6945 11427 6946 11427 6947 11427 6948 11428 6949 11428 6950 11428 6948 11429 6950 11429 6951 11429 6952 11430 6953 11430 6954 11430 6954 11431 6953 11431 6955 11431 6956 11432 6957 11432 6958 11432 6958 11433 6957 11433 6959 11433 6958 11434 6959 11434 6955 11434 6955 11435 6959 11435 6960 11435 6955 11436 6960 11436 6954 11436 6961 11437 6962 11437 6963 11437 6963 11438 6962 11438 6964 11438 6963 11439 6964 11439 6965 11439 6966 11440 6967 11440 6961 11440 6961 11441 6967 11441 6968 11441 6961 11442 6968 11442 6962 11442 6950 11443 6969 11443 6951 11443 6951 11444 6969 11444 6970 11444 6951 11445 6970 11445 6971 11445 6971 11446 6970 11446 6972 11446 6971 11447 6972 11447 6973 11447 6973 11448 6972 11448 6974 11448 6973 11449 6974 11449 6975 11449 6975 11450 6974 11450 6976 11450 6975 11451 6976 11451 6977 11451 6977 11452 6976 11452 6978 11452 6977 11453 6978 11453 6979 11453 6979 11454 6978 11454 6980 11454 6964 11455 6956 11455 6965 11455 6965 11456 6956 11456 6958 11456 6965 11457 6958 11457 6981 11457 6982 11458 6983 11458 6953 11458 6953 11459 6983 11459 6984 11459 6953 11460 6984 11460 6955 11460 6955 11461 6984 11461 6985 11461 6955 11462 6985 11462 6958 11462 6958 11463 6985 11463 6986 11463 6958 11464 6986 11464 6981 11464 6987 11465 6988 11465 6982 11465 6982 11466 6988 11466 6989 11466 6982 11467 6989 11467 6983 11467 6990 11468 6991 11468 6982 11468 6987 11469 6982 11469 6992 11469 6992 11470 6982 11470 6991 11470 6992 11471 6991 11471 6993 11471 6994 11472 6949 11472 6947 11472 6947 11473 6949 11473 6948 11473 6947 11474 6948 11474 6945 11474 6945 11475 6948 11475 6995 11475 6996 11476 6997 11476 6998 11476 6998 11477 6997 11477 6999 11477 7000 11478 7001 11478 6998 11478 6998 11479 7001 11479 7002 11479 6998 11480 7002 11480 6996 11480 7003 11481 7004 11481 7005 11481 7004 11482 7006 11482 7005 11482 7005 11483 7006 11483 7007 11483 7005 11484 7007 11484 7008 11484 7008 11485 7007 11485 7009 11485 7005 11486 7010 11486 7011 11486 7003 11487 7005 11487 7012 11487 7012 11488 7005 11488 7011 11488 7012 11489 7011 11489 7013 11489 7014 11490 6979 11490 6966 11490 6966 11491 6979 11491 6980 11491 6966 11492 6980 11492 6967 11492 7014 11493 6966 11493 7015 11493 7015 11494 6966 11494 6961 11494 7015 11495 6961 11495 7016 11495 7017 11496 7018 11496 7019 11496 7019 11497 7018 11497 7020 11497 7019 11498 7020 11498 6944 11498 6944 11499 7020 11499 7021 11499 6944 11500 7021 11500 6942 11500 7022 11501 7023 11501 7019 11501 7019 11502 7023 11502 7024 11502 7019 11503 7024 11503 7017 11503 6995 11504 6948 11504 7025 11504 7025 11505 6948 11505 6951 11505 7025 11506 6951 11506 6999 11506 6999 11507 6951 11507 6971 11507 6999 11508 6971 11508 6998 11508 6998 11509 6971 11509 6973 11509 6998 11510 6973 11510 7026 11510 6945 11511 6990 11511 6946 11511 6946 11512 6990 11512 6982 11512 6946 11513 6982 11513 6947 11513 6947 11514 6982 11514 6953 11514 6947 11515 6953 11515 6994 11515 6994 11516 6953 11516 6952 11516 7016 11517 6961 11517 6943 11517 6943 11518 6961 11518 6963 11518 6943 11519 6963 11519 6944 11519 6944 11520 6963 11520 6965 11520 6944 11521 6965 11521 7019 11521 7019 11522 6965 11522 6981 11522 7019 11523 6981 11523 7022 11523 7027 11524 7000 11524 7028 11524 7028 11525 7000 11525 6998 11525 7028 11526 6998 11526 7029 11526 7029 11527 6998 11527 7026 11527 7029 11528 7026 11528 7030 11528 7030 11529 7026 11529 6973 11529 7030 11530 6973 11530 7031 11530 7031 11531 6973 11531 6975 11531 7031 11532 6975 11532 7009 11532 7009 11533 6975 11533 6977 11533 7009 11534 6977 11534 7008 11534 7008 11535 6977 11535 6979 11535 7008 11536 6979 11536 7005 11536 7005 11537 6979 11537 7014 11537 7005 11538 7014 11538 7010 11538 6964 11539 6962 11539 7032 11539 6959 11540 6957 11540 7033 11540 7034 11541 7035 11541 6972 11541 7036 11542 6949 11542 7037 11542 7037 11543 6949 11543 6994 11543 7037 11544 6994 11544 7038 11544 6972 11545 7035 11545 6974 11545 6974 11546 7035 11546 6940 11546 6974 11547 6940 11547 6976 11547 6976 11548 6940 11548 6939 11548 6976 11549 6939 11549 6978 11549 6972 11550 6970 11550 7034 11550 7034 11551 6970 11551 6969 11551 7034 11552 6969 11552 7036 11552 7036 11553 6969 11553 6950 11553 7036 11554 6950 11554 6949 11554 7033 11555 6957 11555 7032 11555 7032 11556 6957 11556 6956 11556 7032 11557 6956 11557 6964 11557 6994 11558 6952 11558 7038 11558 7038 11559 6952 11559 6954 11559 7038 11560 6954 11560 7033 11560 7033 11561 6954 11561 6960 11561 7033 11562 6960 11562 6959 11562 6962 11563 6968 11563 7032 11563 7032 11564 6968 11564 6967 11564 7032 11565 6967 11565 6939 11565 6939 11566 6967 11566 6980 11566 6939 11567 6980 11567 6978 11567 7039 11568 7040 11568 7033 11568 7041 11569 7042 11569 7043 11569 7043 11570 7042 11570 7039 11570 7043 11571 7039 11571 7032 11571 7032 11572 7039 11572 7033 11572 7039 11573 7042 11573 7044 11573 7044 11574 7042 11574 7045 11574 7045 11575 7042 11575 7046 11575 7046 11576 7042 11576 7041 11576 7046 11577 7041 11577 7047 11577 7047 11578 7041 11578 7048 11578 7048 11579 7041 11579 7043 11579 7048 11580 7043 11580 7049 11580 7050 11581 7051 11581 7052 11581 7053 11582 7054 11582 7055 11582 7056 11583 7057 11583 7058 11583 7057 11584 7059 11584 7060 11584 7060 11585 7059 11585 7061 11585 7060 11586 7061 11586 7044 11586 7056 11587 7058 11587 7054 11587 6530 11588 6529 11588 7053 11588 7048 11589 7062 11589 7047 11589 7047 11590 7062 11590 7063 11590 7047 11591 7063 11591 7046 11591 7046 11592 7063 11592 7060 11592 7046 11593 7060 11593 7045 11593 7045 11594 7060 11594 7044 11594 7048 11595 7049 11595 7062 11595 7062 11596 7049 11596 7064 11596 7062 11597 7064 11597 7065 11597 7057 11598 7060 11598 7058 11598 7058 11599 7060 11599 7063 11599 7058 11600 7063 11600 7066 11600 7066 11601 7063 11601 7062 11601 7066 11602 7062 11602 7067 11602 7067 11603 7062 11603 7065 11603 7067 11604 7065 11604 7068 11604 7054 11605 7058 11605 7055 11605 7055 11606 7058 11606 7066 11606 7055 11607 7066 11607 7069 11607 7069 11608 7066 11608 7067 11608 7069 11609 7067 11609 7052 11609 7052 11610 7067 11610 7068 11610 7052 11611 7068 11611 7050 11611 7053 11612 7055 11612 6530 11612 6530 11613 7055 11613 7069 11613 6530 11614 7069 11614 6532 11614 6532 11615 7069 11615 7052 11615 6532 11616 7052 11616 6534 11616 6534 11617 7052 11617 7051 11617 6534 11618 7051 11618 6536 11618 7049 11619 7070 11619 7064 11619 7064 11620 7070 11620 7071 11620 7064 11621 7071 11621 7065 11621 7065 11622 7071 11622 7068 11622 7068 11623 7071 11623 7072 11623 7068 11624 7072 11624 7050 11624 7050 11625 7072 11625 7051 11625 7051 11626 7072 11626 7073 11626 7051 11627 7073 11627 6536 11627 7074 11628 7075 11628 7076 11628 7076 11629 7075 11629 7077 11629 7076 11630 7077 11630 7078 11630 7078 11631 7077 11631 7079 11631 7078 11632 7079 11632 7080 11632 7080 11633 7079 11633 7081 11633 7080 11634 7081 11634 7082 11634 7082 11635 7081 11635 7083 11635 7082 11636 7083 11636 7084 11636 7084 11637 7083 11637 7085 11637 7084 11638 7085 11638 7086 11638 7086 11639 7085 11639 7087 11639 7086 11640 7087 11640 7088 11640 7088 11641 7087 11641 7089 11641 7088 11642 7089 11642 7090 11642 7090 11643 7089 11643 7091 11643 7090 11644 7091 11644 7092 11644 7092 11645 7091 11645 7093 11645 7092 11646 7093 11646 7094 11646 7094 11647 7093 11647 7095 11647 7094 11648 7095 11648 7096 11648 7096 11649 7095 11649 7097 11649 7096 11650 7097 11650 7074 11650 7074 11651 7097 11651 7075 11651 7098 11652 7099 11652 7073 11652 7098 11653 7073 11653 7097 11653 7095 11654 7100 11654 7097 11654 7097 11655 7100 11655 7101 11655 7097 11656 7101 11656 7098 11656 7081 11657 7102 11657 7083 11657 7083 11658 7102 11658 7103 11658 7083 11659 7103 11659 7085 11659 7104 11660 7102 11660 7070 11660 7070 11661 7102 11661 7081 11661 7070 11662 7081 11662 7071 11662 7071 11663 7081 11663 7079 11663 7071 11664 7079 11664 7072 11664 7072 11665 7079 11665 7077 11665 7072 11666 7077 11666 7073 11666 7073 11667 7077 11667 7075 11667 7073 11668 7075 11668 7097 11668 7105 11669 7106 11669 7095 11669 7095 11670 7106 11670 7107 11670 7095 11671 7107 11671 7100 11671 7095 11672 7093 11672 7105 11672 7105 11673 7093 11673 7091 11673 7105 11674 7091 11674 7108 11674 7108 11675 7091 11675 7089 11675 7108 11676 7089 11676 7109 11676 7109 11677 7089 11677 7087 11677 7109 11678 7087 11678 7110 11678 7110 11679 7087 11679 7085 11679 7110 11680 7085 11680 7111 11680 7111 11681 7085 11681 7103 11681 7112 11682 7107 11682 7113 11682 7113 11683 7107 11683 7106 11683 7107 11684 7112 11684 7114 11684 7107 11685 7114 11685 7100 11685 7100 11686 7114 11686 7115 11686 7100 11687 7115 11687 7101 11687 7101 11688 7115 11688 7116 11688 7101 11689 7116 11689 7098 11689 7098 11690 7116 11690 7117 11690 7098 11691 7117 11691 7099 11691 6507 11692 6527 11692 6506 11692 6506 11693 6527 11693 6638 11693 6506 11694 6638 11694 7118 11694 7118 11695 6638 11695 6633 11695 7117 11696 7118 11696 7099 11696 7099 11697 7118 11697 6633 11697 7099 11698 6633 11698 7073 11698 7073 11699 6633 11699 6538 11699 7073 11700 6538 11700 6536 11700 6536 11701 6538 11701 6537 11701 7119 11702 6518 11702 6517 11702 7119 11703 6517 11703 7120 11703 7120 11704 6517 11704 6505 11704 7120 11705 6505 11705 7121 11705 7121 11706 6505 11706 6504 11706 7121 11707 6504 11707 7122 11707 7122 11708 6504 11708 6506 11708 7122 11709 6506 11709 7118 11709 7123 11710 6519 11710 7119 11710 7119 11711 6519 11711 6518 11711 7124 11712 6522 11712 7125 11712 7125 11713 6522 11713 6521 11713 7125 11714 6521 11714 7126 11714 7126 11715 6521 11715 7127 11715 7127 11716 6521 11716 6520 11716 7127 11717 6520 11717 7128 11717 7128 11718 6520 11718 7129 11718 7129 11719 6520 11719 6519 11719 7129 11720 6519 11720 7123 11720 7130 11721 6512 11721 7124 11721 7124 11722 6512 11722 6522 11722 6512 11723 7130 11723 7131 11723 6512 11724 7131 11724 6513 11724 6513 11725 7131 11725 7132 11725 6513 11726 7132 11726 6516 11726 6516 11727 7132 11727 7133 11727 6516 11728 7133 11728 6515 11728 6515 11729 7133 11729 7134 11729 6515 11730 7134 11730 6514 11730 7135 11731 7136 11731 7137 11731 7135 11732 7137 11732 7138 11732 7138 11733 7137 11733 7139 11733 7138 11734 7139 11734 7140 11734 7140 11735 7139 11735 7141 11735 7140 11736 7141 11736 7142 11736 7142 11737 7141 11737 7143 11737 7142 11738 7143 11738 7134 11738 7144 11739 7145 11739 7146 11739 7146 11740 7145 11740 7147 11740 7146 11741 7147 11741 7148 11741 7148 11742 7147 11742 7149 11742 7148 11743 7149 11743 7150 11743 7150 11744 7149 11744 7151 11744 7150 11745 7151 11745 7130 11745 7130 11746 7151 11746 7131 11746 7145 11747 7152 11747 7147 11747 7147 11748 7152 11748 7153 11748 7147 11749 7153 11749 7149 11749 7149 11750 7153 11750 7154 11750 7149 11751 7154 11751 7151 11751 7151 11752 7154 11752 7155 11752 7151 11753 7155 11753 7131 11753 7131 11754 7155 11754 7132 11754 7152 11755 7156 11755 7153 11755 7153 11756 7156 11756 7157 11756 7153 11757 7157 11757 7154 11757 7154 11758 7157 11758 7158 11758 7154 11759 7158 11759 7155 11759 7155 11760 7158 11760 7159 11760 7155 11761 7159 11761 7132 11761 7132 11762 7159 11762 7133 11762 7156 11763 7135 11763 7157 11763 7157 11764 7135 11764 7138 11764 7157 11765 7138 11765 7158 11765 7158 11766 7138 11766 7140 11766 7158 11767 7140 11767 7159 11767 7159 11768 7140 11768 7142 11768 7159 11769 7142 11769 7133 11769 7133 11770 7142 11770 7134 11770 7160 11771 7144 11771 7146 11771 7160 11772 7146 11772 7161 11772 7161 11773 7146 11773 7148 11773 7161 11774 7148 11774 7162 11774 7162 11775 7148 11775 7150 11775 7162 11776 7150 11776 7163 11776 7163 11777 7150 11777 7130 11777 7163 11778 7130 11778 7124 11778 7162 11779 7163 11779 7164 11779 7163 11780 7124 11780 7125 11780 7160 11781 7161 11781 7165 11781 7165 11782 7161 11782 7162 11782 7163 11783 7125 11783 7164 11783 7164 11784 7125 11784 7126 11784 7164 11785 7126 11785 7166 11785 7166 11786 7126 11786 7127 11786 7166 11787 7127 11787 7167 11787 7167 11788 7127 11788 7128 11788 7167 11789 7128 11789 7168 11789 7168 11790 7128 11790 7129 11790 7168 11791 7129 11791 7169 11791 7169 11792 7129 11792 7123 11792 7169 11793 7123 11793 7170 11793 7162 11794 7164 11794 7165 11794 7165 11795 7164 11795 7166 11795 7165 11796 7166 11796 7171 11796 7171 11797 7166 11797 7167 11797 7171 11798 7167 11798 7172 11798 7172 11799 7167 11799 7168 11799 7172 11800 7168 11800 7173 11800 7173 11801 7168 11801 7169 11801 7173 11802 7169 11802 7174 11802 7174 11803 7169 11803 7170 11803 7174 11804 7170 11804 7175 11804 7160 11805 7165 11805 7176 11805 7176 11806 7165 11806 7171 11806 7176 11807 7171 11807 7177 11807 7177 11808 7171 11808 7172 11808 7177 11809 7172 11809 7178 11809 7178 11810 7172 11810 7173 11810 7178 11811 7173 11811 7179 11811 7179 11812 7173 11812 7174 11812 7179 11813 7174 11813 7180 11813 7180 11814 7174 11814 7175 11814 7180 11815 7175 11815 7181 11815 7182 11816 7181 11816 7175 11816 7182 11817 7175 11817 7183 11817 7183 11818 7175 11818 7170 11818 7183 11819 7170 11819 7184 11819 7184 11820 7170 11820 7123 11820 7184 11821 7123 11821 7119 11821 7185 11822 7186 11822 7187 11822 7186 11823 7188 11823 7189 11823 7186 11824 7189 11824 7187 11824 7187 11825 7189 11825 7190 11825 7187 11826 7190 11826 7191 11826 7191 11827 7190 11827 7192 11827 7191 11828 7192 11828 7193 11828 7193 11829 7192 11829 7182 11829 7193 11830 7182 11830 7183 11830 7118 11831 7194 11831 7195 11831 7195 11832 7194 11832 7185 11832 7185 11833 7187 11833 7195 11833 7195 11834 7187 11834 7191 11834 7195 11835 7191 11835 7196 11835 7196 11836 7191 11836 7193 11836 7196 11837 7193 11837 7197 11837 7197 11838 7193 11838 7183 11838 7197 11839 7183 11839 7184 11839 7118 11840 7195 11840 7122 11840 7122 11841 7195 11841 7196 11841 7122 11842 7196 11842 7121 11842 7121 11843 7196 11843 7197 11843 7121 11844 7197 11844 7120 11844 7120 11845 7197 11845 7184 11845 7120 11846 7184 11846 7119 11846 7118 11847 7117 11847 7198 11847 7199 11848 7188 11848 7186 11848 7200 11849 7201 11849 7185 11849 7185 11850 7201 11850 7202 11850 7185 11851 7202 11851 7186 11851 7186 11852 7202 11852 7203 11852 7186 11853 7203 11853 7199 11853 7200 11854 7185 11854 7198 11854 7198 11855 7185 11855 7194 11855 7198 11856 7194 11856 7118 11856 7112 11857 7204 11857 7205 11857 7204 11858 7206 11858 7207 11858 7204 11859 7207 11859 7205 11859 7205 11860 7207 11860 7208 11860 7205 11861 7208 11861 7209 11861 7209 11862 7208 11862 7210 11862 7209 11863 7210 11863 7211 11863 7212 11864 7199 11864 7203 11864 7203 11865 7210 11865 7212 11865 7212 11866 7210 11866 7208 11866 7212 11867 7208 11867 7213 11867 7213 11868 7208 11868 7207 11868 7213 11869 7207 11869 7214 11869 7214 11870 7207 11870 7206 11870 7214 11871 7206 11871 7215 11871 7203 11872 7202 11872 7210 11872 7210 11873 7202 11873 7201 11873 7210 11874 7201 11874 7211 11874 7211 11875 7201 11875 7200 11875 7211 11876 7200 11876 7198 11876 7112 11877 7205 11877 7114 11877 7114 11878 7205 11878 7209 11878 7114 11879 7209 11879 7115 11879 7115 11880 7209 11880 7211 11880 7115 11881 7211 11881 7116 11881 7116 11882 7211 11882 7198 11882 7116 11883 7198 11883 7117 11883 7216 11884 7215 11884 7206 11884 7216 11885 7206 11885 7217 11885 7217 11886 7206 11886 7204 11886 7217 11887 7204 11887 7218 11887 7218 11888 7204 11888 7112 11888 7218 11889 7112 11889 7113 11889 7219 11890 7220 11890 7221 11890 7216 11891 7217 11891 7222 11891 7217 11892 7218 11892 7223 11892 7218 11893 7113 11893 7224 11893 7218 11894 7224 11894 7223 11894 7223 11895 7224 11895 7225 11895 7223 11896 7225 11896 7226 11896 7226 11897 7225 11897 7227 11897 7226 11898 7227 11898 7228 11898 7228 11899 7227 11899 7229 11899 7228 11900 7229 11900 7230 11900 7230 11901 7229 11901 7231 11901 7230 11902 7231 11902 7232 11902 7232 11903 7231 11903 7233 11903 7232 11904 7233 11904 7234 11904 7217 11905 7223 11905 7222 11905 7222 11906 7223 11906 7226 11906 7222 11907 7226 11907 7235 11907 7235 11908 7226 11908 7228 11908 7235 11909 7228 11909 7236 11909 7236 11910 7228 11910 7230 11910 7236 11911 7230 11911 7237 11911 7237 11912 7230 11912 7232 11912 7237 11913 7232 11913 7221 11913 7221 11914 7232 11914 7234 11914 7221 11915 7234 11915 7219 11915 7216 11916 7222 11916 7238 11916 7238 11917 7222 11917 7235 11917 7238 11918 7235 11918 7239 11918 7239 11919 7235 11919 7236 11919 7239 11920 7236 11920 7240 11920 7240 11921 7236 11921 7237 11921 7240 11922 7237 11922 7241 11922 7241 11923 7237 11923 7221 11923 7241 11924 7221 11924 7242 11924 7242 11925 7221 11925 7220 11925 7242 11926 7220 11926 7243 11926 7244 11927 7243 11927 7220 11927 7244 11928 7220 11928 7245 11928 7245 11929 7220 11929 7219 11929 7245 11930 7219 11930 7246 11930 7246 11931 7219 11931 7234 11931 7246 11932 7234 11932 7247 11932 7247 11933 7234 11933 7233 11933 7247 11934 7233 11934 7248 11934 7249 11935 7250 11935 7251 11935 7251 11936 7250 11936 7252 11936 7251 11937 7252 11937 7253 11937 7253 11938 7252 11938 7254 11938 7255 11939 7256 11939 7254 11939 7254 11940 7256 11940 7257 11940 7254 11941 7257 11941 7253 11941 7258 11942 7259 11942 7255 11942 7255 11943 7259 11943 7260 11943 7255 11944 7260 11944 7256 11944 7250 11945 7261 11945 7252 11945 7252 11946 7261 11946 7262 11946 7252 11947 7262 11947 7254 11947 7254 11948 7262 11948 7263 11948 7254 11949 7263 11949 7255 11949 7255 11950 7263 11950 7264 11950 7255 11951 7264 11951 7258 11951 7258 11952 7264 11952 7265 11952 7261 11953 7266 11953 7262 11953 7262 11954 7266 11954 7267 11954 7262 11955 7267 11955 7263 11955 7263 11956 7267 11956 7268 11956 7263 11957 7268 11957 7264 11957 7264 11958 7268 11958 7269 11958 7264 11959 7269 11959 7265 11959 7265 11960 7269 11960 7270 11960 7266 11961 7244 11961 7267 11961 7267 11962 7244 11962 7245 11962 7267 11963 7245 11963 7268 11963 7268 11964 7245 11964 7246 11964 7268 11965 7246 11965 7269 11965 7269 11966 7246 11966 7247 11966 7269 11967 7247 11967 7270 11967 7270 11968 7247 11968 7248 11968 7249 11969 7251 11969 7271 11969 7271 11970 7251 11970 7272 11970 7251 11971 7253 11971 7272 11971 7272 11972 7253 11972 7257 11972 7272 11973 7257 11973 7273 11973 7273 11974 7257 11974 7256 11974 7273 11975 7256 11975 7274 11975 7274 11976 7256 11976 7260 11976 7274 11977 7260 11977 7259 11977 7275 11978 7276 11978 7277 11978 7276 11979 7278 11979 7279 11979 7280 11980 7281 11980 7282 11980 7282 11981 7281 11981 7275 11981 7283 11982 7284 11982 7280 11982 7276 11983 7279 11983 7277 11983 7277 11984 7279 11984 7285 11984 7277 11985 7285 11985 7286 11985 7286 11986 7285 11986 7287 11986 7286 11987 7287 11987 7288 11987 7288 11988 7287 11988 7289 11988 7288 11989 7289 11989 7290 11989 7290 11990 7289 11990 7291 11990 7290 11991 7291 11991 7292 11991 7292 11992 7291 11992 7271 11992 7292 11993 7271 11993 7272 11993 7275 11994 7277 11994 7282 11994 7282 11995 7277 11995 7286 11995 7282 11996 7286 11996 7293 11996 7293 11997 7286 11997 7288 11997 7293 11998 7288 11998 7294 11998 7294 11999 7288 11999 7290 11999 7294 12000 7290 12000 7295 12000 7295 12001 7290 12001 7292 12001 7295 12002 7292 12002 7296 12002 7296 12003 7292 12003 7272 12003 7296 12004 7272 12004 7273 12004 7280 12005 7282 12005 7283 12005 7283 12006 7282 12006 7293 12006 7283 12007 7293 12007 7297 12007 7297 12008 7293 12008 7294 12008 7297 12009 7294 12009 7298 12009 7298 12010 7294 12010 7295 12010 7298 12011 7295 12011 7299 12011 7299 12012 7295 12012 7296 12012 7299 12013 7296 12013 7300 12013 7300 12014 7296 12014 7273 12014 7300 12015 7273 12015 7274 12015 7284 12016 7301 12016 7302 12016 7303 12017 7278 12017 7276 12017 7303 12018 7276 12018 7304 12018 7304 12019 7276 12019 7275 12019 7304 12020 7275 12020 7305 12020 7305 12021 7275 12021 7281 12021 7305 12022 7281 12022 7302 12022 7302 12023 7281 12023 7280 12023 7302 12024 7280 12024 7284 12024 7305 12025 7302 12025 7306 12025 7302 12026 7301 12026 7307 12026 7303 12027 7304 12027 7308 12027 7308 12028 7304 12028 7305 12028 7302 12029 7307 12029 7306 12029 7306 12030 7307 12030 7309 12030 7306 12031 7309 12031 7310 12031 7310 12032 7309 12032 7311 12032 7310 12033 7311 12033 7312 12033 7312 12034 7311 12034 7313 12034 7312 12035 7313 12035 7314 12035 7314 12036 7313 12036 7315 12036 7314 12037 7315 12037 7316 12037 7316 12038 7315 12038 7317 12038 7316 12039 7317 12039 7318 12039 7318 12040 7317 12040 7319 12040 7318 12041 7319 12041 7320 12041 7320 12042 7319 12042 7321 12042 7320 12043 7321 12043 7322 12043 7305 12044 7306 12044 7308 12044 7308 12045 7306 12045 7310 12045 7308 12046 7310 12046 7323 12046 7323 12047 7310 12047 7312 12047 7323 12048 7312 12048 7324 12048 7324 12049 7312 12049 7314 12049 7324 12050 7314 12050 7325 12050 7325 12051 7314 12051 7316 12051 7325 12052 7316 12052 7326 12052 7326 12053 7316 12053 7318 12053 7326 12054 7318 12054 7327 12054 7327 12055 7318 12055 7320 12055 7327 12056 7320 12056 7328 12056 7328 12057 7320 12057 7322 12057 7328 12058 7322 12058 7329 12058 7303 12059 7308 12059 7330 12059 7330 12060 7308 12060 7323 12060 7330 12061 7323 12061 7331 12061 7331 12062 7323 12062 7324 12062 7331 12063 7324 12063 7332 12063 7332 12064 7324 12064 7325 12064 7332 12065 7325 12065 7333 12065 7333 12066 7325 12066 7326 12066 7333 12067 7326 12067 7334 12067 7334 12068 7326 12068 7327 12068 7334 12069 7327 12069 7335 12069 7335 12070 7327 12070 7328 12070 7335 12071 7328 12071 7336 12071 7336 12072 7328 12072 7329 12072 7336 12073 7329 12073 7337 12073 7338 12074 7337 12074 7329 12074 7338 12075 7329 12075 7339 12075 7339 12076 7329 12076 7322 12076 7339 12077 7322 12077 7340 12077 7340 12078 7322 12078 7321 12078 7340 12079 7321 12079 7341 12079 7342 12080 7343 12080 7344 12080 7343 12081 7345 12081 7346 12081 7343 12082 7346 12082 7344 12082 7344 12083 7346 12083 7347 12083 7344 12084 7347 12084 7348 12084 7348 12085 7347 12085 7349 12085 7348 12086 7349 12086 7350 12086 7350 12087 7349 12087 7338 12087 7350 12088 7338 12088 7339 12088 7351 12089 7352 12089 7353 12089 7353 12090 7352 12090 7342 12090 7342 12091 7344 12091 7353 12091 7353 12092 7344 12092 7348 12092 7353 12093 7348 12093 7354 12093 7354 12094 7348 12094 7350 12094 7354 12095 7350 12095 7355 12095 7355 12096 7350 12096 7339 12096 7355 12097 7339 12097 7340 12097 7351 12098 7353 12098 7356 12098 7356 12099 7353 12099 7354 12099 7356 12100 7354 12100 7357 12100 7357 12101 7354 12101 7355 12101 7357 12102 7355 12102 7358 12102 7358 12103 7355 12103 7340 12103 7358 12104 7340 12104 7341 12104 7359 12105 7345 12105 7343 12105 7359 12106 7343 12106 7360 12106 7360 12107 7343 12107 7342 12107 7360 12108 7342 12108 7361 12108 7361 12109 7342 12109 7352 12109 7361 12110 7352 12110 7362 12110 7362 12111 7352 12111 7351 12111 7362 12112 7351 12112 7363 12112 7364 12113 7365 12113 7366 12113 7367 12114 7368 12114 7369 12114 7369 12115 7368 12115 7370 12115 7369 12116 7370 12116 7371 12116 7371 12117 7370 12117 7372 12117 7371 12118 7372 12118 7373 12118 7373 12119 7372 12119 7366 12119 7374 12120 7367 12120 7375 12120 7375 12121 7367 12121 7369 12121 7375 12122 7369 12122 7376 12122 7376 12123 7369 12123 7371 12123 7376 12124 7371 12124 7377 12124 7377 12125 7371 12125 7373 12125 7377 12126 7373 12126 7378 12126 7378 12127 7373 12127 7379 12127 7366 12128 7365 12128 7373 12128 7373 12129 7365 12129 7380 12129 7373 12130 7380 12130 7379 12130 7381 12131 7364 12131 7382 12131 7382 12132 7364 12132 7366 12132 7382 12133 7366 12133 7383 12133 7383 12134 7366 12134 7372 12134 7383 12135 7372 12135 7384 12135 7384 12136 7372 12136 7370 12136 7384 12137 7370 12137 7385 12137 7385 12138 7370 12138 7368 12138 7385 12139 7359 12139 7384 12139 7384 12140 7359 12140 7360 12140 7384 12141 7360 12141 7383 12141 7383 12142 7360 12142 7361 12142 7383 12143 7361 12143 7382 12143 7382 12144 7361 12144 7362 12144 7382 12145 7362 12145 7381 12145 7381 12146 7362 12146 7363 12146 7386 12147 7374 12147 7375 12147 7386 12148 7375 12148 7387 12148 7387 12149 7375 12149 7376 12149 7387 12150 7376 12150 7388 12150 7388 12151 7376 12151 7377 12151 7388 12152 7377 12152 7389 12152 7389 12153 7377 12153 7378 12153 7389 12154 7378 12154 7390 12154 7386 12155 7387 12155 7391 12155 7387 12156 7388 12156 7392 12156 7393 12157 7394 12157 7395 12157 7390 12158 7394 12158 7389 12158 7389 12159 7394 12159 7393 12159 7389 12160 7393 12160 7388 12160 7396 12161 7397 12161 7395 12161 7395 12162 7397 12162 7398 12162 7395 12163 7398 12163 7393 12163 7396 12164 7399 12164 7397 12164 7397 12165 7399 12165 7400 12165 7397 12166 7400 12166 7401 12166 7401 12167 7400 12167 7402 12167 7401 12168 7402 12168 7403 12168 7388 12169 7393 12169 7392 12169 7392 12170 7393 12170 7398 12170 7392 12171 7398 12171 7404 12171 7404 12172 7398 12172 7397 12172 7404 12173 7397 12173 7405 12173 7405 12174 7397 12174 7401 12174 7405 12175 7401 12175 7406 12175 7406 12176 7401 12176 7403 12176 7406 12177 7403 12177 7407 12177 7387 12178 7392 12178 7391 12178 7391 12179 7392 12179 7404 12179 7391 12180 7404 12180 7408 12180 7408 12181 7404 12181 7405 12181 7408 12182 7405 12182 7409 12182 7409 12183 7405 12183 7406 12183 7409 12184 7406 12184 7410 12184 7410 12185 7406 12185 7407 12185 7410 12186 7407 12186 7411 12186 7386 12187 7391 12187 7412 12187 7412 12188 7391 12188 7408 12188 7412 12189 7408 12189 7413 12189 7413 12190 7408 12190 7409 12190 7413 12191 7409 12191 7414 12191 7414 12192 7409 12192 7410 12192 7414 12193 7410 12193 7415 12193 7415 12194 7410 12194 7411 12194 7415 12195 7411 12195 7416 12195 7417 12196 7416 12196 7411 12196 7417 12197 7411 12197 7418 12197 7418 12198 7411 12198 7407 12198 7418 12199 7407 12199 7419 12199 7419 12200 7407 12200 7403 12200 7419 12201 7403 12201 7420 12201 7420 12202 7403 12202 7402 12202 7420 12203 7402 12203 7421 12203 7422 12204 7423 12204 7424 12204 7423 12205 7425 12205 7426 12205 7425 12206 7427 12206 7428 12206 7425 12207 7428 12207 7426 12207 7426 12208 7428 12208 7429 12208 7426 12209 7429 12209 7430 12209 7430 12210 7429 12210 7431 12210 7430 12211 7431 12211 7432 12211 7431 12212 7417 12212 7432 12212 7432 12213 7417 12213 7418 12213 7432 12214 7418 12214 7419 12214 7423 12215 7426 12215 7424 12215 7424 12216 7426 12216 7430 12216 7424 12217 7430 12217 7433 12217 7433 12218 7430 12218 7432 12218 7433 12219 7432 12219 7434 12219 7434 12220 7432 12220 7419 12220 7434 12221 7419 12221 7420 12221 7422 12222 7424 12222 7435 12222 7435 12223 7424 12223 7433 12223 7435 12224 7433 12224 7436 12224 7436 12225 7433 12225 7434 12225 7436 12226 7434 12226 7437 12226 7437 12227 7434 12227 7420 12227 7437 12228 7420 12228 7421 12228 7438 12229 7427 12229 7425 12229 7438 12230 7425 12230 7439 12230 7439 12231 7425 12231 7423 12231 7439 12232 7423 12232 7440 12232 7440 12233 7423 12233 7422 12233 7440 12234 7422 12234 7441 12234 7442 12235 7441 12235 7422 12235 6671 12236 6523 12236 6675 12236 6675 12237 6523 12237 6511 12237 6675 12238 6511 12238 6770 12238 6770 12239 6511 12239 6514 12239 6466 12240 6475 12240 6465 12240 6465 12241 6475 12241 6776 12241 6465 12242 6776 12242 7422 12242 7422 12243 6776 12243 6770 12243 7422 12244 6770 12244 7442 12244 7442 12245 6770 12245 6514 12245 7442 12246 6514 12246 7443 12246 7443 12247 6514 12247 7134 12247 7443 12248 7134 12248 7143 12248 7421 12249 6463 12249 6462 12249 7421 12250 6462 12250 7437 12250 7437 12251 6462 12251 6457 12251 7437 12252 6457 12252 7436 12252 7436 12253 6457 12253 6458 12253 7436 12254 6458 12254 7435 12254 7435 12255 6458 12255 6465 12255 7435 12256 6465 12256 7422 12256 7402 12257 6464 12257 7421 12257 7421 12258 6464 12258 6463 12258 7394 12259 7390 12259 6472 12259 6472 12260 7390 12260 6473 12260 7394 12261 6472 12261 7395 12261 7395 12262 6472 12262 6471 12262 7395 12263 6471 12263 7396 12263 7396 12264 6471 12264 7399 12264 7399 12265 6471 12265 6470 12265 7399 12266 6470 12266 7400 12266 7400 12267 6470 12267 6464 12267 7400 12268 6464 12268 7402 12268 7378 12269 6474 12269 7390 12269 7390 12270 6474 12270 6473 12270 7378 12271 7379 12271 6474 12271 6474 12272 7379 12272 6461 12272 7379 12273 7380 12273 6461 12273 6461 12274 7380 12274 7365 12274 6461 12275 7365 12275 6460 12275 6460 12276 7365 12276 7364 12276 6460 12277 7364 12277 6459 12277 6459 12278 7364 12278 7381 12278 6459 12279 7381 12279 7363 12279 6420 12280 6425 12280 6419 12280 6419 12281 6425 12281 6910 12281 6419 12282 6910 12282 7351 12282 7351 12283 6910 12283 6900 12283 7363 12284 7351 12284 6459 12284 6459 12285 7351 12285 6900 12285 6459 12286 6900 12286 6456 12286 6456 12287 6900 12287 6808 12287 6456 12288 6808 12288 6479 12288 6479 12289 6808 12289 6805 12289 7341 12290 6416 12290 6415 12290 7341 12291 6415 12291 7358 12291 7358 12292 6415 12292 6413 12292 7358 12293 6413 12293 7357 12293 7357 12294 6413 12294 6414 12294 7357 12295 6414 12295 7356 12295 7356 12296 6414 12296 6419 12296 7356 12297 6419 12297 7351 12297 7321 12298 6417 12298 7341 12298 7341 12299 6417 12299 6416 12299 7301 12300 6412 12300 7307 12300 7307 12301 6412 12301 6411 12301 7307 12302 6411 12302 7309 12302 7309 12303 6411 12303 7311 12303 7311 12304 6411 12304 6410 12304 7311 12305 6410 12305 7313 12305 7313 12306 6410 12306 7315 12306 7315 12307 6410 12307 6418 12307 7315 12308 6418 12308 7317 12308 7317 12309 6418 12309 7319 12309 7319 12310 6418 12310 6417 12310 7319 12311 6417 12311 7321 12311 7284 12312 6424 12312 7301 12312 7301 12313 6424 12313 6412 12313 7284 12314 7283 12314 6424 12314 6424 12315 7283 12315 6423 12315 7283 12316 7297 12316 6423 12316 6423 12317 7297 12317 7298 12317 6423 12318 7298 12318 6407 12318 7274 12319 6408 12319 7300 12319 7300 12320 6408 12320 6407 12320 7300 12321 6407 12321 7299 12321 7299 12322 6407 12322 7298 12322 7104 12323 7070 12323 7049 12323 6938 12324 6431 12324 6939 12324 6939 12325 6431 12325 6409 12325 6939 12326 6409 12326 7032 12326 7032 12327 6409 12327 6408 12327 7032 12328 6408 12328 7274 12328 7049 12329 7043 12329 7104 12329 7104 12330 7043 12330 7032 12330 7104 12331 7032 12331 7259 12331 7259 12332 7032 12332 7274 12332 7248 12333 7110 12333 7111 12333 7248 12334 7111 12334 7270 12334 7270 12335 7111 12335 7103 12335 7270 12336 7103 12336 7265 12336 7265 12337 7103 12337 7102 12337 7265 12338 7102 12338 7258 12338 7258 12339 7102 12339 7104 12339 7258 12340 7104 12340 7259 12340 7233 12341 7109 12341 7248 12341 7248 12342 7109 12342 7110 12342 7113 12343 7106 12343 7224 12343 7224 12344 7106 12344 7105 12344 7224 12345 7105 12345 7225 12345 7225 12346 7105 12346 7227 12346 7227 12347 7105 12347 7108 12347 7227 12348 7108 12348 7229 12348 7229 12349 7108 12349 7231 12349 7231 12350 7108 12350 7109 12350 7231 12351 7109 12351 7233 12351 7444 12352 7445 12352 7446 12352 7447 12353 7448 12353 7449 12353 7449 12354 7448 12354 7450 12354 7451 12355 7452 12355 7453 12355 7453 12356 7452 12356 7454 12356 7453 12357 7454 12357 7455 12357 7455 12358 7454 12358 7456 12358 7455 12359 7456 12359 7457 12359 7457 12360 7456 12360 7458 12360 7444 12361 7446 12361 7459 12361 7460 12362 7461 12362 7462 12362 7462 12363 7461 12363 7463 12363 7464 12364 7465 12364 7466 12364 7466 12365 7465 12365 7467 12365 7467 12366 7462 12366 7466 12366 7466 12367 7462 12367 7463 12367 7466 12368 7463 12368 7456 12368 7456 12369 7463 12369 7468 12369 7456 12370 7468 12370 7458 12370 7464 12371 7466 12371 7469 12371 7469 12372 7466 12372 7470 12372 7469 12373 7470 12373 7471 12373 7471 12374 7470 12374 7472 12374 7471 12375 7472 12375 7473 12375 7450 12376 7459 12376 7449 12376 7449 12377 7459 12377 7446 12377 7449 12378 7446 12378 7472 12378 7472 12379 7446 12379 7474 12379 7472 12380 7474 12380 7473 12380 7475 12381 7476 12381 7477 12381 7477 12382 7476 12382 7478 12382 7477 12383 7478 12383 7449 12383 7449 12384 7478 12384 7479 12384 7449 12385 7479 12385 7447 12385 7480 12386 7481 12386 7482 12386 7483 12387 7484 12387 7485 12387 7485 12388 7484 12388 7486 12388 7485 12389 7486 12389 7487 12389 7480 12390 7482 12390 7488 12390 7489 12391 7490 12391 7491 12391 7491 12392 7490 12392 7492 12392 7491 12393 7492 12393 7493 12393 7493 12394 7492 12394 7485 12394 7493 12395 7485 12395 7494 12395 7494 12396 7485 12396 7487 12396 7495 12397 7496 12397 7497 12397 7498 12398 7499 12398 7500 12398 7500 12399 7499 12399 7501 12399 7500 12400 7501 12400 7502 12400 7502 12401 7501 12401 7503 12401 7503 12402 7504 12402 7502 12402 7502 12403 7504 12403 7505 12403 7502 12404 7505 12404 7506 12404 7497 12405 7484 12405 7495 12405 7495 12406 7484 12406 7483 12406 7495 12407 7483 12407 7507 12407 7507 12408 7483 12408 7508 12408 7506 12409 7488 12409 7502 12409 7502 12410 7488 12410 7482 12410 7502 12411 7482 12411 7509 12411 7509 12412 7482 12412 7510 12412 7510 12413 7511 12413 7509 12413 7509 12414 7511 12414 7512 12414 7509 12415 7512 12415 7513 12415 7513 12416 7512 12416 7514 12416 7513 12417 7514 12417 7483 12417 7483 12418 7514 12418 7515 12418 7483 12419 7515 12419 7508 12419 534 12420 7516 12420 7517 12420 534 12421 7517 12421 7518 12421 7518 12422 7517 12422 7519 12422 7518 12423 7519 12423 523 12423 523 12424 7519 12424 7520 12424 523 12425 7520 12425 7521 12425 7521 12426 7520 12426 7522 12426 7521 12427 7522 12427 524 12427 524 12428 7522 12428 7523 12428 524 12429 7523 12429 7524 12429 7524 12430 7523 12430 7525 12430 7524 12431 7525 12431 525 12431 7526 12432 527 12432 7527 12432 7527 12433 527 12433 525 12433 7527 12434 525 12434 7525 12434 527 12435 7526 12435 7528 12435 527 12436 7528 12436 7529 12436 7529 12437 7528 12437 7530 12437 7529 12438 7530 12438 528 12438 528 12439 7530 12439 7531 12439 528 12440 7531 12440 7532 12440 7532 12441 7531 12441 7533 12441 7532 12442 7533 12442 529 12442 529 12443 7533 12443 7534 12443 529 12444 7534 12444 7535 12444 7535 12445 7534 12445 7536 12445 7535 12446 7536 12446 530 12446 521 12447 7537 12447 7538 12447 521 12448 7538 12448 7539 12448 7539 12449 7538 12449 7540 12449 7539 12450 7540 12450 522 12450 522 12451 7540 12451 7541 12451 522 12452 7541 12452 7542 12452 7542 12453 7541 12453 7543 12453 7542 12454 7543 12454 532 12454 532 12455 7543 12455 7544 12455 532 12456 7544 12456 7545 12456 7545 12457 7544 12457 7546 12457 7545 12458 7546 12458 533 12458 531 12459 7547 12459 7548 12459 531 12460 7548 12460 7549 12460 7549 12461 7548 12461 7550 12461 7549 12462 7550 12462 517 12462 517 12463 7550 12463 7551 12463 517 12464 7551 12464 7552 12464 7552 12465 7551 12465 7553 12465 7552 12466 7553 12466 518 12466 518 12467 7553 12467 7554 12467 518 12468 7554 12468 7555 12468 7555 12469 7554 12469 7556 12469 7555 12470 7556 12470 520 12470 7537 12471 521 12471 7557 12471 7557 12472 521 12472 520 12472 7557 12473 520 12473 7556 12473 7558 12474 7559 12474 7534 12474 7560 12475 7561 12475 7562 12475 7561 12476 7563 12476 7562 12476 7562 12477 7563 12477 7564 12477 7562 12478 7564 12478 7557 12478 7557 12479 7564 12479 7565 12479 7557 12480 7565 12480 7537 12480 7537 12481 7565 12481 7566 12481 7537 12482 7566 12482 7538 12482 7538 12483 7566 12483 7567 12483 7538 12484 7567 12484 7540 12484 7540 12485 7567 12485 7568 12485 7540 12486 7568 12486 7541 12486 7541 12487 7568 12487 7569 12487 7560 12488 7562 12488 7570 12488 7570 12489 7562 12489 7571 12489 7570 12490 7571 12490 7572 12490 7572 12491 7571 12491 7546 12491 7572 12492 7546 12492 7573 12492 7573 12493 7546 12493 7544 12493 7573 12494 7544 12494 7569 12494 7569 12495 7544 12495 7543 12495 7569 12496 7543 12496 7541 12496 7574 12497 7562 12497 7575 12497 7575 12498 7562 12498 7527 12498 7575 12499 7527 12499 7576 12499 7576 12500 7527 12500 7577 12500 7577 12501 7527 12501 7525 12501 7577 12502 7525 12502 7578 12502 7578 12503 7525 12503 7523 12503 7578 12504 7523 12504 7579 12504 7574 12505 7580 12505 7562 12505 7562 12506 7580 12506 7581 12506 7562 12507 7581 12507 7571 12507 7571 12508 7581 12508 7582 12508 7571 12509 7582 12509 7516 12509 7516 12510 7582 12510 7583 12510 7516 12511 7583 12511 7517 12511 7517 12512 7583 12512 7584 12512 7517 12513 7584 12513 7519 12513 7519 12514 7584 12514 7585 12514 7519 12515 7585 12515 7520 12515 7520 12516 7585 12516 7579 12516 7520 12517 7579 12517 7522 12517 7522 12518 7579 12518 7523 12518 7534 12519 7559 12519 7536 12519 7536 12520 7559 12520 7586 12520 7536 12521 7586 12521 7587 12521 7588 12522 7562 12522 7589 12522 7589 12523 7562 12523 7587 12523 7589 12524 7587 12524 7590 12524 7590 12525 7587 12525 7586 12525 7534 12526 7533 12526 7558 12526 7558 12527 7533 12527 7531 12527 7558 12528 7531 12528 7591 12528 7591 12529 7531 12529 7530 12529 7591 12530 7530 12530 7592 12530 7592 12531 7530 12531 7528 12531 7592 12532 7528 12532 7593 12532 7593 12533 7528 12533 7526 12533 7593 12534 7526 12534 7594 12534 7594 12535 7526 12535 7527 12535 7594 12536 7527 12536 7595 12536 7595 12537 7527 12537 7562 12537 7595 12538 7562 12538 7596 12538 7596 12539 7562 12539 7588 12539 7597 12540 7598 12540 7554 12540 7554 12541 7598 12541 7556 12541 7556 12542 7598 12542 7599 12542 7556 12543 7599 12543 7557 12543 7557 12544 7599 12544 7600 12544 7557 12545 7600 12545 7601 12545 7602 12546 7603 12546 7557 12546 7604 12547 7605 12547 7606 12547 7606 12548 7605 12548 7607 12548 7606 12549 7607 12549 7601 12549 7608 12550 7609 12550 7604 12550 7604 12551 7609 12551 7610 12551 7604 12552 7610 12552 7605 12552 7603 12553 7611 12553 7557 12553 7557 12554 7611 12554 7612 12554 7557 12555 7612 12555 7613 12555 7614 12556 7562 12556 7615 12556 7615 12557 7562 12557 7557 12557 7615 12558 7557 12558 7616 12558 7616 12559 7557 12559 7613 12559 7554 12560 7553 12560 7597 12560 7597 12561 7553 12561 7551 12561 7597 12562 7551 12562 7617 12562 7617 12563 7551 12563 7550 12563 7617 12564 7550 12564 7618 12564 7618 12565 7550 12565 7548 12565 7618 12566 7548 12566 7619 12566 7619 12567 7548 12567 7547 12567 7619 12568 7547 12568 7620 12568 7620 12569 7547 12569 7587 12569 7620 12570 7587 12570 7608 12570 7608 12571 7587 12571 7621 12571 7608 12572 7621 12572 7609 12572 7587 12573 7622 12573 7623 12573 7614 12574 7624 12574 7562 12574 7562 12575 7624 12575 7625 12575 7562 12576 7625 12576 7626 12576 7622 12577 7587 12577 7627 12577 7627 12578 7587 12578 7562 12578 7627 12579 7562 12579 7628 12579 7607 12580 7629 12580 7601 12580 7601 12581 7629 12581 7630 12581 7601 12582 7630 12582 7557 12582 7557 12583 7630 12583 7631 12583 7557 12584 7631 12584 7602 12584 7626 12585 7632 12585 7562 12585 7562 12586 7632 12586 7633 12586 7562 12587 7633 12587 7628 12587 7623 12588 7634 12588 7587 12588 7587 12589 7634 12589 7635 12589 7587 12590 7635 12590 7636 12590 7636 12591 7637 12591 7587 12591 7587 12592 7637 12592 7638 12592 7587 12593 7638 12593 7621 12593 7639 12594 7640 12594 7641 12594 7641 12595 7640 12595 7642 12595 7641 12596 7642 12596 7643 12596 7644 12597 7645 12597 7646 12597 7644 12598 7646 12598 7647 12598 7647 12599 7646 12599 7648 12599 7647 12600 7648 12600 7649 12600 7649 12601 7648 12601 7650 12601 7649 12602 7650 12602 7651 12602 7651 12603 7650 12603 7652 12603 7651 12604 7652 12604 7653 12604 7653 12605 7652 12605 7654 12605 7653 12606 7654 12606 7655 12606 7655 12607 7654 12607 7640 12607 7655 12608 7640 12608 7639 12608 7656 12609 7657 12609 7658 12609 7656 12610 7658 12610 7659 12610 7659 12611 7658 12611 7660 12611 7659 12612 7660 12612 7661 12612 7661 12613 7660 12613 7662 12613 7661 12614 7662 12614 7663 12614 7663 12615 7662 12615 7664 12615 7663 12616 7664 12616 7665 12616 7665 12617 7664 12617 7666 12617 7665 12618 7666 12618 7667 12618 7667 12619 7666 12619 7668 12619 7667 12620 7668 12620 7669 12620 7670 12621 7671 12621 7672 12621 7672 12622 7671 12622 7657 12622 7672 12623 7657 12623 7656 12623 7673 12624 7674 12624 7675 12624 7673 12625 7675 12625 7676 12625 7676 12626 7675 12626 7677 12626 7676 12627 7677 12627 7678 12627 7678 12628 7677 12628 7679 12628 7678 12629 7679 12629 7680 12629 7680 12630 7679 12630 7681 12630 7680 12631 7681 12631 7682 12631 7682 12632 7681 12632 7683 12632 7682 12633 7683 12633 7684 12633 7684 12634 7683 12634 7671 12634 7684 12635 7671 12635 7670 12635 7685 12636 7686 12636 7647 12636 7641 12637 7687 12637 7688 12637 7688 12638 7687 12638 7689 12638 7690 12639 7691 12639 7692 12639 7692 12640 7691 12640 7643 12640 7643 12641 7691 12641 7693 12641 7643 12642 7693 12642 7641 12642 7641 12643 7693 12643 7694 12643 7641 12644 7694 12644 7687 12644 7689 12645 7695 12645 7688 12645 7688 12646 7695 12646 7696 12646 7688 12647 7696 12647 7697 12647 7697 12648 7696 12648 7698 12648 7697 12649 7698 12649 7699 12649 7699 12650 7698 12650 7700 12650 7699 12651 7700 12651 7701 12651 7701 12652 7700 12652 7702 12652 7701 12653 7702 12653 7703 12653 7703 12654 7702 12654 7704 12654 7703 12655 7704 12655 7705 12655 7705 12656 7704 12656 7690 12656 7705 12657 7690 12657 7706 12657 7706 12658 7690 12658 7692 12658 7647 12659 7686 12659 7644 12659 7644 12660 7686 12660 7707 12660 7644 12661 7707 12661 7708 12661 7709 12662 7688 12662 7710 12662 7710 12663 7688 12663 7708 12663 7710 12664 7708 12664 7711 12664 7711 12665 7708 12665 7707 12665 7709 12666 7712 12666 7688 12666 7688 12667 7712 12667 7713 12667 7688 12668 7713 12668 7641 12668 7641 12669 7713 12669 7714 12669 7641 12670 7714 12670 7639 12670 7639 12671 7714 12671 7715 12671 7639 12672 7715 12672 7655 12672 7655 12673 7715 12673 7716 12673 7655 12674 7716 12674 7653 12674 7653 12675 7716 12675 7717 12675 7653 12676 7717 12676 7651 12676 7651 12677 7717 12677 7685 12677 7651 12678 7685 12678 7649 12678 7649 12679 7685 12679 7647 12679 7672 12680 7656 12680 7718 12680 7718 12681 7656 12681 7719 12681 7719 12682 7656 12682 7659 12682 7719 12683 7659 12683 7720 12683 7721 12684 7722 12684 7688 12684 7723 12685 7724 12685 7725 12685 7725 12686 7724 12686 7726 12686 7725 12687 7726 12687 7727 12687 7727 12688 7726 12688 7728 12688 7729 12689 7730 12689 7728 12689 7728 12690 7730 12690 7731 12690 7728 12691 7731 12691 7727 12691 7723 12692 7732 12692 7724 12692 7724 12693 7732 12693 7672 12693 7724 12694 7672 12694 7733 12694 7733 12695 7672 12695 7718 12695 7659 12696 7661 12696 7720 12696 7720 12697 7661 12697 7663 12697 7720 12698 7663 12698 7734 12698 7734 12699 7663 12699 7665 12699 7734 12700 7665 12700 7735 12700 7735 12701 7665 12701 7667 12701 7735 12702 7667 12702 7736 12702 7736 12703 7667 12703 7669 12703 7736 12704 7669 12704 7737 12704 7737 12705 7669 12705 7708 12705 7737 12706 7708 12706 7729 12706 7729 12707 7708 12707 7738 12707 7729 12708 7738 12708 7730 12708 7722 12709 7739 12709 7688 12709 7688 12710 7739 12710 7740 12710 7688 12711 7740 12711 7741 12711 7742 12712 7743 12712 7708 12712 7708 12713 7743 12713 7744 12713 7708 12714 7744 12714 7738 12714 7732 12715 7745 12715 7672 12715 7672 12716 7745 12716 7746 12716 7672 12717 7746 12717 7747 12717 7747 12718 7748 12718 7672 12718 7672 12719 7748 12719 7749 12719 7672 12720 7749 12720 7750 12720 7741 12721 7751 12721 7688 12721 7688 12722 7751 12722 7752 12722 7688 12723 7752 12723 7708 12723 7708 12724 7752 12724 7753 12724 7708 12725 7753 12725 7754 12725 7754 12726 7755 12726 7708 12726 7708 12727 7755 12727 7756 12727 7708 12728 7756 12728 7742 12728 7750 12729 7757 12729 7672 12729 7672 12730 7757 12730 7758 12730 7672 12731 7758 12731 7688 12731 7688 12732 7758 12732 7759 12732 7688 12733 7759 12733 7721 12733 7688 12734 7760 12734 7761 12734 7760 12735 7688 12735 7762 12735 7762 12736 7688 12736 7697 12736 7762 12737 7697 12737 7763 12737 7763 12738 7697 12738 7673 12738 7763 12739 7673 12739 7764 12739 7764 12740 7673 12740 7676 12740 7764 12741 7676 12741 7765 12741 7676 12742 7678 12742 7765 12742 7765 12743 7678 12743 7680 12743 7765 12744 7680 12744 7766 12744 7766 12745 7680 12745 7682 12745 7766 12746 7682 12746 7767 12746 7767 12747 7682 12747 7684 12747 7767 12748 7684 12748 7768 12748 7768 12749 7684 12749 7670 12749 7768 12750 7670 12750 7769 12750 7769 12751 7670 12751 7672 12751 7769 12752 7672 12752 7770 12752 7770 12753 7672 12753 7688 12753 7770 12754 7688 12754 7771 12754 7771 12755 7688 12755 7761 12755 7643 12756 7642 12756 7772 12756 7643 12757 7772 12757 7692 12757 7692 12758 7772 12758 7773 12758 7692 12759 7773 12759 7706 12759 7706 12760 7773 12760 7774 12760 7706 12761 7774 12761 7705 12761 7705 12762 7774 12762 7775 12762 7705 12763 7775 12763 7703 12763 7703 12764 7775 12764 7776 12764 7703 12765 7776 12765 7701 12765 7701 12766 7776 12766 7777 12766 7701 12767 7777 12767 7699 12767 7778 12768 7779 12768 7780 12768 7780 12769 7779 12769 7781 12769 7781 12770 7782 12770 7780 12770 7780 12771 7782 12771 7783 12771 7784 12772 7785 12772 7782 12772 7782 12773 7785 12773 7783 12773 7784 12774 7779 12774 7785 12774 7785 12775 7779 12775 7778 12775</p>
        </triangles>
      </mesh>
    </geometry>
    </library_geometries>
  <library_visual_scenes>
    <visual_scene id="Scene" name="Scene">
      <node id="link_1" name="link_1" type="NODE">
        <matrix sid="transform">1 0 0 0 0 1 0 0 0 0 1 0 0 0 0 1</matrix>
        <instance_geometry url="#link_1-mesh" name="link_1" />
      </node>
      </visual_scene>
  </library_visual_scenes>
  <scene>
    <instance_visual_scene url="#Scene" />
  </scene>
</COLLADA>