<?xml version='1.0' encoding='utf-8'?>
<COLLADA xmlns="http://www.collada.org/2005/11/COLLADASchema" version="1.4.1">
  <asset>
    <contributor>
      <author>Blender User</author>
      <authoring_tool>Blender 4.5.7 LTS commit date:2026-02-16, commit time:13:34, hash:a9874eeece8d</authoring_tool>
    </contributor>
    <created>2026-06-15T02:29:07</created>
    <modified>2026-06-16T00:38:35</modified>
    <unit name="meter" meter="1" />
    <up_axis>Z_UP</up_axis>
  </asset>
  <library_cameras>
    <camera id="Camera-camera" name="Camera">
      <optics>
        <technique_common>
          <perspective>
            <xfov sid="xfov">39.59775</xfov>
            <aspect_ratio>1.777778</aspect_ratio>
            <znear sid="znear">0.1</znear>
            <zfar sid="zfar">100</zfar>
          </perspective>
        </technique_common>
      </optics>
      <extra>
        <technique profile="blender">
          <shiftx sid="shiftx" type="float">0</shiftx>
          <shifty sid="shifty" type="float">0</shifty>
          <dof_distance sid="dof_distance" type="float">10</dof_distance>
        </technique>
      </extra>
    </camera>
  </library_cameras>
  <library_lights>
    <light id="Light-light" name="Light">
      <technique_common>
        <point>
          <color sid="color">1000 1000 1000</color>
          <constant_attenuation>1</constant_attenuation>
          <linear_attenuation>0</linear_attenuation>
          <quadratic_attenuation>0</quadratic_attenuation>
        </point>
      </technique_common>
      <extra>
        <technique profile="blender">
          <type sid="type" type="int">0</type>
          <flag sid="flag" type="int">0</flag>
          <mode sid="mode" type="int">2097153</mode>
          <red sid="red" type="float">1</red>
          <green sid="green" type="float">1</green>
          <blue sid="blue" type="float">1</blue>
          <energy sid="blender_energy" type="float">1000</energy>
          <spotsize sid="spotsize" type="float">75</spotsize>
          <spotblend sid="spotblend" type="float">0.15</spotblend>
          <clipsta sid="clipsta" type="float">0.04999995</clipsta>
          <clipend sid="clipend" type="float">40</clipend>
          <radius sid="radius" type="float">0.1</radius>
          <area_shape sid="area_shape" type="int">1</area_shape>
          <area_size sid="area_size" type="float">0.1</area_size>
          <area_sizey sid="area_sizey" type="float">0.1</area_sizey>
          <area_sizez sid="area_sizez" type="float">1</area_sizez>
        </technique>
      </extra>
    </light>
  </library_lights>
  <library_geometries>
    <geometry id="link_2-mesh" name="link_2">
      <mesh>
        <source id="link_2-mesh-positions">
          <float_array id="link_2-mesh-positions-array" count="12129">0.007613956 -0.05447041 0.00999999 -0.03077495 -0.04558396 0.00999999 -0.005783915 -0.05469501 0.00999999 -0.01883858 -0.05167305 0.00999999 0.2701444 -0.04576241 0.00999999 0.2643131 -0.03861272 0.00999999 0.257855 -0.04937911 0.00999999 0.2612338 -0.03820735 0.00999999 0.24505 -0.04975432 0.00999999 0.2150398 -0.01907312 0.00999999 0.1856909 -0.04562777 0.00999999 0.2125758 -0.01718246 0.00999999 0.1261914 -0.04503899 0.00999999 0.2113872 -0.01431304 0.00999999 0.06676238 -0.04799002 0.00999999 0.1856909 0.04562777 0.00999999 0.2322275 0.03690671 0.00999999 0.234174 0.03820735 0.00999999 0.2811115 -0.03914171 0.00999999 0.2690732 -0.03496015 0.00999999 0.2671825 -0.03742414 0.00999999 0.24505 0.04975432 0.00999999 0.2364701 0.03866404 0.00999999 0.2387661 0.03820735 0.00999999 0.257855 0.04937911 0.00999999 0.2701444 0.04576241 0.00999999 0.1261914 0.04503899 0.00999999 0.06676238 0.04799002 0.00999999 0.2117926 -0.0112338 0.00999999 0.007613956 0.05447041 0.00999999 0.2811115 0.03914171 0.00999999 0.2849602 0.01907312 0.00999999 0.2900363 0.02995157 0.00999999 0.2869067 0.01777249 0.00999999 0.2963328 0.01879531 0.00999999 0.2882074 0.01582598 0.00999999 0.299588 0.006405234 0.00999999 0.2886641 0.01352989 0.00999999 0.2882074 0.0112338 0.00999999 -0.04856759 0.02581059 0.00999999 -0.04088467 0.03678911 0.00999999 -0.03077495 0.04558396 0.00999999 -0.05336767 0.0133 0.00999999 -0.05499994 0 0.00999999 -0.05336767 -0.0133 0.00999999 -0.04088467 -0.03678911 0.00999999 -0.04856759 -0.02581059 0.00999999 0.2309268 0.03496015 0.00999999 -0.005783915 0.05469501 0.00999999 -0.01883858 0.05167305 0.00999999 0.2900363 -0.02995157 0.00999999 0.2963328 -0.01879531 0.00999999 0.299588 -0.006405234 0.00999999 0.24505 0.04975432 0 0.257855 0.04937911 0 0.2701444 0.04576241 0 0.2811115 0.03914171 0 0.2900363 0.02995157 0 0.2963328 0.01879531 0 0.299588 0.006405234 0 0.299588 -0.006405234 0 0.2963328 -0.01879531 0 0.2900363 -0.02995157 0 0.2811115 -0.03914171 0 0.2701444 -0.04576241 0 0.257855 -0.04937911 0 0.24505 -0.04975432 0 0.1856909 -0.04562777 0 0.1261914 -0.04503899 0 0.06676238 -0.04799002 0 0.007613956 -0.05447041 0 -0.005783915 -0.05469501 0 -0.01883858 -0.05167305 0 -0.03077495 -0.04558396 0 -0.04088467 -0.03678911 0 -0.04856759 -0.02581059 0 -0.05336767 -0.0133 0 -0.05499994 0 0.00999999 -0.05499994 0 0 -0.05336767 0.0133 0 -0.04856759 0.02581059 0 -0.04088467 0.03678911 0 -0.03077495 0.04558396 0 -0.01883858 0.05167305 0 -0.005783915 0.05469501 0 0.007613956 0.05447041 0 0.06676238 0.04799002 0 0.1261914 0.04503899 0 0.1856909 0.04562777 0 0.2200663 0.021748 0 0.01856905 -0.0406605 0 0.02927225 -0.033782 0 0.2614336 -0.03518909 0 0.25 -0.037 0 0.2385663 -0.03518909 0 0.2282519 -0.02993363 0 0.2200663 -0.021748 0 0.2851891 0.0114336 0 0.287 0 0 0.2851891 -0.0114336 0 0.2799336 -0.021748 0 0.2717481 -0.02993363 0 0.2148109 0.0114336 0 0.2129999 0 0 0.006361424 -0.044245 0 0.2614336 0.03518909 0 0.2717481 0.02993363 0 0.2799336 0.021748 0 0.03760403 -0.02416664 0 0.04288929 -0.01259344 0 0.2282519 0.02993363 0 0.04469996 0 0 0.2385663 0.03518909 0 0.04288929 0.01259344 0 0.03760403 0.02416664 0 0.25 0.037 0 0.2148109 -0.0114336 0 -0.006361424 -0.044245 0 -0.01856905 -0.0406605 0 -0.02927225 -0.033782 0 -0.02927225 0.033782 0 -0.01856905 0.0406605 0 -0.006361424 0.044245 0 0.006361424 0.044245 0 0.01856905 0.0406605 0 0.02927225 0.033782 0 -0.03760403 -0.02416664 0 -0.04288929 -0.01259344 0 -0.04469996 0 0 -0.05499994 0 0 -0.04288929 0.01259344 0 -0.03760403 0.02416664 0 0.04469996 0 -0.08099997 0.04288929 -0.01259344 -0.08099997 0.03760403 -0.02416664 -0.08099997 0.02927225 -0.033782 -0.08099997 0.01856905 -0.0406605 -0.08099997 0.006361424 -0.044245 -0.08099997 -0.006361424 -0.044245 -0.08099997 -0.01856905 -0.0406605 -0.08099997 -0.02927225 -0.033782 -0.08099997 -0.03760403 -0.02416664 -0.08099997 -0.04288929 -0.01259344 -0.08099997 -0.04469996 0 0 -0.04469996 0 -0.08099997 -0.04288929 0.01259344 -0.08099997 -0.03760403 0.02416664 -0.08099997 -0.02927225 0.033782 -0.08099997 -0.01856905 0.0406605 -0.08099997 -0.006361424 0.044245 -0.08099997 0.006361424 0.044245 -0.08099997 0.01856905 0.0406605 -0.08099997 0.02927225 0.033782 -0.08099997 0.03760403 0.02416664 -0.08099997 0.04288929 0.01259344 -0.08099997 0.04469996 0 0 0.007613956 0.05447041 -0.08099997 0.007613956 0.05447041 -0.08599996 -0.005783915 0.05469501 -0.08599996 -0.005783915 0.05469501 -0.08099997 -0.01883858 0.05167305 -0.08599996 -0.01883858 0.05167305 -0.08099997 -0.03077495 0.04558396 -0.08599996 -0.03077495 0.04558396 -0.08099997 -0.04088467 0.03678911 -0.08599996 -0.04088467 0.03678911 -0.08099997 -0.04856759 0.02581059 -0.08599996 -0.04856759 0.02581059 -0.08099997 -0.05336767 0.0133 -0.08599996 -0.05336767 0.0133 -0.08099997 -0.05499994 0 -0.08599996 -0.05499994 0 -0.08099997 -0.05336767 -0.0133 -0.08599996 -0.05336767 -0.0133 -0.08099997 -0.04856759 -0.02581059 -0.08599996 -0.04856759 -0.02581059 -0.08099997 -0.04088467 -0.03678911 -0.08599996 -0.04088467 -0.03678911 -0.08099997 -0.03077495 -0.04558396 -0.08599996 -0.03077495 -0.04558396 -0.08099997 -0.01883858 -0.05167305 -0.08599996 -0.01883858 -0.05167305 -0.08099997 -0.005783915 -0.05469501 -0.08599996 -0.005783915 -0.05469501 -0.08099997 0.007613956 -0.05447041 -0.08599996 0.007613956 -0.05447041 -0.08099997 0.06676238 -0.04799002 -0.08099997 0.06676238 -0.04799002 -0.08599996 0.1261914 -0.04503899 -0.08099997 0.1261914 -0.04503899 -0.08599996 0.1856909 -0.04562777 -0.08099997 0.1856909 -0.04562777 -0.08599996 0.24505 -0.04975432 -0.08099997 0.24505 -0.04975432 -0.08599996 0.257855 -0.04937911 -0.08599996 0.257855 -0.04937911 -0.08099997 0.2701444 -0.04576241 -0.08599996 0.2701444 -0.04576241 -0.08099997 0.2811115 -0.03914171 -0.08599996 0.2811115 -0.03914171 -0.08099997 0.2900363 -0.02995157 -0.08599996 0.2900363 -0.02995157 -0.08099997 0.2963328 -0.01879531 -0.08599996 0.2963328 -0.01879531 -0.08099997 0.299588 -0.006405234 -0.08599996 0.299588 -0.006405234 -0.08099997 0.299588 0.006405234 -0.08599996 0.299588 0.006405234 -0.08099997 0.2963328 0.01879531 -0.08599996 0.2963328 0.01879531 -0.08099997 0.2900363 0.02995157 -0.08599996 0.2900363 0.02995157 -0.08099997 0.2811115 0.03914171 -0.08599996 0.2811115 0.03914171 -0.08099997 0.2701444 0.04576241 -0.08599996 0.2701444 0.04576241 -0.08099997 0.257855 0.04937911 -0.08599996 0.257855 0.04937911 -0.08099997 0.24505 0.04975432 -0.08599996 0.24505 0.04975432 -0.08099997 0.1856909 0.04562777 -0.08099997 0.1856909 0.04562777 -0.08599996 0.1261914 0.04503899 -0.08099997 0.1261914 0.04503899 -0.08599996 0.06676238 0.04799002 -0.08099997 0.06676238 0.04799002 -0.08599996 0.2200663 -0.021748 -0.08099997 0.2148109 -0.0114336 -0.08099997 0.2282519 0.02993363 -0.08099997 0.2614336 -0.03518909 -0.08099997 0.25 -0.037 -0.08099997 0.2385663 -0.03518909 -0.08099997 0.2282519 -0.02993363 -0.08099997 0.2385663 0.03518909 -0.08099997 0.25 0.037 -0.08099997 0.2614336 0.03518909 -0.08099997 0.2717481 -0.02993363 -0.08099997 0.2799336 -0.021748 -0.08099997 0.2851891 -0.0114336 -0.08099997 0.287 0 -0.08099997 0.2129999 0 -0.08099997 0.2148109 0.0114336 -0.08099997 0.2200663 0.021748 -0.08099997 0.2851891 0.0114336 -0.08099997 0.2799336 0.021748 -0.08099997 0.2717481 0.02993363 -0.08099997 -0.04469996 0 -0.08099997 -0.05499994 0 -0.08099997 0.04469996 0 -0.08099997 -0.05499994 0 -0.08599996 0.2129999 0 0 0.287 0 -0.08099997 0.287 0 0 0.2129999 0 -0.08099997 0.2117926 -0.0112338 0.02999997 0.2113872 -0.01431304 0.02999997 0.2125758 -0.01718246 0.02999997 0.2150398 -0.01907312 0.02999997 0.2612338 -0.03820735 0.02999997 0.2643131 -0.03861272 0.02999997 0.2671825 -0.03742414 0.02999997 0.2690732 -0.03496015 0.02999997 0.2882074 0.0112338 0.02999997 0.2886641 0.01352989 0.02999997 0.2882074 0.01582598 0.02999997 0.2869067 0.01777249 0.02999997 0.2849602 0.01907312 0.02999997 0.2387661 0.03820735 0.02999997 0.2364701 0.03866404 0.02999997 0.234174 0.03820735 0.02999997 0.2322275 0.03690671 0.02999997 0.2309268 0.03496015 0.02999997 0.2100257 -0.01288634 0.07674998 0.2100257 -0.01288634 0.05874997 0.211197 -0.01607269 0.05874997 0.211197 -0.01607269 0.07674998 0.2126219 -0.01915401 0.05874997 0.2126219 -0.01915401 0.07674998 0.2628864 -0.03997421 0.07674998 0.2628864 -0.03997421 0.05874997 0.2660727 -0.03880292 0.05874997 0.2660727 -0.03880292 0.07674998 0.269154 -0.03737807 0.05874997 0.269154 -0.03737807 0.07674998 0.2899743 0.01288634 0.07674998 0.2899743 0.01288634 0.05874997 0.2888029 0.01607269 0.05874997 0.2888029 0.01607269 0.07674998 0.2873781 0.01915401 0.05874997 0.2873781 0.01915401 0.07674998 0.2371136 0.03997421 0.07674998 0.2371136 0.03997421 0.05874997 0.2339273 0.03880292 0.05874997 0.2339273 0.03880292 0.07674998 0.2308459 0.03737807 0.05874997 0.2308459 0.03737807 0.07674998 0.2179723 -0.01200342 0.06935 0.2179723 -0.01200342 0.05874997 0.2186499 -0.01252335 0.06935 0.2186499 -0.01252335 0.05874997 0.2189767 -0.01331245 0.06935 0.2189767 -0.01331245 0.05874997 0.2188652 -0.01415926 0.06935 0.2188652 -0.01415926 0.05874997 0.2183453 -0.01483684 0.06935 0.2183453 -0.01483684 0.05874997 0.2175562 -0.01516371 0.06935 0.2175562 -0.01516371 0.05874997 0.2167094 -0.01505225 0.06935 0.2167094 -0.01505225 0.05874997 0.2160318 -0.01453226 0.06935 0.2160318 -0.01453226 0.05874997 0.2157049 -0.01374322 0.06935 0.2157049 -0.01374322 0.05874997 0.2158164 -0.01289641 0.06935 0.2158164 -0.01289641 0.05874997 0.2163364 -0.01221877 0.06935 0.2163364 -0.01221877 0.05874997 0.2171255 -0.01189196 0.06935 0.2171255 -0.01189196 0.05874997 0.2371035 0.0341835 0.06935 0.2371035 0.0341835 0.05874997 0.2377811 0.03366357 0.06935 0.2377811 0.03366357 0.05874997 0.238108 0.03287446 0.06935 0.238108 0.03287446 0.05874997 0.2379965 0.03202766 0.06935 0.2379965 0.03202766 0.05874997 0.2374766 0.03135007 0.06935 0.2374766 0.03135007 0.05874997 0.2366875 0.03102326 0.06935 0.2366875 0.03102326 0.05874997 0.2358407 0.03113472 0.06935 0.2358407 0.03113472 0.05874997 0.2352418 0.03155964 0.06935 0.2352418 0.03155964 0.05874997 0.2348866 0.03220236 0.06935 0.2348866 0.03220236 0.05874997 0.2348454 0.0329355 0.06935 0.2348454 0.0329355 0.05874997 0.2351264 0.03361392 0.06935 0.2351264 0.03361392 0.05874997 0.235674 0.03410321 0.06935 0.235674 0.03410321 0.05874997 0.2363796 0.03430652 0.06935 0.2363796 0.03430652 0.05874997 0.2832906 0.01505225 0.06935 0.2832906 0.01505225 0.05874997 0.2839682 0.01453226 0.06935 0.2839682 0.01453226 0.05874997 0.284295 0.01374322 0.06935 0.284295 0.01374322 0.05874997 0.2841835 0.01289641 0.06935 0.2841835 0.01289641 0.05874997 0.2836636 0.01221877 0.06935 0.2836636 0.01221877 0.05874997 0.2828745 0.01189196 0.06935 0.2828745 0.01189196 0.05874997 0.2820277 0.01200342 0.06935 0.2820277 0.01200342 0.05874997 0.2813501 0.01252335 0.06935 0.2813501 0.01252335 0.05874997 0.2810233 0.01331245 0.06935 0.2810233 0.01331245 0.05874997 0.2811347 0.01415926 0.06935 0.2811347 0.01415926 0.05874997 0.2816547 0.01483684 0.06935 0.2816547 0.01483684 0.05874997 0.2824438 0.01516371 0.06935 0.2824438 0.01516371 0.05874997 0.2593758 0.02263504 0.06255 0.2593758 0.02263504 0.05054998 0.2636114 0.02037096 0.06255 0.2636114 0.02037096 0.05054998 0.2673241 0.01732409 0.06255 0.2673241 0.01732409 0.05054998 0.270371 0.01361143 0.06255 0.270371 0.01361143 0.05054998 0.2726351 0.009375691 0.06255 0.2726351 0.009375691 0.05054998 0.2740292 0.004779696 0.06255 0.2740292 0.004779696 0.05054998 0.2745 0 0.06255 0.2745 0 0.05054998 0.2740292 -0.004779696 0.06255 0.2740292 -0.004779696 0.05054998 0.2726351 -0.009375691 0.06255 0.2726351 -0.009375691 0.05054998 0.270371 -0.01361143 0.06255 0.270371 -0.01361143 0.05054998 0.2673241 -0.01732409 0.06255 0.2673241 -0.01732409 0.05054998 0.2636114 -0.02037096 0.06255 0.2636114 -0.02037096 0.05054998 0.2593758 -0.02263504 0.06255 0.2593758 -0.02263504 0.05054998 0.2547797 -0.02402919 0.06255 0.2547797 -0.02402919 0.05054998 0.25 -0.02449995 0.06255 0.25 -0.02449995 0.05054998 0.2452203 -0.02402919 0.06255 0.2452203 -0.02402919 0.05054998 0.2406242 -0.02263504 0.06255 0.2406242 -0.02263504 0.05054998 0.2363885 -0.02037096 0.06255 0.2363885 -0.02037096 0.05054998 0.2326759 -0.01732409 0.06255 0.2326759 -0.01732409 0.05054998 0.229629 -0.01361143 0.06255 0.229629 -0.01361143 0.05054998 0.2273649 -0.009375691 0.06255 0.2273649 -0.009375691 0.05054998 0.2259708 -0.004779696 0.06255 0.2259708 -0.004779696 0.05054998 0.2255 0 0.06255 0.2255 0 0.05054998 0.2259708 0.004779696 0.06255 0.2259708 0.004779696 0.05054998 0.2273649 0.009375691 0.06255 0.2273649 0.009375691 0.05054998 0.229629 0.01361143 0.06255 0.229629 0.01361143 0.05054998 0.2326759 0.01732409 0.06255 0.2326759 0.01732409 0.05054998 0.2363885 0.02037096 0.06255 0.2363885 0.02037096 0.05054998 0.2406242 0.02263504 0.06255 0.2406242 0.02263504 0.05054998 0.2452203 0.02402919 0.06255 0.2452203 0.02402919 0.05054998 0.25 0.02449995 0.06255 0.25 0.02449995 0.05054998 0.2547797 0.02402919 0.06255 0.2547797 0.02402919 0.05054998 0.2396675 -0.02494472 0.05054998 0.2396675 -0.02494472 0.05874997 0.2352598 -0.02262139 0.05874997 0.2352598 -0.02262139 0.05054998 0.2313542 -0.01952773 0.05874997 0.2313542 -0.01952773 0.05054998 0.2280834 -0.01576906 0.05874997 0.2280834 -0.01576906 0.05054998 0.225559 -0.01147341 0.05874997 0.225559 -0.01147341 0.05054998 0.2238669 -0.006787061 0.05874997 0.2238669 -0.006787061 0.05054998 0.2230648 -0.001869559 0.05874997 0.2230648 -0.001869559 0.05054998 0.2231799 0.003111541 0.05874997 0.2231799 0.003111541 0.05054998 0.2242083 0.007986724 0.05874997 0.2242083 0.007986724 0.05054998 0.2250552 0.0103324 0.05874997 0.226115 0.01258999 0.05054998 0.226115 0.01258999 0.05874997 0.2288351 0.01676446 0.05874997 0.2288351 0.01676446 0.05054998 0.2322759 0.02036803 0.05874997 0.2322759 0.02036803 0.05054998 0.2363203 0.02327799 0.05874997 0.2363203 0.02327799 0.05054998 0.2408306 0.02539527 0.05874997 0.2408306 0.02539527 0.05054998 0.2456531 0.02664774 0.05874997 0.2456531 0.02664774 0.05054998 0.2506237 0.02699279 0.05874997 0.2506237 0.02699279 0.05054998 0.2555729 0.02641856 0.05874997 0.2555729 0.02641856 0.05054998 0.2603325 0.02494472 0.05874997 0.2603325 0.02494472 0.05054998 0.2647401 0.02262139 0.05054998 0.2686458 0.01952773 0.05054998 0.2719165 0.01576906 0.05054998 0.274441 0.01147341 0.05054998 0.276133 0.006787061 0.05054998 0.2745 0 0.05054998 0.2769352 0.001869559 0.05054998 0.2768201 -0.003111541 0.05054998 0.2757917 -0.007986724 0.05054998 0.273885 -0.01258999 0.05054998 0.2711649 -0.01676446 0.05054998 0.267724 -0.02036803 0.05054998 0.2636796 -0.02327799 0.05054998 0.2591694 -0.02539527 0.05054998 0.2543469 -0.02664774 0.05054998 0.2493763 -0.02699279 0.05054998 0.244427 -0.02641856 0.05054998 0.2255 0 0.05054998 0.2647401 0.02262139 0.05874997 0.2686458 0.01952773 0.05874997 0.2719165 0.01576906 0.05874997 0.274441 0.01147341 0.05874997 0.276133 0.006787061 0.05874997 0.2769352 0.001869559 0.05874997 0.2768201 -0.003111541 0.05874997 0.2757917 -0.007986724 0.05874997 0.2749447 -0.0103324 0.05874997 0.273885 -0.01258999 0.05874997 0.2711649 -0.01676446 0.05874997 0.267724 -0.02036803 0.05874997 0.2636796 -0.02327799 0.05874997 0.2591694 -0.02539527 0.05874997 0.2543469 -0.02664774 0.05874997 0.2493763 -0.02699279 0.05874997 0.244427 -0.02641856 0.05874997 0.2614805 0.02771633 0.05874997 0.2614805 0.02771633 0.06935 0.270348 0.02404332 0.06935 0.2370369 0.0378412 0.05874997 0.2370369 0.0378412 0.06935 0.242381 0.0356276 0.06935 0.285924 0.01759153 0.05874997 0.2805799 0.01980513 0.06935 0.285924 0.01759153 0.06935 0.252613 0.03138941 0.06935 0.2878412 0.01296305 0.06935 0.2878412 0.01296305 0.05874997 0.2694141 -0.03152406 0.06935 0.2675915 -0.03592401 0.06935 0.2675915 -0.03592401 0.05874997 0.2860187 0.008563041 0.06935 0.2843396 0.004509389 0.06935 0.2777164 -0.01148045 0.05874997 0.2777164 -0.01148045 0.06935 0.2710931 -0.0274704 0.06935 0.2629631 -0.0378412 0.06935 0.2629631 -0.0378412 0.05874997 0.2651839 -0.03700602 0.06935 0.2473869 -0.03138941 0.06935 0.2385194 -0.02771633 0.05874997 0.257619 -0.0356276 0.06935 0.2385194 -0.02771633 0.06935 0.229652 -0.02404332 0.06935 0.2140759 -0.01759153 0.05874997 0.21942 -0.01980513 0.06935 0.2140759 -0.01759153 0.06935 0.2121587 -0.01296305 0.06935 0.2121587 -0.01296305 0.05874997 0.2129939 -0.01518392 0.06935 0.213096 -0.01543051 0.06935 0.2222836 0.01148045 0.05874997 0.2324084 0.03592401 0.05874997 0.2637432 -0.03429502 0.05874997 0.2641593 -0.03113472 0.05874997 0.2633125 -0.03102326 0.05874997 0.2625234 -0.03135007 0.05874997 0.2620034 -0.03202766 0.05874997 0.261892 -0.03287446 0.05874997 0.2622188 -0.03366357 0.05874997 0.2628964 -0.0341835 0.05874997 0.2645323 -0.03396815 0.05874997 0.2650523 -0.03329056 0.05874997 0.2651637 -0.03244376 0.05874997 0.2648369 -0.03165465 0.05874997 0.2345694 0.03690385 0.06935 0.2324084 0.03592401 0.06935 0.2305859 0.03152406 0.06935 0.2139813 -0.008563041 0.06935 0.2156603 -0.004509389 0.06935 0.2222836 0.01148045 0.06935 0.2289068 0.0274704 0.06935 0.2634215 0.01199424 0.06935 0.2654907 0.01231688 0.06935 0.2604161 0.01468008 0.06935 0.2587069 -0.01575398 0.06935 0.254983 -0.01729649 0.06935 0.2522442 -0.01966291 0.06935 0.2510092 -0.01797163 0.06935 0.2365784 -0.01199424 0.06935 0.2345092 -0.01231688 0.06935 0.2395839 -0.01468008 0.06935 0.2489907 0.01797163 0.06935 0.2530151 0.01774567 0.06935 0.2510355 0.0187416 0.06935 0.2568883 0.01662981 0.06935 0.2520272 0.01950258 0.06935 0.2516334 0.01898926 0.06935 0.2503941 0.01882606 0.06935 0.2499403 0.01914799 0.06935 0.2477558 0.01966291 0.06935 0.2496712 0.0196349 0.06935 0.24964 0.02019029 0.06935 0.2498529 0.02070426 0.06935 0.2494348 0.02371662 0.06935 0.2502678 0.02107495 0.06935 0.2508023 0.02122896 0.06935 0.2513507 0.0211358 0.06935 0.2583023 0.02004355 0.06935 0.2518641 0.02074187 0.06935 0.2521117 0.0201441 0.06935 0.2375237 0.02390116 0.06935 0.241293 0.01575398 0.06935 0.2450169 0.01729649 0.06935 0.2333701 0.00688827 0.06935 0.2353199 0.01041603 0.06935 0.2380057 0.01342153 0.06935 0.2322543 0.0030151 0.06935 0.2309005 0.007911205 0.06935 0.2309549 -0.01040107 0.06935 0.2305781 -0.009719431 0.06935 0.2242773 -0.008078634 0.06935 0.2305345 -0.008941829 0.06935 0.2308325 -0.008222281 0.06935 0.2320283 -0.001009225 0.06935 0.23159 -0.01085174 0.06935 0.2324882 -0.01096999 0.06935 0.2314133 -0.007703304 0.06935 0.2321617 -0.007487714 0.06935 0.2329295 -0.007618129 0.06935 0.2327035 -0.004983007 0.06935 0.2336481 -0.008169591 0.06935 0.234246 -0.008706927 0.06935 0.2339948 -0.0090065 0.06935 0.2338765 -0.009904623 0.06935 0.2333251 -0.01062333 0.06935 0.2416976 -0.02004355 0.06935 0.2431117 -0.01662981 0.06935 0.2328302 -0.01637053 0.06935 0.2502825 -0.02045929 0.06935 0.2505651 -0.02371662 0.06935 0.2498885 -0.0209726 0.06935 0.2501193 -0.01921999 0.06935 0.2503669 -0.01981776 0.06935 0.2469848 -0.01774567 0.06935 0.2490575 -0.0187329 0.06935 0.249606 -0.01882606 0.06935 0.2492907 -0.02122026 0.06935 0.2486492 -0.0211358 0.06935 0.2481955 -0.02081388 0.06935 0.2479264 -0.02032697 0.06935 0.2478953 -0.01977157 0.06935 0.2481082 -0.0192576 0.06935 0.2485229 -0.01888692 0.06935 0.2679717 0.001009225 0.06935 0.2677457 -0.0030151 0.06935 0.2690995 -0.007911205 0.06935 0.2666298 -0.00688827 0.06935 0.2624762 -0.02390116 0.06935 0.2646801 -0.01041603 0.06935 0.2619943 -0.01342153 0.06935 0.2684099 0.01085174 0.06935 0.2691286 0.01030027 0.06935 0.2757227 0.008078634 0.06935 0.2694752 0.009463369 0.06935 0.269357 0.008565247 0.06935 0.2663518 0.008169591 0.06935 0.2660052 0.0090065 0.06935 0.2661234 0.009904623 0.06935 0.2666749 0.01062333 0.06935 0.2675118 0.01096999 0.06935 0.2688056 0.007846593 0.06935 0.2679686 0.007499933 0.06935 0.2670705 0.007618129 0.06935 0.2672965 0.004983007 0.06935 0.265754 0.008706927 0.06935 0.2671698 0.01637053 0.06935 0.2321352 0.03088235 0.06935 0.2392029 0.02795481 0.06935 0.2774018 0.01213234 0.06935 0.2622188 -0.03366357 0.06935 0.261892 -0.03287446 0.06935 0.2582607 -0.03407835 0.06935 0.2628964 -0.0341835 0.06935 0.2637432 -0.03429502 0.06935 0.2645323 -0.03396815 0.06935 0.2620034 -0.03202766 0.06935 0.2607972 -0.02795481 0.06935 0.2625234 -0.03135007 0.06935 0.2633125 -0.03102326 0.06935 0.2641593 -0.03113472 0.06935 0.2648369 -0.03165465 0.06935 0.2651637 -0.03244376 0.06935 0.2650523 -0.03329056 0.06935 0.2200617 -0.01825588 0.06935 0.2155305 -0.009204804 0.06935 0.2225982 -0.01213234 0.06935 0.2304561 0.0268287 0.06935 0.2238329 0.01083874 0.06935 0.2172096 -0.005151093 0.06935 0.2480286 -0.02984017 0.06935 0.2391612 -0.02616709 0.06935 0.2302937 -0.02249407 0.06935 0.2356111 0.0305804 0.02919995 0.2356111 0.0305804 0.023 0.234687 0.03128939 0.02919995 0.234687 0.03128939 0.023 0.2342414 0.03236544 0.02919995 0.2342414 0.03236544 0.023 0.2343934 0.03352016 0.02919995 0.2343934 0.03352016 0.023 0.2351024 0.03444415 0.02919995 0.2351024 0.03444415 0.023 0.2361784 0.03488987 0.02919995 0.2361784 0.03488987 0.023 0.2373331 0.03473782 0.02919995 0.2373331 0.03473782 0.023 0.2381498 0.0341584 0.02919995 0.2381498 0.0341584 0.023 0.2386342 0.03328198 0.02919995 0.2386342 0.03328198 0.023 0.2386903 0.03228223 0.02919995 0.2386903 0.03228223 0.023 0.2383071 0.0313571 0.02919995 0.2383071 0.0313571 0.023 0.2375605 0.03068989 0.02919995 0.2375605 0.03068989 0.023 0.2365983 0.03041267 0.02919995 0.2365983 0.03041267 0.023 0.2164798 -0.01560658 0.02919995 0.2164798 -0.01560658 0.023 0.2155558 -0.01489752 0.02919995 0.2155558 -0.01489752 0.023 0.2151101 -0.01382154 0.02919995 0.2151101 -0.01382154 0.023 0.2152621 -0.01266682 0.02919995 0.2152621 -0.01266682 0.023 0.2159711 -0.01174277 0.02919995 0.2159711 -0.01174277 0.023 0.2170472 -0.0112971 0.02919995 0.2170472 -0.0112971 0.023 0.2182019 -0.01144909 0.02919995 0.2182019 -0.01144909 0.023 0.2191259 -0.01215809 0.02919995 0.2191259 -0.01215809 0.023 0.2195716 -0.01323413 0.02919995 0.2195716 -0.01323413 0.023 0.2194195 -0.01438885 0.02919995 0.2194195 -0.01438885 0.023 0.2187106 -0.01531285 0.02919995 0.2187106 -0.01531285 0.023 0.2176345 -0.01575857 0.02919995 0.2176345 -0.01575857 0.023 0.2626668 -0.03473782 0.02919995 0.2626668 -0.03473782 0.023 0.2617428 -0.03402882 0.02919995 0.2617428 -0.03402882 0.023 0.2612971 -0.03295278 0.02919995 0.2612971 -0.03295278 0.023 0.2614491 -0.03179806 0.02919995 0.2614491 -0.03179806 0.023 0.2621582 -0.03087407 0.02919995 0.2621582 -0.03087407 0.023 0.2632341 -0.03042834 0.02919995 0.2632341 -0.03042834 0.023 0.2643889 -0.0305804 0.02919995 0.2643889 -0.0305804 0.023 0.2652056 -0.03115981 0.02919995 0.2652056 -0.03115981 0.023 0.2656899 -0.03203624 0.02919995 0.2656899 -0.03203624 0.023 0.2657461 -0.03303599 0.02919995 0.2657461 -0.03303599 0.023 0.2653629 -0.03396111 0.02919995 0.2653629 -0.03396111 0.023 0.2646162 -0.03462839 0.02919995 0.2646162 -0.03462839 0.023 0.263654 -0.03490555 0.02919995 0.263654 -0.03490555 0.023 0.2817981 0.01144909 0.02919995 0.2817981 0.01144909 0.023 0.2809814 0.01202857 0.02919995 0.2809814 0.01202857 0.023 0.2804971 0.01290494 0.02919995 0.2804971 0.01290494 0.023 0.2804409 0.01390475 0.02919995 0.2804409 0.01390475 0.023 0.2808241 0.01482987 0.02919995 0.2808241 0.01482987 0.023 0.2815707 0.01549708 0.02919995 0.2815707 0.01549708 0.023 0.282533 0.0157743 0.02919995 0.282533 0.0157743 0.023 0.2835202 0.01560658 0.02919995 0.2835202 0.01560658 0.023 0.2844442 0.01489752 0.02919995 0.2844442 0.01489752 0.023 0.2848899 0.01382154 0.02919995 0.2848899 0.01382154 0.023 0.2847379 0.01266682 0.02919995 0.2847379 0.01266682 0.023 0.2840288 0.01174277 0.02919995 0.2840288 0.01174277 0.023 0.2829528 0.0112971 0.02919995 0.2829528 0.0112971 0.023 0.2406242 -0.02263504 0.03149998 0.2406242 -0.02263504 0.03349995 0.2452203 -0.02402919 0.03149998 0.2452203 -0.02402919 0.03349995 0.25 -0.02449995 0.03149998 0.25 -0.02449995 0.03349995 0.2547797 -0.02402919 0.03149998 0.2547797 -0.02402919 0.03349995 0.2593758 -0.02263504 0.03149998 0.2593758 -0.02263504 0.03349995 0.2636114 -0.02037096 0.03149998 0.2636114 -0.02037096 0.03349995 0.2673241 -0.01732409 0.03149998 0.2673241 -0.01732409 0.03349995 0.270371 -0.01361143 0.03149998 0.270371 -0.01361143 0.03349995 0.2726351 -0.009375691 0.03149998 0.2726351 -0.009375691 0.03349995 0.2740292 -0.004779696 0.03149998 0.2740292 -0.004779696 0.03349995 0.2745 0 0.03149998 0.2745 0 0.03349995 0.2740292 0.004779696 0.03149998 0.2740292 0.004779696 0.03349995 0.2726351 0.009375691 0.03149998 0.2726351 0.009375691 0.03349995 0.270371 0.01361143 0.03149998 0.270371 0.01361143 0.03349995 0.2673241 0.01732409 0.03149998 0.2673241 0.01732409 0.03349995 0.2636114 0.02037096 0.03149998 0.2636114 0.02037096 0.03349995 0.2593758 0.02263504 0.03149998 0.2593758 0.02263504 0.03349995 0.2277554 0.006589114 0.03149998 0.2259708 0.004779696 0.03149998 0.2268715 0.001820206 0.03149998 0.2255 0 0.03149998 0.2269985 -0.003028154 0.03149998 0.2259708 -0.004779696 0.03149998 0.2281307 -0.007744312 0.03149998 0.2273649 -0.009375691 0.03149998 0.2302187 -0.01212191 0.03149998 0.229629 -0.01361143 0.03149998 0.2331713 -0.01596981 0.03149998 0.2326759 -0.01732409 0.03149998 0.2368593 -0.01911967 0.03149998 0.2363885 -0.02037096 0.03149998 0.2411217 -0.021434 0.03149998 0.2457721 -0.02281147 0.03149998 0.2506073 -0.02319204 0.03149998 0.2554159 -0.02255898 0.03149998 0.2599878 -0.02093994 0.03149998 0.2641233 -0.01840579 0.03149998 0.2676414 -0.01506716 0.03149998 0.2703886 -0.01107007 0.03149998 0.2722446 -0.006589114 0.03149998 0.2731285 -0.001820206 0.03149998 0.2745 0 0.03149998 0.2730015 0.003028154 0.03149998 0.2718693 0.007744312 0.03149998 0.2697812 0.01212191 0.03149998 0.2668287 0.01596981 0.03149998 0.2631406 0.01911967 0.03149998 0.2588782 0.021434 0.03149998 0.2542279 0.02281147 0.03149998 0.2547797 0.02402919 0.03149998 0.2493926 0.02319204 0.03149998 0.25 0.02449995 0.03149998 0.244584 0.02255898 0.03149998 0.2452203 0.02402919 0.03149998 0.2400121 0.02093994 0.03149998 0.2406242 0.02263504 0.03149998 0.2358767 0.01840579 0.03149998 0.2363885 0.02037096 0.03149998 0.2323585 0.01506716 0.03149998 0.2326759 0.01732409 0.03149998 0.2296114 0.01107007 0.03149998 0.229629 0.01361143 0.03149998 0.2273649 0.009375691 0.03149998 0.2547797 0.02402919 0.03349995 0.25 0.02449995 0.03349995 0.2452203 0.02402919 0.03349995 0.2406242 0.02263504 0.03349995 0.2363885 0.02037096 0.03349995 0.2326759 0.01732409 0.03349995 0.229629 0.01361143 0.03349995 0.2273649 0.009375691 0.03349995 0.2259708 0.004779696 0.03349995 0.2255 0 0.03149998 0.2255 0 0.03349995 0.2259708 -0.004779696 0.03349995 0.2273649 -0.009375691 0.03349995 0.229629 -0.01361143 0.03349995 0.2326759 -0.01732409 0.03349995 0.2363885 -0.02037096 0.03349995 0.2242083 0.007986724 0.03349995 0.2231799 0.003111541 0.03349995 0.2255 0 0.03349995 0.2230648 -0.001869559 0.03349995 0.2238669 -0.006787061 0.03349995 0.225559 -0.01147341 0.03349995 0.2280834 -0.01576906 0.03349995 0.2313542 -0.01952773 0.03349995 0.2352598 -0.02262139 0.03349995 0.2396675 -0.02494472 0.03349995 0.244427 -0.02641856 0.03349995 0.2493763 -0.02699279 0.03349995 0.2543469 -0.02664774 0.03349995 0.2591694 -0.02539527 0.03349995 0.2636796 -0.02327799 0.03349995 0.267724 -0.02036803 0.03349995 0.2711649 -0.01676446 0.03349995 0.273885 -0.01258999 0.03349995 0.2757917 -0.007986724 0.03349995 0.2768201 -0.003111541 0.03349995 0.2745 0 0.03349995 0.2769352 0.001869559 0.03349995 0.276133 0.006787061 0.03349995 0.274441 0.01147341 0.03349995 0.2719165 0.01576906 0.03349995 0.2686458 0.01952773 0.03349995 0.2647401 0.02262139 0.03349995 0.2603325 0.02494472 0.03349995 0.2555729 0.02641856 0.03349995 0.2506237 0.02699279 0.03349995 0.2456531 0.02664774 0.03349995 0.2408306 0.02539527 0.03349995 0.2363203 0.02327799 0.03349995 0.2322759 0.02036803 0.03349995 0.2288351 0.01676446 0.03349995 0.226115 0.01258999 0.03349995 0.2396675 -0.02494472 0.02919995 0.2352598 -0.02262139 0.02919995 0.2313542 -0.01952773 0.02919995 0.2280834 -0.01576906 0.02919995 0.225559 -0.01147341 0.02919995 0.2238669 -0.006787061 0.02919995 0.2230648 -0.001869559 0.02919995 0.2231799 0.003111541 0.02919995 0.2242083 0.007986724 0.02919995 0.2250552 0.0103324 0.02919995 0.226115 0.01258999 0.02919995 0.2288351 0.01676446 0.02919995 0.2322759 0.02036803 0.02919995 0.2363203 0.02327799 0.02919995 0.2408306 0.02539527 0.02919995 0.2456531 0.02664774 0.02919995 0.2506237 0.02699279 0.02919995 0.2555729 0.02641856 0.02919995 0.2603325 0.02494472 0.02919995 0.2768201 -0.003111541 0.02919995 0.2769352 0.001869559 0.02919995 0.276133 0.006787061 0.02919995 0.274441 0.01147341 0.02919995 0.2719165 0.01576906 0.02919995 0.2686458 0.01952773 0.02919995 0.2647401 0.02262139 0.02919995 0.273885 -0.01258999 0.02919995 0.2749447 -0.0103324 0.02919995 0.2757917 -0.007986724 0.02919995 0.2711649 -0.01676446 0.02919995 0.267724 -0.02036803 0.02919995 0.2636796 -0.02327799 0.02919995 0.2591694 -0.02539527 0.02919995 0.2543469 -0.02664774 0.02919995 0.2493763 -0.02699279 0.02919995 0.244427 -0.02641856 0.02919995 0.2675915 -0.03592401 0.02919995 0.2675915 -0.03592401 0.023 0.2777164 -0.01148045 0.02919995 0.2878412 0.01296305 0.023 0.2878412 0.01296305 0.02919995 0.2629631 -0.0378412 0.02919995 0.2629631 -0.0378412 0.023 0.2140759 -0.01759153 0.02919995 0.2140759 -0.01759153 0.023 0.2385194 -0.02771633 0.02919995 0.285924 0.01759153 0.02919995 0.285924 0.01759153 0.023 0.2614805 0.02771633 0.02919995 0.2370369 0.0378412 0.023 0.2370369 0.0378412 0.02919995 0.2324084 0.03592401 0.02919995 0.2324084 0.03592401 0.023 0.2222836 0.01148045 0.02919995 0.2121587 -0.01296305 0.023 0.2121587 -0.01296305 0.02919995 0.2410069 -0.02171117 0.05119997 0.2410069 -0.02171117 0.03179997 0.2447031 -0.02289521 0.03179997 0.2447031 -0.02289521 0.05119997 0.2485438 -0.02345484 0.03179997 0.2485438 -0.02345484 0.05119997 0.2524242 -0.02337461 0.03179997 0.2524242 -0.02337461 0.05119997 0.2562385 -0.02265679 0.03179997 0.2562385 -0.02265679 0.05119997 0.2598826 -0.02132093 0.03179997 0.2598826 -0.02132093 0.05119997 0.2632571 -0.01940357 0.03179997 0.2632571 -0.01940357 0.05119997 0.2662701 -0.01695686 0.03179997 0.2662701 -0.01695686 0.05119997 0.2688391 -0.01404762 0.03179997 0.2688391 -0.01404762 0.05119997 0.2708944 -0.01075524 0.03179997 0.2708944 -0.01075524 0.05119997 0.2723796 -0.007169425 0.03179997 0.2723796 -0.007169425 0.05119997 0.2732545 -0.003388047 0.03179997 0.2732545 -0.003388047 0.05119997 0.273495 4.85672e-4 0.03179997 0.273495 4.85672e-4 0.05119997 0.2730946 0.004346191 0.03179997 0.2730946 0.004346191 0.05119997 0.2720643 0.008088111 0.03179997 0.2720643 0.008088111 0.05119997 0.2704321 0.01160949 0.03179997 0.2704321 0.01160949 0.05119997 0.2682425 0.01481413 0.03179997 0.2682425 0.01481413 0.05119997 0.2655554 0.01761472 0.03179997 0.2655554 0.01761472 0.05119997 0.262444 0.01993483 0.03179997 0.262444 0.01993483 0.05119997 0.258993 0.02171117 0.03179997 0.258993 0.02171117 0.05119997 0.2552968 0.02289521 0.03179997 0.2552968 0.02289521 0.05119997 0.2514562 0.02345484 0.03179997 0.2514562 0.02345484 0.05119997 0.2475758 0.02337461 0.03179997 0.2475758 0.02337461 0.05119997 0.2437615 0.02265679 0.03179997 0.2437615 0.02265679 0.05119997 0.2401174 0.02132093 0.03179997 0.2401174 0.02132093 0.05119997 0.2367429 0.01940357 0.03179997 0.2367429 0.01940357 0.05119997 0.2337299 0.01695686 0.03179997 0.2337299 0.01695686 0.05119997 0.2311608 0.01404762 0.03179997 0.2311608 0.01404762 0.05119997 0.2291056 0.01075524 0.03179997 0.2291056 0.01075524 0.05119997 0.2276203 0.007169425 0.03179997 0.2276203 0.007169425 0.05119997 0.2267455 0.003388047 0.03179997 0.2267455 0.003388047 0.05119997 0.226505 -4.85672e-4 0.03179997 0.226505 -4.85672e-4 0.05119997 0.2269054 -0.004346191 0.03179997 0.2269054 -0.004346191 0.05119997 0.2279357 -0.008088111 0.03179997 0.2279357 -0.008088111 0.05119997 0.2295679 -0.01160949 0.03179997 0.2295679 -0.01160949 0.05119997 0.2317574 -0.01481413 0.03179997 0.2317574 -0.01481413 0.05119997 0.2344446 -0.01761472 0.03179997 0.2344446 -0.01761472 0.05119997 0.237556 -0.01993483 0.03179997 0.237556 -0.01993483 0.05119997 0.2588782 0.021434 0.05149996 0.2552292 0.02260297 0.05149996 0.2514376 0.02315539 0.05149996 0.2476067 0.02307617 0.05149996 0.2438411 0.02236753 0.05149996 0.2402436 0.02104878 0.05149996 0.2369121 0.01915585 0.05149996 0.2339376 0.01674038 0.05149996 0.2314013 0.01386827 0.05149996 0.2293723 0.01061791 0.05149996 0.227906 0.007077872 0.05149996 0.2270424 0.003344833 0.05149996 0.2268049 -4.79472e-4 0.05149996 0.2272002 -0.004290699 0.05149996 0.2282174 -0.007984876 0.05149996 0.2298287 -0.01146125 0.05149996 0.2319903 -0.01462501 0.05149996 0.2346432 -0.01738983 0.05149996 0.2377149 -0.01968032 0.05149996 0.2411217 -0.021434 0.05149996 0.2447707 -0.02260297 0.05149996 0.2485623 -0.02315539 0.05149996 0.2523933 -0.02307617 0.05149996 0.2561588 -0.02236753 0.05149996 0.2597565 -0.02104878 0.05149996 0.2630879 -0.01915585 0.05149996 0.2660623 -0.01674038 0.05149996 0.2685986 -0.01386827 0.05149996 0.2706276 -0.01061791 0.05149996 0.272094 -0.007077872 0.05149996 0.2729576 -0.003344833 0.05149996 0.273195 4.79472e-4 0.05149996 0.2727998 0.004290699 0.05149996 0.2717826 0.007984876 0.05149996 0.2701712 0.01146125 0.05149996 0.2680097 0.01462501 0.05149996 0.2653568 0.01738983 0.05149996 0.2622851 0.01968032 0.05149996 0.2468349 0.02328586 0.05374997 0.2468349 0.02328586 0.05154997 0.2433722 0.02254599 0.05154997 0.2433722 0.02254599 0.05374997 0.2400599 0.02129423 0.05154997 0.2400599 0.02129423 0.05374997 0.2369732 0.01955896 0.05154997 0.2369732 0.01955896 0.05374997 0.2341824 0.0173797 0.05154997 0.2341824 0.0173797 0.05374997 0.2317507 0.01480585 0.05154997 0.2317507 0.01480585 0.05374997 0.2297333 0.01189583 0.05154997 0.2297333 0.01189583 0.05374997 0.228176 0.008715748 0.05154997 0.228176 0.008715748 0.05374997 0.2271142 0.005337774 0.05154997 0.2271142 0.005337774 0.05374997 0.2645096 -0.01848566 0.05374997 0.2645096 -0.01848566 0.05154997 0.2670767 -0.01614415 0.05154997 0.2670767 -0.01614415 0.05374997 0.2692706 -0.01344966 0.05154997 0.2692706 -0.01344966 0.05374997 0.2710431 -0.01046115 0.05154997 0.2710431 -0.01046115 0.05374997 0.2723556 -0.00724399 0.05154997 0.2723556 -0.00724399 0.05374997 0.2731794 -0.003868401 0.05154997 0.2731794 -0.003868401 0.05374997 0.2734965 -4.083e-4 0.05154997 0.2734965 -4.083e-4 0.05374997 0.2732998 0.003060758 0.05154997 0.2732998 0.003060758 0.05374997 0.2725938 0.006462872 0.05154997 0.2725938 0.006462872 0.05374997 0.2362954 -0.01909017 0.05154997 0.2338777 -0.01709741 0.05154997 0.2461304 -0.01985007 0.05154997 0.2518847 -0.01879841 0.05154997 0.2577804 -0.0149461 0.05154997 0.2568219 -0.01571542 0.05154997 0.2508462 0.01698106 0.05154997 0.2519719 0.01718968 0.05154997 0.2510442 0.00793153 0.05154997 0.2630051 -0.01816082 0.05154997 0.2620291 -0.01628565 0.05154997 0.2464841 -0.01856261 0.05154997 0.2612597 -0.01532715 0.05154997 0.2601822 -0.01473599 0.05154997 0.2723786 0.00685352 0.05154997 0.2510986 -0.01771926 0.05154997 0.2589604 -0.01460218 0.05154997 0.2485882 -0.01702982 0.05154997 0.2469385 -0.007391035 0.05154997 0.2489557 -0.00793153 0.05154997 0.2317466 -0.01480078 0.05154997 0.2315516 -0.01440697 0.05154997 0.2315442 -0.01396763 0.05154997 0.2592251 0.02034318 0.05154997 0.2580893 0.01856029 0.05154997 0.2587543 0.0218085 0.05154997 0.2576229 0.01727896 0.05154997 0.2577418 0.01592057 0.05154997 0.2499221 -0.01708805 0.05154997 0.2487204 0.01789069 0.05154997 0.2480685 0.01891398 0.05154997 0.2355977 -0.0102874 0.05154997 0.2473612 -0.01755607 0.05154997 0.2349409 -0.01148468 0.05154997 0.2338759 -0.01233947 0.05154997 0.2320616 -0.01328396 0.05154997 0.2317259 -0.0135675 0.05154997 0.2520313 -0.02225136 0.05154997 0.2574518 -0.02191931 0.05154997 0.2571995 -0.02227437 0.05154997 0.2531651 -0.02328586 0.05154997 0.2527327 -0.02324962 0.05154997 0.2523564 -0.02303367 0.05154997 0.2575291 -0.02149069 0.05154997 0.257417 -0.02106982 0.05154997 0.2564409 -0.01919472 0.05154997 0.2521247 -0.02011179 0.05154997 0.256097 -0.01801472 0.05154997 0.2562308 -0.01679295 0.05154997 0.2584236 0.01473969 0.05154997 0.2530615 0.007391035 0.05154997 0.2456451 -0.02274066 0.05154997 0.2452514 -0.02292299 0.05154997 0.2459245 -0.02240866 0.05154997 0.2448174 -0.02292138 0.05154997 0.246037 -0.02198964 0.05154997 0.2418143 -0.02202826 0.05154997 0.2389568 -0.02074354 0.05154997 0.2568202 -0.02248853 0.05154997 0.2521069 -0.02267861 0.05154997 0.2478752 0.02011179 0.05154997 0.2451299 -0.006346821 0.05154997 0.2436531 -0.004870057 0.05154997 0.2323414 0.003000438 0.05154997 0.2313503 0.003727257 0.05154997 0.2272914 0.00450623 0.05154997 0.22711 0.004902243 0.05154997 0.2636811 -0.01867651 0.05154997 0.2632856 -0.01849406 0.05154997 0.2641167 -0.01867353 0.05154997 0.2436531 0.004870057 0.05154997 0.2426089 0.003061413 0.05154997 0.2420684 0.001044154 0.05154997 0.2329791 0.001949727 0.05154997 0.2548701 0.006346821 0.05154997 0.2595405 0.01395756 0.05154997 0.2563468 0.004870057 0.05154997 0.2510442 -0.00793153 0.05154997 0.2530615 -0.007391035 0.05154997 0.2664008 0.006001353 0.05154997 0.2673845 0.00575304 0.05154997 0.2479686 0.02225136 0.05154997 0.2497243 0.01720929 0.05154997 0.2489557 0.00793153 0.05154997 0.2469385 0.007391035 0.05154997 0.2451299 0.006346821 0.05154997 0.2420684 -0.001044154 0.05154997 0.2426089 -0.003061413 0.05154997 0.2357465 -0.008929908 0.05154997 0.2353643 -0.007618844 0.05154997 0.2345095 -0.006553769 0.05154997 0.233166 7.34987e-4 0.05154997 0.2301564 0.004019379 0.05154997 0.2280445 0.004111588 0.05154997 0.2276239 0.004224896 0.05154997 0.2543549 0.02274066 0.05154997 0.2547487 0.02292299 0.05154997 0.2540755 0.02240866 0.05154997 0.2551825 0.02292138 0.05154997 0.2539629 0.02198964 0.05154997 0.2538695 0.01985007 0.05154997 0.2536023 0.01873683 0.05154997 0.2529374 0.0178048 0.05154997 0.2593355 0.02118122 0.05154997 0.2593732 0.02074998 0.05154997 0.259119 0.02155607 0.05154997 0.2587645 0.02180439 0.05154997 0.2279726 -0.007106542 0.05154997 0.2276169 -0.006848454 0.05154997 0.2277697 -0.002182364 0.05154997 0.2274062 -0.006462872 0.05154997 0.2267361 -0.003322839 0.05154997 0.2267699 -0.00288856 0.05154997 0.226985 -0.002509891 0.05154997 0.2273408 -0.002258598 0.05154997 0.2284045 -0.007187187 0.05154997 0.2288293 -0.007074892 0.05154997 0.2306436 -0.006130397 0.05154997 0.2298816 -0.002274572 0.05154997 0.2319547 -0.005748271 0.05154997 0.2310964 -0.002087593 0.05154997 0.2333122 -0.005896925 0.05154997 0.2321471 -0.001450002 0.05154997 0.2328739 -4.5886e-4 0.05154997 0.2684558 0.01396763 0.05154997 0.2682741 0.0135675 0.05154997 0.2679384 0.01328396 0.05154997 0.2644342 0.01038408 0.05154997 0.2606086 0.01372081 0.05154997 0.2650921 0.01152348 0.05154997 0.2642436 0.009082257 0.05154997 0.2645469 0.007802069 0.05154997 0.257391 0.003061413 0.05154997 0.2653016 0.006724357 0.05154997 0.2579315 0.001044154 0.05154997 0.2548701 -0.006346821 0.05154997 0.2563468 -0.004870057 0.05154997 0.257391 -0.003061413 0.05154997 0.2579315 -0.001044154 0.05154997 0.2476869 0.02299171 0.05154997 0.2479042 0.02265059 0.05154997 0.2473523 0.02321887 0.05154997 0.247098 0.0232867 0.05154997 0.2653092 0.01741826 0.05154997 0.2657646 0.01734477 0.05154997 0.2715888 0.007186889 0.05154997 0.272015 0.007111728 0.05154997 0.2711706 0.007074892 0.05154997 0.2693563 0.006130397 0.05154997 0.2683981 0.005797326 0.05154997 0.2648693 0.01727956 0.05154997 0.2645385 0.01695823 0.05154997 0.2634027 0.01517528 0.05154997 0.2661241 0.01233947 0.05154997 0.2626636 0.01436871 0.05154997 0.2616932 0.01386362 0.05154997 0.2684484 0.01440697 0.05154997 0.2682534 0.01480078 0.05154997 0.2660655 0.01715075 0.05154997 0.2317466 -0.01480078 0.05374997 0.2338777 -0.01709741 0.05374997 0.2362954 -0.01909017 0.05374997 0.2389568 -0.02074354 0.05374997 0.2418143 -0.02202826 0.05374997 0.2448174 -0.02292138 0.05374997 0.175 0.00999999 -0.08099997 0.175 0.00999999 -10e-4 0.185 0.00999999 -0.08099997 0.185 0.00999999 -10e-4 0.185 -0.00999999 -10e-4 0.185 -0.00999999 -0.08099997 0.175 -0.00999999 -10e-4 0.175 -0.00999999 -0.08099997 0.2624339 -0.02087217 0.14935 0.2624339 -0.02087217 0.14585 0.2648557 -0.02671885 0.14935 0.2648557 -0.02671885 0.14585 0.2236446 -0.01397824 0.1253499 0.2236446 -0.01397824 0.14585 0.223949 -0.01244747 0.1253499 0.223949 -0.01244747 0.14585 0.2236446 -0.01091676 0.1253499 0.2236446 -0.01091676 0.14585 0.2227774 -0.009619057 0.1253499 0.2227774 -0.009619057 0.14585 0.2214798 -0.008751988 0.1253499 0.2214798 -0.008751988 0.14585 0.2206023 -0.008388519 0.14935 0.2206023 -0.008388519 0.14585 0.226449 -0.005966722 0.14935 0.226449 -0.005966722 0.14585 0.2271378 -0.01077091 0.14585 0.2264397 -0.01023519 0.14585 0.2232811 -0.01485568 0.14585 0.2278837 -0.01089763 0.14585 0.2291278 -0.01243388 0.14585 0.2286107 -0.01068818 0.14585 0.2262178 -0.008549749 0.14585 0.226103 -0.009422183 0.14585 0.2291749 -0.01018404 0.14585 0.2304498 -0.01147335 0.14585 0.2294644 -0.009485065 0.14585 0.2311917 -0.01001739 0.14585 0.229422 -0.008729696 0.14585 0.2311917 -0.008383274 0.14585 0.229056 -0.008067488 0.14585 0.2304498 -0.006927251 0.14585 0.228439 -0.007629692 0.14585 0.2291278 -0.005966722 0.14585 0.2275665 -0.007514834 0.14585 0.2277884 -0.00570029 0.14585 0.2267535 -0.0078516 0.14585 0.2291278 -0.005966722 0.14935 0.2288409 -0.005862295 0.14935 0.2276358 -0.005703628 0.14935 0.2291278 -0.01243388 0.14935 0.230153 -0.01178079 0.14935 0.2304498 -0.01147335 0.14935 0.230893 -0.01081645 0.14935 0.2311917 -0.01001739 0.14935 0.2312585 -0.009657144 0.14935 0.2312054 -0.008442759 0.14935 0.2307403 -0.007319748 0.14935 0.2299191 -0.006423592 0.14935 0.2304498 -0.006927251 0.14935 0.2232811 -0.01485568 0.14935 0.2223051 -0.01721179 0.14935 0.2223051 -0.01721179 0.1253499 0.2239288 -0.02113151 0.1253499 0.2239288 -0.02113151 0.14935 0.2232505 -0.02073991 0.14935 0.2226967 -0.02018612 0.1253499 0.2226967 -0.02018612 0.14935 0.2223051 -0.01950788 0.14935 0.2221025 -0.01875144 0.1253499 0.2221025 -0.01796829 0.14935 0.2221025 -0.01875144 0.14935 0.2534929 -0.03337734 0.14935 0.2534929 -0.03337734 0.1253499 0.2574126 -0.03175377 0.14935 0.257021 -0.03243201 0.14935 0.2574126 -0.03175377 0.1253499 0.2564672 -0.0329858 0.1253499 0.2564672 -0.0329858 0.14935 0.255789 -0.03337734 0.14935 0.2550325 -0.03358006 0.1253499 0.2542494 -0.03358006 0.14935 0.2550325 -0.03358006 0.14935 0.2583885 -0.02939766 0.14935 0.2583885 -0.02939766 0.14585 0.258752 -0.02852016 0.14585 0.258752 -0.02852016 0.1253499 0.2559667 -0.02355092 0.14935 0.2559667 -0.02355092 0.14585 0.2605397 -0.01897794 0.14935 0.2596572 -0.01874148 0.14935 0.2605397 -0.01897794 0.14585 0.2589257 -0.01872235 0.14585 0.2589257 -0.01872235 0.14935 0.2584428 -0.01879453 0.14935 0.2573716 -0.01922732 0.14585 0.2573198 -0.01925969 0.14935 0.2564236 -0.02008086 0.14935 0.2562161 -0.02038282 0.14585 0.2562161 -0.02038282 0.14935 0.2558623 -0.02115905 0.14935 0.2557111 -0.02193695 0.14585 0.2557036 -0.02236419 0.14935 0.2557111 -0.02193695 0.14935 0.2608165 -0.01910698 0.14935 0.2616752 -0.01973664 0.14585 0.2617808 -0.01984697 0.14935 0.2608763 -0.02249628 0.14585 0.2605868 -0.02319526 0.14585 0.2639783 -0.02635538 0.14585 0.2585498 -0.02378213 0.14585 0.2592957 -0.02390885 0.14585 0.2596191 -0.02722251 0.14585 0.2600226 -0.0236994 0.14585 0.2609168 -0.02635538 0.14585 0.2624475 -0.02605092 0.14585 0.2608339 -0.02174091 0.14585 0.2604679 -0.02107876 0.14585 0.2598509 -0.02064096 0.14585 0.2589784 -0.02052611 0.14585 0.2581654 -0.02086281 0.14585 0.2576298 -0.02156096 0.14585 0.2575148 -0.02243345 0.14585 0.2578516 -0.02324646 0.14585 0.2639783 -0.02635538 0.1253499 0.2624475 -0.02605092 0.1253499 0.2609168 -0.02635538 0.1253499 0.2596191 -0.02722251 0.1253499 0.2737821 0.008549749 0.14585 0.2732465 0.0078516 0.14585 0.2735509 0.005966722 0.14585 0.2717548 0.005730271 0.14585 0.2728621 0.01077091 0.14585 0.2735603 0.01023519 0.14585 0.2760509 0.01244747 0.14585 0.2793977 0.008388519 0.14585 0.2785202 0.008751988 0.14585 0.273897 0.009422183 0.14585 0.2772225 0.009619057 0.14585 0.2763554 0.01091676 0.14585 0.2763554 0.01397824 0.14585 0.2767189 0.01485568 0.14585 0.2721163 0.01089763 0.14585 0.2708722 0.01243388 0.14585 0.2724335 0.007514834 0.14585 0.271561 0.007629692 0.14585 0.2700809 0.006423592 0.14585 0.2709439 0.008067488 0.14585 0.268978 0.007860898 0.14585 0.270578 0.008729696 0.14585 0.2687415 0.009657144 0.14585 0.2705356 0.009485065 0.14585 0.2694348 0.01133096 0.14585 0.2708251 0.01018404 0.14585 0.2713893 0.01068818 0.14585 0.2763554 0.01397824 0.1253499 0.2760509 0.01244747 0.1253499 0.2763554 0.01091676 0.1253499 0.2772225 0.009619057 0.1253499 0.2785202 0.008751988 0.1253499 0.26572 0.02357906 0.1253499 0.262735 0.01637279 0.1253499 0.2616264 0.01683205 0.1253499 0.2735791 -0.01571989 0.1253499 0.2833774 0.003492891 0.1253499 0.2711315 -0.02607119 0.1253499 0.2353887 -0.02403831 0.1253499 0.2433341 -0.02732938 0.1253499 0.2372649 -0.01637279 0.1253499 0.2383736 -0.01683205 0.1253499 0.2342801 -0.02357906 0.1253499 0.2773294 -0.006665885 0.1253499 0.2740383 -0.01461124 0.1253499 0.2668321 -0.0116263 0.1253499 0.2663728 -0.012735 0.1253499 0.253681 0.02012312 0.1253499 0.2525723 0.02058231 0.1253499 0.2566659 0.02732938 0.1253499 0.2555572 0.02778857 0.1253499 0.2435327 0.0329858 0.1253499 0.2444398 0.03152495 0.1253499 0.2425874 0.03175377 0.1253499 0.244158 0.03110319 0.1253499 0.241248 0.02852016 0.1253499 0.2428186 0.02786964 0.1253499 0.2403809 0.02722251 0.1253499 0.241583 0.0260204 0.1253499 0.2390832 0.02635538 0.1253499 0.2397338 0.0247848 0.1253499 0.2375525 0.02605092 0.1253499 0.2375525 0.02435094 0.1253499 0.2360217 0.02635538 0.1253499 0.2353712 0.0247848 0.1253499 0.2267829 0.03018224 0.1253499 0.2261323 0.02861166 0.1253499 0.246319 -0.02012312 0.1253499 0.2474277 -0.02058231 0.1253499 0.2444427 -0.02778857 0.1253499 0.2541435 -0.03180676 0.1253499 0.2546409 -0.03190571 0.1253499 0.2122409 -0.004925131 0.1253499 0.2128915 -0.003354549 0.1253499 0.2221303 -0.007181346 0.1253499 0.2239795 -0.00841695 0.1253499 0.2252151 -0.01026618 0.1253499 0.225649 -0.01244747 0.1253499 0.2252151 -0.01462876 0.1253499 0.2238758 -0.01786237 0.1253499 0.2237879 -0.01852953 0.1253499 0.2240454 -0.01915121 0.1253499 0.2245793 -0.01956087 0.1253499 0.2760712 0.02113151 0.1253499 0.2773032 0.02018612 0.1253499 0.2758424 0.01927906 0.1253499 0.2754207 0.01956087 0.1253499 0.2646113 0.02403831 0.1253499 0.2465071 0.03337734 0.1253499 0.2458565 0.03180676 0.1253499 0.2449674 0.03358006 0.1253499 0.245359 0.03190571 0.1253499 0.2448615 0.03180676 0.1253499 0.2551385 -0.03180676 0.1253499 0.2555602 -0.03152495 0.1253499 0.255842 -0.03110319 0.1253499 0.2571814 -0.02786964 0.1253499 0.258417 -0.0260204 0.1253499 0.2602662 -0.0247848 0.1253499 0.2624475 -0.02435094 0.1253499 0.2646288 -0.0247848 0.1253499 0.2672118 -0.02769482 0.1253499 0.2678624 -0.02612417 0.1253499 0.2683598 -0.02792316 0.1253499 0.2683598 -0.02622318 0.1253499 0.2695079 -0.02769482 0.1253499 0.2688574 -0.02612417 0.1253499 0.2704812 -0.02704447 0.1253499 0.2692791 -0.02584242 0.1253499 0.2695609 -0.02542066 0.1253499 0.2701231 -0.003680944 0.1253499 0.2705823 -0.002572298 0.1253499 0.2777886 -0.005557239 0.1253499 0.2818068 0.004143416 0.1253499 0.2836058 0.004640936 0.1253499 0.2819057 0.004640936 0.1253499 0.2833774 0.005788981 0.1253499 0.2818068 0.005138397 0.1253499 0.2827271 0.006762266 0.1253499 0.281525 0.005560159 0.1253499 0.2817538 0.007412552 0.1253499 0.2811032 0.00584197 0.1253499 0.2778697 0.007181346 0.1253499 0.2760204 0.00841695 0.1253499 0.2747848 0.01026618 0.1253499 0.274351 0.01244747 0.1253499 0.2747848 0.01462876 0.1253499 0.2776948 0.01721179 0.1253499 0.2761242 0.01786237 0.1253499 0.2778975 0.01875144 0.1253499 0.2762232 0.01835983 0.1253499 0.2761242 0.01885735 0.1253499 0.2360217 0.02635538 0.14585 0.2375525 0.02605092 0.14585 0.2390832 0.02635538 0.14585 0.2403809 0.02722251 0.14585 0.241248 0.02852016 0.14585 0.2403428 0.01874148 0.14585 0.2421391 0.01897794 0.14585 0.2418345 0.02086281 0.14585 0.2423703 0.02156096 0.14585 0.2435764 0.02008086 0.14585 0.2424851 0.02243345 0.14585 0.2442697 0.02175468 0.14585 0.2421483 0.02324646 0.14585 0.2440332 0.02355092 0.14585 0.2414502 0.02378213 0.14585 0.2351443 0.02671885 0.14585 0.2394132 0.02319526 0.14585 0.2410215 0.02052611 0.14585 0.2401491 0.02064096 0.14585 0.238669 0.0194348 0.14585 0.2395321 0.02107876 0.14585 0.2375661 0.02087217 0.14585 0.2391661 0.02174091 0.14585 0.2391237 0.02249628 0.14585 0.2416114 0.02939766 0.14585 0.2407043 0.02390885 0.14585 0.2399773 0.0236994 0.14585 0.2375661 0.02087217 0.14935 0.2351443 0.02671885 0.14935 0.2375309 0.02085757 0.1495413 0.2351047 0.02667927 0.1495714 0.2375042 0.02084654 0.1496 0.2350928 0.02666735 0.1496005 0.2374308 0.02081608 0.1497035 0.2349894 0.026564 0.1497517 0.2373351 0.02077651 0.149783 0.2349525 0.0265271 0.1497833 0.2372809 0.02075403 0.1498119 0.234825 0.02639955 0.149843 0.2371041 0.02068078 0.14985 0.2347616 0.02633619 0.14985 0.2384811 0.01918995 0.1498119 0.2383646 0.01903814 0.14985 0.2392689 0.018516 0.14985 0.237778 0.01989299 0.1498119 0.2379067 0.01999175 0.1497035 0.2376262 0.01977652 0.14985 0.2393421 0.01869279 0.1498119 0.2393646 0.01874697 0.149783 0.2385798 0.01931864 0.1497035 0.2380229 0.02008086 0.14935 0.2379927 0.02005773 0.1495413 0.2386458 0.01940459 0.1495413 0.238669 0.0194348 0.14935 0.2394042 0.01884269 0.1497035 0.2394346 0.01891607 0.1496 0.2394457 0.01894283 0.1495413 0.2394602 0.01897794 0.14935 0.240334 0.01867508 0.1496 0.2403101 0.01849365 0.149783 0.2402775 0.01824575 0.14985 0.2413218 0.01824575 0.14985 0.2412891 0.01849365 0.149783 0.2423304 0.018516 0.14985 0.2422347 0.01874697 0.149783 0.2432347 0.01903814 0.14985 0.2430825 0.01923644 0.149783 0.243973 0.01977652 0.14985 0.2437747 0.01992869 0.149783 0.2444952 0.02068078 0.14985 0.2442642 0.02077651 0.149783 0.2447654 0.02168941 0.14985 0.2445176 0.02172207 0.149783 0.2447654 0.02273362 0.14985 0.2445176 0.02270102 0.149783 0.2444952 0.02374225 0.14985 0.2442642 0.02364659 0.149783 0.2441685 0.02360695 0.1497035 0.2412652 0.01867508 0.1496 0.2421647 0.01891607 0.1496 0.2429711 0.01938164 0.1496 0.2436295 0.02004009 0.1496 0.2440951 0.02084654 0.1496 0.2443361 0.02174597 0.1496 0.2443361 0.02267712 0.1496 0.2440951 0.02357655 0.1496 0.2403428 0.01874148 0.14935 0.2412565 0.01874148 0.14935 0.2421391 0.01897794 0.14935 0.2429303 0.0194348 0.14935 0.2435764 0.02008086 0.14935 0.2440332 0.02087217 0.14935 0.2442697 0.02175468 0.14935 0.2442697 0.02266836 0.14935 0.2440332 0.02355092 0.14935 0.2416114 0.02939766 0.14935 0.2416138 0.02939766 0.149397 0.2416529 0.02939766 0.1495419 0.2416907 0.02939766 0.1496105 0.2417709 0.02939766 0.1497043 0.2418782 0.02939766 0.1497809 0.2419461 0.02939766 0.1498122 0.2421526 0.02939766 0.14985 0.2430493 0.03156244 0.14985 0.2428184 0.03165811 0.149783 0.2426493 0.03172814 0.1496 0.2425874 0.03175377 0.14935 0.2464925 0.03334218 0.1495413 0.2465071 0.03337734 0.14935 0.2457506 0.03358006 0.14935 0.246451 0.03324204 0.1497035 0.2464814 0.03331547 0.1496 0.2457419 0.03351366 0.1496 0.2463889 0.0330922 0.1498119 0.2464114 0.03314638 0.149783 0.245718 0.03333216 0.149783 0.2456853 0.03308433 0.14985 0.2463157 0.03291541 0.14985 0.2449674 0.03358006 0.14935 0.2449762 0.03351366 0.1496 0.244211 0.03337734 0.14935 0.2442366 0.03331547 0.1496 0.2435327 0.0329858 0.14935 0.2435735 0.03293263 0.1496 0.2429789 0.03243201 0.14935 0.2430321 0.03239125 0.1496 0.2450001 0.03333216 0.149783 0.2443066 0.03314638 0.149783 0.2436849 0.03278744 0.149783 0.2431773 0.03227978 0.149783 0.2450327 0.03308433 0.14985 0.2444023 0.03291541 0.14985 0.2438371 0.03258907 0.14985 0.2433756 0.03212761 0.14985 0.2758799 0.02066951 0.14985 0.2759531 0.0208463 0.1498119 0.2759755 0.02090054 0.149783 0.2760152 0.02099621 0.1497035 0.2760456 0.02106958 0.1496 0.2760567 0.02109634 0.1495413 0.2760712 0.02113151 0.14935 0.2775595 0.01726782 0.1497035 0.2776329 0.01723742 0.1496 0.2778311 0.01797699 0.1496 0.2772329 0.01740312 0.14985 0.2774639 0.01730746 0.149783 0.2776497 0.0180009 0.149783 0.2778311 0.01874268 0.1496 0.2776497 0.01871877 0.149783 0.2776329 0.01948225 0.1496 0.2774639 0.01941221 0.149783 0.2772501 0.02014535 0.1496 0.2771049 0.02003395 0.149783 0.2767087 0.02068674 0.1496 0.2765973 0.02054154 0.149783 0.2767494 0.02073991 0.14935 0.2773032 0.02018612 0.14935 0.2776948 0.01950788 0.14935 0.2778975 0.01875144 0.14935 0.2778975 0.01796829 0.14935 0.2776948 0.01721179 0.14935 0.2774018 0.0180335 0.14985 0.2774018 0.01868617 0.14985 0.2772329 0.01931655 0.14985 0.2769066 0.01988172 0.14985 0.2764451 0.02034324 0.14985 0.2767189 0.01485568 0.14935 0.2767172 0.01485735 0.149397 0.2766896 0.01488494 0.1495419 0.2766628 0.01491171 0.1496105 0.2766062 0.01496839 0.1497043 0.2765303 0.01504427 0.1497809 0.2764822 0.01509231 0.1498122 0.2763362 0.01523834 0.14985 0.2706809 0.01289582 0.14985 0.270754 0.01271903 0.1498119 0.2707765 0.01266485 0.149783 0.2708162 0.01256918 0.1497035 0.2708466 0.01249575 0.1496 0.2708576 0.01246905 0.1495413 0.2708722 0.01243388 0.14935 0.268978 0.007860898 0.14935 0.268761 0.008614063 0.14935 0.2687235 0.008607685 0.1495413 0.2694348 0.01133096 0.14935 0.2698794 0.01181006 0.14935 0.269854 0.01183843 0.1495413 0.2696737 0.006360411 0.1498119 0.2695462 0.006217718 0.14985 0.2706809 0.005504786 0.14985 0.2696737 0.01204019 0.1498119 0.2697818 0.01191926 0.1497035 0.2695462 0.01218289 0.14985 0.270754 0.005681574 0.1498119 0.2707765 0.005735754 0.149783 0.2697818 0.006481349 0.1497035 0.2682681 0.00987035 0.14985 0.2682681 0.008530259 0.14985 0.2684567 0.009838283 0.1498119 0.2684567 0.008562326 0.1498119 0.2686166 0.009811103 0.1497035 0.2686166 0.008589506 0.1497035 0.2687235 0.009792923 0.1495413 0.2708576 0.005931556 0.1495413 0.269854 0.006562173 0.1495413 0.2708466 0.005904853 0.1496 0.2708162 0.00583142 0.1497035 0.2691483 0.01089334 0.14935 0.269115 0.01091176 0.1495413 0.2690201 0.01096415 0.1497035 0.2688781 0.01104265 0.1498119 0.2687107 0.01113516 0.14985 0.268761 0.009786605 0.14935 0.2687415 0.009657144 0.14935 0.2691483 0.007507264 0.14935 0.269115 0.007488906 0.1495413 0.2690201 0.007436454 0.1497035 0.2688781 0.007357954 0.1498119 0.2687107 0.007265448 0.14985 0.2698794 0.006590545 0.14935 0.2708722 0.005966722 0.14935 0.2700809 0.006423592 0.14935 0.272701 0.005482375 0.149783 0.2727337 0.005234539 0.14985 0.2737423 0.005504786 0.14985 0.2717221 0.005482375 0.149783 0.2716895 0.005234539 0.14985 0.271746 0.005663812 0.1496 0.2717548 0.005730271 0.14935 0.2726771 0.005663812 0.1496 0.2726684 0.005730271 0.14935 0.2736466 0.005735754 0.149783 0.273607 0.00583142 0.1497035 0.2735766 0.005904853 0.1496 0.2735509 0.005966722 0.14935 0.2793977 0.008388519 0.14935 0.2793977 0.008386135 0.149397 0.2793977 0.008347094 0.1495419 0.2793977 0.008309245 0.1496105 0.2793977 0.008229076 0.1497043 0.2793977 0.008121788 0.1497809 0.2793977 0.008053839 0.1498122 0.2793977 0.007847309 0.14985 0.2674031 -0.02723288 0.14985 0.2673075 -0.02746385 0.149783 0.2683598 -0.02767318 0.149783 0.2672374 -0.02763289 0.1496 0.2683598 -0.02785617 0.1496 0.2672118 -0.02769482 0.14935 0.2683598 -0.02792316 0.14935 0.2695079 -0.02769482 0.14935 0.2694823 -0.02763289 0.1496 0.2704812 -0.02704447 0.14935 0.2704338 -0.02699708 0.1496 0.2711315 -0.02607119 0.14935 0.2710696 -0.02604556 0.1496 0.2694122 -0.02746385 0.149783 0.2703044 -0.02686768 0.149783 0.2709006 -0.02597552 0.149783 0.2683598 -0.02742314 0.14985 0.2693166 -0.02723288 0.14985 0.2701277 -0.0266909 0.14985 0.2706696 -0.02587985 0.14985 0.2830922 0.003611028 0.1498119 0.2829154 0.003684222 0.14985 0.2831464 0.003588557 0.149783 0.2832421 0.00354892 0.1497035 0.2833155 0.003518521 0.1496 0.2833422 0.003507435 0.1495413 0.2833774 0.003492891 0.14935 0.2835677 0.004640936 0.1495413 0.2817538 0.007412552 0.14935 0.2827001 0.006735324 0.1495413 0.2827271 0.006762266 0.14935 0.2833422 0.005774438 0.1495413 0.2833774 0.005788981 0.14935 0.2836058 0.004640936 0.14935 0.2834593 0.004640936 0.1497035 0.2832421 0.005732953 0.1497035 0.2826235 0.006658673 0.1497035 0.2832971 0.004640936 0.1498119 0.2817392 0.007377386 0.1495413 0.2817282 0.007350683 0.1496 0.2816978 0.00727725 0.1497035 0.2816581 0.007181584 0.149783 0.2830922 0.005670845 0.1498119 0.2825088 0.006543993 0.1498119 0.2816357 0.007127404 0.1498119 0.2831057 0.004640936 0.14985 0.2829154 0.005597651 0.14985 0.2823735 0.006408691 0.14985 0.2815625 0.006950616 0.14985 0.2585683 0.009449183 0.14955 0.2395642 0.006947278 0.14955 0.2615206 0.005601644 0.14955 0.2541853 -0.01210725 0.14955 0.2609137 0.008653044 0.14955 0.2600052 0.009259998 0.14955 0.2615206 0.007744669 0.14955 0.2617338 0.006673157 0.14955 0.2525331 -0.01367515 0.14955 0.2535259 -0.01306676 0.14955 0.2513788 -0.01382708 0.14955 0.2502624 -0.01349645 0.14955 0.2382252 0.006392598 0.14955 0.2373428 0.005242705 0.14955 0.2371537 0.003805756 0.14955 0.2377083 0.002466678 0.14955 0.2493771 -0.01274025 0.14955 0.2615206 0.005601644 0.14985 0.2541853 -0.01210725 0.14985 0.2493771 -0.01274025 0.14985 0.2502624 -0.01349645 0.14985 0.2513788 -0.01382708 0.14985 0.2525331 -0.01367515 0.14985 0.2535259 -0.01306676 0.14985 0.2377083 0.002466678 0.14985 0.2395642 0.006947278 0.14985 0.2382252 0.006392598 0.14985 0.2373428 0.005242705 0.14985 0.2371537 0.003805756 0.14985 0.2585683 0.009449183 0.14985 0.2313364 -0.0110473 0.14985 0.2304908 -0.01214939 0.14985 0.2536842 -0.03291541 0.14985 0.2293192 -0.01289582 0.14985 0.2293304 0.02587985 0.14985 0.2569506 -0.03156244 0.14985 0.2578473 -0.02939766 0.14985 0.2555048 -0.02374225 0.14985 0.2236638 -0.01523834 0.14985 0.2227671 -0.01740312 0.14985 0.2241201 -0.02066951 0.14985 0.2235549 -0.02034324 0.14985 0.2615206 0.007744669 0.14985 0.2552042 -0.02238601 0.14985 0.2262577 -0.005504786 0.14985 0.2276139 -0.005204141 0.14985 0.2317542 -0.009722411 0.14985 0.2600052 0.009259998 0.14985 0.2325968 0.02723288 0.14985 0.2609137 0.008653044 0.14985 0.2289912 -0.005385458 0.14985 0.2302234 -0.006026864 0.14985 0.231162 -0.00705111 0.14985 0.2316936 -0.008334517 0.14985 0.2225982 -0.0180335 0.14985 0.2225982 -0.01868617 0.14985 0.2296567 0.02644509 0.14985 0.2301182 0.02690654 0.14985 0.2306834 0.02723288 0.14985 0.2549673 -0.03308433 0.14985 0.2555977 -0.03291541 0.14985 0.2561628 -0.03258907 0.14985 0.2566244 -0.03212761 0.14985 0.2170845 -0.003684222 0.14985 0.2227671 -0.01931655 0.14985 0.2230934 -0.01988172 0.14985 0.2319664 0.02740174 0.14985 0.2313138 0.02740174 0.14985 0.2543146 -0.03308433 0.14985 0.2168942 -0.004640936 0.14985 0.2170845 -0.005597651 0.14985 0.2617338 0.006673157 0.14985 0.2553855 -0.02100872 0.14985 0.2560269 -0.01977652 0.14985 0.2570511 -0.01883798 0.14985 0.2206023 -0.007847309 0.14985 0.2184375 -0.006950616 0.14985 0.2176265 -0.006408691 0.14985 0.2610473 -0.01866352 0.14985 0.2621495 -0.01950919 0.14985 0.2652384 -0.02633619 0.14985 0.2628958 -0.02068078 0.14985 0.2597224 -0.01824575 0.14985 0.2583346 -0.01830637 0.14985 0.2326925 0.02746385 0.149783 0.231999 0.02764964 0.149783 0.2327625 0.02763289 0.1496 0.232023 0.02783107 0.1496 0.2327882 0.02769482 0.14935 0.2320317 0.02789747 0.14935 0.2312485 0.02789747 0.14935 0.2312573 0.02783107 0.1496 0.2304921 0.02769482 0.14935 0.2305177 0.02763289 0.1496 0.2298138 0.02730321 0.14935 0.2298546 0.02725005 0.1496 0.22926 0.02674943 0.14935 0.2293132 0.02670866 0.1496 0.2288684 0.02607119 0.14935 0.2289304 0.02604556 0.1496 0.2312812 0.02764964 0.149783 0.2305877 0.02746385 0.149783 0.229966 0.02710485 0.149783 0.2294584 0.02659726 0.149783 0.2290994 0.02597552 0.149783 0.2106301 0.007648408 0.13535 0.2081356 0.008681654 0.13535 0.2107838 0.008019745 0.1368499 0.2082894 0.009052991 0.1368499 0.2112041 0.009034216 0.137948 0.2087096 0.01006746 0.137948 0.2117781 0.01042002 0.13835 0.2092836 0.01145327 0.13835 0.2123521 0.01180583 0.137948 0.2098577 0.01283907 0.137948 0.2127723 0.01282036 0.1368499 0.2102779 0.0138536 0.1368499 0.2129262 0.01319169 0.13535 0.2104316 0.01422494 0.13535 0.2188968 -0.00584197 0.14385 0.2103971 -0.002321302 0.14385 0.2183629 -0.005432307 0.14385 0.2181053 -0.004810631 0.14385 0.2321376 0.02612417 0.14385 0.2314704 0.02621203 0.14385 0.2236379 0.0296449 0.14385 0.2308487 0.02595454 0.14385 0.2231404 0.02844387 0.14385 0.2304391 0.02542066 0.14385 0.2224156 0.02749931 0.14385 0.2213157 0.0270437 0.14385 0.2181932 -0.004143416 0.14385 0.2110696 -2.40102e-4 0.14385 0.2108945 -0.001120269 0.14385 0.2084487 0.002382278 0.14385 0.2189342 0.0276966 0.14385 0.2096498 0.001884818 0.14385 0.2201353 0.02719908 0.14385 0.2103959 0.001386225 0.14385 0.2108945 6.4007e-4 0.14385 0.2084487 0.002382278 0.13535 0.2144569 0.01688718 0.13535 0.216753 0.02243047 0.13535 0.2189342 0.0276966 0.13535 0.2165992 0.02205914 0.1368499 0.2150309 0.01827299 0.137948 0.2156049 0.0196588 0.13835 0.216179 0.02104467 0.137948 0.2146107 0.01725852 0.1368499 0.2119624 0.01792043 0.13535 0.2121162 0.01829177 0.1368499 0.2125364 0.01930624 0.137948 0.2131105 0.02069205 0.13835 0.2136844 0.02207791 0.137948 0.2141047 0.02309238 0.1368499 0.2142585 0.02346372 0.13535 0.2077529 0.007757782 0.13535 0.2086768 0.007375061 0.13535 0.2087933 0.007656395 0.1368807 0.2078694 0.008039057 0.1368807 0.2091251 0.008457481 0.1381784 0.2082012 0.008840143 0.1381784 0.2096217 0.009656369 0.1390455 0.2086978 0.01003909 0.1390455 0.2102075 0.0110706 0.13935 0.2092836 0.01145327 0.13935 0.2108945 0.01272904 0.1389245 0.2099705 0.01311171 0.1389245 0.2114353 0.01403474 0.1377388 0.2105114 0.0144174 0.1377388 0.2118827 0.01772797 0.1377388 0.2128065 0.01734524 0.1377388 0.2133474 0.01865094 0.1389245 0.2124235 0.01903361 0.1389245 0.2140343 0.02030938 0.13935 0.2131105 0.02069205 0.13935 0.211197 0.01607269 0.13885 0.2121209 0.01568996 0.13885 0.2123978 0.01635831 0.1387146 0.2114739 0.01674103 0.1387146 0.2126371 0.01693618 0.1383267 0.2117132 0.01731884 0.1383267 0.2116047 0.01444381 0.1383267 0.2106809 0.01482647 0.1383267 0.2118441 0.01502168 0.1387146 0.2109202 0.01540434 0.1387146 0.2146412 0.02438759 0.13535 0.2145246 0.02410626 0.1368807 0.2136963 0.02210628 0.1390455 0.2141928 0.02330517 0.1381784 0.2146201 0.02172362 0.1390455 0.2151167 0.02292251 0.1381784 0.2154486 0.0237236 0.1368807 0.215565 0.02400493 0.13535 0.2327788 0.02769863 0.1453541 0.2327882 0.02769482 0.14535 0.2221635 0.03209567 0.14535 0.2324244 0.02781885 0.145505 0.2221379 0.03203374 0.1456 0.2221075 0.03196036 0.1457035 0.2318844 0.02791321 0.1457011 0.2220678 0.0318647 0.145783 0.2219722 0.03163373 0.14585 0.2310647 0.02786749 0.14585 0.2312501 0.02789771 0.1458401 0.2315635 0.02792215 0.1457878 0.2317286 0.02792185 0.1457467 0.2210155 0.03225702 0.1456 0.2210155 0.03232401 0.14535 0.2198674 0.03209567 0.14535 0.219893 0.03203374 0.1456 0.2188942 0.03144532 0.14535 0.2189415 0.03139799 0.1456 0.2182438 0.03047204 0.14535 0.2183057 0.03044641 0.1456 0.2210155 0.03207403 0.145783 0.2199631 0.0318647 0.145783 0.2190709 0.03126853 0.145783 0.2184748 0.03037637 0.145783 0.2210155 0.03182399 0.14585 0.2200587 0.03163373 0.14585 0.2192477 0.0310918 0.14585 0.2187058 0.0302807 0.14585 0.2062832 7.8983e-4 0.1458119 0.2064599 7.16606e-4 0.14585 0.2062289 8.12277e-4 0.145783 0.2061333 8.51906e-4 0.1457035 0.2060599 8.82313e-4 0.1456 0.2060331 8.93383e-4 0.1455413 0.205998 9.07948e-4 0.14535 0.2063896 -0.002066373 0.14535 0.2066483 -0.002361416 0.14535 0.2066752 -0.002334475 0.1455413 0.205998 -0.001388132 0.14535 0.2057696 -2.40102e-4 0.14535 0.2058077 -2.40102e-4 0.1455413 0.2059161 -2.40102e-4 0.1457035 0.2060783 -2.40102e-4 0.1458119 0.2062696 -2.40102e-4 0.14585 0.2057953 -6.31681e-4 0.14535 0.2060331 -0.001373529 0.1455413 0.2061333 -0.001332104 0.1457035 0.2062832 -0.001269996 0.1458119 0.2064599 -0.001196801 0.14585 0.2067518 -0.002257823 0.1457035 0.2068666 -0.002143144 0.1458119 0.2070019 -0.002007842 0.14585 0.2076216 -0.003011703 0.14535 0.2076361 -0.002976536 0.1455413 0.2076776 -0.0028764 0.1457035 0.2077397 -0.002726554 0.1458119 0.2078129 -0.002549767 0.14585 0.2076216 -0.003011703 0.13535 0.2063896 -0.002066373 0.13535 0.2057953 -6.31681e-4 0.13535 0.205998 9.07948e-4 0.13535 0.2182438 0.03047204 0.13535 0.2188942 0.03144532 0.13535 0.2198674 0.03209567 0.13535 0.2210155 0.03232401 0.13535 0.2221635 0.03209567 0.13535 0.2267829 0.03018224 0.13535 0.2648574 -0.02671718 0.149397 0.2649117 -0.02666282 0.1496105 0.2650443 -0.02653026 0.1497809 0.2626649 -0.02077651 0.149783 0.2624958 -0.02084654 0.1496 0.2608474 -0.01904761 0.1496 0.2609319 -0.01888525 0.149783 0.2596898 -0.01849365 0.149783 0.2554539 -0.0223751 0.149783 0.2556239 -0.02108389 0.149783 0.2562252 -0.01992869 0.149783 0.2571855 -0.01904881 0.149783 0.2583887 -0.01855045 0.149783 0.2596659 -0.01867508 0.1496 0.2584283 -0.01872909 0.1496 0.2572838 -0.01920318 0.1496 0.2563704 -0.02004009 0.1496 0.2557984 -0.0211389 0.1496 0.2556368 -0.02236711 0.1496 0.2619651 -0.01967805 0.149783 0.2618302 -0.01980173 0.1496 0.2557358 -0.02364659 0.149783 0.2558314 -0.02360695 0.1497035 0.2559049 -0.02357655 0.1496 0.2559316 -0.02356553 0.1495413 0.2583326 -0.02939766 0.1495714 0.2583158 -0.02939766 0.1496005 0.2581695 -0.02939766 0.1497517 0.2581174 -0.02939766 0.1497833 0.2580537 -0.02939766 0.1498122 0.257937 -0.02939766 0.149843 0.2571817 -0.03165811 0.149783 0.2573507 -0.03172814 0.1496 0.2535886 -0.03314638 0.149783 0.254282 -0.03333216 0.149783 0.2535185 -0.03331547 0.1496 0.2542581 -0.03351366 0.1496 0.2550238 -0.03351366 0.1496 0.2557634 -0.03331547 0.1496 0.2564265 -0.03293263 0.1496 0.2569679 -0.03239125 0.1496 0.2549999 -0.03333216 0.149783 0.2556933 -0.03314638 0.149783 0.2563151 -0.03278744 0.149783 0.2568227 -0.03227978 0.149783 0.2240244 -0.02090054 0.149783 0.2239544 -0.02106958 0.1496 0.2225361 -0.01730746 0.149783 0.2223503 -0.0180009 0.149783 0.2223671 -0.01723742 0.1496 0.2221689 -0.01797699 0.1496 0.2221689 -0.01874268 0.1496 0.2223671 -0.01948225 0.1496 0.2227499 -0.02014535 0.1496 0.2232913 -0.02068674 0.1496 0.2223503 -0.01871877 0.149783 0.2225361 -0.01941221 0.149783 0.2228951 -0.02003395 0.149783 0.2234027 -0.02054154 0.149783 0.2233207 -0.0148952 0.1495714 0.2235178 -0.01509243 0.1498122 0.2234728 -0.01504743 0.1497833 0.2234359 -0.01501047 0.1497517 0.2233326 -0.01490718 0.1496005 0.2236004 -0.01517498 0.149843 0.2292234 -0.01266485 0.149783 0.2291839 -0.01256918 0.1497035 0.2291534 -0.01249575 0.1496 0.2301982 -0.01183015 0.1496 0.2303219 -0.01196509 0.149783 0.2311147 -0.01093184 0.149783 0.2276248 -0.005453884 0.149783 0.2289161 -0.005623877 0.149783 0.2300713 -0.006225228 0.149783 0.2309511 -0.007185459 0.149783 0.2314495 -0.008388638 0.149783 0.2315063 -0.009689807 0.149783 0.2309523 -0.01084738 0.1496 0.2313249 -0.009665906 0.1496 0.2312709 -0.008428275 0.1496 0.2307968 -0.007283747 0.1496 0.2299599 -0.006370425 0.1496 0.228861 -0.005798399 0.1496 0.2276328 -0.005636692 0.1496 0.2263534 -0.005735754 0.149783 0.226393 -0.00583142 0.1497035 0.2264234 -0.005904853 0.1496 0.2264344 -0.005931556 0.1495413 0.2206023 -0.00833255 0.1495714 0.2206023 -0.008315682 0.1496005 0.2206023 -0.008169531 0.1497517 0.2206023 -0.008117318 0.1497833 0.2206023 -0.007936954 0.149843 0.2182462 -0.007412552 0.14935 0.2182607 -0.007377386 0.1495413 0.2182718 -0.007350683 0.1496 0.2183022 -0.00727725 0.1497035 0.2183418 -0.007181584 0.149783 0.2183643 -0.007127404 0.1498119 0.2166845 -0.003518521 0.1496 0.2166578 -0.003507435 0.1495413 0.2164323 -0.004640936 0.1495413 0.2172998 -0.006735324 0.1495413 0.2172729 -0.006762266 0.14935 0.2166226 -0.003492891 0.14935 0.2163943 -0.004640936 0.14935 0.2164199 -0.005032539 0.14935 0.2166578 -0.005774438 0.1495413 0.2166226 -0.005788981 0.14935 0.2170141 -0.006467223 0.14935 0.2168536 -0.003588557 0.149783 0.2167579 -0.00354892 0.1497035 0.2165407 -0.004640936 0.1497035 0.2167579 -0.005732953 0.1497035 0.2173765 -0.006658673 0.1497035 0.2169077 -0.003611028 0.1498119 0.2167029 -0.004640936 0.1498119 0.2169077 -0.005670845 0.1498119 0.2174912 -0.006543993 0.1498119 0.2288684 0.02607119 0.14585 0.2166226 -0.003492891 0.14585 0.2298138 0.02730321 0.14585 0.2169054 -0.006316006 0.14585 0.2164199 -0.005032539 0.14585 0.2174569 -0.006931543 0.1456995 0.2172194 -0.00670737 0.1457878 0.2170152 -0.006468534 0.1458401 0.2182462 -0.007412552 0.14535 0.2182368 -0.007408678 0.1453541 0.2179012 -0.007243037 0.145505 0.2177658 -0.007160484 0.1455659 0.2122409 -0.004925131 0.13535 0.2128388 0.01298069 0.134202 0.2103443 0.01401394 0.134202 0.2125899 0.01237988 0.1332287 0.2100954 0.01341313 0.1332287 0.2122174 0.01148068 0.1325783 0.2097229 0.01251393 0.1325783 0.2117781 0.01042002 0.13235 0.2092836 0.01145327 0.13235 0.2113388 0.009359359 0.1325783 0.2088443 0.0103926 0.1325783 0.2109663 0.008460164 0.1332287 0.2084718 0.00949341 0.1332287 0.2107174 0.007859349 0.134202 0.2082229 0.008892595 0.134202 0.2107657 0.01503145 0.13435 0.2116283 0.01711392 0.13435 0.2116896 0.01464879 0.13435 0.2125522 0.0167312 0.13435 0.2154869 0.02381616 0.1340879 0.214563 0.02419883 0.1340879 0.2152603 0.02326917 0.1329548 0.2143364 0.02365183 0.1329548 0.2149085 0.02241986 0.1320664 0.2139846 0.02280253 0.1320664 0.2144674 0.02135491 0.1315134 0.2135435 0.02173763 0.1315134 0.2139821 0.0201832 0.1313523 0.2130582 0.02056586 0.1313523 0.2135021 0.01902437 0.1315996 0.2125782 0.01940703 0.1315996 0.2130764 0.01799678 0.13223 0.2121526 0.0183795 0.13223 0.2127487 0.01720547 0.1331791 0.2118248 0.01758813 0.1331791 0.2166656 0.02221947 0.134202 0.2141711 0.02325272 0.134202 0.2164167 0.02161866 0.1332287 0.2139223 0.02265191 0.1332287 0.2160443 0.02071946 0.1325783 0.2135498 0.02175271 0.1325783 0.2156049 0.0196588 0.13235 0.2131105 0.02069205 0.13235 0.2151656 0.01859819 0.1325783 0.2126711 0.01963144 0.1325783 0.2147932 0.017699 0.1332287 0.2122986 0.01873224 0.1332287 0.2145442 0.01709818 0.134202 0.2120498 0.01813143 0.134202 0.2078311 0.007946491 0.1340879 0.2080577 0.008493483 0.1329548 0.2105693 0.01455718 0.1331791 0.2102415 0.01376587 0.13223 0.2098159 0.01273828 0.1315996 0.2093359 0.01157945 0.1313523 0.2088506 0.01040774 0.1315134 0.2084094 0.009342849 0.1320664 0.2114932 0.01417452 0.1331791 0.2111654 0.0133832 0.13223 0.2107397 0.01235562 0.1315996 0.2102597 0.01119679 0.1313523 0.2097744 0.01002508 0.1315134 0.2093333 0.008960127 0.1320664 0.2089815 0.008110821 0.1329548 0.208755 0.007563829 0.1340879 0.2173664 0.02704715 0.11035 0.2077993 0.003950178 0.11035 0.2075684 0.004045844 0.110417 0.2171354 0.02714282 0.110417 0.2073993 0.004115879 0.1105999 0.2169663 0.02721285 0.1105999 0.2073374 0.004141509 0.11085 0.2169045 0.02723848 0.11085 0.2119677 -0.002971827 0.1120499 0.2156631 -0.004502594 0.1120499 0.2124651 -0.001770794 0.1120499 0.2127573 -5.53938e-4 0.1120499 0.2219493 0.02543455 0.1120499 0.2207016 0.02533632 0.1120499 0.2252085 0.02899432 0.1120499 0.224711 0.02779328 0.1120499 0.228904 0.02746361 0.1120499 0.2240571 0.02672624 0.1120499 0.2231055 0.02591347 0.1120499 0.2126591 6.93679e-4 0.1120499 0.2121801 0.001849889 0.1120499 0.2182837 0.02612596 0.1120499 0.2090993 0.00395286 0.1120499 0.2194848 0.0256285 0.1120499 0.2103003 0.0034554 0.1120499 0.2113674 0.002801477 0.1120499 0.2175577 0.02750909 0.1253499 0.2175577 0.02750909 0.11085 0.2173011 0.02754288 0.11085 0.2173011 0.02754288 0.1253499 0.217062 0.02744382 0.11085 0.217062 0.02744382 0.1253499 0.2169045 0.02723848 0.1253499 0.2237871 0.02817595 0.11085 0.2233955 0.0274977 0.11085 0.2237871 0.02817595 0.1253499 0.2231368 0.02720272 0.1253499 0.2231368 0.02720272 0.11085 0.2228417 0.02694398 0.11085 0.2221635 0.02655237 0.1253499 0.2221635 0.02655237 0.11085 0.2214071 0.02634966 0.11085 0.2210155 0.02632403 0.1253499 0.2198674 0.02655237 0.11085 0.2198674 0.02655237 0.1253499 0.2206239 0.02634966 0.11085 0.2210155 0.02632403 0.11085 0.2196761 0.02609044 0.11035 0.2174396 0.02722394 0.1103881 0.2197493 0.02626723 0.1103881 0.2175017 0.02737379 0.1104964 0.2198114 0.02641707 0.1104964 0.2175432 0.02747392 0.1106587 0.2198529 0.02651721 0.1106587 0.2238223 0.0281614 0.1106587 0.2234258 0.02747458 0.1106587 0.2242491 0.02798461 0.11035 0.2237922 0.02719336 0.11035 0.2240723 0.02805787 0.1103881 0.2236404 0.02730983 0.1103881 0.2235117 0.02740859 0.1104964 0.223849 0.02815032 0.1105999 0.2239224 0.02811992 0.1104964 0.2240181 0.02808028 0.110417 0.2231462 0.02654731 0.11035 0.2223549 0.02609044 0.11035 0.2230297 0.02669906 0.1103881 0.2222816 0.02626723 0.1103881 0.2229309 0.02682775 0.1104964 0.2222196 0.02641707 0.1104964 0.2228649 0.02691376 0.1106587 0.2221781 0.02651721 0.1106587 0.2214723 0.02585399 0.11035 0.2214474 0.02604365 0.1103881 0.2214262 0.02620446 0.1104964 0.221412 0.02631193 0.1106587 0.2205587 0.02585399 0.11035 0.2205836 0.02604365 0.1103881 0.2206048 0.02620446 0.1104964 0.2206189 0.02631193 0.1106587 0.2252058 0.03029429 0.11035 0.225029 0.03036755 0.1103881 0.2249748 0.03039002 0.110417 0.2248792 0.0304296 0.1104964 0.2248057 0.03046005 0.1105999 0.224779 0.03047108 0.1106587 0.2247439 0.03048568 0.11085 0.2247439 0.03048568 0.1253499 0.2221635 0.03209567 0.1253499 0.2210155 0.03232401 0.1253499 0.2198674 0.03209567 0.1253499 0.2188942 0.03144532 0.1253499 0.2182438 0.03047204 0.1253499 0.2253971 0.03075629 0.1253499 0.2295545 0.02903419 0.1253499 0.2295545 0.02903419 0.11085 0.2253971 0.03075629 0.11085 0.2252058 0.03079432 0.11085 0.2252058 0.03079432 0.1253499 0.2250145 0.03075629 0.11085 0.2250145 0.03075629 0.1253499 0.2248522 0.03064787 0.11085 0.2248522 0.03064787 0.1253499 0.2253715 0.03069436 0.1105999 0.2253411 0.03062099 0.1104964 0.225154 0.03066933 0.1105234 0.2253015 0.03052526 0.110417 0.225279 0.03047108 0.1103881 0.2250967 0.03053086 0.1104232 0.224807 0.03053873 0.1106732 0.2249309 0.03055465 0.1105234 0.2249748 0.03066056 0.1105999 0.2248308 0.03059607 0.1107147 0.2253826 0.03072112 0.1106587 0.2251923 0.03076183 0.1106732 0.2250041 0.03073137 0.1107147 0.2248467 0.0306344 0.1107767 0.2293632 0.02857226 0.11035 0.2294589 0.02880322 0.110417 0.2295289 0.02897232 0.1105999 0.205998 9.07948e-4 0.1253499 0.2057696 -2.40102e-4 0.1253499 0.2057696 -2.40102e-4 0.13535 0.205998 -0.001388132 0.1253499 0.205998 -0.001388132 0.13535 0.2066483 -0.002361416 0.1253499 0.2066483 -0.002361416 0.13535 0.2076216 -0.003011703 0.1253499 0.2110465 -0.003889143 0.11035 0.215204 -0.00561124 0.11035 0.2151307 -0.005788028 0.1103881 0.2109733 -0.00406593 0.1103881 0.2150686 -0.005937874 0.1104964 0.2109112 -0.004215776 0.1104964 0.2150272 -0.00603801 0.1106587 0.2108697 -0.004315912 0.1106587 0.2150126 -0.006073176 0.11085 0.2108551 -0.004351079 0.11085 0.2099177 0.002531528 0.11085 0.2099433 0.002593398 0.1105999 0.2104735 0.002309978 0.1105999 0.2100133 0.002762496 0.110417 0.2105752 0.002462148 0.110417 0.210109 0.002993464 0.11035 0.2107141 0.00266999 0.11035 0.2112445 0.002234756 0.11035 0.2110677 0.002057969 0.110417 0.2116798 0.001704335 0.11035 0.2114719 0.001565456 0.110417 0.2120032 0.001099288 0.11035 0.2117722 0.001003563 0.110417 0.2122024 4.42714e-4 0.11035 0.2119572 3.93941e-4 0.110417 0.2122696 -2.40102e-4 0.11035 0.2120196 -2.40102e-4 0.110417 0.2122024 -9.22918e-4 0.11035 0.2119572 -8.74146e-4 0.110417 0.2120032 -0.001579463 0.11035 0.2117722 -0.001483798 0.110417 0.2109383 0.001928567 0.1105999 0.2113197 0.00146377 0.1105999 0.2116031 9.33583e-4 0.1105999 0.2117777 3.58237e-4 0.1105999 0.2118366 -2.40102e-4 0.1105999 0.2117777 -8.38442e-4 0.1105999 0.2116031 -0.001413762 0.1105999 0.2104364 0.002254307 0.11085 0.210891 0.001881182 0.11085 0.211264 0.001426577 0.11085 0.2115412 9.07948e-4 0.11085 0.211712 3.45169e-4 0.11085 0.2117696 -2.40102e-4 0.11085 0.211712 -8.25373e-4 0.11085 0.2115412 -0.001388132 0.11085 0.2108155 -0.003793478 0.110417 0.2106465 -0.003723442 0.1105999 0.2105845 -0.003697812 0.11085 0.2105845 -0.003697812 0.1253499 0.2115412 -0.001388132 0.1253499 0.2105465 -0.003889143 0.11085 0.2105465 -0.003889143 0.1253499 0.2105845 -0.004080533 0.11085 0.2105845 -0.004080533 0.1253499 0.210693 -0.004242718 0.11085 0.210693 -0.004242718 0.1253499 0.2108551 -0.004351079 0.1253499 0.2150126 -0.006073176 0.1253499 0.228904 0.02746361 0.1253499 0.2156631 -0.004502594 0.1253499 0.2077037 0.00371921 0.110417 0.2076336 0.003550112 0.1105999 0.207608 0.003488242 0.11085 0.2099177 0.002531528 0.1253499 0.207608 0.003488242 0.1253499 0.210891 0.001881182 0.1253499 0.2115412 9.07948e-4 0.1253499 0.2117696 -2.40102e-4 0.1253499 0.207199 4.1046e-4 0.1253499 0.2072993 0.003950178 0.1253499 0.2077347 0.001108586 0.1253499 0.2073374 0.003758788 0.1253499 0.2085477 0.001445353 0.1253499 0.2073374 0.004141509 0.1253499 0.2070842 -4.61997e-4 0.1253499 0.2074209 -0.001274943 0.1253499 0.2088649 -0.001937389 0.1253499 0.208119 -0.001810669 0.1253499 0.2074458 0.003596603 0.1253499 0.2094202 0.001330435 0.1253499 0.2100372 8.92687e-4 0.1253499 0.2104032 2.30518e-4 0.1253499 0.2104456 -5.24863e-4 0.1253499 0.2101561 -0.001223802 0.1253499 0.2095919 -0.001727938 0.1253499 0.2072993 0.003950178 0.11085 0.2073374 0.003758788 0.11085 0.2074458 0.003596603 0.11085 0.221666 0.03089463 0.1253499 0.2223642 0.03035891 0.1253499 0.222701 0.0295459 0.1253499 0.2225861 0.02867347 0.1253499 0.2220504 0.02797532 0.1253499 0.2212374 0.02763855 0.1253499 0.2203649 0.02775341 0.1253499 0.2197479 0.0281912 0.1253499 0.2193819 0.02885341 0.1253499 0.2193395 0.02960878 0.1253499 0.2196291 0.03030776 0.1253499 0.2201932 0.0308119 0.1253499 0.2209202 0.03102135 0.1253499 0.2119511 -0.01346421 0.07034999 0.214783 -0.0066275 0.07034999 0.2119969 -0.01348316 0.07003933 0.2149068 -0.00667876 0.06984996 0.2120749 -0.01351547 0.06984996 0.215245 -0.00681883 0.06948393 0.2157069 -0.007010161 0.06935 0.2154581 -0.007610738 0.06935 0.2121295 -0.01353812 0.06975936 0.2124131 -0.01365554 0.06948393 0.212875 -0.01384687 0.06935 0.2673839 -0.03642523 0.07034999 0.2673839 -0.03642523 0.07564997 0.2667336 -0.03739851 0.07564997 0.2667336 -0.03739851 0.07034999 0.2657603 -0.0380488 0.07564997 0.2657603 -0.0380488 0.07034999 0.2646123 -0.03827714 0.07564997 0.2646123 -0.03827714 0.07034999 0.2634642 -0.0380488 0.07564997 0.2634642 -0.0380488 0.07034999 0.2817074 0.01122015 0.06935 0.2817074 0.01122015 0.07564997 0.2828043 0.01103383 0.06935 0.2828043 0.01103383 0.07564997 0.2838734 0.01134181 0.06935 0.2838734 0.01134181 0.07564997 0.284703 0.01208317 0.06935 0.284703 0.01208317 0.07564997 0.2851287 0.01311111 0.06935 0.2851287 0.01311111 0.07564997 0.2850664 0.01422196 0.06935 0.2850664 0.01422196 0.07564997 0.2845281 0.01519572 0.06935 0.2845281 0.01519572 0.07564997 0.2836208 0.01583957 0.06935 0.2836208 0.01583957 0.07564997 0.2823377 0.01600849 0.06935 0.2823377 0.01600849 0.07564997 0.2811422 0.01551324 0.06935 0.2811422 0.01551324 0.07564997 0.2803544 0.01448661 0.06935 0.2803544 0.01448661 0.07564997 0.2801855 0.01320356 0.06935 0.2801855 0.01320356 0.07564997 0.2806807 0.01200795 0.06935 0.2806807 0.01200795 0.07564997 0.2767474 0.01107913 0.07564997 0.2764429 0.01260983 0.07564997 0.2767474 0.0141406 0.07564997 0.2781633 0.01755893 0.07564997 0.2864252 0.01738393 0.07564997 0.2765398 0.02147859 0.07564997 0.277513 0.0208283 0.07564997 0.2835626 0.006553053 0.07564997 0.2880488 0.01346421 0.07564997 0.2841568 0.00511831 0.07564997 0.2839541 0.003578722 0.07564997 0.2882772 0.01461225 0.07564997 0.2823305 0.007498383 0.07564997 0.2789122 0.008914351 0.07564997 0.2783917 0.01870697 0.07564997 0.2781633 0.01985502 0.07564997 0.2873985 0.01673358 0.07564997 0.2880488 0.0157603 0.07564997 0.2776145 0.00978142 0.07564997 0.2864252 0.01738393 0.07034999 0.2873985 0.01673358 0.07034999 0.2880488 0.0157603 0.07034999 0.2882772 0.01461225 0.07034999 0.2880488 0.01346421 0.07034999 0.2355133 0.03035438 0.06935 0.2355133 0.03035438 0.07564997 0.2367964 0.03018546 0.06935 0.2367964 0.03018546 0.07564997 0.237992 0.03068065 0.06935 0.237992 0.03068065 0.07564997 0.2387798 0.03170734 0.06935 0.2387798 0.03170734 0.07564997 0.2389487 0.03299033 0.06935 0.2389487 0.03299033 0.07564997 0.2384535 0.03418594 0.06935 0.2384535 0.03418594 0.07564997 0.2374268 0.03497374 0.06935 0.2374268 0.03497374 0.07564997 0.2361438 0.03514266 0.06935 0.2361438 0.03514266 0.07564997 0.2349482 0.0346474 0.06935 0.2349482 0.0346474 0.07564997 0.2341604 0.03362077 0.06935 0.2341604 0.03362077 0.07564997 0.2339915 0.03233772 0.06935 0.2339915 0.03233772 0.07564997 0.2344867 0.03114217 0.06935 0.2344867 0.03114217 0.07564997 0.2389208 0.02674734 0.07564997 0.2402185 0.02761447 0.07564997 0.2410856 0.02891218 0.07564997 0.232441 0.02816331 0.07564997 0.2358593 0.02674734 0.07564997 0.2373901 0.02644288 0.07564997 0.2291716 0.02751296 0.07564997 0.2301449 0.02816331 0.07564997 0.231293 0.02839165 0.07564997 0.2365357 0.0380488 0.07564997 0.2464212 0.03395408 0.07564997 0.2448816 0.03415679 0.07564997 0.2434469 0.03356254 0.07564997 0.2425016 0.03233051 0.07564997 0.2285213 0.02653974 0.07564997 0.232616 0.03642523 0.07564997 0.2332664 0.03739851 0.07564997 0.2342396 0.0380488 0.07564997 0.2353877 0.03827714 0.07564997 0.232616 0.03642523 0.07034999 0.2332664 0.03739851 0.07034999 0.2342396 0.0380488 0.07034999 0.2353877 0.03827714 0.07034999 0.2365357 0.0380488 0.07034999 0.2176148 2.09173e-4 0.07034999 0.2177386 1.57903e-4 0.06984996 0.2180768 1.7831e-5 0.06948393 0.2210332 -0.001206755 0.07284998 0.2176148 2.09173e-4 0.07284998 0.2210332 -0.001206755 0.06935 0.2185387 -1.73511e-4 0.06935 0.2332062 0.03618079 0.06941753 0.2335399 0.03604257 0.06935 0.233078 0.0362339 0.06948393 0.23289 0.03631174 0.06963926 0.2327398 0.03637397 0.06984996 0.2326818 0.03639799 0.0699796 0.2354248 0.03763812 0.06941753 0.2344841 0.03745871 0.06941753 0.2343531 0.03777486 0.06963926 0.2332843 0.03731536 0.0699796 0.2342668 0.03798311 0.0699796 0.2359254 0.03720366 0.06935 0.2354192 0.03727692 0.06935 0.2336919 0.03692036 0.06941753 0.2341297 0.03683227 0.06935 0.2349917 0.03723806 0.06935 0.2346223 0.03712493 0.06935 0.2354338 0.03820568 0.0699796 0.2365066 0.03797847 0.06996726 0.2354303 0.03798031 0.06963926 0.2364236 0.03777819 0.0696429 0.2362995 0.0374785 0.06942611 0.2334462 0.03715848 0.06963926 0.236153 0.03712493 0.06935 0.2429897 0.03429305 0.06935 0.2431362 0.03464663 0.06942611 0.2432603 0.03494638 0.0696429 0.2433433 0.03514665 0.06996726 0.2433724 0.03521692 0.07034999 0.2433724 0.03521692 0.07284998 0.2419565 0.0317986 0.07284998 0.2419565 0.0317986 0.06935 0.2460405 0.03315693 0.07177162 0.2456907 0.03330183 0.07202464 0.246542 0.0332005 0.07284998 0.2442077 0.02756482 0.07284998 0.2432182 0.02822601 0.07284998 0.2433003 0.02819198 0.07240331 0.2470707 0.03238624 0.07129675 0.2469493 0.03243649 0.07123583 0.2468659 0.03281509 0.07177162 0.2464532 0.03298598 0.07168281 0.2463316 0.03269237 0.07110285 0.2457138 0.03294825 0.07123583 0.2436791 0.02837914 0.07129675 0.2438005 0.02832883 0.07123583 0.2438839 0.02795028 0.07177162 0.2479907 0.03016507 0.07129675 0.2476038 0.03032535 0.07076883 0.2476624 0.03069853 0.07085746 0.2469077 0.03199267 0.07076168 0.2468178 0.03104835 0.07024663 0.246688 0.03146237 0.07031768 0.2466347 0.0311883 0.07019174 0.2467417 0.03082257 0.07015907 0.2466601 0.03100788 0.07015556 0.2470668 0.03054773 0.07031768 0.2468897 0.03065419 0.07021671 0.2482267 0.03046476 0.07177162 0.2479782 0.02930432 0.07168281 0.2476845 0.02942597 0.07110285 0.2473784 0.02868688 0.07129675 0.2473334 0.02830809 0.07177162 0.2469915 0.02884715 0.07076883 0.2463598 0.02910107 0.0702635 0.2459245 0.02889168 0.07024663 0.2461805 0.02912282 0.07019174 0.2460001 0.02909749 0.07015556 0.2458148 0.02901583 0.07015907 0.2456464 0.0288679 0.07021671 0.2455399 0.02869069 0.07031768 0.2453203 0.02816039 0.07076168 0.2464545 0.02906954 0.07031768 0.246769 0.02854186 0.07085746 0.2459585 0.02780658 0.071325 0.2447092 0.02760839 0.07177162 0.2450358 0.02781713 0.07123583 0.245059 0.02746349 0.07202464 0.2451573 0.02776682 0.07129675 0.2452843 0.02807348 0.07085955 0.2444182 0.02807295 0.07110285 0.2442965 0.02777934 0.07168281 0.2438421 0.02877265 0.07076168 0.2438061 0.02868574 0.07085955 0.2431406 0.02897375 0.071325 0.243534 0.02809518 0.07202464 0.2430874 0.03006684 0.07085746 0.243932 0.02971702 0.07024663 0.2440617 0.02930301 0.07031768 0.2440932 0.02939766 0.0702635 0.244115 0.02957707 0.07019174 0.244008 0.02994281 0.07015907 0.2440897 0.02975749 0.07015556 0.2438601 0.03011119 0.07021671 0.2436829 0.03021758 0.07031768 0.243146 0.03043997 0.07076883 0.242759 0.0306003 0.07129675 0.242523 0.03030061 0.07177162 0.2427715 0.031461 0.07168281 0.2430652 0.0313394 0.07110285 0.2433713 0.0320785 0.07129675 0.2434164 0.03245729 0.07177162 0.2437583 0.03191822 0.07076883 0.2443899 0.03166425 0.0702635 0.2448253 0.0318737 0.07024663 0.2445693 0.03164255 0.07019174 0.2447497 0.03166782 0.07015556 0.244935 0.03174948 0.07015907 0.2451034 0.03189748 0.07021671 0.2452098 0.03207463 0.07031768 0.2454295 0.03260493 0.07076168 0.2442952 0.03169578 0.07031768 0.2439807 0.03222352 0.07085746 0.2447913 0.03295874 0.071325 0.2455925 0.0329985 0.07129675 0.2454655 0.03269189 0.07085955 0.2476091 0.03179156 0.071325 0.2469437 0.03207957 0.07085955 0.2472157 0.03267019 0.07202464 0.2463904 0.02762764 0.07202464 0.2452928 0.02736669 0.07240331 0.2453749 0.02733266 0.07284998 0.2427087 0.02915269 0.07202464 0.246542 0.02756482 0.07284998 0.2475315 0.02822601 0.07284998 0.2481927 0.02921551 0.07284998 0.2484248 0.03038269 0.07284998 0.2481927 0.03154987 0.07284998 0.248041 0.03161269 0.07202464 0.2475315 0.03253936 0.07284998 0.2474495 0.03257334 0.07240331 0.2443593 0.03313767 0.07202464 0.2454569 0.03339868 0.07240331 0.2425571 0.02921551 0.07284998 0.2423248 0.03038269 0.07284998 0.2425571 0.03154987 0.07284998 0.2432182 0.03253936 0.07284998 0.2442077 0.0332005 0.07284998 0.2453749 0.03343266 0.07284998 0.2417065 0.02989971 0.07284998 0.2502092 0.03238511 0.07284998 0.2458578 0.02671432 0.07284998 0.2476273 0.02744728 0.07284998 0.2487932 0.02896672 0.07284998 0.2424395 0.02813023 0.07284998 0.243959 0.0269643 0.07284998 0.2487932 0.02896672 0.06935 0.2502092 0.03238511 0.07034999 0.2498264 0.03146123 0.06935 0.25018 0.03231477 0.06996726 0.2500971 0.0321145 0.0696429 0.2499729 0.03181475 0.06942611 0.2798064 0.01904314 0.06935 0.286189 0.01681357 0.06942611 0.2860426 0.01646 0.06935 0.2863132 0.01711332 0.0696429 0.2863961 0.01731359 0.06996726 0.2882057 0.01456618 0.0699796 0.2876381 0.01457512 0.06941753 0.2874587 0.01551586 0.06941753 0.2877749 0.01564687 0.06963926 0.2873154 0.01671564 0.0699796 0.2879831 0.01573312 0.0699796 0.2872037 0.0140745 0.06935 0.2872769 0.01458078 0.06935 0.2872381 0.01500827 0.06935 0.2871249 0.01537764 0.06935 0.2868323 0.01587027 0.06935 0.2869204 0.016308 0.06941753 0.2871585 0.01655375 0.06963926 0.2879831 0.01349145 0.0699796 0.2879251 0.01351547 0.06984996 0.2879803 0.01456969 0.06963926 0.2877749 0.01357769 0.06963926 0.2875869 0.01365554 0.06948393 0.2871249 0.01384687 0.06935 0.2842931 0.007010161 0.06935 0.2847551 0.00681883 0.06948393 0.2850932 0.00667876 0.06984996 0.285217 0.0066275 0.07034999 0.285217 0.0066275 0.07284998 0.2817986 0.008043408 0.07284998 0.2817986 0.008043408 0.06935 0.2831569 0.003959417 0.07177162 0.2833018 0.004309237 0.07202464 0.2832005 0.003457903 0.07284998 0.2775648 0.00579226 0.07284998 0.278226 0.006781756 0.07284998 0.278192 0.006699681 0.07240331 0.2823863 0.00292927 0.07129675 0.2824365 0.003050684 0.07123583 0.2828151 0.003134071 0.07177162 0.2829861 0.003546714 0.07168281 0.2826924 0.003668367 0.07110285 0.2829483 0.00428605 0.07123583 0.2783792 0.006320893 0.07129675 0.2783288 0.006199479 0.07123583 0.2779503 0.006116092 0.07177162 0.2801651 0.002009212 0.07129675 0.2803254 0.002396166 0.07076883 0.2806985 0.002337574 0.07085746 0.2811883 0.003365218 0.07019174 0.2813677 0.003343462 0.0702635 0.2810484 0.003182172 0.07024663 0.2814624 0.003311932 0.07031768 0.2819927 0.003092288 0.07076168 0.2808226 0.003258287 0.07015907 0.2810079 0.003339886 0.07015556 0.2805477 0.002933144 0.07031768 0.2806542 0.003110289 0.07021671 0.2804648 0.001773238 0.07177162 0.2793043 0.002021729 0.07168281 0.279426 0.002315402 0.07110285 0.2786869 0.002621531 0.07129675 0.2783081 0.002666592 0.07177162 0.2788472 0.003008484 0.07076883 0.2791011 0.003640115 0.0702635 0.2788917 0.004075467 0.07024663 0.2791228 0.003819465 0.07019174 0.2790975 0.003999888 0.07015556 0.2790158 0.004185199 0.07015907 0.2788679 0.004353582 0.07021671 0.2786907 0.004459977 0.07031768 0.2781604 0.004679679 0.07076168 0.2790696 0.003545403 0.07031768 0.2785419 0.003230929 0.07085746 0.2778066 0.004041492 0.071325 0.2776084 0.005290746 0.07177162 0.2778171 0.004964053 0.07123583 0.2774635 0.004940927 0.07202464 0.2777668 0.004842698 0.07129675 0.2780735 0.004715681 0.07085955 0.278073 0.005581796 0.07110285 0.2777794 0.005703389 0.07168281 0.2787727 0.006157875 0.07076168 0.2786858 0.006193876 0.07085955 0.2789738 0.006859302 0.071325 0.2780952 0.006465911 0.07202464 0.2800669 0.006912589 0.07085746 0.279717 0.006067991 0.07024663 0.279303 0.005938231 0.07031768 0.2793977 0.005906701 0.0702635 0.2795771 0.005884945 0.07019174 0.2799428 0.005991876 0.07015907 0.2797575 0.005910277 0.07015556 0.2801112 0.006139874 0.07021671 0.2802176 0.006317019 0.07031768 0.28044 0.006853997 0.07076883 0.2806003 0.007240951 0.07129675 0.2803006 0.007476925 0.07177162 0.281461 0.007228434 0.07168281 0.2813394 0.006934762 0.07110285 0.2820785 0.006628632 0.07129675 0.2824573 0.006583571 0.07177162 0.2819182 0.006241679 0.07076883 0.2816643 0.005610048 0.0702635 0.2818737 0.005174696 0.07024663 0.2816426 0.005430698 0.07019174 0.2816678 0.005250275 0.07015556 0.2817495 0.005064964 0.07015907 0.2818975 0.004896581 0.07021671 0.2820746 0.004790186 0.07031768 0.282605 0.004570484 0.07076168 0.2816958 0.00570476 0.07031768 0.2822235 0.006019234 0.07085746 0.2829588 0.005208671 0.071325 0.2829985 0.004407465 0.07129675 0.2826919 0.004534482 0.07085955 0.2817916 0.002390861 0.071325 0.2820796 0.003056287 0.07085955 0.2826702 0.002784252 0.07202464 0.2776277 0.003609538 0.07202464 0.2773667 0.004707157 0.07240331 0.2773327 0.004625082 0.07284998 0.2791527 0.007291257 0.07202464 0.2775648 0.003457903 0.07284998 0.278226 0.002468407 0.07284998 0.2792155 0.001807272 0.07284998 0.2803827 0.001575052 0.07284998 0.2815499 0.001807272 0.07284998 0.2816127 0.001958906 0.07202464 0.2825394 0.002468407 0.07284998 0.2825734 0.002550482 0.07240331 0.2831377 0.005640566 0.07202464 0.2833987 0.004543006 0.07240331 0.2792155 0.007442891 0.07284998 0.2803827 0.007675051 0.07284998 0.2815499 0.007442891 0.07284998 0.2825394 0.006781756 0.07284998 0.2832005 0.00579226 0.07284998 0.2834327 0.004625082 0.07284998 0.2823851 -2.09173e-4 0.07284998 0.2798997 0.008293449 0.07284998 0.2781303 0.007560491 0.07284998 0.2769643 0.00604099 0.07284998 0.2767143 0.004142105 0.07284998 0.2774473 0.002372682 0.07284998 0.2789668 0.001206755 0.07284998 0.2789668 0.001206755 0.06935 0.2823851 -2.09173e-4 0.07034999 0.2814612 1.73511e-4 0.06935 0.2823148 -1.80043e-4 0.06996726 0.2821145 -9.70873e-5 0.0696429 0.2818148 2.70641e-5 0.06942611 0.2690432 -0.02980637 0.06935 0.2668136 -0.03618896 0.06942611 0.2664601 -0.03604257 0.06935 0.2671133 -0.03631311 0.0696429 0.2672075 -0.03635215 0.06976217 0.2673136 -0.03639608 0.06996726 0.2660265 -0.03669136 0.06935 0.2653777 -0.03712493 0.06935 0.266245 -0.03690987 0.06939893 0.2646123 -0.03727716 0.06935 0.2654959 -0.03741043 0.06939893 0.2638469 -0.03712493 0.06935 0.2646123 -0.03758621 0.06939893 0.2664421 -0.03710699 0.06954097 0.2665986 -0.03726345 0.06976217 0.266699 -0.03736388 0.07004094 0.2656026 -0.03766798 0.06954097 0.2656872 -0.03787237 0.06976217 0.2657416 -0.03800362 0.07004094 0.2646123 -0.03786498 0.06954097 0.2646123 -0.03808617 0.06976217 0.2646123 -0.03822821 0.07004094 0.2637005 -0.0374785 0.06942611 0.2635763 -0.03777819 0.0696429 0.2635373 -0.03787237 0.06976217 0.2634934 -0.03797847 0.06996726 0.2576107 -0.03454184 0.06935 0.2568638 -0.03464663 0.06942611 0.2570102 -0.03429305 0.06935 0.2567396 -0.03494638 0.0696429 0.2566567 -0.03514665 0.06996726 0.2566275 -0.03521692 0.07034999 0.2566275 -0.03521692 0.07284998 0.2580435 -0.0317986 0.07284998 0.2580435 -0.0317986 0.06935 0.2539594 -0.03315693 0.07177162 0.2543092 -0.03330183 0.07202464 0.2534579 -0.0332005 0.07284998 0.2557923 -0.02756482 0.07284998 0.2567818 -0.02822601 0.07284998 0.2566997 -0.02819198 0.07240331 0.2529293 -0.03238624 0.07129675 0.2530507 -0.03243649 0.07123583 0.2531341 -0.03281509 0.07177162 0.2535468 -0.03298598 0.07168281 0.2536684 -0.03269237 0.07110285 0.2542861 -0.03294825 0.07123583 0.2563209 -0.02837914 0.07129675 0.2561995 -0.02832883 0.07123583 0.2561161 -0.02795028 0.07177162 0.2520093 -0.03016507 0.07129675 0.2523962 -0.03032535 0.07076883 0.2523376 -0.03069853 0.07085746 0.2530923 -0.03199267 0.07076168 0.2531822 -0.03104835 0.07024663 0.253312 -0.03146237 0.07031768 0.2533652 -0.0311883 0.07019174 0.2532583 -0.03082257 0.07015907 0.25334 -0.03100788 0.07015556 0.2529332 -0.03054773 0.07031768 0.2531103 -0.03065413 0.07021671 0.2517732 -0.03046476 0.07177162 0.2520217 -0.02930432 0.07168281 0.2523154 -0.02942597 0.07110285 0.2526215 -0.02868688 0.07129675 0.2526666 -0.02830809 0.07177162 0.2530085 -0.02884715 0.07076883 0.2536401 -0.02910107 0.0702635 0.2540755 -0.02889168 0.07024663 0.2538195 -0.02912282 0.07019174 0.2539999 -0.02909749 0.07015556 0.2541852 -0.02901583 0.07015907 0.2543536 -0.0288679 0.07021671 0.25446 -0.02869069 0.07031768 0.2546797 -0.02816039 0.07076168 0.2535454 -0.02906954 0.07031768 0.2532309 -0.02854186 0.07085746 0.2540415 -0.02780658 0.071325 0.2552908 -0.02760839 0.07177162 0.2549641 -0.02781713 0.07123583 0.2549409 -0.02746349 0.07202464 0.2548427 -0.02776682 0.07129675 0.2547157 -0.02807348 0.07085955 0.2555818 -0.02807295 0.07110285 0.2557035 -0.02777934 0.07168281 0.2561579 -0.02877265 0.07076168 0.2561939 -0.02868574 0.07085955 0.2568594 -0.02897375 0.071325 0.2564659 -0.02809518 0.07202464 0.2569126 -0.03006684 0.07085746 0.256068 -0.02971702 0.07024663 0.2559382 -0.02930301 0.07031768 0.2559067 -0.02939766 0.0702635 0.255885 -0.02957707 0.07019174 0.2559919 -0.02994281 0.07015907 0.2559103 -0.02975749 0.07015556 0.2561399 -0.03011119 0.07021671 0.2563171 -0.03021758 0.07031768 0.256854 -0.03043997 0.07076883 0.257241 -0.0306003 0.07129675 0.2574769 -0.03030061 0.07177162 0.2572284 -0.031461 0.07168281 0.2569348 -0.0313394 0.07110285 0.2566286 -0.0320785 0.07129675 0.2565836 -0.03245729 0.07177162 0.2562417 -0.03191822 0.07076883 0.2556101 -0.03166425 0.0702635 0.2551747 -0.0318737 0.07024663 0.2554307 -0.03164255 0.07019174 0.2552503 -0.03166782 0.07015556 0.255065 -0.03174948 0.07015907 0.2548966 -0.03189748 0.07021671 0.2547902 -0.03207463 0.07031768 0.2545705 -0.03260493 0.07076168 0.2557048 -0.03169578 0.07031768 0.2560193 -0.03222352 0.07085746 0.2552087 -0.03295874 0.071325 0.2544075 -0.0329985 0.07129675 0.2545345 -0.03269189 0.07085955 0.2523909 -0.03179156 0.071325 0.2530563 -0.03207957 0.07085955 0.2527843 -0.03267019 0.07202464 0.2536096 -0.02762764 0.07202464 0.2547072 -0.02736669 0.07240331 0.2546251 -0.02733266 0.07284998 0.2572913 -0.02915269 0.07202464 0.2534579 -0.02756482 0.07284998 0.2524684 -0.02822601 0.07284998 0.2518073 -0.02921551 0.07284998 0.2515751 -0.03038269 0.07284998 0.2518073 -0.03154987 0.07284998 0.2519589 -0.03161269 0.07202464 0.2524684 -0.03253936 0.07284998 0.2525505 -0.03257334 0.07240331 0.2556406 -0.03313767 0.07202464 0.254543 -0.03339868 0.07240331 0.257443 -0.02921551 0.07284998 0.2576751 -0.03038269 0.07284998 0.257443 -0.03154987 0.07284998 0.2567818 -0.03253936 0.07284998 0.2557923 -0.0332005 0.07284998 0.2546251 -0.03343266 0.07284998 0.2582935 -0.02989971 0.07284998 0.2575605 -0.02813023 0.07284998 0.2560411 -0.0269643 0.07284998 0.2541422 -0.02671432 0.07284998 0.2523727 -0.02744728 0.07284998 0.2512068 -0.02896672 0.07284998 0.2497908 -0.03238511 0.07284998 0.2497908 -0.03238511 0.07034999 0.2498421 -0.03226131 0.06984996 0.2499821 -0.03192317 0.06948393 0.2512068 -0.02896672 0.06935 0.2501735 -0.03146123 0.06935 0.2135747 -0.01738393 0.07034999 0.2135937 -0.01733821 0.07003933 0.213626 -0.01726013 0.06984996 0.2136486 -0.01720553 0.06975936 0.213766 -0.01692199 0.06948393 0.2139574 -0.01646 0.06935 0.2126014 -0.01673358 0.07034999 0.2126364 -0.01669859 0.07003933 0.2117228 -0.01461225 0.07034999 0.2127619 -0.01500827 0.06935 0.212875 -0.01537764 0.06935 0.2125957 -0.01549333 0.06939679 0.2131676 -0.01587027 0.06935 0.2133085 -0.01602649 0.06935 0.2130947 -0.01624029 0.06939679 0.2127228 -0.01461225 0.06935 0.2124204 -0.01461225 0.06939679 0.2127963 -0.0140745 0.06935 0.2117723 -0.01461225 0.07003933 0.2119158 -0.01461225 0.06975936 0.2121393 -0.01461225 0.06953787 0.2123359 -0.01560091 0.06953787 0.2121295 -0.01568645 0.06975936 0.2119969 -0.0157414 0.07003933 0.2119511 -0.0157603 0.07034999 0.2128959 -0.01643913 0.06953787 0.2127379 -0.01659709 0.06975936 0.2119511 -0.01346421 0.07564997 0.2117228 -0.01461225 0.07564997 0.2119511 -0.0157603 0.07564997 0.2126014 -0.01673358 0.07564997 0.2135747 -0.01738393 0.07564997 0.2163792 -0.01583957 0.06935 0.2163792 -0.01583957 0.07564997 0.2174761 -0.01602596 0.06935 0.2174761 -0.01602596 0.07564997 0.2185452 -0.01571792 0.06935 0.2185452 -0.01571792 0.07564997 0.2193748 -0.01497656 0.06935 0.2193748 -0.01497656 0.07564997 0.2198006 -0.01394861 0.06935 0.2198006 -0.01394861 0.07564997 0.2197382 -0.01283776 0.06935 0.2197382 -0.01283776 0.07564997 0.2192 -0.011864 0.06935 0.2192 -0.011864 0.07564997 0.2182926 -0.01122015 0.06935 0.2182926 -0.01122015 0.07564997 0.2170096 -0.01105123 0.06935 0.2170096 -0.01105123 0.07564997 0.215814 -0.01154649 0.06935 0.215814 -0.01154649 0.07564997 0.2150262 -0.01257318 0.06935 0.2150262 -0.01257318 0.07564997 0.2148573 -0.01385617 0.06935 0.2148573 -0.01385617 0.07564997 0.2153525 -0.01505178 0.06935 0.2153525 -0.01505178 0.07564997 0.222487 -0.0208283 0.07564997 0.2234602 -0.02147859 0.07564997 0.2160459 -0.003578722 0.07564997 0.2158432 -0.00511831 0.07564997 0.2164374 -0.006553053 0.07564997 0.2218366 -0.01985502 0.07564997 0.2216083 -0.01870697 0.07564997 0.2218366 -0.01755893 0.07564997 0.2232525 -0.0141406 0.07564997 0.2235571 -0.01260983 0.07564997 0.2232525 -0.01107913 0.07564997 0.2223855 -0.00978142 0.07564997 0.2210878 -0.008914351 0.07564997 0.2176694 -0.007498383 0.07564997 0.2358303 0.02667707 0.1247327 0.2358081 0.0266236 0.12485 0.2365836 0.02638834 0.12485 0.2412094 0.02886086 0.12485 0.2410856 0.02891218 0.12435 0.240716 0.02822059 0.12435 0.2420095 0.02852946 0.1253499 0.2415475 0.02872079 0.125216 0.2411317 0.02794283 0.125216 0.2413562 0.02880007 0.1250571 0.2408274 0.0281462 0.12485 0.2402185 0.02761447 0.12435 0.2403132 0.0275197 0.12485 0.2396124 0.02711701 0.12435 0.2396868 0.02700561 0.12485 0.2389208 0.02674734 0.12435 0.2389721 0.0266236 0.12485 0.2381705 0.02651977 0.12435 0.2381966 0.02638834 0.12485 0.2373901 0.02644288 0.12435 0.2373901 0.02630889 0.12485 0.2366098 0.02651977 0.12435 0.2358593 0.02674734 0.12435 0.2365122 0.02602934 0.125216 0.2373901 0.02594292 0.125216 0.238268 0.02602934 0.125216 0.2391122 0.0262854 0.125216 0.2398902 0.02670127 0.125216 0.2405721 0.02726089 0.125216 0.2357473 0.0264768 0.1250571 0.235668 0.0262854 0.125216 0.2356231 0.02617704 0.1252738 0.2415475 0.02766501 0.1253499 0.2409256 0.02690738 0.1253499 0.2401679 0.02628552 0.1253499 0.2393035 0.02582347 0.1253499 0.2383655 0.02553898 0.1253499 0.2373901 0.02544289 0.1253499 0.2364147 0.02553898 0.1253499 0.2354767 0.02582347 0.1253499 0.2433298 0.03171688 0.1253499 0.2434254 0.03194785 0.1253499 0.2430719 0.03209429 0.1252738 0.2425719 0.03230136 0.1247327 0.2425016 0.03233051 0.12435 0.2426253 0.03227925 0.12485 0.2427722 0.03221845 0.1250571 0.2429635 0.03213918 0.125216 0.2432898 0.03270435 0.125216 0.2429994 0.03292721 0.12485 0.2428931 0.03300875 0.12435 0.2460386 0.03303021 0.1253499 0.2455995 0.03366106 0.125216 0.2455343 0.03316533 0.1253499 0.2449468 0.03366106 0.125216 0.2450121 0.03316533 0.1253499 0.2443165 0.03349214 0.125216 0.2445078 0.03303021 0.1253499 0.2437513 0.03316587 0.125216 0.2440556 0.03276914 0.1253499 0.2436865 0.03240001 0.1253499 0.2435284 0.0334562 0.12485 0.2441764 0.03383034 0.12485 0.2448991 0.03402394 0.12485 0.2456473 0.03402394 0.12485 0.2462299 0.03349214 0.125216 0.2463092 0.03368347 0.1250571 0.24637 0.03383034 0.12485 0.2463921 0.03388375 0.1247327 0.2434469 0.03356254 0.12435 0.2441251 0.03395408 0.12435 0.2448816 0.03415679 0.12435 0.2456648 0.03415679 0.12435 0.2464212 0.03395408 0.12435 0.2765398 0.02147859 0.12435 0.2764276 0.02120804 0.1250571 0.2764885 0.02135485 0.12485 0.2460498 0.03302556 0.1253499 0.2478975 0.03226023 0.1253499 0.255797 0.02898812 0.1253499 0.2763484 0.02101665 0.125216 0.2690204 0.02351081 0.1253499 0.2742981 0.02132475 0.1253499 0.2761458 0.02055937 0.1253499 0.276157 0.02055472 0.1253499 0.2771595 0.02047473 0.125216 0.2768059 0.02012121 0.1253499 0.2774183 0.02073359 0.12485 0.2772395 0.01947236 0.1253499 0.2777014 0.01966369 0.125216 0.2773917 0.01870697 0.1253499 0.2778917 0.01870697 0.125216 0.2772395 0.01794159 0.1253499 0.2777014 0.01775026 0.125216 0.2780395 0.01980376 0.12485 0.2782577 0.01870697 0.12485 0.2780395 0.01761019 0.12485 0.277513 0.0208283 0.12435 0.2781633 0.01985502 0.12435 0.2783917 0.01870697 0.12435 0.2781633 0.01755893 0.12435 0.2767474 0.0141406 0.12435 0.2766236 0.01419186 0.12485 0.2762855 0.01433193 0.125216 0.2758235 0.01452326 0.1253499 0.2788001 0.008643746 0.1250571 0.2788609 0.008790552 0.12485 0.2781462 0.009172558 0.12485 0.2789122 0.008914351 0.12435 0.2782206 0.009283959 0.12435 0.2785295 0.007990419 0.1253499 0.2787209 0.008452355 0.125216 0.2779428 0.008868217 0.125216 0.2776145 0.00978142 0.12435 0.2775198 0.009686708 0.12485 0.277117 0.01038753 0.12435 0.2770056 0.01031315 0.12485 0.2767474 0.01107913 0.12435 0.2766236 0.01102781 0.12485 0.2765198 0.01182949 0.12435 0.2763884 0.01180332 0.12485 0.2764429 0.01260983 0.12435 0.276309 0.01260983 0.12485 0.2765198 0.01339018 0.12435 0.2763884 0.01341634 0.12485 0.2772609 0.009427845 0.125216 0.2767013 0.01010978 0.125216 0.2762855 0.01088774 0.125216 0.2760294 0.01173192 0.125216 0.2759429 0.01260983 0.125216 0.2760294 0.01348775 0.125216 0.2776651 0.008452475 0.1253499 0.2769074 0.00907433 0.1253499 0.2762855 0.009831964 0.1253499 0.2758235 0.01069641 0.1253499 0.275539 0.0116344 0.1253499 0.2754429 0.01260983 0.1253499 0.275539 0.01358526 0.1253499 0.2823305 0.007498383 0.12435 0.2794995 0.007588624 0.1253499 0.2823014 0.00742805 0.1247327 0.2822185 0.007227778 0.1250571 0.2820943 0.006928086 0.1252738 0.2819479 0.006574511 0.1253499 0.2841568 0.00511831 0.12435 0.2839541 0.005874812 0.12435 0.2838838 0.005845665 0.1247327 0.2825967 0.006140947 0.1253499 0.2830302 0.00549215 0.1253499 0.2828673 0.006411552 0.1252738 0.2833838 0.005638539 0.1252738 0.2830967 0.00664097 0.1250571 0.2836835 0.005762696 0.1250571 0.28325 0.006794273 0.1247327 0.2833038 0.006848096 0.12435 0.2835626 0.006553053 0.12435 0.2841825 0.004726767 0.12435 0.2841064 0.004726767 0.1247327 0.2838896 0.004726767 0.1250571 0.2835652 0.004726767 0.1252738 0.2831825 0.004726767 0.1253499 0.2830302 0.003961384 0.1253499 0.2833838 0.003814935 0.1252738 0.2836835 0.003690779 0.1250571 0.2838838 0.003607809 0.1247327 0.2839541 0.003578722 0.12435 0.2714787 -0.02653974 0.12435 0.2810785 -7.50369e-4 0.1253499 0.2776296 -0.009076833 0.1253499 0.2713549 -0.02648842 0.12485 0.2712081 -0.02642762 0.1250571 0.2710167 -0.02634835 0.125216 0.2759554 -0.0131188 0.1253499 0.2749987 -0.01542848 0.1253499 0.2725064 -0.02144527 0.1253499 0.2705548 -0.02615702 0.1253499 0.2704747 -0.02715945 0.125216 0.2701212 -0.02680587 0.1253499 0.2707336 -0.02741825 0.12485 0.2694724 -0.02723944 0.1253499 0.2696637 -0.02770137 0.125216 0.268707 -0.02739167 0.1253499 0.268707 -0.02789169 0.125216 0.2679417 -0.02723944 0.1253499 0.2677503 -0.02770137 0.125216 0.2698038 -0.02803951 0.12485 0.268707 -0.02825766 0.12485 0.2676102 -0.02803951 0.12485 0.2708283 -0.02751296 0.12435 0.269855 -0.02816331 0.12435 0.268707 -0.02839165 0.12435 0.2675589 -0.02816331 0.12435 0.2535787 -0.03395408 0.12435 0.2536079 -0.03388375 0.1247327 0.2234602 -0.02147859 0.12435 0.2235115 -0.02135485 0.12485 0.2336014 -0.02459681 0.1253499 0.2257019 -0.02132475 0.1253499 0.2236516 -0.02101665 0.125216 0.2238541 -0.02055937 0.1253499 0.2238429 -0.02055472 0.1253499 0.2539614 -0.03303021 0.1253499 0.2539502 -0.03302556 0.1253499 0.2538149 -0.03338378 0.1252738 0.2521024 -0.03226023 0.1253499 0.2537701 -0.03349214 0.125216 0.2468248 -0.03007411 0.1253499 0.25363 -0.03383034 0.12485 0.2536908 -0.03368347 0.1250571 0.2565531 -0.03356254 0.12435 0.2568481 -0.03330379 0.12435 0.2567943 -0.03324997 0.1247327 0.2547268 -0.03356516 0.1252738 0.2547268 -0.03318244 0.1253499 0.256141 -0.03259664 0.1253499 0.2554922 -0.03303021 0.1253499 0.2564116 -0.03286725 0.1252738 0.2556386 -0.03338378 0.1252738 0.256641 -0.03309667 0.1250571 0.2557628 -0.03368347 0.1250571 0.2547268 -0.03388959 0.1250571 0.2558457 -0.03388375 0.1247327 0.2547268 -0.03410631 0.1247327 0.2565745 -0.03194785 0.1253499 0.2569281 -0.03209429 0.1252738 0.2572278 -0.03221845 0.1250571 0.2574281 -0.03230136 0.1247327 0.2574984 -0.03233051 0.12435 0.2558748 -0.03395408 0.12435 0.2551184 -0.03415679 0.12435 0.2547268 -0.03418248 0.12435 0.2589144 -0.02891218 0.12435 0.258844 -0.02888303 0.1247327 0.258344 -0.02867591 0.1252738 0.2579905 -0.02852946 0.1253499 0.2575886 -0.02949953 0.1253499 0.2586438 -0.02880007 0.1250571 0.2590988 -0.02744418 0.1252738 0.2643319 -0.0262854 0.125216 0.2643768 -0.02617704 0.1252738 0.2629721 -0.0258398 0.1252738 0.2593455 -0.02765488 0.1250571 0.2641919 -0.0266236 0.12485 0.2642527 -0.0264768 0.1250571 0.2629467 -0.02616322 0.1250571 0.2595103 -0.02779567 0.1247327 0.2595682 -0.02784508 0.12435 0.2605199 -0.02703231 0.12435 0.2610791 -0.02674734 0.12435 0.2616583 -0.02647942 0.1247327 0.2604801 -0.0269674 0.1247327 0.2616761 -0.02655339 0.12435 0.2629237 -0.02645522 0.12435 0.2629297 -0.02637934 0.1247327 0.2641406 -0.02674734 0.12435 0.2641697 -0.02667707 0.1247327 0.2603668 -0.02678257 0.1250571 0.2616077 -0.0262686 0.1250571 0.2601974 -0.026506 0.1252738 0.261532 -0.02595317 0.1252738 0.2588078 -0.02719563 0.1253499 0.2599974 -0.02617967 0.1253499 0.2614426 -0.02558106 0.1253499 0.2630022 -0.02545833 0.1253499 0.2645233 -0.02582347 0.1253499 0.2329239 -0.01885211 0.1253499 0.2329539 -0.01938533 0.1253499 0.2353809 -0.0203008 0.1253499 0.2339763 -7.36221e-5 0.1253499 0.2343049 -3.25717e-4 0.1253499 0.2350059 0.001137018 0.1253499 0.2682104 -0.01966577 0.1253499 0.2752848 0.01848065 0.1253499 0.2347922 0.01842206 0.1253499 0.2201436 -0.005544722 0.1253499 0.2196304 -0.005692541 0.1253499 0.2214705 -0.007990419 0.1253499 0.2572987 -0.02494162 0.1253499 0.2540352 -0.03154546 0.1253499 0.2546511 -0.03162652 0.1253499 0.255225 -0.03138881 0.1253499 0.2556031 -0.030896 0.1253499 0.2556842 -0.03028017 0.1253499 0.2554464 -0.02970629 0.1253499 0.2557297 -0.02872955 0.1253499 0.224461 -0.01358526 0.1253499 0.2241765 -0.01452326 0.1253499 0.2256336 -0.01626336 0.1253499 0.2227605 -0.01794159 0.1253499 0.2226083 -0.01870697 0.1253499 0.2227605 -0.01947236 0.1253499 0.2231941 -0.02012121 0.1253499 0.2241765 -0.01069641 0.1253499 0.224461 -0.0116344 0.1253499 0.2272026 -0.01247543 0.1253499 0.2245571 -0.01260983 0.1253499 0.2189214 7.50369e-4 0.1253499 0.2194065 -0.003304719 0.1253499 0.2200224 -0.003385782 0.1253499 0.2180521 -0.006574511 0.1253499 0.2191039 -0.005603075 0.1253499 0.2174032 -0.006140947 0.1253499 0.2186111 -0.005224943 0.1253499 0.2169697 -0.00549215 0.1253499 0.2183734 -0.004651069 0.1253499 0.2168175 -0.004726767 0.1253499 0.2169697 -0.003961384 0.1253499 0.2184545 -0.004035234 0.1253499 0.2188326 -0.003542423 0.1253499 0.2204579 -0.003694832 0.1253499 0.2207162 -0.004162251 0.1253499 0.2262201 -0.002272784 0.1253499 0.2207462 -0.004695415 0.1253499 0.2237144 -0.009831964 0.1253499 0.2205418 -0.005188822 0.1253499 0.2230926 -0.00907433 0.1253499 0.2223349 -0.008452475 0.1253499 0.2294452 0.02615702 0.1253499 0.2305276 0.02723944 0.1253499 0.2298787 0.02680587 0.1253499 0.231293 0.02739167 0.1253499 0.2320584 0.02723944 0.1253499 0.239238 0.01658052 0.1253499 0.2427013 0.02494162 0.1253499 0.2445535 0.02970629 0.1253499 0.2443158 0.03028017 0.1253499 0.2443969 0.030896 0.1253499 0.244775 0.03138881 0.1253499 0.2453489 0.03162652 0.1253499 0.2727974 0.01247543 0.1253499 0.2767825 0.001029074 0.1253499 0.2693341 0.004114329 0.1253499 0.2816265 0.004651069 0.1253499 0.2815455 0.004035234 0.1253499 0.2811673 0.003542423 0.1253499 0.2805935 0.003304719 0.1253499 0.2799776 0.003385782 0.1253499 0.2794848 0.003763914 0.1253499 0.2802802 0.005684137 0.1253499 0.280896 0.005603075 0.1253499 0.2813888 0.005224943 0.1253499 0.2792471 0.004337787 0.1253499 0.2793282 0.004953622 0.1253499 0.2797063 0.005446434 0.1253499 0.260762 -0.01658052 0.1253499 0.2515358 -0.002778828 0.1253499 0.250178 -0.003169953 0.1253499 0.2561288 -0.007612287 0.1253499 0.248785 -0.002933263 0.1253499 0.2429054 -0.002135038 0.1253499 0.2474811 -0.001932799 0.1253499 0.2438621 1.7466e-4 0.1253499 0.2531301 -5.31832e-4 0.1253499 0.2525894 -0.001837253 0.1253499 0.2570855 -0.005302608 0.1253499 0.2468521 -4.14421e-4 0.1253499 0.2470666 0.001214981 0.1253499 0.2455363 0.004216611 0.1253499 0.2530509 8.78953e-4 0.1253499 0.2587597 -0.001260638 0.1253499 0.2523674 0.002115607 0.1253499 0.2622087 0.007065773 0.1253499 0.251215 0.002933263 0.1253499 0.2489852 0.01254308 0.1253499 0.2495856 0.00314778 0.1253499 0.2480672 0.002518892 0.1253499 0.2716593 -0.0113393 0.1253499 0.2729765 -0.01064199 0.1253499 0.2737718 -0.008721709 0.1253499 0.273279 -0.008343577 0.1253499 0.2733336 -0.007297337 0.1253499 0.2740095 -0.009295642 0.1253499 0.2739285 -0.009911477 0.1253499 0.2735503 -0.01040428 0.1253499 0.2723606 -0.01056092 0.1253499 0.2718678 -0.01018279 0.1253499 0.2642109 -0.008254051 0.1253499 0.2716301 -0.009608864 0.1253499 0.2717112 -0.008993029 0.1253499 0.2658851 -0.004212081 0.1253499 0.2720893 -0.008500218 0.1253499 0.2726632 -0.008262515 0.1253499 0.2674863 0.004879713 0.1253499 0.2666359 0.001551806 0.1253499 0.2669263 0.001345753 0.1253499 0.2670985 0.00103414 0.1253499 0.2671185 6.78721e-4 0.1253499 0.2669822 3.49789e-4 0.1253499 0.2667167 1.12547e-4 0.1253499 0.2663747 1.39843e-5 0.1253499 0.2640374 -0.003446698 0.1253499 0.2658427 0.001447379 0.1253499 0.2662253 0.001605868 0.1253499 0.2660236 7.36221e-5 0.1253499 0.2656951 3.25717e-4 0.1253499 0.2655366 7.08305e-4 0.1253499 0.2655907 0.001118838 0.1253499 0.2330737 -0.001345753 0.1253499 0.2306659 -0.004114329 0.1253499 0.2333641 -0.001551806 0.1253499 0.2325137 -0.004879713 0.1253499 0.2337746 -0.001605868 0.1253499 0.2331581 0.001902401 0.1253499 0.2332832 -1.12547e-4 0.1253499 0.2336253 -1.39843e-5 0.1253499 0.2329015 -0.00103414 0.1253499 0.2328815 -6.78721e-4 0.1253499 0.2330178 -3.49789e-4 0.1253499 0.2341572 -0.001447379 0.1253499 0.2404131 -0.008151769 0.1253499 0.2344093 -0.001118838 0.1253499 0.2464575 0.03116732 0.1253499 0.2459647 0.03154546 0.1253499 0.246236 0.02948474 0.1253499 0.2456622 0.02924704 0.1253499 0.244549 0.02417623 0.1253499 0.2450463 0.02932816 0.1253499 0.2466142 0.02997756 0.1253499 0.2470365 0.03018146 0.1253499 0.2466952 0.03059345 0.1253499 0.2535997 -0.03123641 0.1253499 0.2533413 -0.03076899 0.1253499 0.2533114 -0.03023576 0.1253499 0.2535158 -0.02974236 0.1253499 0.2538819 -0.02796417 0.1253499 0.253914 -0.02938652 0.1253499 0.2544271 -0.0292387 0.1253499 0.2549537 -0.02932816 0.1253499 0.2395148 0.01148688 0.1253499 0.2391322 0.01132839 0.1253499 0.2376368 0.007488667 0.1253499 0.2387216 0.01138246 0.1253499 0.2386408 0.01282173 0.1253499 0.2389829 0.01292032 0.1253499 0.2410858 0.01581513 0.1253499 0.2384312 0.01158851 0.1253499 0.2357891 0.008254051 0.1253499 0.238259 0.01190006 0.1253499 0.2382391 0.01225554 0.1253499 0.2383753 0.0125845 0.1253499 0.2393339 0.01286065 0.1253499 0.2396624 0.01260858 0.1253499 0.2397668 0.01181542 0.1253499 0.2398209 0.01222598 0.1253499 0.2614064 -0.009798407 0.1253499 0.2612783 -0.01138246 0.1253499 0.2632542 -0.01056373 0.1253499 0.2616069 -0.01163452 0.1253499 0.2617654 -0.01201713 0.1253499 0.2617113 -0.01242768 0.1253499 0.2614592 -0.01275622 0.1253499 0.2610766 -0.01291471 0.1253499 0.2589142 -0.01581513 0.1253499 0.2606661 -0.01286065 0.1253499 0.2603375 -0.01260858 0.1253499 0.2536365 -0.01362907 0.1253499 0.2601791 -0.01222598 0.1253499 0.2602331 -0.01181542 0.1253499 0.2604852 -0.01148688 0.1253499 0.2608678 -0.01132839 0.1253499 0.2310403 -0.01823228 0.1253499 0.2316142 -0.01799458 0.1253499 0.2290503 -0.01324081 0.1253499 0.2369499 -0.01651287 0.1253499 0.2322301 -0.01807564 0.1253499 0.2326656 -0.01838469 0.1253499 0.2305811 -0.01934093 0.1253499 0.2306622 -0.01872509 0.1253499 0.2274814 -0.01702868 0.1253499 0.2327495 -0.01987868 0.1253499 0.2323513 -0.02023458 0.1253499 0.2308188 -0.0199148 0.1253499 0.2313116 -0.02029293 0.1253499 0.2318381 -0.0203824 0.1253499 0.2707026 -0.01364898 0.1253499 0.2623631 -0.007488667 0.1253499 0.2486042 -0.02577811 0.1253499 0.2554509 -0.02417623 0.1253499 0.2501733 -0.02199018 0.1253499 0.2344633 -7.08305e-4 0.1253499 0.2709496 0.01324081 0.1253499 0.273437 0.01924604 0.1253499 0.2656719 0.01542687 0.1253499 0.2681594 0.0214321 0.1253499 0.2524486 0.02090418 0.1253499 0.254936 0.02690941 0.1253499 0.2359626 0.003446698 0.1253499 0.2512559 0.02540504 0.1253499 0.2507427 0.02525717 0.1253499 0.2502162 0.02534663 0.1253499 0.2497234 0.02572476 0.1253499 0.2494857 0.02629864 0.1253499 0.2495667 0.02691453 0.1253499 0.2499449 0.02740728 0.1253499 0.2505188 0.02764505 0.1253499 0.2511346 0.02756392 0.1253499 0.2515702 0.02725493 0.1253499 0.2518285 0.02678751 0.1253499 0.2518585 0.02625429 0.1253499 0.2516541 0.02576088 0.1253499 0.2341148 0.004212081 0.1253499 0.2313432 0.01009559 0.1253499 0.229669 0.006053626 0.1253499 0.2287123 0.003743886 0.1253499 0.2274935 0.02144527 0.1253499 0.2240446 0.0131188 0.1253499 0.2223703 0.009076833 0.1253499 0.2214136 0.006767094 0.1253499 0.232441 0.02816331 0.12435 0.2324119 0.02809298 0.1247327 0.2323898 0.02803951 0.12485 0.2323289 0.0278927 0.1250571 0.2322497 0.02770137 0.125216 0.2322048 0.02759295 0.1252738 0.2287919 0.02642762 0.1250571 0.2289833 0.02634835 0.125216 0.2295252 0.02715945 0.125216 0.2285213 0.02653974 0.12435 0.2286451 0.02648842 0.12485 0.2292664 0.02741825 0.12485 0.2303363 0.02770137 0.125216 0.2301962 0.02803951 0.12485 0.231293 0.02789169 0.125216 0.231293 0.02825766 0.12485 0.2291716 0.02751296 0.12435 0.2301449 0.02816331 0.12435 0.231293 0.02839165 0.12435 0.2160459 -0.003578722 0.12435 0.2161162 -0.003607809 0.1247327 0.2163165 -0.003690779 0.1250571 0.2166162 -0.003814935 0.1252738 0.2158432 -0.00511831 0.12435 0.2160459 -0.005874812 0.12435 0.2161162 -0.005845665 0.1247327 0.2171327 -0.006411552 0.1252738 0.2166162 -0.005638539 0.1252738 0.2169033 -0.00664097 0.1250571 0.2163165 -0.005762696 0.1250571 0.21675 -0.006794273 0.1247327 0.2179057 -0.006928086 0.1252738 0.2177815 -0.007227778 0.1250571 0.2176986 -0.00742805 0.1247327 0.2176694 -0.007498383 0.12435 0.2166962 -0.006848096 0.12435 0.2164374 -0.006553053 0.12435 0.2158175 -0.004726767 0.12435 0.2158936 -0.004726767 0.1247327 0.2161104 -0.004726767 0.1250571 0.2164348 -0.004726767 0.1252738 0.2210878 -0.008914351 0.12435 0.2211391 -0.008790552 0.12485 0.2211999 -0.008643746 0.1250571 0.2212792 -0.008452355 0.125216 0.2218537 -0.009172558 0.12485 0.2217794 -0.009283959 0.12435 0.2220571 -0.008868217 0.125216 0.2223855 -0.00978142 0.12435 0.2224802 -0.009686708 0.12485 0.2228829 -0.01038753 0.12435 0.2229943 -0.01031315 0.12485 0.2232525 -0.01107913 0.12435 0.2233763 -0.01102781 0.12485 0.2234802 -0.01182949 0.12435 0.2236116 -0.01180332 0.12485 0.2235571 -0.01260983 0.12435 0.2236911 -0.01260983 0.12485 0.2234802 -0.01339018 0.12435 0.2236116 -0.01341634 0.12485 0.2232525 -0.0141406 0.12435 0.2233763 -0.01419186 0.12485 0.2227391 -0.009427845 0.125216 0.2232987 -0.01010978 0.125216 0.2237145 -0.01088774 0.125216 0.2239706 -0.01173192 0.125216 0.224057 -0.01260983 0.125216 0.2239706 -0.01348775 0.125216 0.2237145 -0.01433193 0.125216 0.2218366 -0.01755893 0.12435 0.2219604 -0.01761019 0.12485 0.2222986 -0.01775026 0.125216 0.2225817 -0.02073359 0.12485 0.2228405 -0.02047473 0.125216 0.2222986 -0.01966369 0.125216 0.2221083 -0.01870697 0.125216 0.2219604 -0.01980376 0.12485 0.2217423 -0.01870697 0.12485 0.222487 -0.0208283 0.12435 0.2218366 -0.01985502 0.12435 0.2216083 -0.01870697 0.12435 0.2238143 0.01517599 0.11355 0.214783 -0.0066275 0.07284998 0.2207528 0.007784962 0.11355 0.2207528 0.007784962 0.12155 0.2238143 0.01517599 0.12155 0.2714787 -0.02653974 0.07564997 0.2675589 -0.02816331 0.07564997 0.268707 -0.02839165 0.07564997 0.269855 -0.02816331 0.07564997 0.2708283 -0.02751296 0.07564997 0.2641406 -0.02674734 0.07564997 0.2597814 -0.02761447 0.07564997 0.2589144 -0.02891218 0.07564997 0.2610791 -0.02674734 0.07564997 0.2626098 -0.02644288 0.07564997 0.2574984 -0.03233051 0.07564997 0.2565531 -0.03356254 0.07564997 0.2551184 -0.03415679 0.07564997 0.2535787 -0.03395408 0.07564997 0.2638562 -0.03514266 0.07564997 0.2625732 -0.03497374 0.07564997 0.2655133 -0.03114217 0.07564997 0.2660085 -0.03233772 0.07564997 0.2658396 -0.03362077 0.07564997 0.2650518 -0.0346474 0.07564997 0.2615465 -0.03418594 0.07564997 0.2644866 -0.03035438 0.07564997 0.2632036 -0.03018546 0.07564997 0.262008 -0.03068065 0.07564997 0.2612202 -0.03170734 0.07564997 0.2610513 -0.03299033 0.07564997 0.2644866 -0.03035438 0.06935 0.2632036 -0.03018546 0.06935 0.262008 -0.03068065 0.06935 0.2612202 -0.03170734 0.06935 0.2610513 -0.03299033 0.06935 0.2615465 -0.03418594 0.06935 0.2625732 -0.03497374 0.06935 0.2638562 -0.03514266 0.06935 0.2650518 -0.0346474 0.06935 0.2658396 -0.03362077 0.06935 0.2660085 -0.03233772 0.06935 0.2655133 -0.03114217 0.06935 0.2609592 -0.0264579 0.06935 0.278593 0.007863402 0.06935 0.2773651 0.00676614 0.06935 0.276735 0.005244851 0.06935 0.2768273 0.003600776 0.06935 0.2776238 0.002159595 0.06935 0.2801752 0.008319258 0.06935 0.248371 0.01792609 0.06935 0.221407 -0.007863402 0.06935 0.2226349 -0.00676614 0.06935 0.2416807 0.0301752 0.06935 0.2421365 0.02859294 0.06935 0.2432337 0.02736508 0.06935 0.2447551 0.02673494 0.06935 0.2182013 -0.008043408 0.06935 0.2198247 -0.008319258 0.06935 0.2223762 -0.002159595 0.06935 0.2231727 -0.003600776 0.06935 0.2368934 0.01233768 0.06935 0.2343217 0.008842527 0.06935 0.223265 -0.005244851 0.06935 0.2326611 0.004833519 0.06935 0.2675991 0.003777801 0.06935 0.2661836 0.007879793 0.06935 0.2441283 0.01701539 0.06935 0.2402269 0.01511573 0.06935 0.2320082 5.43654e-4 0.06935 0.2324009 -0.003777801 0.06935 0.2338164 -0.007879793 0.06935 0.2361724 -0.01152378 0.06935 0.239332 -0.01449811 0.06935 0.2472916 -0.01779502 0.06935 0.2516289 -0.01792609 0.06935 0.2558717 -0.01701539 0.06935 0.2597731 -0.01511573 0.06935 0.2631065 -0.01233768 0.06935 0.2656783 -0.008842527 0.06935 0.2673389 -0.004833519 0.06935 0.2679918 -5.43654e-4 0.06935 0.2463992 0.02682727 0.06935 0.2478404 0.02762377 0.06935 0.2527084 0.01779502 0.06935 0.2638276 0.01152378 0.06935 0.2606679 0.01449811 0.06935 0.2583193 -0.0301752 0.06935 0.2578634 -0.02859294 0.06935 0.2521596 -0.02762377 0.06935 0.2567662 -0.02736508 0.06935 0.2552449 -0.02673494 0.06935 0.2536008 -0.02682727 0.06935 0.2182013 -0.008043408 0.07284998 0.2232856 -0.004142105 0.07284998 0.2224351 -0.003457903 0.07284998 0.2225527 -0.002372682 0.07284998 0.2217739 -0.002468407 0.07284998 0.2207844 -0.001807272 0.07284998 0.2196173 -0.001575052 0.07284998 0.2184501 -0.001807272 0.07284998 0.2165673 -0.004625082 0.07284998 0.2167994 -0.003457903 0.07284998 0.2174606 -0.002468407 0.07284998 0.2167994 -0.00579226 0.07284998 0.2174606 -0.006781756 0.07284998 0.2184501 -0.007442891 0.07284998 0.2201002 -0.008293449 0.07284998 0.2196173 -0.007675051 0.07284998 0.2207844 -0.007442891 0.07284998 0.2218697 -0.007560491 0.07284998 0.2217739 -0.006781756 0.07284998 0.2230356 -0.00604099 0.07284998 0.2224351 -0.00579226 0.07284998 0.2226673 -0.004625082 0.07284998 0.216843 -0.003959417 0.07177162 0.2166981 -0.004309237 0.07202464 0.221808 -0.006699681 0.07240331 0.2176137 -0.00292927 0.07129675 0.2175635 -0.003050684 0.07123583 0.2171849 -0.003134071 0.07177162 0.217014 -0.003546714 0.07168281 0.2173076 -0.003668367 0.07110285 0.2170517 -0.00428605 0.07123583 0.2216208 -0.006320893 0.07129675 0.2216711 -0.006199479 0.07123583 0.2220497 -0.006116092 0.07177162 0.2198349 -0.002009212 0.07129675 0.2196746 -0.002396166 0.07076883 0.2193014 -0.002337574 0.07085746 0.2180073 -0.003092288 0.07076168 0.2189516 -0.003182172 0.07024663 0.2185376 -0.003311932 0.07031768 0.2188116 -0.003365218 0.07019174 0.2191774 -0.003258287 0.07015907 0.2189921 -0.003339886 0.07015556 0.2194522 -0.002933144 0.07031768 0.2193458 -0.003110289 0.07021671 0.2195352 -0.001773238 0.07177162 0.2206956 -0.002021729 0.07168281 0.220574 -0.002315402 0.07110285 0.2213131 -0.002621531 0.07129675 0.2216919 -0.002666592 0.07177162 0.2211528 -0.003008484 0.07076883 0.2208989 -0.003640115 0.0702635 0.2211083 -0.004075467 0.07024663 0.2208771 -0.003819465 0.07019174 0.2209025 -0.003999888 0.07015556 0.2209841 -0.004185199 0.07015907 0.221132 -0.004353582 0.07021671 0.2213093 -0.004459977 0.07031768 0.2218396 -0.004679679 0.07076168 0.2209304 -0.003545403 0.07031768 0.2214581 -0.003230929 0.07085746 0.2221934 -0.004041492 0.071325 0.2223916 -0.005290746 0.07177162 0.2221828 -0.004964053 0.07123583 0.2225365 -0.004940927 0.07202464 0.2222331 -0.004842698 0.07129675 0.2219265 -0.004715681 0.07085955 0.221927 -0.005581796 0.07110285 0.2222206 -0.005703389 0.07168281 0.2212272 -0.006157875 0.07076168 0.2213142 -0.006193876 0.07085955 0.2210262 -0.006859302 0.071325 0.2219048 -0.006465911 0.07202464 0.2199331 -0.006912589 0.07085746 0.2202829 -0.006067991 0.07024663 0.2206969 -0.005938231 0.07031768 0.2206023 -0.005906701 0.0702635 0.2204229 -0.005884945 0.07019174 0.2200571 -0.005991876 0.07015907 0.2202425 -0.005910277 0.07015556 0.2198888 -0.006139874 0.07021671 0.2197824 -0.006317019 0.07031768 0.21956 -0.006853997 0.07076883 0.2193996 -0.007240951 0.07129675 0.2196993 -0.007476925 0.07177162 0.2185389 -0.007228434 0.07168281 0.2186605 -0.006934762 0.07110285 0.2179214 -0.006628632 0.07129675 0.2175427 -0.006583571 0.07177162 0.2180817 -0.006241679 0.07076883 0.2183356 -0.005610048 0.0702635 0.2181262 -0.005174696 0.07024663 0.2183574 -0.005430698 0.07019174 0.2183321 -0.005250275 0.07015556 0.2182505 -0.005064964 0.07015907 0.2181025 -0.004896581 0.07021671 0.2179253 -0.004790186 0.07031768 0.217395 -0.004570484 0.07076168 0.2183042 -0.00570476 0.07031768 0.2177764 -0.006019234 0.07085746 0.2170411 -0.005208671 0.071325 0.2170014 -0.004407465 0.07129675 0.2173081 -0.004534482 0.07085955 0.2182084 -0.002390861 0.071325 0.2179204 -0.003056287 0.07085955 0.2173298 -0.002784252 0.07202464 0.2223723 -0.003609538 0.07202464 0.2226333 -0.004707157 0.07240331 0.2208473 -0.007291257 0.07202464 0.2183873 -0.001958906 0.07202464 0.2174266 -0.002550482 0.07240331 0.2168623 -0.005640566 0.07202464 0.2166013 -0.004543006 0.07240331 0.242759 0.0306003 0.07139998 0.2433713 0.0320785 0.07139998 0.2436829 0.03021758 0.07139998 0.2442952 0.03169578 0.07139998 0.2438696 0.03010314 0.07139998 0.2445082 0.0316447 0.07139998 0.2440119 0.02993661 0.07139998 0.2451573 0.02776682 0.07139998 0.2436791 0.02837914 0.07139998 0.2455399 0.02869069 0.07139998 0.2440617 0.02930301 0.07139998 0.2441129 0.02951598 0.07139998 0.2456544 0.02887743 0.07139998 0.2447265 0.03166186 0.07139998 0.2440957 0.02973431 0.07139998 0.2464545 0.02906954 0.07139998 0.2449288 0.03174567 0.07139998 0.2450954 0.03188788 0.07139998 0.2455925 0.0329985 0.07139998 0.2470707 0.03238624 0.07139998 0.2452098 0.03207463 0.07139998 0.246688 0.03146237 0.07139998 0.2466369 0.0312494 0.07139998 0.246654 0.03103107 0.07139998 0.2479907 0.03016507 0.07139998 0.2473784 0.02868688 0.07139998 0.2470668 0.03054773 0.07139998 0.2468801 0.03066217 0.07139998 0.2467378 0.03082871 0.07139998 0.2462416 0.02912068 0.07139998 0.2460232 0.02910351 0.07139998 0.2458209 0.02901965 0.07139998 0.2193996 -0.007240951 0.07139998 0.2179214 -0.006628632 0.07139998 0.2197824 -0.006317019 0.07139998 0.2183042 -0.00570476 0.07139998 0.2198968 -0.006130337 0.07139998 0.2183552 -0.005491793 0.07139998 0.2200633 -0.005988061 0.07139998 0.2222331 -0.004842698 0.07139998 0.2216208 -0.006320893 0.07139998 0.2213093 -0.004459977 0.07139998 0.2206969 -0.005938231 0.07139998 0.220484 -0.005887091 0.07139998 0.2211225 -0.004345595 0.07139998 0.2183381 -0.005273461 0.07139998 0.2202656 -0.005904257 0.07139998 0.2209304 -0.003545403 0.07139998 0.2182543 -0.005071103 0.07139998 0.2181121 -0.004904568 0.07139998 0.2170014 -0.004407465 0.07139998 0.2176137 -0.00292927 0.07139998 0.2179253 -0.004790186 0.07139998 0.2185376 -0.003311932 0.07139998 0.2187505 -0.003363072 0.07139998 0.2189689 -0.003345906 0.07139998 0.2198349 -0.002009212 0.07139998 0.2213131 -0.002621531 0.07139998 0.2194522 -0.002933144 0.07139998 0.2193378 -0.003119826 0.07139998 0.2191712 -0.003262102 0.07139998 0.2208793 -0.00375837 0.07139998 0.2208964 -0.003976702 0.07139998 0.2209803 -0.00417906 0.07139998</float_array>
          <technique_common>
            <accessor source="#link_2-mesh-positions-array" count="4043" stride="3">
              <param name="X" type="float" />
              <param name="Y" type="float" />
              <param name="Z" type="float" />
            </accessor>
          </technique_common>
        </source>
        <source id="link_2-mesh-normals">
          <float_array id="link_2-mesh-normals-array" count="20694">0 0 1 0 0 1 0 0 1 0 0 1 0 0 1 0 0 1 0 0 1 0 0 1 0 0 1 0 0 1 0 0 1 0 0 1 0 0 1 0 0 1 0 0 1 0 0 1 0 0 1 0 0 1 0 0 1 0 0 1 0 0 1 0 0 1 0 0 1 0 0 1 0 0 1 0 0 1 0 0 1 0 0 1 0 0 1 0 0 1 0 0 1 0 0 1 0 0 1 0 0 1 0 0 1 0 0 1 0 0 1 0 0 1 0 0 1 0 0 1 0 0 1 0 0 1 0 0 1 0 0 1 0 0 1 0 0 1 0 0 1 0 0 1 0 0 1 0 0 1 0 0 1 0 0 1 0 0 1 0.02929157 0.9995709 0 0.02929157 0.9995709 0 0.2823209 0.95932 0 0.2823209 0.95932 0 0.5168176 0.8560955 0 0.5168176 0.8560955 0 0.7173873 0.6966745 0 0.7173873 0.6966745 0 0.8708674 0.491518 0 0.8708674 0.491518 0 0.9671779 0.2541 0 0.9671779 0.2541 0 1 0 0 1 0 0 0.9671779 -0.2541 0 0.9671779 -0.2541 0 0.8708674 -0.491518 0 0.8708674 -0.491518 0 0.7173873 -0.6966745 0 0.7173873 -0.6966745 0 0.5168176 -0.8560955 0 0.5168176 -0.8560955 0 0.2823209 -0.95932 0 0.2823209 -0.95932 0 0.02929157 -0.9995709 0 0.02929157 -0.9995709 0 -0.06935113 -0.9975923 0 -0.06935113 -0.9975923 0 -0.009895503 -0.999951 0 -0.009895503 -0.999951 0 0.04959499 -0.9987695 0 0.04959499 -0.9987695 0 0.10891 -0.9940516 0 0.10891 -0.9940516 0 0.01676124 -0.9998595 0 0.01676124 -0.9998595 0 -0.2255209 -0.9742383 0 -0.2255209 -0.9742383 0 -0.4544167 -0.8907893 0 -0.4544167 -0.8907893 0 -0.6563398 -0.7544655 0 -0.6563398 -0.7544655 0 -0.8193045 -0.5733586 0 -0.8193045 -0.5733586 0 -0.9336376 -0.3582189 0 -0.9336376 -0.3582189 0 -0.9925526 -0.1218166 0 -0.9925526 -0.1218166 0 -0.9925526 0.1218166 0 -0.9925526 0.1218166 0 -0.9336376 0.3582189 0 -0.9336376 0.3582189 0 -0.8193045 0.5733586 0 -0.8193045 0.5733586 0 -0.6563398 0.7544655 0 -0.6563398 0.7544655 0 -0.4544167 0.8907893 0 -0.4544167 0.8907893 0 -0.2255209 0.9742383 0 -0.2255209 0.9742383 0 0.01676124 0.9998595 0 0.01676124 0.9998595 0 0.10891 0.9940516 0 0.10891 0.9940516 0 0.04959499 0.9987695 0 0.04959499 0.9987695 0 -0.009895503 0.999951 0 -0.009895503 0.999951 0 -0.06935113 0.9975923 0 -0.06935113 0.9975923 0 0 0 -1 0 0 -1 0 0 -1 0 0 -1 0 0 -1 0 0 -1 0 0 -1 0 0 -1 0 0 -1 0 0 -1 0 0 -1 0 0 -1 0 0 -1 0 0 -1 0 0 -1 0 0 -1 0 0 -1 0 0 -1 0 0 -1 0 0 -1 0 0 -1 0 0 -1 0 0 -1 0 0 -1 0 0 -1 0 0 -1 0 0 -1 0 0 -1 0 0 -1 0 0 -1 0 0 -1 0 0 -1 0 0 -1 0 0 -1 0 0 -1 0 0 -1 0 0 -1 0 0 -1 0 0 -1 0 0 -1 0 0 -1 0 0 -1 0 0 -1 0 0 -1 0 0 -1 0 0 -1 0 0 -1 0 0 -1 0 0 -1 0 0 -1 0 0 -1 0 0 -1 0 0 -1 0 0 -1 0 0 -1 0 0 -1 0 0 -1 0 0 -1 0 0 -1 0 0 -1 0 0 -1 0 0 -1 0 0 -1 0 0 -1 0 0 -1 0 0 -1 0 0 -1 0 0 -1 0 0 -1 0 0 -1 0 0 -1 0 0 -1 0 0 -1 0 0 -1 0 0 -1 0 0 -1 0 0 -1 0 0 -1 0 0 -1 0.9898214 -0.142315 0 0.9096321 -0.4154149 0 0.9096321 -0.4154149 0 0.7557495 -0.6548608 0 0.7557495 -0.6548608 0 0.5406408 -0.8412536 0 0.5406408 -0.8412536 0 0.2817327 -0.9594929 0 0.2817327 -0.9594929 0 0 -1 0 0 -1 0 -0.2817327 -0.9594929 0 -0.2817327 -0.9594929 0 -0.5406408 -0.8412536 0 -0.5406408 -0.8412536 0 -0.7557495 -0.6548608 0 -0.7557495 -0.6548608 0 -0.9096321 -0.4154149 0 -0.9096321 -0.4154149 0 -0.9898214 -0.142315 0 -0.9898214 -0.142315 0 -0.9898214 0.142315 0 -0.9898214 0.142315 0 -0.9096321 0.4154149 0 -0.9096321 0.4154149 0 -0.7557495 0.6548608 0 -0.7557495 0.6548608 0 -0.5406408 0.8412536 0 -0.5406408 0.8412536 0 -0.2817327 0.9594929 0 -0.2817327 0.9594929 0 0 1 0 0 1 0 0.2817327 0.9594929 0 0.2817327 0.9594929 0 0.5406408 0.8412536 0 0.5406408 0.8412536 0 0.7557495 0.6548608 0 0.7557495 0.6548608 0 0.9096321 0.4154149 0 0.9096321 0.4154149 0 0.9898214 0.142315 0 0.9898214 0.142315 0 0.9898214 -0.142315 0 0.01676124 0.9998595 0 0.01676124 0.9998595 0 -0.2255209 0.9742383 0 -0.2255209 0.9742383 0 -0.4544167 0.8907893 0 -0.4544167 0.8907893 0 -0.6563397 0.7544654 0 -0.6563397 0.7544654 0 -0.8193045 0.5733586 0 -0.8193045 0.5733586 0 -0.9336376 0.3582189 0 -0.9336376 0.3582189 0 -0.9925526 0.1218166 0 -0.9925526 0.1218166 0 -0.9925526 -0.1218166 0 -0.9925526 -0.1218166 0 -0.9336376 -0.3582189 0 -0.9336376 -0.3582189 0 -0.8193045 -0.5733586 0 -0.8193045 -0.5733586 0 -0.6563397 -0.7544654 0 -0.6563397 -0.7544654 0 -0.4544167 -0.8907893 0 -0.4544167 -0.8907893 0 -0.2255209 -0.9742383 0 -0.2255209 -0.9742383 0 0.01676124 -0.9998595 0 0.01676124 -0.9998595 0 0.10891 -0.9940516 0 0.10891 -0.9940516 0 0.04959499 -0.9987695 0 0.04959499 -0.9987695 0 -0.009895503 -0.9999511 0 -0.009895503 -0.9999511 0 -0.06935113 -0.9975923 0 -0.06935113 -0.9975923 0 0.02929157 -0.9995709 0 0.02929157 -0.9995709 0 0.2823209 -0.95932 0 0.2823209 -0.95932 0 0.5168176 -0.8560955 0 0.5168176 -0.8560955 0 0.7173873 -0.6966745 0 0.7173873 -0.6966745 0 0.8708674 -0.491518 0 0.8708674 -0.491518 0 0.9671779 -0.2541 0 0.9671779 -0.2541 0 1 0 0 1 0 0 0.9671779 0.2541 0 0.9671779 0.2541 0 0.8708674 0.491518 0 0.8708674 0.491518 0 0.7173873 0.6966745 0 0.7173873 0.6966745 0 0.5168176 0.8560955 0 0.5168176 0.8560955 0 0.2823209 0.95932 0 0.2823209 0.95932 0 0.02929157 0.9995709 0 0.02929157 0.9995709 0 -0.06935113 0.9975923 0 -0.06935113 0.9975923 0 -0.009895503 0.9999511 0 -0.009895503 0.9999511 0 0.04959499 0.9987695 0 0.04959499 0.9987695 0 0.10891 0.9940516 0 0.10891 0.9940516 0 0 0 1 0 0 1 0 0 1 0 0 1 0 0 1 0 0 1 0 0 1 0 0 1 0 0 1 0 0 1 0 0 1 0 0 1 0 0 1 0 0 1 0 0 1 0 0 1 0 0 1 0 0 1 0 0 1 0 0 1 0 0 1 0 0 1 0 0 1 0 0 1 0 0 1 0 0 1 0 0 1 0 0 1 0 0 1 0 0 1 0 0 1 0 0 1 0 0 1 0 0 1 0 0 1 0 0 1 0 0 1 0 0 1 0 0 1 0 0 1 0 0 1 0 0 1 0 0 1 0 0 1 0 0 1 0 0 1 0 0 1 0 0 1 0 0 1 0 0 1 0 0 1 0 0 1 0 0 1 0 0 1 0 0 1 0 0 1 0 0 1 0 0 1 0 0 1 0 0 1 0 0 1 0 0 1 0 0 1 0 0 1 0 0 1 0 0 1 0 0 1 0 0 1 0 0 1 0 0 1 0 0 1 0 0 1 0 0 1 0 0 1 0 0 1 0 0 1 0 0 1 0 0 1 0 0 1 0 0 -1 0 0 -1 0 0 -1 0 0 -1 0 0 -1 0 0 -1 0 0 -1 0 0 -1 0 0 -1 0 0 -1 0 0 -1 0 0 -1 0 0 -1 0 0 -1 0 0 -1 0 0 -1 0 0 -1 0 0 -1 0 0 -1 0 0 -1 0 0 -1 0 0 -1 0 0 -1 0 0 -1 0 0 -1 0 0 -1 0 0 -1 0 0 -1 0 0 -1 0 0 -1 0 0 -1 0 0 -1 0 0 -1 -0.9876883 -0.1564344 0 -0.8910066 -0.4539903 0 -0.8910066 -0.4539903 0 -0.7071065 -0.7071071 0 -0.7071065 -0.7071071 0 -0.4539907 -0.8910064 0 -0.4539907 -0.8910064 0 -0.1564344 -0.9876883 0 -0.1564344 -0.9876883 0 0.1564344 -0.9876883 0 0.1564344 -0.9876883 0 0.4539902 -0.8910067 0 0.4539902 -0.8910067 0 0.7071072 -0.7071064 0 0.7071072 -0.7071064 0 0.8910066 -0.4539903 0 0.8910066 -0.4539903 0 0.9876883 -0.1564344 0 0.9876883 -0.1564344 0 0.9876883 0.1564344 0 0.9876883 0.1564344 0 0.8910066 0.4539903 0 0.8910066 0.4539903 0 0.7071072 0.7071064 0 0.7071072 0.7071064 0 0.4539902 0.8910067 0 0.4539902 0.8910067 0 0.1564344 0.9876883 0 0.1564344 0.9876883 0 -0.1564344 0.9876883 0 -0.1564344 0.9876883 0 -0.4539907 0.8910064 0 -0.4539907 0.8910064 0 -0.7071065 0.7071071 0 -0.7071065 0.7071071 0 -0.8910066 0.4539903 0 -0.8910066 0.4539903 0 -0.9876883 0.1564344 0 -0.9876883 0.1564344 0 -0.9876883 -0.1564344 0 -0.9914451 0.1305243 0 -0.9914451 0.1305243 0 -0.9238799 -0.3826827 0 -0.9238799 -0.3826827 0 -0.6087626 -0.7933525 0 -0.6087626 -0.7933525 0 -0.3826833 -0.9238795 0 -0.3826833 -0.9238795 0 -0.1305252 -0.991445 0 -0.1305252 -0.991445 0 0.3826843 -0.9238792 0 0.3826843 -0.9238792 0 0.7933521 -0.608763 0 0.7933521 -0.608763 0 0.9238796 -0.3826833 0 0.9238796 -0.3826833 0 0.9807854 -0.1950894 0 0.9807854 -0.1950894 0 0.9807854 0.1950893 0 0.9807854 0.1950893 0 0.8314702 0.5555695 0 0.8314702 0.5555695 0 0.5555706 0.8314694 0 0.5555706 0.8314694 0 0.3826833 0.9238795 0 0.3826833 0.9238795 0 0.1950902 0.9807853 0 0.1950902 0.9807853 0 -0.1950891 0.9807856 0 -0.1950891 0.9807856 0 -0.5555706 0.8314694 0 -0.5555706 0.8314694 0 -0.8314706 0.5555687 0 -0.8314706 0.5555687 0 -0.9238795 0.3826835 0 -0.9238795 0.3826835 0 0 0 1 0 0 1 0 0 1 0 0 1 0 0 1 0 0 1 0 0 1 0 0 1 0 0 1 0 0 1 0 0 1 0 0 1 0 0 1 0 0 1 0 0 1 0 0 1 -0.9385905 -0.3450331 0 -0.9385905 -0.3450331 0 -0.9076601 -0.419706 0 -0.9076601 -0.419706 0 -0.3826833 -0.9238796 0 -0.3826833 -0.9238796 0 0.3450348 -0.9385899 0 0.3450348 -0.9385899 0 0.419706 -0.9076601 0 0.419706 -0.9076601 0 0.9238796 -0.3826835 0 0.9238796 -0.3826835 0 0.9385905 0.3450331 0 0.9385905 0.3450331 0 0.9076568 0.4197132 0 0.9076568 0.4197132 0 0.3826835 0.9238795 0 0.3826835 0.9238795 0 -0.3450334 0.9385904 0 -0.3450334 0.9385904 0 -0.4197093 0.9076586 0 -0.4197093 0.9076586 0 -0.9238796 0.3826835 0 -0.9238796 0.3826835 0 0 0 1 0 0 1 0 0 1 0 0 1 0 0 1 0 0 1 0 0 1 0 0 1 0 0 1 0 0 1 0 0 -1 0 0 -1 0 0 -1 0 0 -1 0 0 -1 0 0 -1 0 0 -1 0 0 -1 0 0 -1 0 0 -1 -0.6087645 -0.793351 0 -0.6087645 -0.793351 0 -0.9238831 -0.3826749 0 -0.9238831 -0.3826749 0 -0.991446 0.1305177 0 -0.991446 0.1305177 0 -0.7933525 0.6087625 0 -0.7933525 0.6087625 0 -0.3826817 0.9238802 0 -0.3826817 0.9238802 0 0.1305266 0.9914448 0 0.1305266 0.9914448 0 0.608756 0.7933574 0 0.608756 0.7933574 0 0.9238832 0.3826745 0 0.9238832 0.3826745 0 0.991446 -0.1305179 0 0.991446 -0.1305179 0 0.7933525 -0.6087625 0 0.7933525 -0.6087625 0 0.3826826 -0.9238799 0 0.3826826 -0.9238799 0 -0.1305254 -0.991445 0 -0.1305254 -0.991445 0 -0.6087651 -0.7933505 0 -0.6087651 -0.7933505 0 -0.923877 -0.3826897 0 -0.923877 -0.3826897 0 -0.991446 0.1305179 0 -0.991446 0.1305179 0 -0.7933521 0.6087631 0 -0.7933521 0.6087631 0 -0.3826826 0.9238799 0 -0.3826826 0.9238799 0 0.1305232 0.9914453 0 0.1305232 0.9914453 0 0.5786737 0.8155593 0 0.5786737 0.8155593 0 0.8752267 0.4837129 0 0.8752267 0.4837129 0 0.9984269 0.05606818 0 0.9984269 0.05606818 0 0.9238825 -0.3826762 0 0.9238825 -0.3826762 0 0.6663427 -0.7456455 0 0.6663427 -0.7456455 0 0.2768371 -0.9609169 0 0.2768371 -0.9609169 0 -0.1675046 -0.9858713 0 -0.1675046 -0.9858713 0 -0.608756 -0.7933574 0 -0.608756 -0.7933574 0 -0.9238832 -0.3826745 0 -0.9238832 -0.3826745 0 -0.9914437 0.130535 0 -0.9914437 0.130535 0 -0.7933609 0.6087515 0 -0.7933609 0.6087515 0 -0.3826765 0.9238825 0 -0.3826765 0.9238825 0 0.1305299 0.9914444 0 0.1305299 0.9914444 0 0.608756 0.7933574 0 0.608756 0.7933574 0 0.9238831 0.3826749 0 0.9238831 0.3826749 0 0.9914437 -0.1305349 0 0.9914437 -0.1305349 0 0.7933609 -0.6087515 0 0.7933609 -0.6087515 0 0.3826879 -0.9238777 0 0.3826879 -0.9238777 0 -0.1305243 -0.9914451 0 -0.1305243 -0.9914451 0 -0.4713978 -0.8819207 0 -0.4713978 -0.8819207 0 -0.6343924 -0.7730113 0 -0.6343924 -0.7730113 0 -0.7730094 -0.6343946 0 -0.7730094 -0.6343946 0 -0.881923 -0.4713935 0 -0.881923 -0.4713935 0 -0.9569408 -0.290283 0 -0.9569408 -0.290283 0 -0.9951842 -0.09802263 0 -0.9951842 -0.09802263 0 -0.9951842 0.09802263 0 -0.9951842 0.09802263 0 -0.9569408 0.290283 0 -0.9569408 0.290283 0 -0.881923 0.4713935 0 -0.881923 0.4713935 0 -0.7730094 0.6343946 0 -0.7730094 0.6343946 0 -0.6343924 0.7730113 0 -0.6343924 0.7730113 0 -0.4713978 0.8819207 0 -0.4713978 0.8819207 0 -0.2902852 0.9569402 0 -0.2902852 0.9569402 0 -0.09801656 0.9951848 0 -0.09801656 0.9951848 0 0.09801685 0.9951847 0 0.09801685 0.9951847 0 0.2902843 0.9569404 0 0.2902843 0.9569404 0 0.4713978 0.8819207 0 0.4713978 0.8819207 0 0.6343924 0.7730113 0 0.6343924 0.7730113 0 0.773011 0.6343927 0 0.773011 0.6343927 0 0.8819217 0.4713959 0 0.8819217 0.4713959 0 0.9569399 0.2902859 0 0.9569399 0.2902859 0 0.9951847 0.09801644 0 0.9951847 0.09801644 0 0.9951847 -0.09801644 0 0.9951847 -0.09801644 0 0.9569399 -0.2902859 0 0.9569399 -0.2902859 0 0.8819217 -0.4713959 0 0.8819217 -0.4713959 0 0.773011 -0.6343927 0 0.773011 -0.6343927 0 0.6343924 -0.7730113 0 0.6343924 -0.7730113 0 0.4713978 -0.8819207 0 0.4713978 -0.8819207 0 0.2902843 -0.9569404 0 0.2902843 -0.9569404 0 0.09801685 -0.9951847 0 0.09801685 -0.9951847 0 -0.09801656 -0.9951848 0 -0.09801656 -0.9951848 0 -0.2902852 -0.9569402 0 -0.2902852 -0.9569402 0 -0.4662955 -0.8846291 0 -0.4662955 -0.8846291 0 -0.6209064 -0.7838848 0 -0.6209064 -0.7838848 0 -0.7543735 -0.6564454 0 -0.7543735 -0.6564454 0 -0.8621491 -0.5066548 0 -0.8621491 -0.5066548 0 -0.9405676 -0.3396066 0 -0.9405676 -0.3396066 0 -0.9869551 -0.1609956 0 -0.9869551 -0.1609956 0 -0.9997332 0.02309721 0 -0.9997332 0.02309721 0 -0.9784663 0.2064064 0 -0.9784663 0.2064064 0 -0.9405689 0.3396031 0 -0.923789 0.3826441 -0.01404535 -0.9052198 0.4249438 0 -0.8378311 0.5459296 0 -0.8378311 0.5459296 0 -0.7232503 0.6905859 0 -0.7232503 0.6905859 0 -0.5840407 0.8117243 0 -0.5840407 0.8117243 0 -0.4249439 0.9052197 0 -0.4249439 0.9052197 0 -0.2513738 0.96789 0 -0.2513738 0.96789 0 -0.06924408 0.9975998 0 -0.06924408 0.9975998 0 0.1152429 0.9933374 0 0.1152429 0.9933374 0 0.2958058 0.9552481 0 0.2958058 0.9552481 0 0 0 -1 0 0 -1 0 0 -1 0 0 -1 0 0 -1 0 0 -1 0 0 -1 0 0 -1 0 0 -1 0 0 -1 0 0 -1 0 0 -1 0 0 -1 0 0 -1 0 0 -1 0 0 -1 0 0 -1 0 0 -1 0 0 -1 0 0 -1 0 0 -1 0 0 -1 0 0 -1 0 0 -1 0 0 -1 0 0 -1 0 0 -1 0 0 -1 0 0 -1 0 0 -1 0 0 -1 0 0 -1 0 0 -1 0 0 -1 0 0 -1 0 0 -1 0 0 -1 0 0 -1 0 0 -1 0 0 -1 0 0 -1 0 0 -1 0 0 -1 0 0 -1 0 0 -1 0 0 -1 0 0 -1 0 0 -1 0 0 -1 0 0 -1 0 0 -1 0 0 -1 0 0 -1 0 0 -1 0 0 -1 0 0 -1 0 0 -1 0 0 -1 0 0 -1 0 0 -1 0 0 -1 0 0 -1 0 0 -1 0 0 -1 0 0 -1 0 0 -1 0.4662967 0.8846284 0 0.4662967 0.8846284 0 0.6209077 0.7838836 0 0.6209077 0.7838836 0 0.754372 0.6564471 0 0.754372 0.6564471 0 0.8621491 0.5066548 0 0.8621491 0.5066548 0 0.9405676 0.3396066 0 0.9405676 0.3396066 0 0.9869551 0.1609956 0 0.9869551 0.1609956 0 0.9997332 -0.02310019 0 0.9997332 -0.02310019 0 0.9784675 -0.2064006 0 0.9784675 -0.2064006 0 0.940567 -0.3396084 0 0.9237881 -0.3826467 -0.01404452 0.9052198 -0.4249438 0 0.8378311 -0.5459296 0 0.8378311 -0.5459296 0 0.7232488 -0.6905875 0 0.7232488 -0.6905875 0 0.5840436 -0.8117223 0 0.5840436 -0.8117223 0 0.4249427 -0.9052202 0 0.4249427 -0.9052202 0 0.2513731 -0.9678903 0 0.2513731 -0.9678903 0 0.06924432 -0.9975997 0 0.06924432 -0.9975997 0 -0.1152429 -0.9933374 0 -0.1152429 -0.9933374 0 -0.2958067 -0.9552479 0 -0.2958067 -0.9552479 0 0.3826832 0.9238796 0 0.3826831 0.9238796 0 0.3826836 0.9238794 -4.54019e-7 0.3826843 0.9238792 6.81762e-7 0.3826831 0.9238796 0 0.3826833 0.9238796 0 0.3826833 0.9238796 0 0.3826833 0.9238795 0 0.9238793 0.382684 0 0.9238793 0.382684 0 0.9238787 -0.3826856 0 0.9238809 -0.3826801 0 0.9238792 -0.3826843 -2.06307e-6 0.9238798 -0.3826828 -6.35626e-7 0.9238796 -0.3826832 0 0.9238795 -0.3826838 0 0.9238791 -0.3826847 2.3796e-6 0.9238816 -0.3826784 -3.46126e-6 0.351996 -0.9360015 0 0.3826731 -0.9238543 -0.007384538 0.409914 -0.9121242 0 -0.3826834 -0.9238796 0 -0.3826833 -0.9238796 0 -0.3826831 -0.9238796 0 -0.3826833 -0.9238795 0 -0.3826838 -0.9238794 0 -0.3826835 -0.9238795 2.72411e-7 -0.3826833 -0.9238796 1.85935e-7 -0.3826831 -0.9238796 0 -0.936003 -0.3519918 0 -0.9238552 -0.382671 -0.007385015 -0.9238708 -0.3826332 -0.007395267 -0.9107498 -0.4129585 0 0 0 -1 0 0 -1 0 0 -1 0 0 -1 0 0 -1 0 0 -1 0 0 -1 0 0 -1 0 0 -1 0 0 -1 0 0 -1 0 0 -1 0 0 -1 0 0 -1 0 0 -1 0 0 -1 0 0 -1 0 0 -1 0 0 -1 0 0 -1 0 0 -1 0 0 -1 0 0 -1 0 0 -1 0 0 -1 0 0 -1 0 0 -1 0 0 -1 0 0 -1 0 0 -1 0 0 -1 0 0 -1 0 0 -1 0 0 -1 0 0 -1 0 0 -1 0 0 -1 0 0 -1 0 0 -1 0 0 -1 0 0 -1 0 0 -1 0 0 -1 0 0 -1 0 0 -1 0 0 -1 0 0 -1 0 0 -1 0 0 -1 0 0 -1 0 0 -1 0 0 -1 0 0 -1 0 0 -1 0 0 -1 0 0 -1 0 0 -1 0 0 -1 0 0 -1 0 0 -1 0 0 -1 0 0 -1 0 0 -1 0 0 -1 0 0 -1 0 0 -1 0 0 -1 0 0 -1 0 0 -1 0 0 -1 0 0 -1 0 0 -1 0 0 -1 0 0 -1 0 0 -1 0 0 -1 0 0 -1 0 0 -1 0 0 -1 0 0 -1 0 0 -1 0 0 -1 0 0 -1 0 0 -1 0 0 -1 0 0 -1 0 0 -1 0 0 -1 0 0 -1 0 0 -1 0 0 -1 0 0 -1 0 0 -1 0 0 -1 0 0 -1 0 0 -1 0 0 -1 0 0 -1 0 0 -1 0 0 -1 0 0 -1 0 0 -1 0 0 -1 0 0 -1 0 0 -1 -0.3551132 0.9348233 0 -0.3826731 0.9238543 -0.007385373 -0.4129578 0.9107501 0 -0.9238798 0.3826828 0 -0.9238798 0.3826828 0 -0.9238804 0.3826814 6.4532e-7 -0.9238796 0.3826833 -1.07667e-6 -0.9238794 0.3826839 0 -0.9238796 0.3826833 0 -0.9238796 0.3826832 -3.17281e-7 -0.9238792 0.3826842 6.64874e-7 0 0 1 0 0 1 0 0 1 0 0 1 0 0 1 0 0 1 0 0 1 0 0 1 0 0 1 0 0 1 0 0 1 0 0 1 0 0 1 0 0 1 0 0 1 0 0 1 0 0 1 0 0 1 0 0 1 0 0 1 0 0 1 0 0 1 0 0 1 0 0 1 0 0 1 0 0 1 0 0 1 0 0 1 0 0 1 0 0 1 0 0 1 0 0 1 0 0 1 0 0 1 0 0 1 0 0 1 0 0 1 0 0 1 0 0 1 0 0 1 0 0 1 0 0 1 0 0 1 0 0 1 0 0 1 0 0 1 0 0 1 0 0 1 0 0 1 0 0 1 0 0 1 0 0 1 0 0 1 0 0 1 0 0 1 0 0 1 0 0 1 0 0 1 0 0 1 0 0 1 0 0 1 0 0 1 0 0 1 0 0 1 0 0 1 0 0 1 0 0 1 0 0 1 0 0 1 0 0 1 0 0 1 0 0 1 0 0 1 0 0 1 0 0 1 0 0 1 0 0 1 0 0 1 0 0 1 0 0 1 0 0 1 0 0 1 0 0 1 0 0 1 0 0 1 0 0 1 0 0 1 0 0 1 0 0 1 0 0 1 0 0 1 0 0 1 0 0 1 0 0 1 0 0 1 0 0 1 0 0 1 0 0 1 0 0 1 0 0 1 0 0 1 0 0 1 0 0 1 0 0 1 0 0 1 0 0 1 0 0 1 0 0 1 0 0 1 0 0 1 0 0 1 0 0 1 0 0 1 0 0 1 0 0 1 0 0 1 0 0 1 0 0 1 0 0 1 0 0 1 0 0 1 0 0 1 0 0 1 0 0 1 0 0 1 0 0 1 0 0 1 0 0 1 0 0 1 0 0 1 0 0 1 0 0 1 0 0 1 0 0 1 0 0 1 0 0 1 0 0 1 0 0 1 0 0 1 0 0 1 0 0 1 0 0 1 0 0 1 0 0 1 0 0 1 0 0 1 0 0 1 0 0 1 0 0 1 0 0 1 0 0 1 0 0 1 0 0 1 0 0 1 0 0 1 0 0 1 0 0 1 0 0 1 0 0 1 0 0 1 0 0 1 0 0 1 0 0 1 0 0 1 0 0 1 0 0 1 0 0 1 0 0 1 0 0 1 0 0 1 0 0 1 0 0 1 0 0 1 0 0 1 0 0 1 0 0 1 0 0 1 0 0 1 0 0 1 0 0 1 0 0 1 0 0 1 0 0 1 0 0 1 0 0 1 0 0 1 0 0 1 0 0 1 0 0 1 0 0 1 0 0 1 0 0 1 0 0 1 0 0 1 0 0 1 0 0 1 0 0 1 0 0 1 0 0 1 0 0 1 0 0 1 0 0 1 0 0 1 0 0 1 0 0 1 0 0 1 0 0 1 0 0 1 0 0 1 0 0 1 0 0 1 0 0 1 0 0 1 0 0 1 0 0 1 0 0 1 0 0 1 0 0 1 0 0 1 0 0 1 0 0 1 0 0 1 0 0 1 0 0 1 0 0 1 0 0 1 0 0 1 0 0 1 0 0 1 0 0 1 0 0 1 0 0 1 0 0 1 0 0 1 0 0 1 0 0 1 0.6087736 0.793344 0 0.6087736 0.793344 0 0.9238708 0.3827046 0 0.9238708 0.3827046 0 0.9914437 -0.130535 0 0.9914437 -0.130535 0 0.7933436 -0.608774 0 0.7933436 -0.608774 0 0.3826888 -0.9238773 0 0.3826888 -0.9238773 0 -0.1305232 -0.9914453 0 -0.1305232 -0.9914453 0 -0.6087736 -0.793344 0 -0.6087736 -0.793344 0 -0.9238708 -0.3827046 0 -0.9238708 -0.3827046 0 -0.9914437 0.130535 0 -0.9914437 0.130535 0 -0.7933605 0.6087521 0 -0.7933605 0.6087521 0 -0.3826783 0.9238817 0 -0.3826783 0.9238817 0 0.1305254 0.991445 0 0.1305254 0.991445 0 0.608762 0.7933529 0 0.608762 0.7933529 0 0.9238831 0.3826749 0 0.9238831 0.3826749 0 0.991445 -0.1305255 0 0.991445 -0.1305255 0 0.7933545 -0.60876 0 0.7933545 -0.60876 0 0.3826832 -0.9238797 0 0.3826832 -0.9238797 0 -0.130526 -0.9914449 0 -0.130526 -0.9914449 0 -0.5786716 -0.8155607 0 -0.5786716 -0.8155607 0 -0.8752256 -0.4837149 0 -0.8752256 -0.4837149 0 -0.9984267 -0.05607205 0 -0.9984267 -0.05607205 0 -0.9238792 0.3826843 0 -0.9238792 0.3826843 0 -0.6663501 0.7456391 0 -0.6663501 0.7456391 0 -0.276835 0.9609174 0 -0.276835 0.9609174 0 0.1675051 0.9858712 0 0.1675051 0.9858712 0 0.608762 0.7933529 0 0.608762 0.7933529 0 0.9238787 0.3826853 0 0.9238787 0.3826853 0 0.991445 -0.1305259 0 0.991445 -0.1305259 0 0.7933548 -0.6087596 0 0.7933548 -0.6087596 0 0.3826838 -0.9238794 0 0.3826838 -0.9238794 0 -0.130526 -0.9914449 0 -0.130526 -0.9914449 0 -0.608762 -0.7933529 0 -0.608762 -0.7933529 0 -0.9238787 -0.3826853 0 -0.9238787 -0.3826853 0 -0.991445 0.1305259 0 -0.991445 0.1305259 0 -0.7933548 0.6087596 0 -0.7933548 0.6087596 0 -0.3826832 0.9238797 0 -0.3826832 0.9238797 0 0.1305252 0.991445 0 0.1305252 0.991445 0 0.6087558 0.7933576 0 0.6087558 0.7933576 0 0.9238831 0.3826749 0 0.9238831 0.3826749 0 0.991445 -0.1305255 0 0.991445 -0.1305255 0 0.7933483 -0.608768 0 0.7933483 -0.608768 0 0.3826877 -0.9238778 0 0.3826877 -0.9238778 0 -0.130526 -0.9914449 0 -0.130526 -0.9914449 0 -0.5786634 -0.8155665 0 -0.5786634 -0.8155665 0 -0.8752324 -0.4837027 0 -0.8752324 -0.4837027 0 -0.9984267 -0.05607205 0 -0.9984267 -0.05607205 0 -0.9238792 0.3826843 0 -0.9238792 0.3826843 0 -0.6663511 0.7456382 0 -0.6663511 0.7456382 0 -0.2768373 0.9609168 0 -0.2768373 0.9609168 0 0.1675051 0.9858712 0 0.1675051 0.9858712 0 0.578678 0.8155561 0 0.578678 0.8155561 0 0.87522 0.4837251 0 0.87522 0.4837251 0 0.9984267 0.05607217 0 0.9984267 0.05607217 0 0.9238793 -0.3826839 0 0.9238793 -0.3826839 0 0.6663501 -0.7456391 0 0.6663501 -0.7456391 0 0.2768302 -0.9609189 0 0.2768302 -0.9609189 0 -0.1675041 -0.9858713 0 -0.1675041 -0.9858713 0 -0.6087682 -0.7933481 0 -0.6087682 -0.7933481 0 -0.9238743 -0.3826963 0 -0.9238743 -0.3826963 0 -0.991445 0.1305259 0 -0.991445 0.1305259 0 -0.7933486 0.6087676 0 -0.7933486 0.6087676 0 -0.3826793 0.9238813 0 -0.3826793 0.9238813 0 0.130526 0.9914449 0 0.130526 0.9914449 0 0.2902843 0.9569404 0 0.2902843 0.9569404 0 0.09801691 0.9951848 0 0.09801691 0.9951848 0 -0.09801656 0.9951848 0 -0.09801656 0.9951848 0 -0.2902852 0.9569402 0 -0.2902852 0.9569402 0 -0.4713978 0.8819208 0 -0.4713978 0.8819208 0 -0.6343924 0.7730113 0 -0.6343924 0.7730113 0 -0.7730094 0.6343945 0 -0.7730094 0.6343945 0 -0.881923 0.4713935 0 -0.881923 0.4713935 0 -0.9569408 0.290283 0 -0.9569408 0.290283 0 -0.9951841 0.09802263 0 -0.9951841 0.09802263 0 -0.9951841 -0.09802263 0 -0.9951841 -0.09802263 0 -0.9569408 -0.290283 0 -0.9569408 -0.290283 0 -0.881923 -0.4713935 0 -0.881923 -0.4713935 0 -0.7730094 -0.6343945 0 -0.7730094 -0.6343945 0 -0.6343924 -0.7730113 0 -0.6343924 -0.7730113 0 -0.4713978 -0.8819208 0 -0.4713978 -0.8819208 0 0 0 1 0 0 1 0 0 1 0 0 1 0 0 1 0 0 1 0 0 1 0 0 1 0 0 1 0 0 1 0 0 1 0 0 1 0 0 1 0 0 1 0 0 1 0 0 1 0 0 1 0 0 1 0 0 1 0 0 1 0 0 1 0 0 1 0 0 1 0 0 1 0 0 1 0 0 1 0 0 1 0 0 1 0 0 1 0 0 1 0 0 1 0 0 1 0 0 1 0 0 1 0 0 1 0 0 1 0 0 1 0 0 1 0 0 1 0 0 1 0 0 1 0 0 1 0 0 1 0 0 1 0 0 1 0 0 1 0 0 1 0 0 1 0 0 1 0 0 1 0 0 1 0 0 1 0 0 1 0 0 1 0 0 1 0 0 1 0 0 1 0 0 1 0 0 1 0 0 1 0 0 1 0 0 1 -0.2902852 -0.9569402 0 -0.2902852 -0.9569402 0 -0.09801656 -0.9951848 0 -0.09801656 -0.9951848 0 0.09801691 -0.9951848 0 0.09801691 -0.9951848 0 0.2902843 -0.9569404 0 0.2902843 -0.9569404 0 0.4713978 -0.8819208 0 0.4713978 -0.8819208 0 0.6343924 -0.7730113 0 0.6343924 -0.7730113 0 0.7730109 -0.6343927 0 0.7730109 -0.6343927 0 0.8819217 -0.471396 0 0.8819217 -0.471396 0 0.95694 -0.2902859 0 0.95694 -0.2902859 0 0.9951848 -0.0980165 0 0.9951848 -0.0980165 0 0.9951848 0.0980165 0 0.9951848 0.0980165 0 0.95694 0.2902859 0 0.95694 0.2902859 0 0.8819217 0.471396 0 0.8819217 0.471396 0 0.7730109 0.6343927 0 0.7730109 0.6343927 0 0.6343924 0.7730113 0 0.6343924 0.7730113 0 0.4713978 0.8819208 0 0.4713978 0.8819208 0 0 0 1 0 0 1 0 0 1 0 0 1 0 0 1 0 0 1 0 0 1 0 0 1 0 0 1 0 0 1 0 0 1 0 0 1 0 0 1 0 0 1 0 0 1 0 0 1 0 0 1 0 0 1 0 0 1 0 0 1 0 0 1 0 0 1 0 0 1 0 0 1 0 0 1 0 0 1 0 0 1 0 0 1 0 0 1 0 0 1 0 0 1 0 0 1 0 0 1 0 0 1 0 0 1 0 0 1 0 0 1 0 0 1 0 0 1 0 0 1 0 0 1 0 0 1 0 0 1 0 0 1 0 0 1 0 0 1 0 0 1 0 0 1 0 0 1 0 0 1 0 0 1 0 0 1 0 0 1 0 0 1 0 0 1 0 0 1 0 0 1 0 0 1 0 0 1 0 0 1 0 0 1 0 0 1 0 0 1 0 0 1 0 0 1 0 0 1 -0.4662954 -0.884629 0 -0.4662954 -0.884629 0 -0.6209063 -0.7838848 0 -0.6209063 -0.7838848 0 -0.7543736 -0.6564455 0 -0.7543736 -0.6564455 0 -0.8621491 -0.5066548 0 -0.8621491 -0.5066548 0 -0.9405676 -0.3396066 0 -0.9405676 -0.3396066 0 -0.9869552 -0.1609956 0 -0.9869552 -0.1609956 0 -0.9997333 0.02309721 0 -0.9997333 0.02309721 0 -0.9784664 0.2064064 0 -0.9784664 0.2064064 0 -0.9405688 0.3396031 0 -0.9235489 0.3825446 0.02677726 -0.9052197 0.4249438 0 -0.8378311 0.5459295 0 -0.8378311 0.5459295 0 -0.7232503 0.6905859 0 -0.7232503 0.6905859 0 -0.5840407 0.8117244 0 -0.5840407 0.8117244 0 -0.4249439 0.9052197 0 -0.4249439 0.9052197 0 -0.2513738 0.9678902 0 -0.2513738 0.9678902 0 -0.06924408 0.9975998 0 -0.06924408 0.9975998 0 0.1152429 0.9933374 0 0.1152429 0.9933374 0 0.2958058 0.9552481 0 0.2958058 0.9552481 0 0.9784675 -0.2064006 0 0.9997332 -0.02310019 0 0.9997332 -0.02310019 0 0.9869552 0.1609956 0 0.9869552 0.1609956 0 0.9405676 0.3396066 0 0.9405676 0.3396066 0 0.8621491 0.5066548 0 0.8621491 0.5066548 0 0.7543721 0.6564471 0 0.7543721 0.6564471 0 0.6209078 0.7838836 0 0.6209078 0.7838836 0 0.4662967 0.8846284 0 0.4662967 0.8846284 0 0.9039264 -0.4243366 0.05343693 0.940567 -0.3396084 0 0.9784675 -0.2064006 0 0.9238791 -0.3826844 0 0.8378311 -0.5459295 0 0.8378311 -0.5459295 0 0.7232488 -0.6905875 0 0.7232488 -0.6905875 0 0.5840436 -0.8117223 0 0.5840436 -0.8117223 0 0.4249427 -0.9052202 0 0.4249427 -0.9052202 0 0.2513731 -0.9678903 0 0.2513731 -0.9678903 0 0.06924432 -0.9975997 0 0.06924432 -0.9975997 0 -0.1152429 -0.9933374 0 -0.1152429 -0.9933374 0 -0.2958067 -0.9552479 0 -0.2958067 -0.9552479 0 0.9238795 -0.3826838 0 0.9238796 -0.3826832 -2.12907e-6 0.9238799 -0.3826828 0 0.3826836 -0.9238795 0 0.3826836 -0.9238795 0 -0.3826834 -0.9238795 0 -0.3826833 -0.9238795 -3.54846e-7 -0.3826833 -0.9238796 0 0.3826836 0.9238795 0 0.3826835 0.9238795 -8.87114e-7 0.3826833 0.9238796 0 -0.3826836 0.9238795 0 -0.3826836 0.9238795 0 -0.9238796 0.3826832 0 -0.9238796 0.3826832 0 -0.9238796 0.3826832 0 -0.9238804 -0.3826815 0 -0.9238804 -0.3826815 0 0 0 1 0 0 1 0 0 1 0 0 1 0 0 1 0 0 1 0 0 1 0 0 1 0 0 1 0 0 1 0 0 1 0 0 1 0 0 1 0 0 1 0 0 1 0 0 1 0 0 1 0 0 1 0 0 1 0 0 1 0 0 1 0 0 1 0 0 1 0 0 1 0 0 1 0 0 1 0 0 1 0 0 1 0 0 1 0 0 1 0 0 1 0 0 1 0 0 1 0 0 1 0 0 1 0 0 1 0 0 1 0 0 1 0 0 1 0 0 1 0 0 1 0 0 1 0 0 1 0 0 1 0 0 1 0 0 1 0 0 1 0 0 1 0 0 1 0 0 1 0 0 1 0 0 1 0 0 1 0 0 1 0 0 1 0 0 1 0 0 1 0 0 1 0 0 1 0 0 1 0 0 1 0 0 1 0 0 1 0 0 1 0 0 1 0 0 1 0 0 1 0 0 1 0 0 1 0 0 1 0 0 1 0 0 1 0 0 1 0 0 1 0 0 1 0 0 1 0 0 1 0 0 1 0 0 1 0 0 1 0 0 1 0 0 1 0 0 1 0 0 1 0 0 1 0 0 1 0 0 1 0 0 1 0 0 1 0 0 1 0 0 1 0 0 1 0 0 1 0 0 1 0 0 1 0 0 1 0 0 1 0 0 1 0 0 1 0 0 1 0 0 1 0 0 1 0 0 1 0 0 1 0 0 1 0 0 1 0 0 1 0.9238793 0.382684 0 0.9238793 0.382684 0 -0.3050833 -0.9523257 0 -0.3050833 -0.9523257 0 -0.1441742 -0.9895523 0 -0.1441742 -0.9895523 0 0.02066689 -0.9997864 0 0.02066689 -0.9997864 0 0.184944 -0.9827491 0 0.184944 -0.9827491 0 0.344177 -0.9389048 0 0.344177 -0.9389048 0 0.4940233 -0.8694487 0 0.4940233 -0.8694487 0 0.6303891 -0.7762793 0 0.6303891 -0.7762793 0 0.7495641 -0.6619318 0 0.7495641 -0.6619318 0 0.8482912 -0.52953 0 0.8482912 -0.52953 0 0.923879 -0.3826848 0 0.923879 -0.3826848 0 0.974267 -0.225397 0 0.974267 -0.225397 0 0.9980782 -0.06196612 0 0.9980782 -0.06196612 0 0.9946646 0.1031616 0 0.9946646 0.1031616 0 0.9641208 0.2654641 0 0.9641208 0.2654641 0 0.9072743 0.4205396 0 0.9072743 0.4205396 0 0.8256855 0.5641309 0 0.8256855 0.5641309 0 0.721571 0.6923404 0 0.721571 0.6923404 0 0.5977721 0.801666 0 0.5977721 0.801666 0 0.4576683 0.8891229 0 0.4576683 0.8891229 0 0.3050822 0.9523261 0 0.3050822 0.9523261 0 0.1441753 0.9895521 0 0.1441753 0.9895521 0 -0.02066683 0.9997864 0 -0.02066683 0.9997864 0 -0.184944 0.9827491 0 -0.184944 0.9827491 0 -0.344177 0.9389048 0 -0.344177 0.9389048 0 -0.4940217 0.8694496 0 -0.4940217 0.8694496 0 -0.630391 0.7762778 0 -0.630391 0.7762778 0 -0.7495641 0.6619318 0 -0.7495641 0.6619318 0 -0.8482912 0.52953 0 -0.8482912 0.52953 0 -0.9238803 0.3826814 0 -0.9238803 0.3826814 0 -0.9742662 0.2254007 0 -0.9742662 0.2254007 0 -0.9980785 0.06196224 0 -0.9980785 0.06196224 0 -0.994665 -0.1031578 0 -0.994665 -0.1031578 0 -0.9641197 -0.2654677 0 -0.9641197 -0.2654677 0 -0.9072771 -0.4205333 0 -0.9072771 -0.4205333 0 -0.8256837 -0.5641334 0 -0.8256837 -0.5641334 0 -0.7215691 -0.6923425 0 -0.7215691 -0.6923425 0 -0.5977721 -0.801666 0 -0.5977721 -0.801666 0 -0.4576699 -0.8891221 0 -0.4576699 -0.8891221 0 0.2160944 0.6745472 0.7058961 0.2160934 0.6745452 0.7058982 0.1021213 0.7009133 0.7058979 0.1021212 0.7009128 0.7058984 -0.0146386 0.7081632 0.705897 -0.01463884 0.7081612 0.705899 -0.1309981 0.696093 0.7058994 -0.1309981 0.6960929 0.7058995 -0.2437843 0.6650363 0.7059008 -0.243784 0.6650353 0.7059019 -0.3499196 0.6158384 0.7059032 -0.3499194 0.6158378 0.7059038 -0.44651 0.5498426 0.705905 -0.4465113 0.5498448 0.7059026 -0.5309225 0.4688518 0.7059032 -0.5309224 0.4688517 0.7059034 -0.6008511 0.3750701 0.705904 -0.6008479 0.3750674 0.7059082 -0.6543869 0.2710543 0.7059088 -0.6543934 0.2710583 0.7059013 -0.6900824 0.1596536 0.7059015 -0.690074 0.1596502 0.7059106 -0.7069397 0.04388791 0.7059108 -0.7069578 0.0438919 0.7058926 -0.70454 -0.07306861 0.7058926 -0.7045398 -0.07306861 0.7058928 -0.6829038 -0.1880356 0.705893 -0.682909 -0.1880362 0.7058877 -0.6426452 -0.2978734 0.7058885 -0.6426249 -0.2978675 0.7059094 -0.5848344 -0.3995775 0.7059083 -0.5848369 -0.3995787 0.7059056 -0.5110923 -0.4903908 0.7059047 -0.5111015 -0.4903973 0.7058935 -0.423412 -0.5678336 0.7058947 -0.4234076 -0.5678292 0.7059008 -0.3241726 -0.6297752 0.7059004 -0.3241759 -0.6297796 0.705895 -0.2160952 -0.6745469 0.7058961 -0.2160942 -0.674545 0.7058983 -0.1021205 -0.7009134 0.7058979 -0.1021211 -0.7009152 0.7058959 0.01463866 -0.7081629 0.7058975 0.01463878 -0.7081616 0.7058986 0.1309987 -0.6960963 0.7058961 0.1309987 -0.6960961 0.7058963 0.2437863 -0.6650421 0.7058947 0.2437861 -0.6650409 0.7058959 0.3499251 -0.6158453 0.7058944 0.349928 -0.6158528 0.7058864 0.4465227 -0.5498609 0.7058829 0.4465183 -0.5498533 0.7058915 0.5309323 -0.4688605 0.70589 0.5309237 -0.4688501 0.7059035 0.6008511 -0.3750701 0.705904 0.6008594 -0.3750773 0.705893 0.6544009 -0.2710628 0.7058926 0.6543793 -0.2710496 0.7059177 0.6900665 -0.1596471 0.7059186 0.6900901 -0.1596567 0.7058932 0.706957 -0.04389172 0.7058933 0.7069578 -0.0438919 0.7058926 0.7045398 0.07307136 0.7058926 0.7045572 0.07307046 0.7058752 0.6829208 0.1880376 0.7058762 0.6828747 0.1880323 0.705922 0.6426144 0.2978645 0.7059204 0.6426405 0.297872 0.7058933 0.5848476 0.3995838 0.7058938 0.5848503 0.3995851 0.7058909 0.5111027 0.4903982 0.705892 0.5110803 0.4903825 0.7059192 0.4233995 0.5678167 0.7059158 0.4234027 0.5678198 0.7059113 0.3241679 0.6297686 0.7059085 0.3241759 0.6297796 0.705895 -0.208954 0.9779255 0 -0.208954 0.9779255 0 -0.3535144 0.935429 0 -0.3535144 0.935429 0 -0.4900469 0.8716961 0 -0.4900469 0.8716961 0 -0.615458 0.7881698 0 -0.615458 0.7881698 0 -0.7268916 0.6867523 0 -0.7268916 0.6867523 0 -0.8218239 0.5697415 0 -0.8218239 0.5697415 0 -0.8980985 0.4397944 0 -0.8980985 0.4397944 0 -0.9539829 0.2998611 0 -0.9539829 0.2998611 0 0.6738958 -0.7388264 0 0.6738958 -0.7388264 0 0.7754683 -0.6313866 0 0.7754683 -0.6313866 0 0.8600947 -0.5101346 0 0.8600947 -0.5101346 0 0.9259099 -0.3777446 0 0.9259099 -0.3777446 0 0.97149 -0.2370805 0 0.97149 -0.2370805 0 0.9958287 -0.0912435 0 0.9958287 -0.0912435 0 0.9983974 0.05659186 0 0.9983974 0.05659186 0 0.9791406 0.2031837 0 0.9791406 0.2031837 0 0 0 -1 0 0 -1 0 0 -1 0 0 -1 0 0 -1 0 0 -1 0 0 -1 0 0 -1 0 0 -1 0 0 -1 0 0 -1 0 0 -1 0 0 -1 0 0 -1 0 0 -1 0 0 -1 0 0 -1 0 0 -1 0 0 -1 0 0 -1 0 0 -1 0 0 -1 0 0 -1 0 0 -1 0 0 -1 0 0 -1 0 0 -1 0 0 -1 0 0 -1 0 0 -1 0 0 -1 0 0 -1 0 0 -1 0 0 -1 0 0 -1 0 0 -1 0 0 -1 0 0 -1 0 0 -1 0 0 -1 0 0 -1 0 0 -1 0 0 -1 0 0 -1 0 0 -1 0 0 -1 0 0 -1 0 0 -1 0 0 -1 0 0 -1 0 0 -1 0 0 -1 0 0 -1 0 0 -1 0 0 -1 0 0 -1 0 0 -1 0 0 -1 0 0 -1 0 0 -1 0 0 -1 0 0 -1 0 0 -1 0 0 -1 0 0 -1 0 0 -1 0 0 -1 0 0 -1 0 0 -1 0 0 -1 0 0 -1 0 0 -1 0 0 -1 0 0 -1 0 0 -1 0 0 -1 0 0 -1 0 0 -1 0 0 -1 0 0 -1 0 0 -1 0 0 -1 0 0 -1 0 0 -1 0 0 -1 0 0 -1 0 0 -1 0 0 -1 0 0 -1 0 0 -1 0 0 -1 0 0 -1 0 0 -1 0 0 -1 0 0 -1 0 0 -1 0 0 -1 0 0 -1 0 0 -1 0 0 -1 0 0 -1 0 0 -1 0 0 -1 0 0 -1 0 0 -1 0 0 -1 0 0 -1 0 0 -1 0 0 -1 0 0 -1 0 0 -1 0 0 -1 0 0 -1 0 0 -1 0 0 -1 0 0 -1 0 0 -1 0 0 -1 0 0 -1 0 0 -1 0 0 -1 0 0 -1 0 0 -1 0 0 -1 0 0 -1 0 0 -1 0 0 -1 0 0 -1 0 0 -1 0 0 -1 0 0 -1 0 0 -1 0 0 -1 0 0 -1 0 0 -1 0 0 -1 0 0 -1 0 0 -1 0 0 -1 0 0 -1 0 0 -1 0 0 -1 0 0 -1 0 0 -1 0 0 -1 0 0 -1 0 0 -1 0 0 -1 0 0 -1 0 0 -1 0 0 -1 0 0 -1 0 0 -1 0 0 -1 0 0 -1 0 0 -1 0 0 -1 0 0 -1 0 0 -1 0 0 -1 0 0 -1 0 0 -1 0 0 -1 0 0 -1 0 0 -1 0 0 -1 0 0 -1 0 0 -1 0 0 -1 0 0 -1 0 0 -1 0 0 -1 0 0 -1 0 0 -1 0 0 -1 0 0 -1 0 0 -1 -0.733027 -0.6801995 0 -0.733027 -0.6801995 0 -0.6360267 -0.7716671 0 -0.6360267 -0.7716671 0 -0.5277231 -0.8494165 0 -0.5277231 -0.8494165 0 -0.4100378 -0.9120686 0 -0.4100378 -0.9120686 0 -0.2850634 -0.9585087 0 -0.2850634 -0.9585087 0 0 1 0 0 1 0 1 0 0 1 0 0 0 -1 0 0 -1 0 -1 0 0 -1 0 0 -0.9238806 -0.382681 0 -0.9238806 -0.382681 0 -0.9807861 0.1950863 0 -0.9807861 0.1950863 0 -0.9807861 -0.1950864 0 -0.9807861 -0.1950864 0 -0.8314718 -0.5555669 0 -0.8314718 -0.5555669 0 -0.5555691 -0.8314704 0 -0.5555691 -0.8314704 0 0.3826832 -0.9238796 0 0.3826832 -0.9238796 0 0 0 1 0 0 1 0 0 1 0 0 1 0 0 1 0 0 1 0 0 1 0 0 1 0 0 1 0 0 1 0 0 1 0 0 1 0 0 1 0 0 1 0 0 1 0 0 1 0 0 1 0 0 1 0 0 1 0 0 1 0 0 1 0 0 1 0 0 1 0 0 1 0 0 1 0 0 1 0 0 1 0 0 1 0.1950907 -0.9807852 0 -0.3420203 -0.9396926 0 -0.1950736 -0.9806989 0.01326984 -0.1305226 -0.991423 -0.006637275 0.2164338 -0.9762601 0.008512079 -0.537301 0.8433907 0 -0.5876526 0.8088357 0.0211963 -0.7193332 0.6946653 0 -0.8290381 0.5591922 0 -0.8906687 0.4538156 0.02758181 -0.9366735 0.3502037 0 -0.9832574 0.1822221 0 -0.9998181 0 0.01906996 -0.9990432 -0.04361695 0.003179848 -0.9238746 -0.3826844 -0.002881228 -0.8907717 -0.4538679 0.02301776 -0.500003 -0.8660236 0 -0.5875658 -0.8087165 0.02727591 -0.6883484 -0.7253802 0 -0.8038675 -0.5948083 0 -0.3826832 0.9238796 0 -0.3826832 0.9238796 0 -0.9238799 0.3826824 0 -0.9238789 0.3826849 0 -0.9238797 0.3826831 0 -0.92388 0.3826824 0 -0.5000039 -0.8660231 0 -0.6087546 -0.7933471 -0.00425899 -0.7070996 -0.7071139 0 -0.8660292 -0.4999935 0 -0.9238715 -0.3826791 -0.00425899 -0.9659243 0.2588248 0 -0.9914355 0.1305278 -0.004259288 -1 0 0 -0.9659243 -0.2588248 0 -0.3826833 -0.9238796 0 -0.3826833 -0.9238796 0 0.8660122 -0.500023 0 0.7933444 -0.6087581 -0.004258513 0.7071187 -0.7070949 0 0.4999975 -0.8660269 0 0.3826774 -0.9238722 -0.004259228 -0.2588154 -0.9659268 0 -0.130524 -0.991436 -0.004259109 0 -1 0 0.2588154 -0.9659268 0 0.9238799 -0.3826824 0 0.92388 -0.3826824 0 0.9238843 -0.3826719 -1.42476e-6 0.9238811 -0.3826795 0 0.9238788 0.3826851 0 0.9238788 0.3826851 0 -0.2588157 -0.9659267 0 -0.1563763 -0.9873208 0.02727681 -0.02617716 -0.9996573 0 0.147807 -0.9890162 0 0.3089312 -0.9508058 0.02302062 0.3826814 -0.9238758 -0.002881467 0.6755877 -0.7372728 0.003179073 0.7069782 -0.7069782 0.01906949 0.8241137 -0.5664244 0 0.9099678 -0.4146787 0 0.9506947 -0.3088995 0.0275774 0.9762952 0.216443 0 0.9874653 0.1564065 0.02119588 0.999848 -0.01743477 0 0.9816235 -0.1908277 0 -0.422635 -0.9063 0 -0.5555254 -0.8313937 0.01326817 -0.6087512 -0.7933334 -0.006638407 -0.8314447 -0.5555558 0.007573902 -0.8433873 -0.5373063 0 0 0 1 0 0 1 0 0 1 0 0 1 0 0 1 0 0 1 0 0 1 0 0 1 0 0 1 0 0 1 0 0 1 0 0 1 0 0 1 0 0 1 0 0 1 0 0 1 0 0 1 0 0 1 0 0 1 0 0 1 0 0 1 0 0 1 0 0 1 0 0 1 0 0 1 0 0 1 0 0 1 0 0 1 -0.1950905 -0.9807852 0 -0.1950905 -0.9807852 0 0.1950905 -0.9807852 0 0.1950905 -0.9807852 0 0.5555735 -0.8314674 0 0.5555735 -0.8314674 0 0.8314675 -0.5555735 0 0.8314675 -0.5555735 0 0 0 1 0 0 1 0 0 1 0 0 1 0 0 1 0 0 1 0 0 1 0 0 1 0 0 1 0 0 1 0 0 1 0 0 1 0 0 1 0 0 1 0 0 1 0 0 1 0 0 1 0 0 1 0 0 1 0 0 1 0 0 1 0 0 1 0 0 1 0 0 1 0 0 1 0 0 1 0 0 1 0.9807879 -0.1950771 0 0.9807879 -0.1950771 0 0.9807879 0.1950772 0 0.9807879 0.1950772 0 0.8314675 0.5555735 0 0.8314675 0.5555735 0 0.5555647 0.8314733 0 0.5555647 0.8314733 0 0 0 -1 0 0 -1 0 0 -1 0 0 -1 0 0 -1 0 0 -1 0 0 -1 0 0 -1 0 0 -1 0 0 -1 0 0 -1 0 0 -1 0 0 -1 0 0 -1 0 0 -1 0 0 -1 0 0 -1 0 0 -1 0 0 -1 0 0 -1 0 0 -1 0 0 -1 0 0 -1 0 0 -1 0 0 -1 0 0 -1 0 0 -1 0 0 -1 0 0 -1 0 0 -1 0 0 -1 0 0 -1 0 0 -1 0 0 -1 0 0 -1 0 0 -1 0 0 -1 0 0 -1 0 0 -1 0 0 -1 0 0 -1 0 0 -1 0 0 -1 0 0 -1 0 0 -1 0 0 -1 0 0 -1 0 0 -1 0 0 -1 0 0 -1 0 0 -1 0 0 -1 0 0 -1 0 0 -1 0 0 -1 0 0 -1 0 0 -1 0 0 -1 0 0 -1 0 0 -1 0 0 -1 0 0 -1 0 0 -1 0 0 -1 0 0 -1 0 0 -1 0 0 -1 0 0 -1 0 0 -1 0 0 -1 0 0 -1 0 0 -1 0 0 -1 0 0 -1 0 0 -1 0 0 -1 0 0 -1 0 0 -1 0 0 -1 0 0 -1 0 0 -1 0 0 -1 0 0 -1 0 0 -1 0 0 -1 0 0 -1 0 0 -1 0 0 -1 0 0 -1 0 0 -1 0 0 -1 0 0 -1 0 0 -1 0 0 -1 0 0 -1 0 0 -1 0 0 -1 0 0 -1 0 0 -1 0 0 -1 0 0 -1 0 0 -1 0 0 -1 0 0 -1 0 0 -1 0 0 -1 0 0 -1 0 0 -1 0 0 -1 0 0 -1 0 0 -1 0 0 -1 0 0 -1 0 0 -1 0 0 -1 0 0 -1 0 0 -1 0 0 -1 0 0 -1 0 0 -1 0 0 -1 0.1950905 0.9807852 0 0.1950905 0.9807852 0 -0.1950905 0.9807852 0 -0.1950905 0.9807852 0 -0.5555735 0.8314674 0 -0.5555735 0.8314674 0 -0.8314675 0.5555735 0 -0.8314675 0.5555735 0 0 0 1 0 0 1 0 0 1 0 0 1 0 0 1 0 0 1 0 0 1 0 0 1 0 0 1 0 0 1 0 0 1 0 0 1 0 0 1 0 0 1 0 0 1 0 0 1 0 0 1 0 0 1 0 0 1 0 0 1 0 0 1 0 0 1 0 0 1 0 0 1 0 0 1 0 0 1 0 0 1 0.9061381 0.3753342 0.1950332 0.899274 0.3735973 0.2274451 0.828608 0.3430375 0.4424184 0.8144358 0.337353 0.4721094 0.7330175 0.3036127 0.608691 0.6882904 0.2867568 0.6663534 0.562622 0.2323167 0.7934012 0.5064122 0.2097677 0.8363875 0.4085661 0.1692255 0.8969039 0.3110591 0.1301202 0.9414409 0.1808826 0.07327413 0.9807713 0.07685822 0.03183561 0.9965337 0.09838485 0.1704065 0.9804499 0.4839782 0.2794165 0.8292717 0.1704109 0.09838712 0.9804489 0.1704102 0.09838688 0.9804491 0.3856294 0.2226443 0.8953879 0.5354443 0.2943557 0.7916148 0.09838539 0.1704072 0.9804497 0.2226384 0.3856179 0.8953943 0.2722725 0.4889747 0.8287167 0.8496659 0.4905534 0.1934562 0.8496732 0.4905509 0.1934297 0.7219697 0.4168225 0.5522851 0.7904079 0.425601 0.4405895 0.6892934 0.3979517 0.6053999 0.1391394 0.1391394 0.9804491 0.1391359 0.139137 0.9804499 0.3951604 0.3951635 0.8292732 0.3951515 0.3951581 0.82928 0.5894796 0.5894894 0.5522825 0.5894883 0.5894934 0.5522689 0.6937453 0.6937512 0.1934603 0.6937375 0.6937515 0.1934866 0.3060169 0.5300348 0.7908329 0.3979451 0.6892583 0.6054442 0.4091181 0.7268124 0.5516937 0.449171 0.7779891 0.439293 0.4905506 0.8496609 0.1934847 0.4905567 0.8496623 0.1934635 0.2325102 0.8677354 0.4392883 0.1584051 0.5911719 0.7908373 0.05092787 0.190065 0.9804497 0.1604725 0.4121633 0.8968667 0.2387003 0.7577961 0.607262 0.2713213 0.9427572 0.1938908 0.06753402 0.2520387 0.9653577 0 0.2609302 0.9653577 0 0.2609302 0.9653577 -0.06753379 0.2520387 0.9653578 -0.06753379 0.2520377 0.9653581 -0.1304639 0.2259687 0.9653586 -0.1304659 0.2259759 0.9653567 -0.1845086 0.1845086 0.9653565 -0.1845086 0.1845086 0.9653565 -0.2259761 0.1304678 0.9653564 -0.2259744 0.1304661 0.965357 -0.2520417 0.06753468 0.9653569 -0.252036 0.0675314 0.9653587 -0.2609266 0 0.9653586 -0.2609266 0 0.9653586 -0.2520357 -0.06753307 0.9653586 -0.2520428 -0.06753313 0.9653568 -0.5911859 -0.1584042 0.790827 0.1837996 0.685946 0.7040566 0 0.710143 0.7040575 0 0.710143 0.7040575 -0.1838 0.685946 0.7040566 -0.1837999 0.6859469 0.7040558 -0.3550696 0.615005 0.7040557 -0.3550689 0.6150006 0.7040598 -0.5021437 0.5021437 0.7040621 -0.5021437 0.5021437 0.7040621 -0.6149978 0.3550685 0.7040626 -0.6150004 0.3550719 0.7040586 -0.685945 0.1837946 0.704059 -0.6859646 0.1838088 0.7040362 -0.7101647 0 0.7040356 -0.7101647 0 0.7040356 -0.6823729 -0.2012589 0.7027533 -0.7687511 -0.205992 0.6054661 0.2501434 0.9335452 0.256752 0 0.9664782 0.2567487 0 0.9664782 0.2567487 -0.250144 0.9335451 0.256752 -0.2501436 0.9335458 0.2567501 -0.4832376 0.8369965 0.2567458 -0.4832366 0.8369994 0.256738 -0.6834067 0.6834067 0.2567307 -0.6834068 0.6834049 0.2567355 -0.8369979 0.4832425 0.2567317 -0.8369971 0.4832391 0.2567408 -0.9335465 0.25015 0.2567407 -0.9335439 0.2501451 0.2567549 -0.9664764 0 0.2567554 -0.9664765 0 0.2567554 -0.9335429 -0.2501491 0.2567548 -0.9335477 -0.250146 0.2567406 -0.9228554 -0.3822588 0.0470767 -0.8917942 -0.3711087 0.258808 -0.8957326 -0.3733971 0.241325 -0.8232969 -0.3408847 0.4538501 -0.732878 -0.303816 0.6087574 -0.7254105 -0.3004514 0.6192806 -0.5645178 -0.2338573 0.7915999 -0.5623774 -0.2330343 0.7933641 -0.4116904 -0.1704795 0.8952361 -0.2383543 -0.1009714 0.9659151 -0.1797032 -0.07443529 0.9809007 -0.1797032 0.07443499 0.9809007 -0.2371153 0.1039548 0.9659036 -0.6506471 0.2769166 0.7070896 -0.5644903 0.2340537 0.7915614 -0.411696 0.1704074 0.8952473 -0.9228555 0.3822581 0.04707849 -0.8952198 0.3747135 0.2411872 -0.8904745 0.3742662 0.2588048 -0.823354 0.3407045 0.4538819 -0.7252551 0.3010984 0.6191483 0.2539243 0.9476729 0.1934903 0.2059909 0.7687748 0.6054363 0.2325074 0.8677363 0.4392881 0.1152595 0.4301463 0.8953711 0.1584048 0.5911639 0.7908433 0.0509274 0.1900652 0.9804496 0.2342244 0.9375268 0.2572597 0 0.9664764 0.2567554 0 0.9664764 0.2567554 -0.2501387 0.9335446 0.2567586 -0.2501363 0.9335477 0.2567498 -0.483237 0.8369967 0.2567458 -0.4832403 0.8369889 0.2567652 -0.6834019 0.6833973 0.2567687 -0.6834024 0.683393 0.2567784 -0.8369902 0.4832294 0.2567814 -0.8369925 0.4832471 0.2567405 0.1613229 0.6902408 0.705367 0 0.7101503 0.7040502 0 0.7101503 0.7040503 -0.1837956 0.6859539 0.70405 -0.1837976 0.685944 0.7040592 -0.3550735 0.6149996 0.7040584 -0.3550733 0.6149977 0.7040601 -0.5021474 0.5021405 0.7040618 -0.5021566 0.5021677 0.7040358 -0.615019 0.3550882 0.7040342 -0.6150014 0.3550618 0.7040628 0.04941397 0.2545434 0.965798 0 0.2609302 0.9653577 0 0.2609302 0.9653576 -0.06753337 0.2520388 0.9653578 -0.06753331 0.2520397 0.9653576 -0.1304653 0.2259698 0.9653582 -0.1304662 0.2259756 0.9653567 -0.1845063 0.1845104 0.9653566 -0.1845008 0.1844978 0.96536 -0.2259656 0.1304578 0.9653602 -0.2259743 0.1304687 0.9653567 0.07468092 0.1802957 0.9807733 0.07468104 0.180296 0.9807732 0.1692476 0.4085997 0.8968843 0.1692428 0.4085883 0.8968904 0.2329475 0.5623852 0.7933841 0.2329461 0.5623819 0.7933869 0.3036142 0.7329897 0.6087238 0.3036192 0.7330014 0.6087071 0.3432093 0.8285803 0.442337 0.3431949 0.8285462 0.4424122 0.3753336 0.9061357 0.1950455 0.3753297 0.9061253 0.1951013 0.7687997 -0.2060149 0.6053966 0.2520401 -0.06753867 0.965357 0.5911811 -0.1584177 0.7908279 0.6902524 -0.1613372 0.7053523 0.7101647 0 0.7040356 0.7101647 0 0.7040356 0.6859628 0.1838176 0.7040356 0.6859669 0.1838167 0.7040318 0.615031 0.3550664 0.7040346 0.6150026 0.3550646 0.7040604 0.5021423 0.5021492 0.7040593 0.5021611 0.5021555 0.7040412 0.4905531 0.8496727 0.1934269 0.4973145 0.8285568 0.2572391 0.683402 0.6834114 0.2567309 0.6833981 0.6834118 0.2567399 0.8370109 0.4832187 0.2567342 0.8369894 0.4832276 0.2567876 0.93353 0.2501583 0.2567931 0.9335609 0.2501345 0.2567034 0.9664906 0 0.2567016 0.9664907 0 0.2567016 0.9335529 -0.2501637 0.2567042 0.9335382 -0.2501284 0.2567921 0.4491432 0.7779529 0.4393854 0.3979521 0.6892857 0.6054084 0.3740016 0.6021522 0.705362 0.3059935 0.5300152 0.7908551 0.2226535 0.385661 0.895372 0.2520354 -0.06753534 0.9653585 0.2609266 0 0.9653586 0.2609266 0 0.9653587 0.2520352 0.06753724 0.9653585 0.2520409 0.06753659 0.965357 0.2259752 0.1304641 0.9653571 0.2259774 0.1304645 0.9653566 0.1845086 0.1845065 0.9653568 0.1844983 0.184502 0.9653598 0.1450434 0.2149271 0.9657995 0.09838426 0.1704077 0.9804497 0.9228537 -0.3822573 0.04712158 0.8938887 -0.3660008 0.2588559 0.898721 -0.3663399 0.2410304 0.8231743 -0.341301 0.4537595 0.7332345 -0.3030881 0.608691 0.7252724 -0.3004821 0.6194275 0.5645953 -0.2338009 0.7915614 0.5624895 -0.2327635 0.7933641 0.4116297 -0.1706263 0.8952361 0.2411722 -0.09415853 0.9659038 0.1797009 -0.07443529 0.9809011 0.07443606 -0.1797041 0.9809005 0.0746622 -0.1803035 0.9807732 0.1705273 -0.4116752 0.895234 0.1692863 -0.4085703 0.8968904 0.2337765 -0.5646086 0.7915591 0.2329259 -0.5623937 0.7933845 0.3004679 -0.7253315 0.6193653 0.3034054 -0.7330865 0.6087113 0.3411375 -0.8232531 0.4537396 0.343215 -0.8286127 0.442272 0.3713595 -0.8965083 0.2415882 0.3743067 -0.9065484 0.1951016 0.3822587 -0.9228548 0.04708886 0.9426736 0.2716051 0.1938996 0.7190803 -0.6672207 0.1942681 0.1052574 0.1675178 0.980234 0.2984656 -0.4750124 0.8278173 0.1052556 -0.1675151 0.9802346 0.1052567 -0.1675179 0.980234 0.2379942 -0.3787717 0.8943661 0.317745 -0.5244075 0.7899589 0.1052549 0.1675149 0.9802347 0.2379955 0.3787738 0.8943648 0.293154 0.4792639 0.8272646 0.1978281 0 0.9802367 0.1978281 0 0.9802367 0.5610034 0 0.8278136 0.5610033 0 0.8278136 0.8351296 0 0.5500532 0.8351296 0 0.5500532 0.4785007 0.7615109 0.4371936 0.4384901 0.7111246 0.5495709 0.4243202 0.6753123 0.603246 0.3267491 0.5200264 0.7891817 0.5220944 -0.8308951 0.192434 0.5220952 -0.8308899 0.1924539 0.4442939 -0.707073 0.5501369 0.4605269 -0.7717783 0.4384897 0.4243196 -0.6753109 0.603248 0.8206313 -0.5373059 0.1945932 0.7804604 -0.6224125 -0.05902791 0.6529011 -0.5206847 0.5500978 0.6528795 -0.520654 0.5501525 0.4385991 -0.349771 0.8278231 0.4386028 -0.3497754 0.8278192 0.1546808 -0.1233543 0.9802334 0.1546796 -0.123353 0.9802339 0.186743 -0.06534475 0.9802331 0.1867275 -0.06533652 0.9802367 0.5295085 -0.1852768 0.8278244 0.5295224 -0.1852847 0.8278138 0.7882391 -0.2758122 0.5500971 0.7882624 -0.2758288 0.5500555 0.9262341 -0.324108 0.192469 0.9262399 -0.3241177 0.1924253 0.9813115 0 0.192426 0.9965654 0.01862096 0.08068972 0.9698591 -0.1460493 0.1950461 0.8837103 0.4255576 0.1948254 0.943353 0.3300982 -0.03347104 0.788236 0.2758196 0.5500978 0.7882646 0.2758211 0.5500561 0.5295073 0.1852794 0.8278246 0.5295231 0.1852819 0.8278141 0.1867445 0.06534248 0.9802331 0.186727 0.0653392 0.9802367 0.1546812 0.1233543 0.9802334 0.1546796 0.1233533 0.9802337 0.4385985 0.3497719 0.827823 0.4386035 0.3497746 0.8278192 0.6529073 0.5206761 0.5500986 0.6528726 0.5206619 0.5501533 0.767207 0.6118429 0.1924622 0.7672141 0.6118426 0.1924346 0.5220952 0.8308895 0.1924559 0.499699 0.8655133 -0.03446269 0.6258032 0.7552233 0.1949567 -0.06753367 0.2520397 0.9653576 0.06753313 0.2520397 0.9653576 0.1604881 0.4121952 0.8968493 0.05092757 0.1900647 0.9804498 0.2501378 0.9335415 0.2567709 0.271315 0.9427544 0.1939132 0.2325178 0.8677604 0.439235 0.1838027 0.6859548 0.7040473 0.238707 0.7578097 0.6072426 0.1583989 0.5911589 0.7908482 0 0.2609311 0.9653574 0 0.2609311 0.9653575 0 0.7101448 0.7040556 0 0.7101448 0.7040557 0 0.9664769 0.2567537 0 0.9664769 0.2567537 -0.06753361 0.2520337 0.9653592 -0.1584109 0.591185 0.7908263 -0.2012547 0.682347 0.7027795 -0.2059898 0.7687573 0.6054587 -0.2501455 0.9335471 0.2567429 -0.2501471 0.9335448 0.2567502 -0.3822592 0.9228562 0.0470584 -0.3711081 0.8917923 0.2588152 -0.3733892 0.8957183 0.2413903 -0.3409057 0.8233467 0.4537438 -0.3038144 0.7328731 0.6087641 -0.3004374 0.7253779 0.6193256 -0.2338697 0.5645488 0.7915742 -0.2330392 0.5623889 0.7933545 -0.1704665 0.4116588 0.8952531 -0.1009669 0.2383438 0.9659181 -0.07443726 0.179707 0.9808999 -0.05142039 -0.2585076 0.9646396 -0.1392826 -0.7002211 0.7002077 -0.1886849 -0.9485756 0.25417 -0.1886832 -0.9485743 0.2541763 0.1886845 -0.948574 0.2541762 0.1886835 -0.9485759 0.2541699 0.5373206 -0.8041688 0.2541637 0.5373228 -0.8041526 0.2542103 0.8041514 -0.5373157 0.2542287 0.8041533 -0.5373227 0.2542081 -0.1392828 -0.7002215 0.7002073 0.1392827 -0.7002215 0.7002073 0.1392827 -0.7002211 0.7002077 0.3966464 -0.5936176 0.7002071 0.3966487 -0.5936259 0.7001987 0.5936276 -0.3966527 0.7001948 0.5936338 -0.3966606 0.7001852 -0.0514205 -0.2585079 0.9646396 0.05142045 -0.2585079 0.9646396 0.05142045 -0.2585076 0.9646397 0.146434 -0.2191537 0.9646391 0.1464369 -0.2191618 0.9646368 0.2191632 -0.1464428 0.9646357 0.2191531 -0.1464316 0.9646397 0.1802867 -0.07467716 0.9807752 0.4080364 -0.1707219 0.8968614 0.2391468 -0.09905779 0.9659174 0.5624101 -0.2329578 0.7933635 0.7326069 -0.3045986 0.6086927 0.6533095 -0.2706095 0.7070766 0.8285447 -0.3431943 0.4424154 0.8922362 -0.3700079 0.2588604 0.9061255 -0.3753293 0.1951012 0.8828642 -0.1756283 0.4355517 0.5452855 0.8160892 0.1914741 0.8160884 0.5452873 0.1914722 0.8160834 0.5452879 0.1914914 0.9626312 0.1914963 0.1914948 0.9626384 0.1914923 0.1914631 0.9626373 -0.1914975 0.1914629 0.9626323 -0.191491 0.1914946 0.6043339 -0.1202179 0.7876091 0.7837067 -0.1559 0.6012479 0.8212989 -0.1558768 0.54879 0.8203169 0.1631857 0.5481338 0.8203271 0.1631847 0.5481189 0.6954443 0.4646763 0.5481179 0.6954227 0.46467 0.5481506 0.1949936 -0.03878569 0.9800373 0.4406156 -0.08764171 0.8934075 0.5452997 0.816093 0.1914172 0.5001007 0.7484484 0.4355735 0.4705356 0.6909554 0.5487958 0.4439339 0.6643872 0.6012589 0.3423108 0.5122991 0.7876375 0.5526389 -0.101861 0.8271727 0.552167 0.1098405 0.8264664 0.5522155 0.1098397 0.826434 0.4681386 0.3128024 0.8264387 0.4681453 0.3128051 0.8264339 0.3187677 0.46283 0.8271492 0.2495547 0.373491 0.8934354 0.1949852 -0.03878223 0.9800391 0.1949852 0.03878396 0.9800391 0.1949943 0.03878402 0.9800372 0.1653086 0.1104558 0.980037 0.1653146 0.1104583 0.9800357 0.1104587 0.1653158 0.9800355 0.1104592 0.1653162 0.9800354 0.0744372 0.1797071 0.9808998 0.07472902 0.1802753 0.9807733 0.1704996 0.4116567 0.8952478 0.1691347 0.4086359 0.8968892 0.2340686 0.5645208 0.7915353 0.2330029 0.56236 0.7933857 0.3004032 0.7253865 0.6193322 0.3041502 0.7327796 0.6087091 0.3407285 0.8234032 0.4537745 0.3432083 0.8285406 0.4424122 0.3713141 0.8965221 0.2416071 0.3778709 0.9050809 0.1950445 0.3822613 0.922855 0.04706132 0 0 1 0 0 1 0 0 1 0 0 1 0 0 1 0 0 1 0 0 1 0 0 1 0 0 1 0 0 1 0 0 1 0 0 1 0 0 1 0 0 1 0 0 1 -0.9238792 0.3826842 0 -0.9238792 0.3826842 0 0.6494447 0.7604089 0 0.6494447 0.7604089 0 0.2840204 0.9588183 0 0.2840204 0.9588183 0 -0.130524 0.9914452 0 -0.130524 0.9914452 0 -0.5225052 0.852636 0 -0.5225052 0.852636 0 -0.824128 0.5664037 0 -0.824128 0.5664037 0 0.7933534 0.6087614 0 0.7933534 0.6087614 0 0.3826823 -0.92388 0 0.3826823 -0.92388 0 0.7933543 -0.6087601 0 0.7933543 -0.6087601 0 0.9914447 -0.1305277 0 0.9914447 -0.1305277 0 0.9238771 0.3826891 0 0.9238771 0.3826891 0 0.1305261 -0.9914449 0 0.1305261 -0.9914449 0 0 0 1 0 0 1 0 0 1 0 0 1 0 0 1 0 0 1 0 0 1 0 0 1 0 0 1 0 0 1 0 0 1 0 0 1 0 0 1 0 0 1 0 0 1 0 0 1 0 0 1 0 0 1 0 0 1 0 0 1 0 0 1 0 0 1 0 0 1 0 0 1 0 0 1 0 0 1 0 0 1 0 0 1 0 0 1 0 0 1 0 0 1 0 0 1 0 0 1 0 0 1 0 0 1 0 0 1 0 0 1 0 0 1 0 0 1 0 0 1 0 0 1 0 0 1 0 0 1 0 0 1 0 0 1 0 0 1 0 0 1 0 0 1 0 0 1 0 0 1 0 0 1 0 0 1 0 0 1 0 0 1 0 0 1 0 0 1 0 0 1 0 0 1 0 0 1 0 0 1 0 0 1 0 0 1 0 0 1 0 0 1 0 0 1 0 0 1 0 0 1 0 0 1 0 0 1 0 0 1 0 0 1 0 0 1 0 0 1 0 0 1 0 0 1 0 0 1 0 0 1 0 0 1 0 0 1 0 0 1 0 0 1 0 0 1 0 0 1 0 0 1 0 0 1 0 0 1 0 0 1 0 0 1 0 0 1 0 0 1 0 0 1 0 0 1 0 0 1 0 0 1 0 0 1 0 0 1 0 0 1 0 0 1 0 0 1 0 0 1 0 0 1 0 0 1 0 0 1 0 0 1 0 0 1 0 0 1 0 0 1 0 0 1 0 0 1 0 0 1 0 0 1 0 0 1 0 0 1 0 0 1 0 0 1 0 0 1 0 0 1 0 0 1 0 0 1 0.06753253 0.2520381 0.965358 0.1837974 0.6859477 0.7040556 0.2501436 0.9335458 0.2567501 0.2501401 0.9335443 0.2567586 0 0.9664764 0.2567554 0 0.9664764 0.2567554 -0.250143 0.9335436 0.2567585 -0.2501444 0.9335417 0.2567641 -0.4832397 0.836987 0.2567725 -0.4832385 0.8369899 0.2567651 -0.6834019 0.6833973 0.2567687 -0.6833999 0.6834117 0.2567352 -0.8369937 0.4832498 0.256732 -0.8369902 0.4832243 0.2567911 0.1837965 0.6859467 0.7040568 0 0.710143 0.7040575 0 0.710143 0.7040575 -0.1838006 0.6859458 0.7040566 -0.1838004 0.6859467 0.7040557 -0.3550738 0.615003 0.7040554 -0.3550745 0.6150143 0.7040451 -0.5021535 0.5021622 0.7040419 -0.5021472 0.5021436 0.7040597 -0.6150034 0.3550633 0.7040603 -0.6150201 0.3550884 0.704033 0.0675342 0.2520405 0.9653573 0 0.260932 0.9653572 0 0.260932 0.9653571 -0.06753456 0.2520404 0.9653573 -0.0675345 0.2520414 0.965357 -0.1304656 0.2259758 0.9653568 -0.1304644 0.2259678 0.9653587 -0.1845021 0.1845007 0.9653593 -0.1845061 0.1845098 0.9653568 -0.2259743 0.1304687 0.9653567 -0.2259647 0.1304568 0.9653605 0.3726624 0.8996877 0.227343 0.3669476 0.8935124 0.2588145 0.3373421 0.8143993 0.4721801 0.2854131 0.6891699 0.6660212 0.2662525 0.6550805 0.707092 0.2097731 0.5064072 0.8363893 0.1291573 0.3119375 0.9412829 0.09331774 0.2415137 0.9659001 0.03183478 0.07685649 0.9965339 0.3696425 0.8923994 -0.2588198 0.3696426 0.8923993 -0.25882 0.2705981 0.6532838 -0.7071046 0.2705981 0.6532838 -0.7071046 0.09904664 0.2391207 -0.965925 0.09904676 0.2391197 -0.9659252 -0.09904712 -0.2391206 -0.9659249 -0.09904712 -0.2391206 -0.9659249 -0.2705993 -0.6532834 -0.7071046 -0.2705993 -0.653283 -0.7071049 -0.3696445 -0.8923985 -0.2588199 -0.3696442 -0.8923987 -0.2588194 0 0 -1 0 0 -1 0 0 -1 0 0 -1 0 0 -1 0 0 -1 0 0 -1 0 0 -1 0 0 -1 0 0 -1 0 0 -1 0 0 -1 0 0 -1 0 0 -1 0 0 -1 0 0 -1 0 0 -1 0 0 -1 0 0 -1 0.9238789 -0.3826851 0 0.923879 -0.3826847 2.23263e-7 0.9238793 -0.3826841 -1.42109e-7 0.9238798 -0.3826828 6.38244e-7 0.9238798 -0.382683 0 0.9238807 -0.3826805 -6.02733e-6 0.9238774 -0.3826885 7.74249e-6 0.9238802 -0.3826819 -1.1221e-6 0.9238793 -0.382684 0 0.9238793 -0.382684 2.84486e-6 0.9238797 -0.3826832 -2.01148e-6 0.9238796 -0.3826832 -9.68639e-7 0.9238798 -0.3826827 -2.76897e-6 0.9238795 -0.3826835 6.75936e-7 0.9238801 -0.3826823 2.63245e-6 0.9238797 -0.3826832 1.8965e-6 0.3696442 0.8923987 -0.2588199 0.3696442 0.8923986 -0.2588199 0.2705993 0.6532834 -0.7071046 0.2705995 0.6532827 -0.7071052 0.0990473 0.2391205 -0.9659249 0.0990473 0.2391206 -0.9659249 -0.09904694 -0.2391197 -0.9659252 -0.09904682 -0.2391208 -0.965925 -0.2705981 -0.6532832 -0.7071052 -0.2705979 -0.6532839 -0.7071046 -0.3696424 -0.8923997 -0.2588189 -0.3696429 -0.8923992 -0.25882 -0.375333 -0.9061261 0.1950916 -0.3753278 -0.906129 0.1950878 -0.3181878 -0.7681797 0.5555686 -0.3181883 -0.7681792 0.5555689 -0.2126049 -0.5132768 0.8314723 -0.2126045 -0.5132771 0.8314722 -0.0746594 -0.1802453 0.9807842 -0.07466018 -0.1802442 0.9807843 0.0882501 0.2130529 0.973047 0.08824926 0.2130539 0.9730468 0.2459701 0.5938282 0.7660723 0.2459725 0.5938257 0.7660735 -0.245972 -0.5938259 0.7660735 -0.2459692 -0.5938288 0.7660722 -0.08824867 -0.2130535 0.973047 -0.08824896 -0.2130532 0.973047 0.07040816 0.1699795 0.9829292 0.07040816 0.1699795 0.9829292 0.2017 0.4869444 0.8498249 0.2016986 0.4869488 0.8498227 0.305671 0.7379632 0.601644 0.3056738 0.737958 0.601649 -0.3056744 -0.7379578 0.6016489 -0.3056716 -0.7379629 0.601644 -0.201699 -0.4869486 0.8498227 -0.2017005 -0.4869443 0.8498248 -0.07040828 -0.1699793 0.9829291 -0.07040822 -0.1699796 0.9829291 -0.9238819 0.3826777 1.69584e-6 -0.9238802 0.3826819 1.33858e-6 -0.9238817 0.3826784 4.44202e-6 -0.9238793 0.3826841 -2.51115e-6 -0.9238749 0.3826945 0 -0.9238783 0.3826864 -8.12349e-7 -0.9238826 0.3826761 3.51059e-5 -0.9238768 0.38269 -3.62005e-6 -0.9238883 0.3826622 2.94013e-6 -0.9238783 0.3826866 6.40667e-7 -0.923878 0.3826873 1.43559e-7 -0.9238821 0.3826773 -4.03027e-6 -0.9238817 0.3826783 -4.3046e-6 -0.9238802 0.382682 0 -0.9238777 0.382688 0 -0.923877 0.3826895 3.73582e-6 -0.923879 0.3826847 3.6022e-6 -0.9238795 0.3826838 -2.55712e-6 -0.9238792 0.3826843 -2.46838e-6 -0.9238792 0.3826842 -4.87924e-6 -0.9238767 0.3826904 -2.76653e-6 -0.9238792 0.3826844 2.22779e-7 -0.9238795 0.3826835 -2.95244e-6 -0.9238793 0.3826841 -7.52451e-6 -0.9238794 0.3826839 -7.60192e-6 -0.9238784 0.3826861 0 -0.9238802 0.382682 0 -0.9238814 0.382679 -3.43232e-6 -0.9238817 0.3826782 -3.40411e-6 -0.9238776 0.3826881 1.77299e-6 -0.9238792 0.3826843 2.46348e-6 0.07465958 0.1802452 0.9807841 0.07465952 0.1802452 0.9807841 0.2126049 0.5132769 0.8314722 0.2126049 0.5132769 0.8314722 0.3181884 0.7681793 0.5555689 0.3181883 0.7681792 0.5555689 0.3753286 0.9061287 0.1950878 0.3753334 0.9061259 0.1950913 0.3826811 0.923874 0.003457307 0.3776475 0.9118701 0.1608579 0.3682867 0.8929612 0.2588153 0.3056092 0.7321064 0.6087884 0.3268378 0.7892529 0.5198624 0.09903818 0.239099 0.9659312 0.03676807 0.09941929 0.9943661 0.1316956 0.3183457 0.9387823 0.233103 0.5624098 0.793321 0.2092196 0.507373 0.8359425 0.2532396 0.6113225 0.7497697 0.1558741 0.7836386 0.6013433 0.1886834 0.9485759 0.2541699 0.1886816 0.9485746 0.2541764 -0.188683 0.9485743 0.2541763 -0.1886819 0.9485762 0.2541698 -0.5373274 0.8041643 0.2541633 -0.5373268 0.8041689 0.2541502 -0.8041653 0.5373373 0.2541395 -0.8041594 0.5373153 0.2542048 0.05141007 0.2584559 0.964654 0.1202196 0.6043842 0.7875704 0.1240894 0.7016488 0.7016345 -0.1392815 0.7002216 0.7002074 -0.1392821 0.7002176 0.7002112 -0.396641 0.593617 0.7002105 -0.3966397 0.5936124 0.7002152 -0.5936121 0.3966338 0.7002188 -0.5936173 0.3966405 0.7002105 0.05140852 0.2584526 0.9646551 -0.05140942 0.2584526 0.9646551 -0.05140924 0.2584563 0.964654 -0.1464046 0.2191097 0.9646537 -0.1464039 0.2191078 0.9646542 -0.2191095 0.1464036 0.9646538 -0.2191076 0.1464015 0.9646546 -0.1802313 0.07465428 0.9807872 -0.407965 0.1706922 0.8968995 -0.2390972 0.09903734 0.9659318 -0.5624765 0.2329855 0.7933082 -0.7325215 0.3045626 0.6088137 -0.6532848 0.2705996 0.7071031 -0.8286622 0.3432434 0.4421572 -0.8922369 0.3700081 0.2588579 -0.906122 0.3753278 0.1951203 -0.7374474 -0.6467343 0.1946949 -0.7451324 -0.4301959 0.5096166 -0.962632 0.1914784 0.1915087 -0.962637 0.1914848 0.1914778 -0.8829959 0.1756429 0.4352791 -0.8213027 0.1558484 0.5487925 -0.5526915 0.1018596 0.8271377 -0.6044068 0.1202242 0.7875522 -0.7836155 0.1558711 0.6013742 -0.1949411 0.03877645 0.9800481 -0.1949349 0.03877401 0.9800494 -0.4405261 0.08762389 0.8934533 -0.9787665 -0.06413769 0.1946861 -0.8900732 -0.1770507 0.4200271 -0.8203183 -0.1631752 0.5481348 -0.8203296 -0.163174 0.5481181 -0.5522193 -0.1098434 0.826431 -0.5522329 -0.1098432 0.826422 -0.1949411 -0.0387752 0.9800482 -0.1949344 -0.03877514 0.9800495 -0.9476664 -0.2539321 0.1935121 -0.8160829 -0.5452836 0.1915059 -0.6954439 -0.464676 0.5481187 -0.6954225 -0.4646697 0.5481511 -0.468158 -0.3128153 0.8264229 -0.4681646 -0.312818 0.8264181 -0.1652569 -0.1104213 0.9800496 -0.1652505 -0.1104186 0.980051 -0.5452897 -0.8160831 0.1914876 -0.5452833 -0.8160814 0.1915136 -0.4646688 -0.6954322 0.5481396 -0.4646884 -0.6954479 0.548103 -0.3128173 -0.4681591 0.8264214 -0.3128085 -0.4681508 0.8264295 -0.1104182 -0.1652523 0.9800508 -0.1104193 -0.1652535 0.9800505 -0.5555706 -0.8314694 0 -0.6087425 -0.7933309 -0.007655262 -0.7518346 -0.6593518 0 -0.8660286 -0.4999943 0 -0.9238317 -0.3826627 -0.01022118 -0.9807854 0.1950894 0 -0.9914155 0.1305252 -0.007655024 -0.9978599 -0.06538885 0 -0.9659243 -0.2588244 0 -0.923877 0.3826896 -1.44095e-5 -0.9238806 0.3826808 5.24259e-6 -0.923881 0.3826798 -6.96301e-6 -0.9238792 0.3826844 8.30102e-6 -0.9238781 0.3826869 -1.61084e-5 -0.9238814 0.3826789 1.06488e-5 -0.9238797 0.3826832 4.24396e-6 -0.9238793 0.382684 0 -0.9238799 0.3826826 -1.1894e-6 -0.9238797 0.3826832 0 -0.9238817 0.3826784 3.62709e-6 -0.9238803 0.3826817 5.6767e-7 -0.923879 0.3826849 -3.38454e-6 -0.9238809 0.3826804 3.95471e-6 -0.9238792 0.3826844 1.58443e-5 -0.9238798 0.3826828 9.46507e-5 -0.9238799 0.3826827 4.41655e-7 -0.923879 0.382685 -6.83117e-6 -0.9238796 0.3826833 -4.16852e-7 -0.9238806 0.3826807 -5.58739e-6 -0.9238788 0.3826854 2.1084e-6 -0.8314642 0.5555783 0 -0.8314642 0.5555783 0 -0.5555717 0.8314687 0 -0.5555717 0.8314687 0 -0.1950902 0.9807853 0 -0.1950902 0.9807853 0 0.1950902 0.9807853 0 0.1950902 0.9807853 0 0.382683 0.9238797 0 0.3826822 0.92388 1.27682e-6 0.3826834 0.9238795 0 0.3826835 0.9238796 0 0.3826829 0.9238798 0 0.3826834 0.9238796 2.53077e-7 0.3826829 0.9238797 6.33507e-7 0.382683 0.9238798 0 0.9238798 0.382683 0 0.9238798 0.382683 0 0.8660261 0.4999989 0 0.7928901 0.6084124 0.034056 0.7070997 0.7071139 0 0.500003 0.8660236 0 0.382463 0.923343 0.03405463 0.2588198 0.9659256 0 0 1 0 -0.1304512 0.9908697 0.03405445 -0.2588198 0.9659256 0 -0.499996 0.8660277 0 -0.6084066 0.7928945 0.03405529 -0.7071078 0.7071058 0 -0.8660261 0.4999989 0 -0.9233435 0.3824619 0.03405386 -0.9659251 -0.2588217 0 -0.9908697 -0.1304519 0.03405475 -1 0 0 -0.9659251 0.2588217 0 -0.9238796 -0.3826831 0 -0.9238796 -0.3826831 0 -0.9238799 0.3826824 0 -0.92388 0.3826824 0 -0.9238787 0.3826853 3.85383e-7 -0.9238796 0.3826832 0 -0.8660286 0.4999945 0 -0.793349 0.608752 -0.004259228 -0.7071092 0.7071044 0 -0.4999975 0.8660269 0 -0.3826774 0.9238722 -0.004259228 0.2588154 0.9659268 0 0.1305228 0.9914361 -0.004259169 0 1 0 -0.2588154 0.9659268 0 0.3826836 0.9238795 0 0.3826836 0.9238795 0 0.4999957 0.8660279 0 0.6087501 0.7933506 -0.004259169 0.7070996 0.7071139 0 0.8660292 0.4999935 0 0.9238749 0.3826709 -0.004259288 0.9659291 -0.2588071 0 0.9914367 -0.1305184 -0.00425899 1 0 0 0.9659291 0.2588071 0 0.9238799 -0.3826824 0 0.9238734 -0.3826983 0 0.9238781 -0.3826867 -5.81505e-7 0.92388 -0.3826824 0 0.3826832 -0.9238796 0 0.3826832 -0.9238796 0 0.7330459 -0.6801791 0 0.608466 -0.7929639 0.03126078 0.5320382 -0.8467203 0 0.8366243 -0.5477772 0 0.9432693 -0.3300768 0.03595292 0.9238419 -0.3826684 0.00900644 0.9609104 0.2768596 0 0.9908927 0.130455 0.03336173 0.9998255 0.01868188 0 0.9888509 -0.1489093 0 0.9009748 0.4338715 0 0.7815833 0.6233019 0.02494812 0.7932487 0.6086707 0.01663333 0.6380462 0.7699981 0 0.499996 0.8660277 0 0.382457 0.9233456 0.03405469 -0.2588233 0.9659246 0 -0.130452 0.9908695 0.03405463 0 1 0 0.2588152 0.9659268 0 -0.3826832 0.9238796 0 -0.3826832 0.9238796 0 0.3826854 0.9238787 0 0.3826854 0.9238788 0 0.3826878 0.9238778 3.26995e-7 0.382686 0.9238785 0 0.5555647 0.8314734 0 0.5555647 0.8314734 0 0.8314704 0.5555691 0 0.8314704 0.5555691 0 0.9807831 0.1951016 0 0.9807831 0.1951016 0 0.9807831 -0.1951016 0 0.9807831 -0.1951016 0 0.9238796 -0.3826833 0 0.9238796 -0.3826833 0 0.8314701 -0.5555695 0 0.8314701 -0.5555695 0 0.5555647 -0.8314734 0 0.5555647 -0.8314734 0 0.1950918 -0.980785 0 0.1950918 -0.980785 0 -0.1950918 -0.980785 0 -0.1950918 -0.980785 0 -0.382681 -0.9238806 0 -0.3826878 -0.9238778 0 -0.3826828 -0.9238798 -2.48764e-7 -0.382681 -0.9238805 0 -0.3822561 -0.922855 0.0471062 -0.3660043 -0.8938995 0.2588136 -0.3640576 -0.876219 0.3157566 -0.2694957 -0.6537451 0.7070993 -0.2680568 -0.6482355 0.7126965 -0.09946924 -0.2389768 0.9659171 -0.1005896 -0.2428445 0.9648358 -0.2391468 -0.09905767 0.9659174 -0.2427201 -0.1007245 0.9648531 -0.653325 -0.2704328 0.7071298 -0.6482897 -0.2679988 0.7126689 -0.8764636 -0.3634927 0.3157287 -0.8930203 -0.3681834 0.2587583 -0.922854 -0.3822557 0.04712849 -0.2142581 -0.6795348 0.7016594 0.2563341 0.05682808 0.9649162 0.2603117 -0.0342707 0.9649162 0.2603043 -0.0342682 0.9649184 0.2328872 -0.1212309 0.9649179 0.2329037 -0.1212441 0.9649122 0.1773911 -0.1935886 0.9649123 0.1773914 -0.1935891 0.9649122 0.1004806 -0.2425848 0.9649126 0.100479 -0.2425767 0.9649147 0.01145321 -0.262317 0.9649138 0.01145303 -0.2623181 0.9649135 -0.07895612 -0.2504149 0.9649137 -0.07895481 -0.2504125 0.9649144 -0.2142482 -0.6795198 0.701677 0.03107959 -0.7118264 0.7016675 0.03107935 -0.7118275 0.7016664 0.2726621 -0.6582728 0.701664 0.2726603 -0.6582569 0.7016797 0.4813472 -0.5252987 0.7016881 0.4813541 -0.5253127 0.7016729 0.6319969 -0.3289899 0.7016734 0.6320272 -0.3290188 0.7016326 0.7064471 -0.09300559 0.7016285 0.7064117 -0.09299015 0.7016661 -0.2214502 -0.1410774 0.964913 -0.2214429 -0.1410745 0.964915 -0.6008978 -0.3828138 0.7016946 -0.6009014 -0.3828148 0.701691 -0.815491 -0.5195229 0.2550891 -0.8154763 -0.5195248 0.255132 -0.1598385 -0.2083067 0.9649145 -0.1598345 -0.2083032 0.9649159 -0.4337313 -0.5652571 0.7016847 -0.4337612 -0.5652792 0.7016486 -0.5886205 -0.7670924 0.2551376 -0.5886147 -0.767091 0.2551552 0.7961098 -0.5471769 0.2584697 0.6532337 -0.7128777 0.2551296 0.6532343 -0.7128894 0.2550956 0.3700201 -0.8933088 0.2551169 0.3700211 -0.8933055 0.255127 0.142794 -0.9554734 0.2582255 0.0435422 -0.9972718 0.05960643 -0.02529448 -0.9659494 0.2574917 -0.2907501 -0.9221567 0.2551301 -0.2584992 -0.9647455 0.04943925 -0.4082591 -0.8754724 0.2585976 0.256348 0.05682843 0.9649125 0.6000431 0.1330204 0.7888306 0.6938016 0.167457 0.7004266 0.7789699 0.1726781 0.6028168 0.8781474 0.1946632 0.4369936 0.9099484 -0.4146699 0.006530582 0.8576425 -0.446469 0.2551758 0.9485734 -0.1844027 0.2573016 0.9890059 -0.1301901 0.07012867 0.9659154 -0.01684314 0.2583094 0.9418534 0.2192622 0.2546298 0.9580835 0.2124055 0.1922495 0.9061248 0.3753311 0.1951011 0.9000387 0.3717034 0.2275236 0.8145798 0.3377791 0.471556 0.8285442 0.3431921 0.4424179 0.6890963 0.2854565 0.6660788 0.7339301 0.3014034 0.6086893 0.5063399 0.2113993 0.8360206 0.5624135 0.2329474 0.7933642 0.4073776 0.1687503 0.8975337 0.2542184 0.1073431 0.9611714 0.2382292 0.1012729 0.9659144 0.0768603 0.0318365 0.9965335 0.07686024 -0.03183686 0.9965335 0.2367428 -0.1047817 0.9659057 0.2541311 -0.1104575 0.9608416 0.4073774 -0.1687614 0.8975318 0.506518 -0.209793 0.8363172 0.6515015 -0.2749463 0.7070716 0.6890903 -0.2854844 0.666073 0.8146828 -0.3374498 0.4716138 0.8912715 -0.3723282 0.2588568 0.8996692 -0.372654 0.2274301 -0.06753456 -0.2520433 0.9653565 -0.1837968 -0.6859443 0.7040591 -0.2501393 -0.933547 0.2567499 -0.2501414 -0.9335477 0.2567446 0 -0.9664764 0.2567554 0 -0.9664765 0.2567554 0.2501397 -0.9335482 0.2567448 0.250141 -0.9335464 0.25675 0.483237 -0.8369967 0.2567458 0.4832448 -0.836978 0.2567924 0.683404 -0.683381 0.2568063 0.6834002 -0.6834096 0.25674 0.8369848 -0.483263 0.2567359 0.8369818 -0.483241 0.2567871 -0.1837981 -0.6859458 0.7040572 0 -0.7101503 0.7040502 0 -0.7101502 0.7040502 0.1837972 -0.685946 0.7040573 0.1837976 -0.685944 0.7040592 0.3550797 -0.6149966 0.704058 0.3550806 -0.6150102 0.7040456 0.5021545 -0.5021614 0.7040418 0.502149 -0.5021453 0.7040571 0.6149973 -0.3550757 0.7040593 0.6150117 -0.3550972 0.7040359 -0.06753653 -0.2520459 0.9653558 0 -0.2609302 0.9653576 0 -0.2609302 0.9653577 0.06753337 -0.2520388 0.9653578 0.06753283 -0.252044 0.9653565 0.1304689 -0.2259761 0.9653562 0.1304673 -0.2259656 0.9653589 0.1845021 -0.1845007 0.9653593 0.1845055 -0.1845085 0.9653571 0.2259709 -0.1304717 0.9653571 0.2259544 -0.1304512 0.9653637 -0.09905588 -0.2391421 0.9659187 -0.0990585 -0.2391486 0.9659168 -0.2706006 -0.653288 0.7070998 -0.2705996 -0.6532854 0.7071027 -0.3696441 -0.8924 0.2588155 -0.3696439 -0.8923995 0.2588177 -0.2520421 0.06753385 0.965357 -0.6859428 0.183798 0.7040601 -0.9335468 0.2501491 0.2567407 -0.9335441 0.2501426 0.2567567 -0.9664764 0 0.2567554 -0.9664764 0 0.2567554 -0.9335432 -0.2501481 0.2567548 -0.9335481 -0.2501443 0.2567405 -0.8370001 -0.4832338 0.256741 -0.8369837 -0.4832406 0.2567819 -0.6833909 -0.6834047 0.2567779 -0.6834114 -0.6834021 0.2567304 -0.4832443 -0.8369949 0.2567383 -0.4832411 -0.8369944 0.2567456 -0.6859399 0.1837953 0.7040638 -0.7101358 0 0.7040647 -0.7101358 0 0.7040648 -0.6859384 -0.1837972 0.7040646 -0.6859445 -0.183796 0.704059 -0.6149987 -0.3550754 0.7040584 -0.6149954 -0.3550752 0.7040612 -0.5021487 -0.5021418 0.7040599 -0.5021467 -0.5021411 0.7040619 -0.3550714 -0.614999 0.7040601 -0.3550758 -0.6150019 0.7040553 -0.2520363 0.06752955 0.9653587 -0.2609266 0 0.9653586 -0.2609266 0 0.9653587 -0.2520359 -0.067532 0.9653586 -0.2520431 -0.06753122 0.9653569 -0.2259734 -0.1304685 0.9653569 -0.2259743 -0.1304686 0.9653567 -0.1845086 -0.1845065 0.9653568 -0.1845089 -0.1845067 0.9653568 -0.1304671 -0.225973 0.9653572 -0.1304625 -0.2259693 0.9653587 -0.8996861 0.372661 0.2273512 -0.893514 0.3669491 0.2588071 -0.4073678 0.1687161 0.8975446 -0.5064052 0.2097722 0.8363907 -0.6550762 0.2662508 0.7070967 -0.6891639 0.2854104 0.6660285 -0.8144341 0.3373563 0.47211 -0.257857 0.1016166 0.9608245 -0.2415183 0.09331959 0.9658988 -0.07684552 0.03183078 0.9965348 -0.03183305 0.07685184 0.9965342 -0.09684008 0.2400591 0.965916 -0.1038754 0.2557058 0.9611579 -0.1687266 0.4073623 0.8975452 -0.2329663 0.5623998 0.7933683 -0.2085076 0.5074108 0.8360974 -0.2867591 0.6882998 0.6663427 -0.3035986 0.7329836 0.6087388 -0.3373386 0.8144011 0.4721795 -0.3685632 0.892847 0.2588154 -0.3726625 0.8996877 0.2273428 -0.5652613 0.4337342 0.7016797 0.05682998 -0.2563443 0.9649134 -0.03427225 -0.2603229 0.9649131 -0.03427213 -0.2603225 0.9649133 -0.1212404 -0.2329015 0.9649133 -0.1212419 -0.2329034 0.9649127 -0.1935897 -0.1773906 0.9649122 -0.1935843 -0.1773872 0.964914 -0.2425783 -0.1004806 0.9649142 -0.2425888 -0.1004828 0.9649113 -0.262327 -0.01145243 0.9649111 -0.2623144 -0.01145428 0.9649145 -0.2504119 0.07895547 0.9649144 -0.2504105 0.07895469 0.9649149 -0.208307 0.1598374 0.9649146 -0.2083145 0.159846 0.9649116 -0.1410797 0.2214528 0.964912 -0.1410762 0.2214437 0.9649146 -0.5652693 0.4337451 0.7016664 -0.6795284 0.214257 0.7016659 -0.6795198 0.2142513 0.701676 -0.7118179 -0.03107589 0.7016763 -0.7118167 -0.03107619 0.7016775 -0.6582589 -0.2726636 0.7016764 -0.6582778 -0.2726657 0.7016579 -0.525321 -0.4813633 0.7016603 -0.5253081 -0.4813569 0.7016744 -0.3289952 -0.6319962 0.7016715 -0.329 -0.6320013 0.7016647 -0.09300094 -0.7064096 0.7016668 -0.09299945 -0.7064062 0.7016704 -0.5195174 0.8154761 0.2551481 -0.519517 0.8154793 0.2551385 -0.3828237 0.6009136 0.7016758 -0.4059036 0.685122 0.6048555 -0.3302252 0.5183544 0.7888346 -0.7765967 -0.5746298 0.2582595 -0.8932928 -0.3700169 0.2551771 -0.8933004 -0.3700146 0.255154 -0.9659802 -0.04217344 0.2551542 -0.9659817 -0.04217237 0.255149 -0.9498398 0.176029 0.258492 -0.9502685 0.2996178 0.08496534 -0.9052132 0.3384413 0.2569949 -0.7671004 0.5886151 0.2551259 -0.8284923 0.558824 -0.03628057 -0.6949087 0.6710785 0.2583707 0.05683004 -0.2563463 0.964913 0.133019 -0.6000158 0.7888516 0.1674669 -0.6938018 0.7004241 0.172688 -0.7789451 0.6028462 0.1946892 -0.8781862 0.4369039 -0.6861996 -0.7231159 -0.07895302 -0.7128716 -0.6532274 0.2551628 -0.4832398 -0.8369892 0.2567651 -0.4592506 -0.8822095 0.1039009 -0.3303867 -0.9077295 0.2585957 -0.1262051 -0.9586299 0.255149 -0.1262053 -0.9586301 0.2551482 0.2192679 -0.9418362 0.2546885 0.2124044 -0.9580849 0.1922438 0.375329 -0.9061251 0.1951038 0.3717126 -0.9000584 0.2274304 0.3376592 -0.8142779 0.4721629 0.3432044 -0.8285825 0.4423368 0.2854738 -0.6891453 0.6660206 0.3013985 -0.7339169 0.6087076 0.233569 -0.5621237 0.7933868 0.2097573 -0.5064096 0.8363918 0.1292123 -0.3118966 0.9412888 0.1012732 -0.2382289 0.9659145 0.0318349 -0.07685637 0.9965338 -0.3753315 -0.9061306 0.1950733 -0.3702917 -0.9006088 0.2275692 -0.3435999 -0.8284157 0.4423421 -0.337321 -0.814383 0.4722232 -0.3036378 -0.7329691 0.6087368 -0.28162 -0.689965 0.6668123 -0.2345311 -0.5617489 0.7933683 -0.2097499 -0.506411 0.8363928 -0.1692484 -0.4085516 0.8969061 -0.1259805 -0.3120275 0.9416835 -0.07832616 -0.1787837 0.9807657 -0.03183495 -0.07685631 0.9965338 -0.8829532 0.1756344 0.435369 -0.5452912 -0.8160852 0.1914743 -0.9626348 0.191479 0.1914942 -0.9626397 0.1914854 0.1914634 -0.9787693 -0.06413781 0.1946715 -0.8900853 -0.177053 0.4200003 -0.947669 -0.2539329 0.1934975 -0.8160852 -0.5452851 0.1914916 -0.7451473 -0.4302043 0.5095878 -0.7374494 -0.6467361 0.1946811 -0.6043365 0.1202102 0.7876084 -0.7836564 0.1558792 0.6013188 -0.8213017 0.1558555 0.5487919 -0.8203183 -0.1631752 0.5481348 -0.8203299 -0.163174 0.5481179 -0.6954443 -0.4646763 0.5481179 -0.6954527 -0.4646787 0.5481051 -0.1950082 0.03878855 0.9800343 -0.4405263 0.08762395 0.8934532 -0.5452952 -0.8160864 0.1914581 -0.5001284 -0.7484898 0.4354705 -0.47055 -0.6909694 0.5487659 -0.4439116 -0.6643647 0.6013003 -0.342324 -0.5123271 0.7876136 -0.5526393 0.1018532 0.8271733 -0.5521674 -0.1098331 0.826467 -0.5521809 -0.1098329 0.8264581 -0.4681165 -0.3127802 0.8264597 -0.4680955 -0.3127718 0.8264747 -0.3187494 -0.462792 0.8271774 -0.2495294 -0.3734467 0.8934611 -0.1950143 0.03879106 0.980033 -0.1950144 -0.0387898 0.980033 -0.1950078 -0.03878974 0.9800344 -0.1653191 -0.1104629 0.9800345 -0.1653128 -0.1104602 0.9800358 -0.1104598 -0.1653146 0.9800356 -0.1104608 -0.1653156 0.9800353 -0.1802991 0.07468241 0.9807725 -0.4079601 0.1706897 0.8969023 -0.2391345 0.09905272 0.9659209 -0.5624101 0.2329578 0.7933635 -0.6531056 0.2711015 0.7070764 -0.7329648 0.3036042 0.6087588 -0.828621 0.3432263 0.4422475 -0.8922362 0.3700079 0.2588604 -0.9061255 0.3753293 0.1951012 -0.9238796 0.3826833 0 -0.9238796 0.3826833 0 -0.8660203 0.5000088 0 -0.7930136 0.6085042 -0.0291925 -0.2588161 0.965912 0.005303978 -0.4110736 0.9113293 -0.02230161 -0.5000039 0.8660231 0 -0.7071092 0.7071044 0 0.3211807 0.947018 1.63071e-4 0.381378 0.9244192 0 0.1774057 0.9840241 0.01495891 0.06793183 0.99677 0.04283529 0.2587897 0.9658135 -0.01523667 0.003593802 0.9999727 0.006457984 0 0.999976 0.006930351 -0.07786524 0.9969639 2.4282e-5 -0.1609677 0.9869597 -1.47798e-5 0 0 1 0 0 1 0 0 1 0 0 1 0 0 1 0 0 1 0 0 1 0 0 1 0 0 1 0 0 1 0 0 1 0 0 1 0 0 1 0 0 1 -0.31829 -0.7681482 0.5555537 -0.2316008 -0.5593319 0.7959327 -0.213314 -0.513003 0.8314595 -0.1308985 -0.3173954 0.9392155 -0.07553964 -0.1798601 0.9807875 -0.03804075 -0.09183859 0.995047 -0.3753282 -0.9061227 0.1951164 -0.3857916 -0.9225791 -0.003574967 -0.3784139 -0.9118149 0.1593629 -0.3551352 -0.8576195 0.3719782 -0.3142845 -0.7575381 0.5721549 -0.3826822 -0.9238801 0 -0.3826833 -0.9238796 0 -0.3826829 -0.9238798 -5.09316e-7 -0.3826833 -0.9238796 0 -0.3826833 -0.9238795 0 -0.3826833 -0.9238796 0 -0.3826835 -0.9238795 0 -0.3826835 -0.9238796 0 -0.5894855 -0.8075048 0.02104246 -0.5175431 -0.8556129 0.00870496 -0.4425292 -0.8967542 1.61767e-4 -0.3844457 -0.9231476 0 -0.675793 -0.7354478 0.04919725 -0.555565 -0.8314611 -0.004464387 -0.7598754 -0.6500673 0.001396596 -0.7518346 -0.6593518 2.91522e-5 -0.8117214 -0.5840448 -1.56359e-5 -0.8660166 -0.4999872 0.005302011 -0.9350774 -0.3537412 -0.02230125 -0.9807855 0.1950894 0 -0.9912074 0.1304978 -0.02186691 -0.9978599 -0.06538885 0 -0.9659244 -0.2588245 0 -0.3753309 -0.9061276 0.1950885 -0.375329 -0.9061275 0.1950925 -0.3181895 -0.7681801 0.5555671 -0.3181916 -0.7681813 0.5555642 -0.2126073 -0.5132788 0.8314704 -0.2126073 -0.5132788 0.8314704 -0.07465779 -0.1802396 0.9807853 -0.07465779 -0.1802396 0.9807853 0.07465738 0.1802386 0.9807856 0.07465749 0.1802387 0.9807856 0.2126076 0.513279 0.8314701 0.2126073 0.5132788 0.8314704 0.3181916 0.7681813 0.5555642 0.3181916 0.7681813 0.5555642 0.3753309 0.9061276 0.1950882 0.3753288 0.9061276 0.1950925 0 0 -1 0 0 -1 0.3777685 0.9120045 -0.159808 0.3777685 0.9120045 -0.159808 0.3391793 0.8188432 -0.463091 0.339174 0.8188434 -0.4630945 0.2659366 0.6420317 -0.7190778 0.2659366 0.6420317 -0.7190779 0.1655299 0.3996269 -0.9016087 0.1655299 0.3996269 -0.9016087 0.04822111 0.1164168 -0.9920292 0.04822111 0.1164168 -0.9920292 -0.07401984 -0.1787008 -0.9811152 -0.07402074 -0.1787011 -0.9811151 -0.1886981 -0.4555553 -0.8699784 -0.1886981 -0.4555553 -0.8699784 -0.2841024 -0.6858804 -0.6699656 -0.2840977 -0.68588 -0.6699681 -0.3504775 -0.8461368 -0.4015197 -0.3504775 -0.8461368 -0.4015197 -0.3753293 -0.9061274 0.1950925 -0.3753315 -0.9061275 0.1950879 -0.3181923 -0.7681815 0.5555637 -0.3181914 -0.768181 0.5555648 -0.2126073 -0.5132788 0.8314704 -0.2126073 -0.5132788 0.8314704 -0.07465738 -0.1802386 0.9807856 -0.07465761 -0.1802388 0.9807856 0.07465797 0.1802397 0.9807853 0.07465702 0.1802387 0.9807856 0.2126063 0.5132793 0.8314704 0.2126063 0.5132792 0.8314704 0.3181899 0.7681816 0.5555648 0.3181906 0.768182 0.5555638 0.3753293 0.9061274 0.1950925 0.3753309 0.9061275 0.1950893 -0.9238799 0.3826826 8.15291e-6 -0.9238766 0.3826904 -9.20943e-6 -0.9238805 0.3826811 1.54458e-6 -0.9238805 0.382681 -2.12337e-7 -0.9238819 0.3826777 -2.40972e-6 -0.9238805 0.3826811 -4.77168e-6 -0.9238809 0.3826801 6.19196e-6 -0.9238783 0.3826863 3.80233e-6 -0.9238821 0.3826771 7.95233e-6 -0.9238825 0.3826763 4.33368e-6 -0.9238808 0.3826805 4.95638e-6 -0.9238807 0.3826807 5.43502e-6 -0.9238779 0.3826872 5.33883e-6 -0.9238792 0.3826842 9.14398e-7 -0.9238777 0.3826878 4.2274e-7 -0.9238829 0.3826753 -1.07048e-5 -0.9238823 0.3826767 -1.10884e-5 -0.9238793 0.3826841 -7.48697e-6 -0.9238826 0.382676 -4.11271e-6 -0.9238797 0.3826831 -3.06179e-6 -0.9238804 0.3826813 -1.97317e-6 -0.9238792 0.3826841 6.76435e-6 -0.9238792 0.3826844 7.66642e-6 -0.9238805 0.3826813 4.7347e-6 -0.9238802 0.3826817 1.49891e-6 -0.9238808 0.3826802 6.20123e-7 -0.923881 0.3826799 -8.02873e-6 -0.9238781 0.3826867 -5.20562e-6 -0.9238777 0.382688 0 -0.923882 0.3826774 -2.78409e-6 -0.9238788 0.3826852 1.30038e-5 -0.9238767 0.3826905 1.37749e-5 -0.9238836 0.3826737 -5.22905e-6 -0.9238808 0.3826804 -5.1188e-6 -0.9238744 0.3826958 4.55198e-6 -0.9238786 0.3826859 6.06714e-6 0.3504781 0.8461363 -0.4015203 0.3504781 0.8461363 -0.4015203 0.2840984 0.68588 -0.6699677 0.2841031 0.6858804 -0.6699653 0.1886984 0.4555548 -0.8699786 0.1886989 0.4555549 -0.8699784 0.07402116 0.1787012 -0.9811151 0.07401961 0.1787008 -0.9811152 -0.04822099 -0.1164168 -0.9920292 -0.048222 -0.116417 -0.9920291 -0.1655321 -0.3996259 -0.9016087 -0.1655287 -0.3996252 -0.9016097 -0.2659362 -0.6420323 -0.7190775 -0.2659362 -0.6420323 -0.7190776 -0.3391731 -0.8188434 -0.463095 -0.3391785 -0.8188432 -0.4630914 -0.3777677 -0.912005 -0.1598078 -0.3777681 -0.9120049 -0.1598074 -0.239122 0.09904766 -0.9659246 -0.2391224 0.09904783 -0.9659244 -0.6532711 0.2705941 -0.7071179 -0.6532694 0.2705933 -0.7071197 -0.8924029 0.3696458 -0.258803 -0.892391 0.3696403 -0.2588521 0 0 1 0 0 1 0 0 1 0 0 1 0 0 1 0 0 1 0 0 1 0 0 1 0 0 1 0 0 1 0 0 1 0 0 1 0 0 1 0 0 1 0 0 1 0 0 1 0.130523 0.9914453 0 0.130523 0.9914453 0 -0.3826768 0.9238823 0 -0.3826768 0.9238823 0 -0.7933442 0.6087734 0 -0.7933442 0.6087734 0 -0.8660203 0.5000088 0 -0.8314596 0.5555741 -0.00353235 -0.7518361 0.65935 0 -0.6593537 0.7518329 0 -0.555566 0.831465 -0.003532648 -0.4999957 0.8660278 0 -0.2588198 0.9659257 0 -0.1950905 0.9807788 -0.003532409 0.2588198 0.9659257 0 0.1950905 0.9807788 -0.003532409 0.06540399 0.9978588 0 -0.06540399 0.9978588 0 0.3826819 0.9238802 0 0.3826819 0.9238802 0 0.07465291 0.1802278 -0.9807879 0.07465296 0.1802278 -0.9807879 0.2126195 0.513308 -0.8314493 0.2126131 0.5132959 -0.8314584 0.3181814 0.7681614 -0.5555976 0.3181883 0.7681732 -0.5555775 0.3753321 0.9061303 -0.1950736 0.3753279 0.906126 -0.1951018 -0.8496669 0.4905603 -0.1934341 -0.1703351 0.09834271 -0.9804666 -0.1703354 0.09834283 -0.9804665 -0.7219544 0.4168247 -0.5523034 -0.7923617 0.4218251 -0.4407113 -0.6892534 0.3979378 -0.6054546 -0.4840206 0.2794476 -0.8292365 -0.5362869 0.2926182 -0.7916887 -0.3857833 0.2227312 -0.8953 -0.09835249 0.1703501 -0.980463 -0.09834665 0.1703438 -0.9804646 -0.2794392 0.4840097 -0.8292457 -0.2794413 0.4840117 -0.8292438 -0.4168241 0.7219682 -0.5522857 -0.4168304 0.721973 -0.5522748 -0.05090874 0.1899935 -0.9804646 -0.05090874 0.1899935 -0.9804646 -0.1446515 0.5398453 -0.8292424 -0.1446496 0.5398421 -0.8292449 -0.2157655 0.8052514 -0.5522819 -0.2157694 0.8052564 -0.5522733 0.05090874 0.1899935 -0.9804646 0.05090874 0.1899935 -0.9804646 0.1446506 0.5398419 -0.8292448 0.1446505 0.5398457 -0.8292424 0.215767 0.8052569 -0.5522735 0.2157679 0.8052506 -0.5522821 -0.6576234 0.7498599 0.07239991 -0.7374536 0.6467366 -0.1946636 -0.8496602 0.490563 -0.1934565 -0.2539297 0.9476714 -0.1934905 -0.4905459 0.8496601 -0.1935004 -0.4905509 0.8496608 -0.1934847 -0.6937515 0.6937377 -0.1934862 -0.5894889 0.5894771 -0.5522859 -0.5894789 0.5894731 -0.5523007 -0.3951924 0.3951885 -0.8292461 -0.395203 0.3951945 -0.8292381 -0.1390942 0.1390912 -0.9804624 -0.1390783 0.1390811 -0.980466 0.06523233 0.9952394 0.07241016 -0.06415247 0.9787645 -0.1946908 -0.2539284 0.9476708 -0.193495 0 0.1966955 -0.9804646 0 0.1966956 -0.9804646 0 0.5588865 -0.8292441 0 0.5588865 -0.8292441 0 0.8336595 -0.5522788 0 0.8336595 -0.5522789 0 0.9811035 -0.1934835 0.2539295 0.9476705 -0.193495 0.2539287 0.9476718 -0.1934905 -0.1802312 0.0746535 -0.9807872 -0.1802183 0.07464933 -0.9807899 -0.4086506 0.1692696 -0.8968569 -0.4087291 0.1692995 -0.8968156 -0.5624458 0.2329704 -0.7933344 -0.5623974 0.2329539 -0.7933737 -0.7329259 0.3035896 -0.6088127 -0.7329747 0.3036051 -0.6087463 -0.8286421 0.3432314 -0.442204 -0.8285633 0.3432042 -0.4423728 -0.9061241 0.3753311 -0.1951047 -0.9061385 0.3753312 -0.1950367 -0.9238808 0.3826802 0 -0.9238808 0.3826802 0 0.1950902 0.9807853 0 0.1950902 0.9807853 0 -0.1950902 0.9807853 0 -0.1950902 0.9807853 0 -0.5555717 0.8314687 0 -0.5555717 0.8314687 0 -0.8314642 0.5555783 0 -0.8314642 0.5555783 0 0.3826832 0.9238796 0 0.3826844 0.9238791 0 0.3826829 0.9238798 -1.27329e-7 0.3826822 0.9238801 0 0.3826822 0.92388 0 0.3826836 0.9238794 -1.70748e-7 0.1950915 0.980785 0 0.1950915 0.980785 0 -0.1951061 0.9807822 0 -0.1951061 0.9807822 0 -0.5555614 0.8314756 0 -0.5555614 0.8314756 0 -0.8314593 0.5555856 0 -0.8314593 0.5555856 0 0.1191127 0.793138 -0.5972807 -0.01384675 0.4753484 -0.8796887 -0.7919583 0.4227928 -0.440509 -0.8906425 0.4107885 -0.1949585 -0.4959127 0.3741431 -0.7836374 -0.4290091 0.4067687 -0.8065298 -0.1036498 0.2501766 -0.9626362 -0.1036088 0.2501954 -0.9626358 -0.3350861 0.3289126 -0.8829122 0.04981482 0.6258413 -0.7783579 -0.008605182 0.5883445 -0.8085646 -0.3285523 0.6390691 -0.6954453 -0.3286064 0.6390311 -0.6954547 -0.6438637 0.6052029 -0.4681551 0.1567763 0.8872505 -0.4338292 0.09406089 0.8362183 -0.5402697 -0.2402731 0.8522483 -0.4646953 -0.2402539 0.8522598 -0.464684 -0.5844106 0.7487479 -0.3127954 -0.58441 0.7487485 -0.3127949 0.191482 0.962639 -0.1914699 0.1914754 0.9626391 -0.1914761 -0.1924914 0.967638 -0.1631687 -0.192477 0.9676432 -0.1631541 -0.5522028 0.8264489 -0.1097917 -0.5522397 0.8264161 -0.1098534 -0.8308333 0.5551673 -0.03879803 -0.8421925 0.527739 -0.1104685 -0.6815969 0.4124733 -0.6043936 -0.6941395 0.4963654 -0.5213363 -0.6437412 0.6053568 -0.4681244 -0.8631374 0.4771859 -0.1651896 0.07465261 0.1802279 -0.9807879 0.1016675 0.2380362 -0.9659205 0.1692647 0.4086409 -0.8968623 0.2329681 0.5624344 -0.7933431 0.2740905 0.6518214 -0.7071091 0.3753318 0.9061304 -0.1950735 0.3722636 0.8913128 -0.2588073 0.3432172 0.828599 -0.4422959 0.303595 0.7329427 -0.6087899 -0.9807854 0.1950894 0 -0.9807854 0.1950894 0 -0.9807854 -0.1950894 0 -0.9807854 -0.1950894 0 -0.8314703 -0.5555692 0 -0.8314703 -0.5555692 0 -0.5555706 -0.8314694 0 -0.5555706 -0.8314694 0 -0.07465273 -0.1802274 -0.9807879 -0.07465273 -0.1802274 -0.9807879 -0.212613 -0.5132927 -0.8314604 -0.2126129 -0.5132924 -0.8314606 -0.3181897 -0.768177 -0.5555713 -0.3181835 -0.7681649 -0.5555916 -0.3753286 -0.9061257 -0.1951017 -0.3753319 -0.9061303 -0.195074 -0.4554817 -0.8521483 -0.2576427 -0.3341227 -0.6251113 -0.7054062 -0.1225585 -0.229286 -0.9656124 -0.1225597 -0.2292973 -0.9656096 -0.1649385 -0.2009834 -0.9656091 -0.1649336 -0.200968 -0.9656132 -0.2009702 -0.1649294 -0.9656134 -0.2009728 -0.164934 -0.9656121 -0.2292888 -0.1225555 -0.9656121 -0.229292 -0.1225594 -0.9656109 -0.2487968 -0.07547122 -0.9656109 -0.2488054 -0.07547819 -0.9656081 -0.2587494 -0.02548921 -0.9656081 -0.2587269 -0.02547746 -0.9656145 -0.2587268 0.025487 -0.9656142 -0.2587512 0.02547985 -0.965608 -0.2488063 0.07547408 -0.9656081 -0.2487952 0.07547509 -0.9656109 -0.3341231 -0.6251018 -0.7054144 -0.4496588 -0.5478994 -0.705417 -0.4496625 -0.5479233 -0.7053961 -0.5479217 -0.4496675 -0.7053943 -0.5479161 -0.4496523 -0.7054083 -0.6251067 -0.3341272 -0.7054082 -0.6251061 -0.3341262 -0.7054092 -0.678276 -0.2057633 -0.7054099 -0.6782746 -0.2057619 -0.7054117 -0.7053861 -0.0694611 -0.7054117 -0.7054123 -0.06948029 -0.7053836 -0.7054131 0.06946378 -0.7053844 -0.7053837 0.06947749 -0.7054125 -0.6782744 0.2057629 -0.7054116 -0.6782763 0.2057624 -0.7054099 -0.4554803 -0.8521506 -0.2576375 -0.6129726 -0.7469201 -0.2576332 -0.6129775 -0.7469069 -0.25766 -0.7469171 -0.6129644 -0.2576615 -0.7469136 -0.6129873 -0.2576171 -0.8521549 -0.4554864 -0.2576125 -0.8521543 -0.4554718 -0.2576403 -0.9246316 -0.280497 -0.2576393 -0.9246304 -0.2804924 -0.2576482 -0.9615856 -0.09471237 -0.2576484 -0.9615783 -0.09469652 -0.2576818 -0.9615769 0.09471148 -0.2576814 -0.9615872 0.09469741 -0.257648 -0.9246293 0.2804962 -0.2576481 -0.9246327 0.2804931 -0.2576392 -0.2391224 0.09904676 -0.9659245 -0.2391225 0.09904682 -0.9659245 -0.6532722 0.2705916 -0.7071179 -0.6532722 0.2705916 -0.7071179 -0.8923922 0.3696374 -0.2588523 -0.8924024 0.3696473 -0.2588025 -0.9238788 0.3826853 0 -0.9238788 0.3826853 0 -0.9807879 0.1950773 0 -0.9807879 0.1950773 0 -0.9807879 -0.1950773 0 -0.9807879 -0.1950773 0 -0.8314586 -0.5555867 0 -0.8314586 -0.5555867 0 -0.5555647 -0.8314734 0 -0.5555647 -0.8314734 0 -0.3826829 -0.9238798 0 -0.382683 -0.9238797 0 -0.3826827 -0.9238799 0 -0.3826827 -0.9238799 0 -0.3826842 -0.9238792 1.77718e-7 -0.3826838 -0.9238794 0 0.9238811 -0.3826799 0 0.923881 -0.3826799 0 0.9238849 -0.3826704 1.43967e-5 0.923948 -0.3825181 7.58618e-5 0.9238778 -0.3826874 0 0.9238779 -0.3826875 0 0.9238778 -0.3826875 0 0.9238897 -0.382659 -2.41854e-5 0.9238826 -0.382676 7.70813e-6 0.9238795 -0.3826836 1.93756e-6 0.9238796 -0.3826833 -2.47398e-6 0.9238777 -0.3826878 1.07266e-6 0.9238758 -0.3826926 5.67897e-6 0 0 -1 0 0 -1 0 0 -1 0 0 -1 0 0 -1 0 0 -1 0 0 -1 0 0 -1 0 0 -1 0 0 -1 0 0 -1 0 0 -1 0 0 -1 0 0 -1 0 0 -1 0 0 -1 0 0 -1 0 0 -1 0 0 -1 0 0 -1 -0.09904521 -0.2391175 -0.9659259 -0.09904795 -0.2391225 -0.9659245 -0.2705954 -0.6532741 -0.7071146 -0.2705954 -0.6532741 -0.7071147 -0.3696455 -0.8924016 -0.2588075 -0.3696455 -0.8924018 -0.2588074 -0.382684 -0.9238793 0 -0.382684 -0.9238793 0 -0.4713938 -0.8819228 0 -0.5555661 -0.8314628 -0.00397557 -0.6343975 -0.773007 0 -0.7730048 -0.6344002 0 -0.8314637 -0.5555647 -0.003975868 -0.8819274 -0.4713854 0 -0.9569379 -0.290293 0 -0.9807778 -0.1950879 -0.003975808 -0.9569379 0.290293 0 -0.9807778 0.1950879 -0.003975808 -0.9951859 0.09800624 0 -0.9951859 -0.09800624 0 0 0 -1 0 0 -1 0 0 -1 0 0 -1 0 0 -1 0 0 -1 0 0 -1 0 0 -1 0 0 -1 0 0 -1 0 0 -1 0 0 -1 0 0 -1 0 0 -1 0 0 -1 0 0 -1 0 0 -1 0 0 -1 0 0 -1 0 0 -1 0 0 -1 0 0 -1 0 0 -1 0 0 -1 0 0 -1 0 0 -1 0 0 -1 0 0 -1 0 0 -1 0 0 -1 0 0 -1 0 0 -1 0 0 -1 -0.980788 0.1950768 0 -0.980788 0.1950768 0 -0.9807879 -0.1950773 0 -0.9807879 -0.1950773 0 -0.8314582 -0.5555873 0 -0.8314582 -0.5555873 0 -0.5555647 -0.8314734 0 -0.5555647 -0.8314734 0 -0.9238796 0.3826832 1.18395e-6 -0.9238796 0.3826832 -1.33194e-6 -0.9238799 0.3826826 3.9098e-6 -0.923879 0.3826847 -8.33934e-6 -0.9238799 0.3826823 0 -0.9238805 0.3826811 -1.17626e-6 -0.9238797 0.3826832 1.50889e-6 -0.9238799 0.3826827 1.0271e-6 -0.9238793 0.3826842 2.58458e-7 -0.923879 0.3826844 -4.73539e-7 -0.9238791 0.3826845 1.28155e-5 -0.9238796 0.3826834 0 -0.9238784 0.3826862 -2.49765e-6 -0.9238797 0.3826831 8.54241e-7 -0.9238793 0.3826841 2.67414e-6 -0.9238801 0.3826822 0 -0.9238775 0.3826883 2.51917e-6 -0.9238796 0.3826833 1.68314e-7 -0.9238783 0.3826866 -2.62722e-6 -0.9238795 0.3826835 -2.70389e-7 -0.9238799 0.3826826 9.82295e-6 -0.9238802 0.3826819 1.63037e-6 -0.9238796 0.3826833 4.49354e-7 -0.9238794 0.3826837 0 -0.9238793 0.3826841 -1.33589e-7 -0.9238821 0.3826773 2.62415e-6 0 0 -1 0 0 -1 0 0 -1 0 0 -1 0 0 -1 0 0 -1 0 0 -1 0 0 -1 0 0 -1 0 0 -1 0 0 -1 0 0 -1 0 0 -1 0 0 -1 0 0 -1 0 0 -1 0 0 -1 0 0 -1 0 0 -1 0 0 -1 0 0 -1 0 0 -1 0 0 -1 0 0 -1 0 0 -1 0 0 -1 0 0 -1 0 0 -1 0 0 -1 0 0 -1 0 0 -1 0 0 -1 -0.9123791 0.3779184 -0.1572962 -0.8907013 0.3737096 -0.2588285 -0.8436901 0.3494684 -0.4075033 -0.2391219 0.09904783 -0.9659245 -0.7739563 0.3205837 -0.5460932 -0.6521213 0.2733803 -0.7071074 -0.6169902 0.255566 -0.744318 -0.2391222 0.09904778 -0.9659245 -0.2391219 0.09904766 -0.9659246 0.8314701 -0.5555695 0 0.8314701 -0.5555695 0 0.5555636 -0.8314741 0 0.5555636 -0.8314741 0 0.1950933 -0.9807847 0 0.1950933 -0.9807847 0 -0.1950933 -0.9807847 0 -0.1950933 -0.9807847 0 0.1675074 0.9858708 0 0.1675074 0.9858708 0 -0.2768332 0.960918 0 -0.2768332 0.960918 0 -0.6663455 0.7456431 0 -0.6663455 0.7456431 0 -0.9238857 0.3826685 0 -0.9238857 0.3826685 0 -0.9984273 -0.05606323 0 -0.9984273 -0.05606323 0 -0.8752188 -0.4837273 0 -0.8752188 -0.4837273 0 -0.5786732 -0.8155595 0 -0.5786732 -0.8155595 0 -0.1305271 -0.9914448 0 -0.1305271 -0.9914448 0 0.3826858 -0.9238786 0 0.3826858 -0.9238786 0 0.7933537 -0.608761 0 0.7933537 -0.608761 0 0.9914442 -0.130531 0 0.9914442 -0.130531 0 0.9238806 0.3826811 0 0.9238806 0.3826811 0 0.6087558 0.7933576 0 0.6087558 0.7933576 0 0 0 1 0 0 1 0 0 1 0 0 1 0 0 1 0 0 1 0 0 1 0 0 1 0 0 1 0 0 1 0 0 1 0 0 1 0 0 1 0 0 1 0 0 1 0 0 1 0 0 1 0 0 1 0 0 1 0 0 1 0 0 1 0 0 1 0 0 1 0 0 1 0 0 1 0 0 1 0 0 1 0 0 1 0 0 1 0 0 1 0 0 1 0 0 1 0.5555764 0.8314654 0 0.5555764 0.8314654 0 0.8314701 0.5555695 0 0.8314701 0.5555695 0 0.9807831 0.1951016 0 0.9807831 0.1951016 0 0.9807831 -0.1951016 0 0.9807831 -0.1951016 0 0.1305271 0.9914448 0 0.1305271 0.9914448 0 -0.3826817 0.9238802 0 -0.3826817 0.9238802 0 -0.7933537 0.608761 0 -0.7933537 0.608761 0 -0.9914457 0.1305196 0 -0.9914457 0.1305196 0 -0.9238809 -0.3826803 0 -0.9238809 -0.3826803 0 -0.608761 -0.7933537 0 -0.608761 -0.7933537 0 -0.1305257 -0.991445 0 -0.1305257 -0.991445 0 0.3826817 -0.9238802 0 0.3826817 -0.9238802 0 0.7933537 -0.608761 0 0.7933537 -0.608761 0 0.9914457 -0.1305196 0 0.9914457 -0.1305196 0 0.9238805 0.3826813 0 0.9238805 0.3826813 0 0.6087619 0.793353 0 0.6087619 0.793353 0 0 0 1 0 0 1 0 0 1 0 0 1 0 0 1 0 0 1 0 0 1 0 0 1 0 0 1 0 0 1 0 0 1 0 0 1 0 0 1 0 0 1 0 0 1 0 0 1 0 0 1 0 0 1 0 0 1 0 0 1 0 0 1 0 0 1 0 0 1 0 0 1 0 0 1 0 0 1 0 0 1 0 0 1 0 0 1 0 0 1 0 0 1 -0.8314701 0.5555695 0 -0.8314701 0.5555695 0 -0.5555695 0.8314701 0 -0.5555695 0.8314701 0 -0.1950908 0.9807851 0 -0.1950908 0.9807851 0 0.1950933 0.9807847 0 0.1950933 0.9807847 0 -0.3827057 -0.9238703 -1.22386e-5 -0.3826832 -0.9238797 0 -0.3826832 -0.9238796 0 -0.3826842 -0.9238793 -3.57903e-6 -0.3826737 -0.9238836 7.8036e-6 -0.1697731 0.07032227 -0.982971 -0.3999456 0.1630366 -0.9019216 -0.2391159 0.09904503 -0.9659264 -0.5605525 0.2321885 -0.7949021 -0.6536225 0.2697988 -0.7070971 -0.7315135 0.3030026 -0.6108006 -0.831312 0.3443404 -0.4362913 -0.8926612 0.3690021 -0.2588311 -0.9073064 0.3758186 -0.1885613 -0.1033965 0.5420749 -0.8339449 -0.4716059 0.6939342 -0.5440986 0.02652031 0.1833089 -0.9826976 -0.1322962 0.0987907 -0.9862748 -0.03513443 0.1841989 -0.9822609 -0.02231872 0.2452772 -0.969196 -0.05403453 0.1764818 -0.9828196 -0.8213366 0.5394949 -0.1853414 -0.8203787 0.5481585 -0.1627916 -0.54977 0.808947 -0.2082254 -0.5459706 0.8171043 -0.1850857 0.1924902 0.9676983 -0.1628113 0.2012337 0.9605733 -0.1918438 0.1676483 0.8211621 -0.5455152 0.1685931 0.8188915 -0.5486283 0.1149864 0.5504347 -0.8269219 -0.1562635 0.1026414 -0.9823678 -0.3662536 0.2405728 -0.8988788 -0.4463038 0.3182179 -0.8363912 -0.5128409 0.3368594 -0.7896329 -0.6661657 0.4375708 -0.6039496 -0.09477752 0.1595636 -0.9826274 -0.1164661 0.1713683 -0.9782988 -0.3101925 0.4564172 -0.8339449 -0.3101891 0.4564152 -0.8339472 -0.4716057 0.693925 -0.5441104 -0.6899569 0.4743493 -0.5467653 -0.7546001 0.4956591 -0.430001 0.06390047 0.1846854 -0.9807181 0.04727005 0.2063828 -0.9773289 0.1066884 0.5395606 -0.8351598 -0.1033963 0.5420755 -0.8339444 -0.1572005 0.8241544 -0.5441116 -0.1572049 0.8241591 -0.5441033 -0.1832605 0.9607578 -0.2082309 -0.1917205 0.9638411 -0.185077 0.07465916 0.1802433 -0.9807845 0.07465916 0.1802433 -0.9807845 0.2126088 0.5132834 -0.8314671 0.2126089 0.5132835 -0.8314671 0.3181889 0.7681763 -0.5555725 0.3181889 0.7681763 -0.5555726 0.37533 0.9061273 -0.1950913 0.37533 0.9061274 -0.1950912 0.9238785 -0.3826857 0 0.9238786 -0.3826858 0 0.9238671 -0.3827136 2.3051e-5 0.9238771 -0.3826895 -2.98182e-6 0.9238793 -0.3826841 -6.86056e-6 0.9238792 -0.382684 -6.94752e-6 0.2730311 0.9477022 -0.1652707 -0.555149 -0.830846 -0.03878688 0.5224059 0.7326223 -0.4362986 0.246149 0.8429353 -0.4784044 -0.5224059 -0.7326223 -0.4362986 0.808346 0.01287621 -0.5885668 0.63935 0.320395 -0.698984 0.4719025 0.2907822 -0.8323182 0.5736666 0.2377086 -0.7838375 0.4195986 0.2016866 -0.8850195 0.5301523 0.1451827 -0.8353804 0.590538 0.2573112 -0.7648894 0.8690355 -0.15 -0.4714629 0.7604697 -0.4402389 -0.4773631 0.7717977 -0.5307762 -0.3501497 0.4323607 -0.7244732 -0.5368453 0.270271 -0.4954313 -0.825531 0.2363709 -0.4645115 -0.8534388 0.2387937 -0.5760214 -0.781778 0.1333115 -0.4416211 -0.8872423 0.1357935 -0.5509388 -0.8234236 0.2255213 -0.6786337 -0.6989967 0.2838538 -0.5255701 -0.8019995 0.2984675 -0.5897185 -0.7504327 0.2248566 -0.678397 -0.6994404 0.2267582 -0.6881959 -0.6891786 -0.08369731 -0.9102206 -0.4055777 -0.1729819 -0.9006376 -0.3986592 0.05913412 -0.9242518 -0.3771761 0.06071561 -0.8254088 -0.5612609 0.1325682 -0.7647444 -0.6305487 -0.2461512 -0.8429346 -0.4784045 -0.2461589 -0.8429255 -0.4784165 -0.3392305 -0.9202826 -0.194943 -0.2730236 -0.9477062 -0.1652603 -0.4219919 -0.7700963 -0.4784083 -0.421984 -0.7701036 -0.4784035 -0.4108725 -0.8906072 -0.1949426 -0.6344986 -0.4470102 -0.63055 -0.6265881 -0.5407161 -0.5612607 -0.6953653 -0.6117291 -0.3771666 -0.6469715 -0.326283 -0.6891787 -0.6386961 -0.3206974 -0.6994429 -0.639337 -0.3203931 -0.6989968 -0.5029628 -0.2969785 -0.8116847 -0.465538 -0.2795543 -0.8397164 -0.4196106 -0.2017062 -0.8850094 -0.573763 -0.2377526 -0.7837537 -0.5905336 -0.2573022 -0.7648957 -0.5301668 -0.1452077 -0.835367 -0.6808752 -0.2405698 -0.6917623 -0.6082369 -0.09178727 -0.7884307 -0.808346 -0.01287627 -0.5885668 -0.8690354 0.1499997 -0.4714632 -0.7604694 0.440238 -0.4773642 -0.7717977 0.5307762 -0.3501497 -0.4323556 0.7244749 -0.5368471 -0.2702707 0.4954463 -0.8255221 -0.2363713 0.4645254 -0.8534312 -0.2387846 0.5760142 -0.7817862 -0.1333159 0.4416301 -0.8872371 -0.135797 0.5509359 -0.8234251 -0.2255312 0.6786345 -0.6989927 -0.283862 0.5256047 -0.8019739 -0.2984673 0.5897175 -0.7504336 -0.2248575 0.6783947 -0.6994424 -0.2267596 0.6881961 -0.6891779 0.3392221 0.9202846 -0.1949471 0.2461538 0.8429295 -0.478412 0.08370465 0.9102196 -0.4055786 0.1729801 0.9006367 -0.398662 -0.05913627 0.9242522 -0.3771747 -0.06071752 0.8254106 -0.5612581 -0.1325785 0.7647383 -0.630554 0.4219938 0.7700957 -0.4784077 0.4219869 0.7701022 -0.4784034 0.4108763 0.8906043 -0.1949476 0.6265864 0.5407162 -0.5612626 0.6953606 0.6117261 -0.3771803 0.580103 0.7130547 -0.393743 0.4770594 0.8631907 -0.1652759 0.6344968 0.4470171 -0.630547 0.6469707 0.3262901 -0.6891762 0.6386965 0.3207053 -0.6994389 0.6082369 0.09178686 -0.7884308 0.6808634 0.2405405 -0.6917842 0.4137722 -0.5186848 -0.7481701 0.6069003 -0.5950997 -0.5268098 0.4327439 -0.772536 -0.4646728 0.4327444 -0.7725324 -0.4646785 0.1162416 -0.9426788 -0.3128011 0.1162416 -0.9426785 -0.3128021 -0.2223635 -0.9686902 -0.110426 -0.1949447 -0.9800474 -0.03877711 -0.7487674 -0.5843825 -0.312801 -0.748766 -0.5843837 -0.3128022 -0.852258 -0.2402671 -0.4646806 -0.8522583 -0.2402665 -0.4646801 -0.8581679 -0.1164963 -0.4999765 -0.9146318 0.3111115 -0.2581828 0.1939087 -0.9748517 -0.1098347 0.1939113 -0.9748502 -0.1098425 0.5481264 -0.8203234 -0.163178 0.5481253 -0.8203245 -0.1631758 0.8160815 -0.5452936 -0.1914834 0.8160825 -0.5452911 -0.1914862 0.9626371 -0.1914744 -0.1914871 0.962637 -0.1914787 -0.1914831 0.9676408 0.1924697 -0.1631765 0.9676387 0.1924757 -0.1631826 0.8264352 0.5522118 -0.1098491 0.8264467 0.552199 -0.1098278 0.5551564 0.8308421 -0.0387665 0.9146344 -0.3111435 -0.2581351 0.858174 0.1165117 -0.4999623 0.8522641 0.2402656 -0.4646701 0.8522574 0.2402766 -0.4646765 0.7487719 0.5843746 -0.3128051 0.7487714 0.584375 -0.3128054 0.527733 0.8422017 -0.1104276 -0.4137613 0.5186912 -0.7481718 -0.606885 0.595112 -0.5268133 -0.4327426 0.7725333 -0.4646785 -0.4327426 0.7725338 -0.4646778 -0.1162416 0.9426788 -0.3128011 -0.1162416 0.9426785 -0.3128021 0.2223622 0.9686903 -0.1104268 -0.8264324 -0.5522153 -0.1098538 -0.8264424 -0.5522041 -0.1098349 -0.9676421 -0.1924722 -0.1631656 -0.9676387 -0.1924816 -0.1631752 -0.9626371 0.1914784 -0.1914831 -0.962637 0.1914867 -0.1914754 -0.8160848 0.5452915 -0.1914754 -0.8160873 0.5452851 -0.1914828 -0.5481236 0.820326 -0.1631742 -0.5481223 0.8203274 -0.1631714 -0.1939101 0.9748504 -0.1098431 -0.1939108 0.97485 -0.1098455 0.1949423 0.980048 -0.0387752 -0.527733 -0.8422016 -0.1104276 -0.5801196 -0.7130483 -0.3937301 -0.4770725 -0.8631861 -0.1652622 0 0 -1 0 0 -1 0 0 -1 0 0 -1 0 0 -1 0 0 -1 0 0 -1 0 0 -1 0 0 -1 0 0 -1 0 0 -1 0 0 -1 0 0 -1 0 0 -1 0 0 -1 0 0 -1 0 0 -1 0 0 -1 0 0 -1 0 0 -1 0 0 -1 0 0 -1 0 0 -1 0 0 -1 0 0 -1 -0.9238786 0.3826858 0 -0.9238785 0.3826857 0 -0.9238792 0.382684 6.94752e-6 -0.923948 0.3825181 7.58647e-5 -0.9238711 0.3827039 -7.45193e-6 -0.9238793 0.3826841 6.88374e-6 0.07465922 0.1802433 -0.9807846 0.0746594 0.1802441 -0.9807844 0.07465881 0.1802424 -0.9807847 0.2126089 0.5132834 -0.8314671 0.2126082 0.5132818 -0.8314684 0.3181916 0.7681826 -0.5555625 0.3181913 0.768182 -0.5555635 0.3753291 0.9061247 -0.1951054 0.3753289 0.9061244 -0.1951068 0.9676915 -0.1924973 -0.1628432 0.5420844 0.1033948 -0.8339388 0.6939041 0.4716111 -0.5441324 0.1833107 -0.02652257 -0.9826972 0.1842007 0.0351336 -0.9822605 0.2452809 0.02231711 -0.9691951 0.176478 0.05403667 -0.9828202 0.8171126 0.5459761 -0.1850327 0.8089293 0.5497878 -0.2082468 0.5481631 0.8203708 -0.1628156 0.09879082 0.1323003 -0.9862743 0.1044746 0.1677838 -0.9802722 0.3060904 0.4569656 -0.8351594 0.3079114 0.4705175 -0.8269243 0.4598436 0.6982609 -0.5486124 0.9622654 -0.1992723 -0.1852992 0.8840332 -0.1830715 -0.4300817 0.8232976 -0.1524534 -0.5467533 0.7804578 -0.1616394 -0.6039523 0.6008294 -0.1244368 -0.7896326 0.1595635 0.09477329 -0.9826278 0.1713733 0.1164708 -0.9782973 0.4564223 0.3101992 -0.8339396 0.4564209 0.3101968 -0.8339412 0.693925 0.4716114 -0.5441055 0.462108 0.6991944 -0.5455122 0.5369353 0.8215158 -0.1918653 0.2450067 -0.08475977 -0.9658092 0.2463052 -0.08350163 -0.9655886 0.5406025 -0.09057152 -0.8363886 0.542073 0.1033977 -0.833946 0.8241624 0.1572049 -0.5440984 0.8241411 0.1571844 -0.5441365 0.9607531 0.1832398 -0.2082707 0.9638485 0.1917329 -0.1850259 0.2391221 -0.09904724 -0.9659245 0.2391222 -0.09904724 -0.9659245 0.5605518 -0.2321872 -0.794903 0.65151 -0.2748448 -0.7071034 0.9073131 -0.37582 -0.1885265 0.8909913 -0.3730344 -0.2588045 0.8312787 -0.3443256 -0.4363664 0.7315142 -0.3030019 -0.6108002 -0.3826832 -0.9238796 0 -0.3826881 -0.9238775 8.85713e-6 -0.3826799 -0.923881 -6.46425e-6 -0.3826822 -0.9238801 -4.08428e-6 -0.3826832 -0.9238797 0 0.9477105 -0.2730078 -0.1652623 -0.8308415 0.555157 -0.0387696 0.7326265 -0.5223861 -0.4363153 0.8429349 -0.2461395 -0.4784101 -0.7326267 0.5223855 -0.436316 0.01287484 -0.8083463 -0.5885665 0.2795651 -0.4655376 -0.8397132 0.296982 -0.5029447 -0.8116948 0.3203993 -0.6393312 -0.6989992 0.2376986 -0.5736286 -0.7838684 0.2016834 -0.4195923 -0.8850232 0.1451819 -0.5301515 -0.8353812 0.2574304 -0.5905982 -0.7648028 -0.150004 -0.8690373 -0.4714583 -0.4402436 -0.7604713 -0.4773564 -0.5307705 -0.7717981 -0.3501576 -0.7244614 -0.4323772 -0.536848 -0.4954726 -0.2702808 -0.825503 -0.4645364 -0.2363653 -0.8534268 -0.5760891 -0.2388619 -0.7817073 -0.4416518 -0.1333435 -0.8872222 -0.5509395 -0.1358311 -0.823417 -0.6786539 -0.2255853 -0.6989565 -0.52556 -0.28384 -0.802011 -0.589724 -0.298456 -0.750433 -0.6783928 -0.2248518 -0.6994462 -0.6881985 -0.2267546 -0.6891771 -0.9102259 0.08368474 -0.4055684 -0.9006481 0.1729388 -0.3986541 -0.9242535 -0.05914855 -0.3771698 -0.8254179 -0.06072849 -0.5612462 -0.7646748 -0.1326641 -0.630613 -0.8429235 0.246175 -0.4784119 -0.8429157 0.2461816 -0.4784221 -0.9202709 0.3392515 -0.1949617 -0.9477106 0.2730077 -0.1652621 -0.7700961 0.4219768 -0.4784221 -0.7701114 0.4219604 -0.4784117 -0.8906148 0.4108473 -0.1949611 -0.446947 0.6345062 -0.6305873 -0.5407181 0.6265943 -0.5612518 -0.6117229 0.6953642 -0.3771789 -0.32629 0.646969 -0.6891778 -0.320703 0.6386917 -0.6994444 -0.3203832 0.6393653 -0.6989754 -0.2969477 0.5028707 -0.811753 -0.2795651 0.4655376 -0.8397131 -0.2017025 0.419604 -0.8850133 -0.2377352 0.5737068 -0.7838001 -0.2572911 0.5905282 -0.7649038 -0.1451964 0.5301588 -0.835374 -0.2405603 0.6808723 -0.6917686 -0.09178102 0.6082339 -0.7884338 -0.01287335 0.8083463 -0.5885666 0.1500041 0.8690373 -0.4714583 0.4402436 0.7604713 -0.4773564 0.5307706 0.7717981 -0.3501573 0.7244616 0.4323771 -0.5368478 0.4953777 0.2702381 -0.825574 0.4644814 0.2363637 -0.8534572 0.5760882 0.2388615 -0.7817081 0.4415872 0.1332949 -0.8872616 0.5509184 0.1357728 -0.8234408 0.6786267 0.2255087 -0.6990076 0.5256924 0.2838997 -0.8019031 0.5897084 0.2984842 -0.7504341 0.6783981 0.2248666 -0.6994363 0.6881879 0.2267665 -0.6891839 0.9202947 -0.3391997 -0.1949388 0.8429402 -0.2461349 -0.478403 0.9102259 -0.0836848 -0.4055684 0.9006482 -0.1729382 -0.3986542 0.9242537 0.05911433 -0.3771744 0.8254154 0.06069785 -0.5612533 0.7647756 0.1325259 -0.6305198 0.7700867 -0.4220073 -0.4784103 0.770088 -0.4220058 -0.4784093 0.8905957 -0.4108989 -0.194939 0.5407313 -0.6265789 -0.5612562 0.6117391 -0.6953481 -0.377182 0.7130517 -0.5801061 -0.3937438 0.8631914 -0.4770576 -0.1652769 0.4470453 -0.6344909 -0.630533 0.3262822 -0.6469694 -0.6891811 0.3206997 -0.6386985 -0.6994397 0.09178733 -0.6082375 -0.7884303 0.2405371 -0.6808626 -0.6917861 -0.5186999 -0.413749 -0.7481726 -0.5951217 -0.6068735 -0.5268157 -0.772536 -0.4327324 -0.4646834 -0.7725272 -0.4327336 -0.4646971 -0.9426722 -0.1162283 -0.3128257 -0.9426794 -0.1162292 -0.3128038 -0.9686899 0.2223576 -0.1104393 -0.9800485 0.1949376 -0.0387873 -0.5843716 0.7487754 -0.312802 -0.5843764 0.7487701 -0.3128063 -0.2402722 0.8522585 -0.4646769 -0.2402674 0.8522614 -0.4646741 -0.1164938 0.8581704 -0.4999728 0.3111201 0.9146323 -0.2581706 -0.9748511 -0.1939038 -0.1098493 -0.9748529 -0.1939002 -0.1098387 -0.8203229 -0.5481286 -0.163173 -0.8203258 -0.5481259 -0.1631672 -0.5452886 -0.8160864 -0.1914767 -0.5452865 -0.8160873 -0.1914791 -0.1914814 -0.962637 -0.1914806 -0.1914829 -0.962637 -0.1914793 0.1924765 -0.9676398 -0.1631743 0.1924754 -0.9676403 -0.1631733 0.5522065 -0.8264397 -0.1098421 0.5522032 -0.8264427 -0.1098368 0.8308415 -0.555157 -0.0387696 -0.311099 -0.9146306 -0.258202 0.1165028 -0.8581705 -0.4999706 0.2402674 -0.8522614 -0.4646741 0.2402634 -0.8522638 -0.4646719 0.5843745 -0.7487794 -0.3127874 0.5843836 -0.748769 -0.3127955 0.8421998 -0.5277372 -0.110422 0.5187 0.4137488 -0.7481725 0.595122 0.6068733 -0.5268156 0.7725243 0.432747 -0.4646894 0.7725348 0.4327456 -0.4646734 0.9426842 0.1162298 -0.3127894 0.9426794 0.1162292 -0.312804 0.96869 -0.2223575 -0.1104391 -0.5522034 0.8264426 -0.1098368 -0.5522065 0.8264397 -0.109842 -0.1924756 0.9676403 -0.1631731 -0.1924766 0.9676398 -0.1631743 0.191483 0.962637 -0.1914792 0.1914815 0.962637 -0.1914805 0.5452867 0.8160872 -0.191479 0.5452886 0.8160864 -0.1914767 0.8203257 0.5481261 -0.1631672 0.8203229 0.5481286 -0.1631729 0.9748529 0.1939003 -0.1098387 0.9748511 0.1939038 -0.1098493 0.9800485 -0.1949375 -0.0387873 -0.8421998 0.5277373 -0.1104217 -0.7130514 0.5801064 -0.3937438 -0.8631915 0.4770578 -0.1652767 0 0 -1 0 0 -1 0 0 -1 0 0 -1 0 0 -1 0 0 -1 0 0 -1 0 0 -1 0 0 -1 0 0 -1 0 0 -1 0 0 -1 0 0 -1 0 0 -1 0 0 -1 0 0 -1 0 0 -1 0 0 -1 0 0 -1 0 0 -1 0 0 -1 0 0 -1 0 0 -1 0 0 -1 0 0 -1 0.3826861 0.9238785 0 0.3826861 0.9238784 0 0.3826861 0.9238784 0 0.3826398 0.9238976 3.18584e-5 0.3826373 0.9238987 3.30371e-5 0.3826925 0.9238758 -6.95351e-6 0.1802483 -0.07466119 -0.9807835 0.1802486 -0.07466149 -0.9807835 0.1802505 -0.07466208 -0.9807831 0.5132592 -0.2125987 -0.8314847 0.5132899 -0.2126119 -0.8314625 0.7025418 -0.2910026 -0.6494247 0.7683559 -0.3177547 -0.5555729 0.8060698 -0.3338854 -0.4886432 0.9061368 -0.3753346 -0.1950388 0.9061245 -0.3753287 -0.1951068 0.1652713 -0.1104358 -0.9800456 0.08856964 -0.1325497 -0.9872112 0.03110069 -0.1563568 -0.9872109 -0.031102 -0.1563571 -0.9872107 0.1443309 -0.07664191 -0.986557 0.4591198 -0.3310369 -0.8243928 0.4066764 -0.2303372 -0.8840584 0.6255538 -0.4467679 -0.6395944 0.5936214 -0.3966276 -0.7002144 0.7287724 -0.4869287 -0.4814469 0.739059 -0.5034043 -0.4476335 0.8218074 -0.5364838 -0.1918796 0.8216185 -0.5489869 -0.1534813 0.08857023 -0.1325522 -0.9872109 0.2561261 -0.3833123 -0.8873956 0.256133 -0.3833406 -0.8873814 0.396631 -0.5936164 -0.7002167 0.3966295 -0.5936084 -0.7002243 0.4969659 -0.7437751 -0.4470162 0.4969658 -0.7437701 -0.4470248 0.5489828 -0.82162 -0.1534876 0.5489814 -0.8216229 -0.1534773 0.03110069 -0.1563571 -0.9872108 0.08994036 -0.4521707 -0.8873851 0.08994179 -0.4521617 -0.8873896 0.1392821 -0.7002089 -0.70022 0.1392809 -0.7002146 -0.7002146 0.1745123 -0.8773354 -0.4470214 0.1745114 -0.8773381 -0.4470165 0.1927763 -0.9691631 -0.1534926 0.1927808 -0.9691593 -0.1535115 -0.05163592 -0.1897144 -0.9804806 -0.07992964 -0.4525492 -0.88815 -0.1271818 -0.546147 -0.8279784 -0.1277151 -0.7013162 -0.7013162 -0.1495509 -0.7518452 -0.6421553 -0.1745128 -0.8773378 -0.4470164 -0.160793 -0.8621264 -0.4805036 -0.205663 -0.9665727 -0.1531018 -0.1914831 -0.9626352 -0.1914879 -0.0746591 -0.1802433 -0.9807845 -0.07465994 -0.180243 -0.9807845 -0.0746597 -0.1802445 -0.9807843 -0.2126088 -0.5132834 -0.8314671 -0.2126089 -0.5132835 -0.8314671 -0.2909884 -0.7025086 -0.6494671 -0.3204938 -0.767226 -0.5555609 -0.3338963 -0.8060975 -0.4885898 -0.375329 -0.9061248 -0.1951054 -0.375329 -0.9061248 -0.1951051 -0.9238785 0.3826857 0 -0.9238786 0.3826858 0 -0.9238474 0.382761 9.97028e-5 -0.9239063 0.3826186 -5.42045e-5 -0.9238793 0.3826841 -6.86056e-6 -0.9238792 0.382684 -6.94752e-6 -0.273039 -0.9476993 -0.1652742 0.5551494 0.8308467 -0.03876835 -0.5224513 -0.7326026 -0.4362776 -0.246149 -0.8429353 -0.4784044 0.5224513 0.7326026 -0.4362776 -0.808342 -0.01284605 -0.588573 -0.639337 -0.3203931 -0.6989968 -0.4719025 -0.2907822 -0.8323182 -0.5735664 -0.2377092 -0.7839106 -0.4196106 -0.2017062 -0.8850094 -0.5301668 -0.1452076 -0.835367 -0.5905336 -0.2573023 -0.7648959 -0.8690355 0.15 -0.4714629 -0.7604631 0.4402513 -0.4773623 -0.7717898 0.5307731 -0.3501721 -0.4323713 0.7244634 -0.53685 -0.2702634 0.495455 -0.8255193 -0.2363528 0.4645217 -0.8534383 -0.2387803 0.5759921 -0.7818037 -0.1333259 0.4416326 -0.8872343 -0.135808 0.5509524 -0.8234122 -0.225534 0.6786382 -0.6989883 -0.283859 0.5256244 -0.801962 -0.2984604 0.5897225 -0.7504324 -0.2248542 0.6783962 -0.6994421 -0.2267556 0.6881946 -0.6891807 0.08370333 0.9102196 -0.4055787 0.173001 0.9006336 -0.3986601 -0.05913305 0.9242517 -0.3771762 -0.06071448 0.8254088 -0.5612612 -0.1325658 0.7647442 -0.6305494 0.2461512 0.8429346 -0.4784045 0.246154 0.8429313 -0.4784089 0.3392199 0.9202864 -0.1949429 0.2730374 0.9477006 -0.1652703 0.4219835 0.7700989 -0.4784116 0.4219716 0.77011 -0.4784041 0.41086 0.8906129 -0.1949427 0.63449 0.4470177 -0.6305535 0.6265791 0.5407236 -0.5612633 0.6953563 0.6117383 -0.3771684 0.6469635 0.3262853 -0.689185 0.6386895 0.3207006 -0.6994475 0.639337 0.3203931 -0.6989968 0.5030487 0.2969954 -0.8116254 0.4655215 0.2795252 -0.8397354 0.4196106 0.2017062 -0.8850094 0.5735664 0.2377092 -0.7839106 0.590538 0.2573112 -0.7648895 0.5301668 0.1452077 -0.835367 0.6808752 0.2405698 -0.6917623 0.6082258 0.09176731 -0.7884415 0.808342 0.01284611 -0.588573 0.8690483 -0.1500272 -0.4714308 0.7604815 -0.4402503 -0.4773338 0.7718054 -0.5307589 -0.3501594 0.4323661 -0.7244651 -0.5368518 0.2702669 -0.4954581 -0.8255162 0.2363528 -0.4645217 -0.8534383 0.2387712 -0.5759848 -0.7818118 0.133323 -0.4416319 -0.8872352 0.1358042 -0.5509468 -0.8234165 0.225534 -0.6786382 -0.6989883 0.2838566 -0.5256139 -0.8019697 0.2984602 -0.5897215 -0.7504333 0.2248532 -0.6783959 -0.6994427 0.2267551 -0.6881964 -0.6891791 -0.3392127 -0.9202891 -0.1949429 -0.246149 -0.8429352 -0.4784045 -0.08370828 -0.9102193 -0.4055784 -0.173001 -0.9006336 -0.3986601 0.05913519 -0.9242517 -0.377176 0.06071639 -0.8254106 -0.5612584 0.1325762 -0.7647381 -0.6305547 -0.4219854 -0.7700983 -0.4784109 -0.4219745 -0.7701085 -0.4784039 -0.4108634 -0.8906114 -0.1949427 -0.6265774 -0.5407237 -0.5612652 -0.6953549 -0.6117389 -0.3771699 -0.5801352 -0.7130355 -0.3937301 -0.4770808 -0.8631832 -0.1652536 -0.6344882 -0.4470245 -0.6305505 -0.6469631 -0.326285 -0.6891857 -0.6386895 -0.3207006 -0.6994475 -0.6082258 -0.09176689 -0.7884417 -0.6808757 -0.2405701 -0.6917618 -0.4137722 0.5186848 -0.7481701 -0.6068957 0.5950983 -0.5268164 -0.4327405 0.7725352 -0.4646776 -0.4327403 0.7725356 -0.4646767 -0.1162404 0.9426792 -0.3128004 -0.1162402 0.9426776 -0.3128055 0.2223609 0.9686916 -0.1104192 0.1949447 0.9800474 -0.03877711 0.7487491 0.5843982 -0.3128152 0.7487857 0.5843666 -0.3127869 0.8522738 0.2402576 -0.4646564 0.8522562 0.2402869 -0.4646736 0.8581676 0.1164659 -0.499984 0.9146292 -0.3110795 -0.2582303 -0.1939111 0.9748511 -0.1098351 -0.1939124 0.9748503 -0.1098392 -0.5481216 0.8203286 -0.1631677 -0.5481217 0.8203286 -0.1631678 -0.8160833 0.5452948 -0.1914725 -0.8160846 0.5452916 -0.1914762 -0.9626393 0.1914749 -0.1914753 -0.9626393 0.1914802 -0.1914703 -0.967643 -0.1924701 -0.1631636 -0.9676421 -0.1924726 -0.163166 -0.8264366 -0.5522127 -0.1098344 -0.8264411 -0.5522078 -0.1098261 -0.5551506 -0.830846 -0.03876519 -0.9146292 0.3110796 -0.2582304 -0.8581677 -0.1164659 -0.499984 -0.8522583 -0.2402669 -0.4646801 -0.8522586 -0.2402665 -0.4646798 -0.7487679 -0.5843821 -0.3128007 -0.7487492 -0.5843983 -0.3128152 -0.5277219 -0.842207 -0.1104401 0.4137759 -0.5186813 -0.7481706 0.6068992 -0.5950939 -0.5268175 0.4327386 -0.7725366 -0.4646768 0.4327386 -0.7725371 -0.464676 0.1162416 -0.9426788 -0.3128011 0.1162415 -0.9426771 -0.3128063 -0.2223596 -0.9686917 -0.11042 0.8264507 0.5521922 -0.1098313 0.8264341 0.5522109 -0.1098626 0.967631 0.1925023 -0.1631962 0.967643 0.1924701 -0.1631636 0.9626345 -0.1915035 -0.1914713 0.9626349 -0.191474 -0.1914986 0.8160918 -0.5452736 -0.1914961 0.8160835 -0.5452948 -0.1914715 0.5481199 -0.82033 -0.1631662 0.5481223 -0.8203274 -0.1631714 0.1939125 -0.9748499 -0.1098436 0.193911 -0.9748507 -0.1098391 -0.1949446 -0.9800472 -0.03878122 0.527722 0.842207 -0.1104401 0.5801374 0.7130348 -0.3937284 0.4770832 0.8631823 -0.1652511 0 0 -1 0 0 -1 0 0 -1 0 0 -1 0 0 -1 0 0 -1 0 0 -1 0 0 -1 0 0 -1 0 0 -1 0 0 -1 0 0 -1 0 0 -1 0 0 -1 0 0 -1 0 0 -1 0 0 -1 0 0 -1 0 0 -1 0 0 -1 0 0 -1 0 0 -1 0 0 -1 0 0 -1 0 0 -1 0.9238747 -0.3826953 -1.888e-5 0.92388 -0.3826823 0 0.92388 -0.3826823 0 0.9238792 -0.382684 -6.8212e-6 0.9238747 -0.3826951 -1.883e-5 -0.3696451 -0.8924024 -0.2588058 -0.3766546 -0.9129012 -0.1572981 -0.3494665 -0.8436866 -0.4075121 -0.2705968 -0.6532784 -0.7071102 -0.3180654 -0.7749934 -0.546095 -0.2555652 -0.6169888 -0.7443193 -0.09904772 -0.2391224 -0.9659245 -0.09904652 -0.2391195 -0.9659253 -0.5489135 -0.8215065 -0.1543406 -0.9690327 0.1927515 -0.1543458 -0.1469433 -0.04499328 -0.9881211 -0.1137507 -0.1026167 -0.9881956 -0.157258 -0.09340399 -0.9831305 -0.2134652 -0.02109515 -0.9767228 -0.1529579 0.02090311 -0.9880116 -0.2435721 0.08614879 -0.9660492 -0.2450067 0.08475977 -0.9658092 -0.9690362 0.1927624 -0.1543095 -0.8984997 0.1787312 -0.4009408 -0.8776922 0.1645025 -0.4501057 -0.4471814 0.0777561 -0.8910571 -0.6949965 0.1593974 -0.7011221 -0.6620095 0.1316822 -0.7378369 -0.8263314 0.164368 -0.5386647 -0.1529225 -0.03041732 -0.98777 -0.4467595 -0.08886349 -0.8902299 -0.4467648 -0.08886265 -0.8902272 -0.6972125 -0.1386773 -0.7033231 -0.6971948 -0.1386809 -0.7033398 -0.8762084 -0.174289 -0.449313 -0.8761947 -0.1742942 -0.4493378 -0.9690306 -0.1927613 -0.1543461 -0.9690381 -0.1927526 -0.1543098 -0.1296394 -0.08662098 -0.9877705 -0.3787565 -0.2530733 -0.8902232 -0.3787438 -0.2530702 -0.8902295 -0.5910618 -0.3949375 -0.7033281 -0.5910652 -0.3949381 -0.7033248 -0.7428072 -0.4963291 -0.4493271 -0.7428145 -0.4963293 -0.4493148 -0.8215087 -0.5489108 -0.154339 -0.8215063 -0.5489119 -0.154347 -0.08662456 -0.129646 -0.9877693 -0.1119515 -0.2337504 -0.96583 -0.2612226 -0.3711939 -0.8910544 -0.3612081 -0.568329 -0.7392773 -0.3949366 -0.5910624 -0.7033279 -0.4680776 -0.7005252 -0.5386723 -0.5043074 -0.7369449 -0.4500959 -0.5089581 -0.7617135 -0.4009418 -0.5489106 -0.8215067 -0.1543502 -0.9807855 0.1950893 0 -0.9807855 0.1950893 0 -0.9807855 -0.1950893 0 -0.9807855 -0.1950893 0 -0.8314701 -0.5555695 0 -0.8314701 -0.5555695 0 -0.5555706 -0.8314694 0 -0.5555706 -0.8314694 0 0.167506 0.985871 0 0.167506 0.985871 0 -0.276834 0.9609178 0 -0.276834 0.9609178 0 -0.6663455 0.7456431 0 -0.6663455 0.7456431 0 -0.923881 0.3826799 0 -0.923881 0.3826799 0 -0.9984265 -0.05607664 0 -0.9984265 -0.05607664 0 -0.8752245 -0.483717 0 -0.8752245 -0.483717 0 -0.5786738 -0.8155592 0 -0.5786738 -0.8155592 0 -0.1305249 -0.9914451 0 -0.1305249 -0.9914451 0 0.3826858 -0.9238786 0 0.3826858 -0.9238786 0 0.7933534 -0.6087613 0 0.7933534 -0.6087613 0 0.9914442 -0.1305308 0 0.9914442 -0.1305308 0 0.9238806 0.3826811 0 0.9238806 0.3826811 0 0.608761 0.7933537 0 0.608761 0.7933537 0 0 0 1 0 0 1 0 0 1 0 0 1 0 0 1 0 0 1 0 0 1 0 0 1 0 0 1 0 0 1 0 0 1 0 0 1 0 0 1 0 0 1 0 0 1 0 0 1 0 0 1 0 0 1 0 0 1 0 0 1 0 0 1 0 0 1 0 0 1 0 0 1 0 0 1 0 0 1 0 0 1 0 0 1 0 0 1 0 0 1 0 0 1 0 0 1 0.2606005 0.8590751 0.4405419 -0.8521426 0.4554786 0.2576668 -0.2292866 0.122557 0.9656125 -0.5385292 0.2878516 0.7919139 -0.8521425 0.4554803 0.2576643 -0.7469137 0.6129677 0.2576637 -0.7469095 0.6129809 0.2576444 -0.6129736 0.7469149 0.257646 -0.6129763 0.7469102 0.2576536 -0.4554811 0.8521453 0.2576538 -0.4554766 0.8521506 0.2576442 -0.2804822 0.9246339 0.2576469 -0.2804867 0.9246303 0.2576549 -0.09470736 0.9615843 0.2576551 -0.09470731 0.9615843 0.257655 0.09470736 0.9615844 0.257655 0.09470731 0.9615843 0.257655 0.2804816 0.9246318 0.257655 0.3243803 0.9256512 0.1948007 0.2057594 0.6782902 0.7053974 0.06947571 0.7053986 0.7053978 0.06947529 0.7053982 0.7053982 -0.06947571 0.7053982 0.7053982 -0.06947535 0.7053986 0.7053977 -0.2057536 0.6782917 0.7053976 -0.2057573 0.6782835 0.7054045 -0.3341277 0.625108 0.7054067 -0.3341259 0.6251159 0.7054005 -0.4496666 0.5479135 0.7054011 -0.4496666 0.5479177 0.7053979 -0.5479207 0.4496632 0.7053977 -0.5479227 0.4496745 0.705389 -0.6453236 0.2993069 0.702832 -0.700921 0.3746507 0.6069157 0.3025006 0.7334035 0.6087797 0.1772488 0.5843219 0.7919286 0.1289032 0.4249448 0.8959943 -0.2292872 0.1225579 0.9656123 -0.2009733 0.1649331 0.9656121 -0.2009735 0.1649336 0.965612 -0.1649356 0.2009721 0.965612 -0.1649368 0.2009791 0.9656103 -0.1225599 0.2292931 0.9656105 -0.1225599 0.2292928 0.9656106 -0.07547032 0.2487969 0.9656108 -0.07547074 0.2487949 0.9656114 -0.02548342 0.2587378 0.9656114 -0.02548354 0.2587376 0.9656115 0.02548342 0.2587376 0.9656114 0.02548354 0.2587378 0.9656114 0.1031385 0.2429958 0.9645286 0.05689096 0.1875452 0.9806071 -0.1802271 0.07464766 0.9807884 -0.9095879 0.3668593 0.1951001 -0.8923967 0.3696412 0.2588307 -0.828603 0.3432173 0.4422884 -0.7329604 0.3036009 0.6087657 -0.7329604 0.3036009 0.6087656 -0.5624216 0.2329617 0.793354 -0.5624431 0.232973 0.7933356 -0.4086855 0.1692841 0.8968383 -0.2417505 0.09266906 0.9659033 -0.1802228 0.0746507 0.980789 -0.5300552 0.3060191 0.7908184 -0.385746 0.2227043 0.8953228 -0.7780109 0.4491888 0.4392363 -0.6892393 0.397936 0.6054719 -0.8496526 0.4905586 0.1935012 0.06752675 0.2520126 0.9653651 0 0.2609032 0.965365 0 0.2609032 0.965365 -0.06752747 0.2520125 0.965365 -0.06752699 0.2520135 0.9653649 -0.1304524 0.2259483 0.9653649 -0.1304513 0.2259532 0.9653639 -0.1844878 0.1844908 0.9653639 -0.1844875 0.1844838 0.9653653 -0.2008758 0.1633607 0.9658997 -0.1703413 0.09834676 0.9804651 -0.5874787 0.3947976 0.706402 -0.5021439 0.502152 0.7040561 -0.5021443 0.5021337 0.7040688 -0.3550688 0.6149921 0.7040674 -0.355067 0.6149984 0.7040628 -0.1837995 0.6859394 0.7040631 -0.1837975 0.6859427 0.7040604 0 0.7101395 0.704061 0 0.7101395 0.704061 0.06752765 0.2520132 0.9653648 0.1584154 0.5912062 0.7908096 0.1362472 0.6945691 0.7064068 0.2059838 0.768743 0.605479 0.2325175 0.8677684 0.4392193 -0.819633 0.5116565 0.2577 -0.6834092 0.6833947 0.256756 -0.6834061 0.6834015 0.256746 -0.4832367 0.8369963 0.2567479 -0.4832341 0.8369995 0.2567424 -0.2501428 0.933547 0.2567464 -0.2501437 0.9335463 0.256748 0 0.9664773 0.2567518 0 0.9664773 0.2567518 0.2177779 0.9413644 0.2576935 0.2539289 0.9476729 0.1934845 0.3753302 0.9061273 0.1950913 0.3446668 0.8280162 0.4422601 0.3028753 0.7332521 0.6087757 0.3703675 0.8921011 0.2588118 0.09904974 0.2391185 0.9659252 0.0990464 0.2391198 0.9659252 0.09904718 0.2391209 0.9659248 0.3035989 0.7329527 0.608776 0.2329679 0.5624346 0.7933431 0.2329675 0.5624335 0.793344 0.09904623 0.2391189 0.9659255 0.09904712 0.2391211 0.9659248 0.099047 0.2391207 0.965925 0.09904646 0.239117 0.9659259 0.09904867 0.239116 0.9659259 0.3423499 0.5123524 0.787586 0.1464125 0.2191249 0.964649 0.5373276 0.8041654 0.2541599 0.4438979 0.6643383 0.6013395 0.14642 0.2191285 0.9646469 0.2191336 0.1464166 0.9646464 0.2191305 0.1464164 0.9646471 0.2584792 0.05142116 0.9646472 0.2584829 0.05141985 0.9646463 0.2584829 -0.05142188 0.9646462 0.25848 -0.05141931 0.9646471 0.4213557 0.5728765 0.7030447 0.5936062 0.3966299 0.7002261 0.5936139 0.3966298 0.7002195 0.7002069 0.1392918 0.7002201 0.7002063 0.1392921 0.7002206 0.7002064 -0.1392917 0.7002207 0.7002071 -0.1392924 0.7002198 0.5373345 0.8041648 0.254147 0.8041779 0.5373204 0.2541349 0.804167 0.537326 0.2541581 0.9485759 0.1887003 0.2541573 0.94858 0.1886956 0.2541458 0.9485788 -0.1887012 0.2541455 0.9485769 -0.188695 0.2541576 0.892404 -0.3696406 0.2588073 0.8924042 -0.3696405 0.2588059 0.6532796 -0.2705933 0.7071103 0.6532793 -0.2705932 0.7071106 0.2391225 -0.09904634 0.9659246 0.2391225 -0.09904634 0.9659246 0.3746408 0.7009133 0.6069307 0.4554734 0.8521513 0.2576472 0.1225528 0.2292885 0.9656126 0.2878385 0.5385277 0.7919198 0.4554778 0.8521509 0.257641 0.6129932 0.7469022 0.257636 0.6129746 0.7469082 0.2576632 0.746904 0.6129789 0.2576652 0.7469058 0.6129779 0.2576623 0.8521437 0.4554786 0.2576635 0.8521543 0.4554696 0.2576442 0.9246317 0.2804929 0.2576429 0.924628 0.2804976 0.2576513 0.961585 0.09470939 0.2576518 0.9615916 0.09469658 0.2576318 0.9615904 -0.09471005 0.2576315 0.9615864 -0.0946961 0.2576516 0.9246295 -0.2804918 0.257652 0.9246301 -0.2804986 0.2576426 0.2992913 0.6453105 0.7028506 0.4496586 0.5479081 0.7054104 0.4496619 0.5479087 0.7054079 0.5479066 0.4496613 0.7054098 0.5479182 0.449661 0.7054011 0.6251186 0.3341208 0.7054006 0.6251163 0.3341214 0.7054024 0.6782827 0.2057657 0.7054027 0.6782808 0.2057666 0.7054044 0.7053925 0.06946635 0.7054047 0.7053914 0.06946712 0.7054057 0.7053915 -0.06946623 0.7054058 0.7053924 -0.06946724 0.7054048 0.6782811 -0.2057654 0.7054044 0.6782822 -0.2057672 0.7054028 0.1225633 0.229295 0.9656097 0.1649425 0.2009807 0.965609 0.1649363 0.2009784 0.9656106 0.2009782 0.1649372 0.9656105 0.2009716 0.1649361 0.965612 0.2292898 0.1225542 0.9656121 0.2292945 0.122554 0.9656109 0.248795 0.07547569 0.9656109 0.2487917 0.07547646 0.9656117 0.2587365 0.02548044 0.9656118 0.2587413 0.02547824 0.9656106 0.2587413 -0.02548092 0.9656105 0.258737 -0.02547782 0.9656118 0.2487921 -0.07547485 0.9656118 0.2487943 -0.07547724 0.9656111 0.3696445 0.8924009 0.2588119 0.09904623 0.239117 0.965926 0.3668631 0.909587 0.1950969 0.3099656 0.7302932 0.6087638 0.3181913 0.7681821 0.5555633 0.2329679 0.5624345 0.7933431 0.2168738 0.5115219 0.8314512 0.08661359 0.2284917 0.9696853 0.07465237 0.1802276 0.980788 0.9476772 0.2539536 0.1934306 0.1652532 0.1104159 0.9800509 0.165259 0.1104168 0.9800498 0.4681738 0.3128076 0.8264168 0.4681318 0.3128012 0.826443 0.6954393 0.4646859 0.5481161 0.6954314 0.4646858 0.5481263 0.1104177 0.1652541 0.9800505 0.1104168 0.1652536 0.9800508 0.3128039 0.468153 0.82643 0.3128161 0.4681603 0.8264212 0.4646831 0.6954444 0.548112 0.4646778 0.6954421 0.5481194 0.5452863 0.8160818 0.1915027 0.5452968 0.8160811 0.1914763 0.8160848 0.5453062 0.1914333 0.8062385 0.4654751 0.3651196 0.7374491 0.6467359 0.1946832 0.9787686 0.06413787 0.1946751 0.9316774 0.1853193 0.3124643 0.8203135 0.163168 0.5481442 0.8203266 0.1631628 0.5481261 0.5522198 0.1098364 0.8264317 0.5521962 0.1098423 0.8264467 0.194941 0.03877747 0.9800482 0.1949328 0.03877937 0.9800497 0.1949409 -0.03878104 0.980048 0.1949341 -0.03877604 0.9800496 0.5522191 -0.1098468 0.8264307 0.5521996 -0.1098324 0.8264458 0.8203146 -0.1631604 0.5481448 0.8203248 -0.1631703 0.5481266 0.9626403 -0.1914781 0.1914672 0.9626454 -0.1914936 0.1914261 0.9061371 -0.3753337 0.1950389 0.1802312 -0.07465451 0.9807871 0.1802273 -0.07465255 0.980788 0.8921029 -0.3703683 0.2588046 0.7683764 -0.3177049 0.5555728 0.7329378 -0.303593 0.6087968 0.5132713 -0.2126041 0.8314759 0.5627419 -0.2322477 0.7933364 0.2096201 -0.0878129 0.9738318 0.2391207 -0.0990467 0.965925 0.2390998 -0.09903895 0.965931 0.239116 -0.09904479 0.9659264 0.2391224 -0.0990467 0.9659246 0.5123527 -0.3423576 0.7875823 0.2191277 -0.1464228 0.9646468 0.8041611 -0.537335 0.2541576 0.6643254 -0.4438977 0.6013541 0.2191277 -0.1464226 0.9646468 0.1464169 -0.2191315 0.9646468 0.1464164 -0.2191233 0.9646487 0.05141544 -0.2584777 0.964648 0.05141484 -0.2584794 0.9646477 -0.0514158 -0.2584794 0.9646475 -0.05141454 -0.258478 0.964648 0.5728714 -0.4213568 0.7030482 0.3966407 -0.5936025 0.700223 0.3966404 -0.5936127 0.7002145 0.1392815 -0.7002141 0.7002149 0.1392813 -0.7002145 0.7002145 -0.1392816 -0.7002145 0.7002145 -0.1392813 -0.7002142 0.7002149 0.804162 -0.5373228 0.2541803 0.5373252 -0.8041616 0.2541767 0.5373211 -0.8041695 0.2541602 0.1886837 -0.9485768 0.2541663 0.1886849 -0.9485758 0.2541694 -0.1886835 -0.948576 0.2541694 -0.1886851 -0.9485765 0.2541664 -0.3753292 -0.9061247 0.1951054 -0.3703665 -0.8920985 0.2588223 -0.09904694 -0.2391204 0.965925 -0.09904688 -0.2391198 0.9659252 -0.09904974 -0.2391185 0.9659252 -0.07465451 -0.1802253 0.9807882 -0.07465249 -0.1802261 0.9807882 -0.2153977 -0.3889824 0.8957101 -0.09904646 -0.23912 0.9659252 -0.3432167 -0.8285987 0.4422969 -0.3036069 -0.7329721 0.6087485 -0.2715633 -0.6528805 0.7071071 -0.2329598 -0.5624151 0.7933593 -0.09904742 -0.2391216 0.9659247 -0.09904807 -0.2391232 0.9659242 0.6467215 -0.7374608 0.1946868 -0.03877329 -0.1949301 0.9800505 0.1104219 -0.1652605 0.980049 0.1104205 -0.1652517 0.9800506 0.3128085 -0.4681388 0.8264364 0.3128105 -0.4681524 0.8264278 0.4646805 -0.6954411 0.5481183 0.03877449 -0.1949286 0.9800507 0.03877413 -0.1949301 0.9800504 0.1098451 -0.5522263 0.8264262 0.1098458 -0.5522236 0.8264279 -0.03877276 -0.1949293 0.9800506 -0.08764761 -0.4406468 0.8933914 -0.09227508 -0.5532152 0.827912 -0.1202102 -0.6043456 0.7876014 -0.1558775 -0.7836596 0.6013152 0.4646806 -0.6954464 0.5481116 0.1631757 -0.820327 0.5481216 0.1631763 -0.8203254 0.5481239 -0.1481685 -0.822292 0.5494379 -0.1756249 -0.8829306 0.4354186 0.1652582 -0.1104195 0.9800496 0.1652617 -0.1104251 0.9800484 0.4681323 -0.3127981 0.8264438 0.468136 -0.3128042 0.8264395 0.6954339 -0.4646825 0.5481257 0.6954371 -0.4646899 0.5481156 0.8160843 -0.5453061 0.1914357 0.8160854 -0.5452898 0.1914772 0.4654946 -0.8062379 0.3650962 0.5452863 -0.8160818 0.1915027 0.2539285 -0.9476711 0.193494 0.1853256 -0.931675 0.3124677 0.06415706 -0.9787637 0.1946932 -0.1914793 -0.9626365 0.1914852 -0.1914783 -0.9626362 0.1914877 0.9061236 -0.375331 0.1951065 0.1802308 -0.07465541 0.9807872 0.9061385 -0.3753294 0.1950405 0.7681779 -0.3181852 0.5555726 0.7681779 -0.3181852 0.5555726 0.5133028 -0.2126139 0.8314539 0.5132703 -0.212605 0.8314763 0.1802293 -0.07465392 0.9807876 0.1802315 -0.07465451 0.980787 0.1683269 -0.10315 0.9803193 -0.1042897 -0.4343979 0.8946631 0.4777783 -0.2927874 0.8282532 -0.1860479 -0.7749438 0.6040267 0.637272 -0.74614 0.1927682 0.8366444 -0.5126957 0.1927931 0.8366445 -0.5127062 0.1927649 0.7116325 -0.4360972 0.5508161 0.453083 -0.8892376 -0.06302601 0.3755096 -0.9065511 0.1927636 0.6372702 -0.7461456 0.1927523 0.3031197 -0.932891 0.1945066 0.07698547 -0.9782178 0.1927776 0.07698643 -0.9782171 0.1927807 -0.2290676 -0.9541316 0.1927714 -0.2290682 -0.9541317 0.19277 0.711631 -0.4360948 0.55082 0.5420461 -0.6346529 0.550819 0.5420438 -0.6346421 0.5508339 0.3193978 -0.7710866 0.550827 0.319397 -0.7710947 0.5508162 0.06548327 -0.8320538 0.5508162 0.06548309 -0.8320541 0.5508157 -0.1948401 -0.8115627 0.5508207 -0.2461364 -0.8636443 0.4399267 0.4777663 -0.2927731 0.8282653 0.3639136 -0.4260815 0.8282641 0.3639241 -0.4261077 0.8282461 0.2144388 -0.5177026 0.8282513 0.2144383 -0.5176959 0.8282555 0.04396373 -0.5586205 0.8282575 0.04396426 -0.5586183 0.8282589 -0.1308106 -0.5448642 0.8282581 -0.1599166 -0.5906677 0.7909099 0.1683261 -0.1031492 0.9803196 0.1282105 -0.1501178 0.9803197 0.1282065 -0.1501095 0.9803214 0.07554626 -0.1823834 0.980321 0.0755465 -0.1823852 0.9803205 0.01548892 -0.1968055 0.9803202 0.01548892 -0.1968057 0.9803201 -0.04608595 -0.1919618 0.9803197 -0.04608476 -0.1919596 0.9803202 -0.3753311 -0.90613 0.1950773 -0.3632631 -0.8950192 0.2588059 -0.3432183 -0.8286039 0.4422858 -0.3035972 -0.7329499 0.6087802 -0.2620797 -0.6567773 0.707077 -0.2329679 -0.5624346 0.7933431 -0.1692665 -0.4086456 0.8968599 -0.09267008 -0.2417517 0.9659029 -0.07465243 -0.1802271 0.9807881 0 0 1 0 0 1 0 0 1 0 0 1 0 0 1 0 0 1 0 0 1 0 0 1 0 0 1 0 0 1 0 0 1 0 0 1 0 0 1 0 0 1 0 0 1 0 0 1 0 0 1 0 0 1 0 0 1 0 0 1 0 0 1 0 0 1 0 0 1 0 0 1 0 0 1 0 0 1 0 0 1 0 0 1 0 0 1 0 0 1 0 0 1 0 0 1 0 0 1 0 0 1 0 0 1 0 0 1 0 0 1 0 0 1 0 0 1 0 0 1 0 0 1 0 0 1 0 0 1 0 0 1 0 0 1 0 0 1 0 0 1 0 0 1 0 0 1 0 0 1 0 0 1 0 0 1 0 0 1 0 0 1 0 0 1 0 0 1 0 0 1 0 0 1 0 0 1 0 0 1 0 0 1 0 0 1 0 0 1 0 0 1 0 0 1 0 0 1 0 0 1 0 0 1 0 0 1 0 0 1 0 0 1 0 0 1 0 0 1 0 0 1 0 0 1 0 0 1 0 0 1 0 0 1 0 0 1 0 0 1 0 0 1 0 0 1 0 0 1 0 0 1 0 0 1 0 0 1 0 0 1 0 0 1 0 0 1 0 0 1 0 0 1 0 0 1 0 0 1 0 0 1 0 0 1 0 0 1 0 0 1 0 0 1 0 0 1 0 0 1 0 0 1 0 0 1 0 0 1 0 0 1 0 0 1 0 0 1 0 0 1 0 0 1 0 0 1 0 0 1 0 0 1 0 0 1 0 0 1 0 0 1 0 0 1 0 0 1 0 0 1 0 0 1 0 0 1 0 0 1 0 0 1 0 0 1 0 0 1 0 0 1 0 0 1 0 0 1 0 0 1 0 0 1 0 0 1 0 0 1 0 0 1 0 0 1 0 0 1 0 0 1 0 0 1 0 0 1 0 0 1 0 0 1 0 0 1 0 0 1 0 0 1 0 0 1 0 0 1 0 0 1 0 0 1 0 0 1 0 0 1 0 0 1 0 0 1 0 0 1 0 0 1 0 0 1 0 0 1 0 0 1 0 0 1 0 0 1 0 0 1 0 0 1 0 0 1 0 0 1 0 0 1 0 0 1 0 0 1 0 0 1 0 0 1 0 0 1 0 0 1 0 0 1 0 0 1 0 0 1 0 0 1 0 0 1 0 0 1 0 0 1 0 0 1 0 0 1 0 0 1 0 0 1 0 0 1 0 0 1 0 0 1 0 0 1 0 0 1 0 0 1 0 0 1 0 0 1 0 0 1 0 0 1 0 0 1 0 0 1 0 0 1 0 0 1 0 0 1 0 0 1 0 0 1 0 0 1 0 0 1 0 0 1 0 0 1 0 0 1 0 0 1 0 0 1 0 0 1 0 0 1 0 0 1 0 0 1 0 0 1 0 0 1 0 0 1 0 0 1 0 0 1 0 0 1 0 0 1 0 0 1 0 0 1 0 0 1 0 0 1 0 0 1 0 0 1 0 0 1 0 0 1 0 0 1 0 0 1 0 0 1 0 0 1 0 0 1 0 0 1 0 0 1 0 0 1 0 0 1 0 0 1 0 0 1 0 0 1 0 0 1 0 0 1 0 0 1 0 0 1 0 0 1 0 0 1 0 0 1 0 0 1 0 0 1 0 0 1 0 0 1 0 0 1 0 0 1 0 0 1 0 0 1 0 0 1 0 0 1 0 0 1 0 0 1 0 0 1 0 0 1 0 0 1 0 0 1 0 0 1 0 0 1 0 0 1 0 0 1 0 0 1 0 0 1 0 0 1 0 0 1 0 0 1 0 0 1 0 0 1 0 0 1 0 0 1 0 0 1 0 0 1 0 0 1 0 0 1 0 0 1 0 0 1 0 0 1 0 0 1 0 0 1 0 0 1 0 0 1 0 0 1 0 0 1 0 0 1 0 0 1 0 0 1 0 0 1 0 0 1 0 0 1 0 0 1 0 0 1 0 0 1 0 0 1 0 0 1 0 0 1 0 0 1 0 0 1 0 0 1 0 0 1 0 0 1 0 0 1 0 0 1 0 0 1 0 0 1 0 0 1 0 0 1 0 0 1 0 0 1 0 0 1 0 0 1 0 0 1 0 0 1 0 0 1 0 0 1 0 0 1 0 0 1 0 0 1 0 0 1 0 0 1 0 0 1 0 0 1 0 0 1 0 0 1 0 0 1 0 0 1 0 0 1 0 0 1 0 0 1 0 0 1 0 0 1 0 0 1 0 0 1 0 0 1 0 0 1 0 0 1 0 0 1 0 0 1 0 0 1 0 0 1 0 0 1 0 0 1 0 0 1 0 0 1 0 0 1 0 0 1 0 0 1 0 0 1 0 0 1 0 0 1 0 0 1 0 0 1 0 0 1 0 0 1 0 0 1 0 0 1 0 0 1 0 0 1 0 0 1 0 0 1 0 0 1 0 0 1 0 0 1 0 0 1 0 0 1 0 0 1 0 0 1 0 0 1 0 0 1 0 0 1 0 0 1 0 0 1 0 0 1 0 0 1 0 0 1 0 0 1 0 0 1 0 0 1 0 0 1 0 0 1 0 0 1 0 0 1 0 0 1 0 0 1 0 0 1 0 0 1 0 0 1 0 0 1 0 0 1 0 0 1 0 0 1 0 0 1 0 0 1 0 0 1 0 0 1 0 0 1 0 0 1 0 0 1 0 0 1 0 0 1 0 0 1 0 0 1 0.37533 0.9061273 0.1950913 0.37533 0.9061273 0.1950915 0.3432253 0.8286196 0.442251 0.3432229 0.8286148 0.4422618 0.3035972 0.7329499 0.6087802 0.3035988 0.7329527 0.608776 0.2329639 0.5624249 0.7933512 0.2329688 0.5624342 0.7933431 0.1692804 0.4086776 0.8968427 0.1692731 0.4086619 0.8968512 0.07465243 0.1802271 0.9807881 0.07465243 0.1802271 0.9807881 -0.5123404 0.3423305 0.7876022 -0.8041621 0.5373227 0.2541805 -0.6643489 0.4439027 0.6013244 -0.5728838 0.4213603 0.703036 -0.3966404 0.593613 0.7002142 -0.3966404 0.5936127 0.7002145 -0.1392815 0.7002141 0.7002149 -0.1392813 0.7002145 0.7002145 0.03877401 0.1949298 0.9800505 0.0234822 0.2587503 0.9656588 -0.05141484 0.2584794 0.9646477 -0.05141478 0.2584794 0.9646475 -0.1464167 0.2191276 0.9646477 -0.1464166 0.2191261 0.9646481 -0.2191273 0.1464143 0.9646482 -0.2191295 0.1464189 0.964647 0.08764719 0.4406314 0.8933991 0.1202141 0.6043557 0.787593 0.1071437 0.7030364 0.7030364 0.1558774 0.7836485 0.6013296 0.1756275 0.882939 0.4354006 -0.8041611 0.5373345 0.2541583 -0.5373273 0.8041649 0.2541617 -0.5373269 0.8041658 0.2541599 -0.1886837 0.9485768 0.2541663 -0.1886849 0.9485758 0.2541694 0.1669529 0.9523691 0.2551858 0.1914818 0.9626369 0.1914806 -0.2391221 0.0990473 0.9659246 -0.9061245 0.3753289 0.1951068 -0.8920965 0.3703656 0.2588303 -0.7683764 0.3177049 0.5555728 -0.7329607 0.3036022 0.6087646 -0.5133015 0.2126163 0.831454 -0.5627189 0.2322388 0.7933553 -0.1802251 0.07465147 0.9807885 -0.1802303 0.07465404 0.9807873 -0.1802064 0.07464319 0.9807926 -0.2096254 0.08781534 0.9738304 -0.2391066 0.09904175 0.965929 -0.2391201 0.0990467 0.9659252 -0.9476685 -0.2539326 0.1935012 -0.1652584 -0.1104194 0.9800496 -0.1652516 -0.1104183 0.9800508 -0.4681513 -0.3128107 0.8264284 -0.4681596 -0.3128119 0.8264232 -0.695433 -0.46467 0.5481375 -0.6954405 -0.4646701 0.548128 -0.1104177 -0.1652541 0.9800505 -0.1104205 -0.1652559 0.98005 -0.3128085 -0.4681508 0.8264295 -0.3128105 -0.4681521 0.8264281 -0.4646776 -0.6954363 0.5481269 -0.4646723 -0.6954339 0.5481344 -0.5452886 -0.8160851 0.1914823 -0.545291 -0.8160849 0.191476 -0.8160866 -0.5452818 0.1914952 -0.8062444 -0.4654963 0.3650798 -0.7374677 -0.6467148 0.1946828 -0.9787686 -0.06413787 0.1946751 -0.9316716 -0.1853306 0.312475 -0.8203121 -0.1631787 0.5481432 -0.8203236 -0.163174 0.5481271 -0.5522193 -0.1098443 0.8264309 -0.5522337 -0.1098407 0.8264218 -0.1949337 -0.03877282 0.9800497 -0.1949269 -0.03877443 0.9800511 -0.1949337 0.0387758 0.9800497 -0.194928 0.03877162 0.9800509 -0.5522196 0.1098378 0.8264316 -0.5522317 0.1098467 0.8264224 -0.820313 0.1631719 0.5481438 -0.820322 0.1631807 0.5481276 -0.9626379 0.1914905 0.1914668 -0.9626342 0.1914789 0.1914979 -0.3696434 -0.8923983 0.2588222 -0.3668609 -0.9095909 0.1950832 -0.3099669 -0.7303043 0.6087498 -0.3181887 -0.7681759 0.5555733 -0.2329638 -0.5624248 0.7933512 -0.2168729 -0.5115222 0.8314513 -0.09267079 -0.2417542 0.9659022 -0.07465261 -0.1802275 0.9807879 -0.3746531 -0.7009217 0.6069133 -0.4554794 -0.8521443 0.2576597 -0.1225582 -0.2292898 0.9656116 -0.2878412 -0.5385121 0.7919294 -0.4554836 -0.8521439 0.2576539 -0.6129723 -0.7469133 0.2576537 -0.6129775 -0.7469117 0.2576462 -0.7469173 -0.6129716 0.2576441 -0.7469058 -0.6129779 0.2576623 -0.8521437 -0.4554786 0.2576635 -0.8521414 -0.4554804 0.2576675 -0.9246252 -0.2804908 0.2576686 -0.9246328 -0.2804813 0.2576518 -0.961585 -0.09470939 0.2576518 -0.9615829 -0.0947135 0.2576582 -0.9615833 0.09470933 0.2576583 -0.9615845 0.09471368 0.2576521 -0.9246295 0.2804918 0.257652 -0.9246286 0.2804804 0.2576679 -0.2992964 -0.6453146 0.7028446 -0.4496645 -0.5479152 0.7054013 -0.4496562 -0.5479137 0.7054075 -0.5479066 -0.4496613 0.7054098 -0.5479182 -0.449661 0.7054011 -0.6251128 -0.3341307 0.7054012 -0.6251118 -0.3341309 0.7054019 -0.678287 -0.2057539 0.7054021 -0.6782836 -0.2057554 0.7054049 -0.7053906 -0.06947922 0.7054054 -0.7054057 -0.06946861 0.7053913 -0.7054051 0.06948065 0.7053908 -0.7053924 0.06946724 0.7054048 -0.6782842 0.2057533 0.705405 -0.6782861 0.2057564 0.7054023 -0.1225585 -0.22929 0.9656115 -0.1649343 -0.2009752 0.9656115 -0.164938 -0.2009766 0.9656106 -0.2009782 -0.1649372 0.9656105 -0.2009777 -0.1649371 0.9656105 -0.2292933 -0.1225605 0.9656105 -0.2292917 -0.1225605 0.9656108 -0.2487967 -0.07547175 0.9656108 -0.2487999 -0.07547104 0.96561 -0.2587437 -0.02548116 0.9656099 -0.258734 -0.02548545 0.9656123 -0.2587341 0.02548021 0.9656125 -0.2587426 0.02548629 0.96561 -0.2487996 0.07547271 0.96561 -0.2487971 0.0754702 0.9656108 -0.8923963 0.3696413 0.258832 -0.8923967 0.3696413 0.2588308 -0.6532909 0.2706008 0.7070971 -0.6532772 0.2705981 0.7071107 -0.2391156 0.09904557 0.9659263 -0.2391222 0.09904724 0.9659245 -0.5373254 -0.804162 0.2541748 -0.3966403 -0.5936128 0.7002145 -0.1464148 -0.2191284 0.9646478 -0.1464183 -0.21913 0.9646469 -0.2191336 -0.1464166 0.9646464 -0.219124 -0.1464161 0.9646487 -0.2584739 -0.05141508 0.964649 -0.2584758 -0.05141443 0.9646485 -0.2584758 0.05141544 0.9646484 -0.2584743 0.05141413 0.9646489 -0.3966405 -0.5936129 0.7002142 -0.5936104 -0.3966436 0.7002146 -0.5936202 -0.3966435 0.7002064 -0.700224 -0.1392843 0.7002045 -0.7002212 -0.1392855 0.700207 -0.7002214 0.1392838 0.7002071 -0.7002238 0.1392862 0.7002043 -0.5373244 -0.8041622 0.2541766 -0.8041621 -0.5373227 0.2541803 -0.804162 -0.5373228 0.2541805 -0.9485718 -0.1886866 0.2541831 -0.9485753 -0.1886824 0.2541728 -0.9485744 0.1886874 0.2541725 -0.9485726 0.1886819 0.2541835 -0.9807854 0.1950893 0 -0.9807854 0.1950893 0 -0.9807854 -0.1950893 0 -0.9807854 -0.1950893 0 -0.8314701 -0.5555695 0 -0.8314701 -0.5555695 0 -0.5555706 -0.8314694 0 -0.5555706 -0.8314694 0 -0.9238801 0.3826823 0 -0.9238801 0.3826823 0 -0.4713958 -0.8819218 0 -0.555568 -0.8314697 0.001578152 -0.6343911 -0.7730123 0 -0.7730143 -0.6343885 0 -0.8314709 -0.5555663 0.001578152 -0.881922 -0.4713953 0 -0.9569377 -0.2902931 0 -0.980783 -0.1950953 0.001578211 -0.9951846 -0.0980187 0 -0.9951846 0.09801882 0 -0.980783 0.1950953 0.001578211 -0.9569379 0.2902927 0 -0.3826834 -0.9238796 0 -0.3826834 -0.9238796 0 -0.5555706 -0.8314694 0 -0.6087642 -0.7933496 -0.001572072 -0.7518534 -0.6593303 0 -0.8660204 -0.5000088 0 -0.9238744 -0.38269 -0.002099037 -0.9807854 0.1950893 0 -0.9914432 0.1305289 -0.001571893 -0.9978598 -0.06538891 0 -0.9659244 -0.2588244 0 -0.9238799 0.3826826 0 -0.9238793 0.3826839 0 -0.9238796 0.3826835 -1.05063e-6 -0.9238796 0.3826832 2.28696e-7 -0.92388 0.3826822 0 -0.9238801 0.3826822 0 -0.9238793 0.3826839 4.91618e-6 -0.9238798 0.3826828 -1.21428e-6 -0.9238794 0.3826838 0 -0.9238795 0.3826836 0 -0.9238793 0.3826841 -1.91978e-7 -0.9238795 0.3826836 0 -0.9238795 0.3826836 0 -0.9238796 0.3826833 -1.27537e-6 -0.9238793 0.3826841 -7.14604e-6 -0.9238799 0.3826826 0 0.1950918 0.980785 0 0.1950918 0.980785 0 -0.1950918 0.980785 0 -0.1950918 0.980785 0 -0.5555706 0.8314694 0 -0.5555706 0.8314694 0 -0.8314642 0.5555783 0 -0.8314642 0.5555783 0 0.3826832 0.9238796 0 0.3826832 0.9238796 0 -0.8819218 0.4713959 0 -0.8314709 0.5555663 0.001578152 -0.7730149 0.6343879 0 -0.6343911 0.7730123 0 -0.5555684 0.8314694 0.001578152 -0.4713967 0.8819213 0 -0.2902824 0.9569411 0 -0.1950892 0.9807842 0.001578152 -0.09801673 0.9951848 0 0.09801673 0.9951848 0 0.1950892 0.9807842 0.001578152 0.2902824 0.9569411 0 -0.9238801 0.382682 0 -0.9238801 0.382682 0 -0.8660204 0.5000088 0 -0.7933499 0.6087623 -0.002098858 -0.7071092 0.7071044 0 -0.4999939 0.8660289 0 -0.3826801 0.9238786 -0.002098917 0.2588198 0.9659257 0 0.1305273 0.9914425 -0.002098977 0 1 0 -0.2588198 0.9659257 0 0.3826831 0.9238796 0 0.3826834 0.9238796 5.60336e-7 0.3826835 0.9238796 0 0.3826835 0.9238795 0 0.3826833 0.9238796 0 0.3826828 0.9238798 4.0012e-7 0.3826836 0.9238795 1.88213e-6 0.3826833 0.9238796 0 0.3826833 0.9238796 0 0.3826833 0.9238796 0 0.9807831 -0.1951016 0 0.9807831 -0.1951016 0 0.9807831 0.1951016 0 0.9807831 0.1951016 0 0.8314701 0.5555695 0 0.8314701 0.5555695 0 0.5555764 0.8314654 0 0.5555764 0.8314654 0 0.9238814 -0.3826788 0 0.9238814 -0.3826788 0 0.4713879 0.8819261 0 0.5555724 0.8314667 0.00157845 0.6344097 0.772997 0 0.773005 0.6343999 0 0.8314664 0.5555728 0.001578271 0.881922 0.4713953 0 0.9569377 0.2902931 0 0.980783 0.1950953 0.001578211 0.9951846 0.0980187 0 0.9951846 -0.09801882 0 0.980783 -0.1950953 0.001578211 0.9569379 -0.2902927 0 0.3826834 0.9238796 0 0.3826834 0.9238796 0 0.5555764 0.8314654 0 0.6087642 0.7933496 -0.001571893 0.7518346 0.6593518 0 0.8660287 0.4999945 0 0.9238744 0.38269 -0.002098739 0.9807831 -0.1951016 0 0.991442 -0.1305383 -0.001571953 0.9978598 0.06538891 0 0.9659197 0.2588421 0 0.9238793 -0.3826839 0 0.9238797 -0.3826831 -1.75105e-6 0.9238798 -0.3826829 0 0.9238798 -0.3826829 0 0.9238798 -0.3826829 0 0.9238796 -0.3826832 -3.00091e-7 0.9238793 -0.382684 6.67852e-7 0.9238786 -0.3826856 9.65678e-6 0.9238801 -0.3826822 0 0.92388 -0.3826822 0 -0.1950918 -0.980785 0 -0.1950918 -0.980785 0 0.1950918 -0.980785 0 0.1950918 -0.980785 0 0.5555647 -0.8314734 0 0.5555647 -0.8314734 0 0.8314701 -0.5555695 0 0.8314701 -0.5555695 0 -0.3826832 -0.9238796 0 -0.3826832 -0.9238796 0 0.8526398 -0.5224977 0.001258313 0.8314675 -0.5555735 0 0.6494526 -0.7604017 -7.5789e-4 0.5555729 -0.8314664 0.001514971 0.4539856 -0.8910091 0 0.3090217 -0.951055 0 0.1950892 -0.9807844 0.001514911 0.07845711 -0.9969172 -7.58036e-4 -0.1950893 -0.980785 0.001008868 -0.2334463 -0.9723697 0 0.9238787 -0.3826854 0 0.9238787 -0.3826854 0 0.8314701 -0.5555695 0 0.7933506 -0.6087629 -0.001572072 0.6593375 -0.751847 0 0.5000104 -0.8660194 0 0.3826868 -0.9238758 -0.002099037 -0.1950885 -0.9807857 0 -0.1305249 -0.9914438 -0.001572012 0.0654087 -0.9978585 0 0.2588198 -0.9659257 0 -0.3826836 -0.9238795 0 -0.3826833 -0.9238796 0 -0.3826832 -0.9238796 0 -0.3826841 -0.9238793 1.93136e-6 -0.3826831 -0.9238797 -2.91426e-6 -0.382685 -0.9238789 0 -0.3826834 -0.9238796 -5.60336e-7 -0.3826833 -0.9238796 0 -0.3826833 -0.9238796 0 -0.3826835 -0.9238795 -1.27846e-7 0 0 1 0 0 1 0 0 1 0 0 1 0 0 1 0 0 1 0 0 1 0 0 1 0 0 1 0 0 1 0 0 1 0 0 1 0 0 1 0 0 1 0 0 1 0 0 1 0 0 1 0 0 1 0 0 1 0 0 1 0 0 1 0 0 1 0 0 1 0 0 1 0 0 1 0 0 1 0 0 1 0 0 1 0 0 1 0 0 1 0 0 1 -0.1305271 -0.9914448 0 -0.1305271 -0.9914448 0 0.3826858 -0.9238786 0 0.3826858 -0.9238786 0 0.7933537 -0.608761 0 0.7933537 -0.608761 0 0.9914442 -0.130531 0 0.9914442 -0.130531 0 0.9238809 0.3826803 0 0.9238809 0.3826803 0 0.6087665 0.7933494 0 0.6087665 0.7933494 0 0.1305227 0.9914454 0 0.1305227 0.9914454 0 -0.3826858 0.9238786 0 -0.3826858 0.9238786 0 -0.7933537 0.608761 0 -0.7933537 0.608761 0 -0.9914442 0.130531 0 -0.9914442 0.130531 0 -0.9238724 -0.3827009 0 -0.9238724 -0.3827009 0 -0.6087674 -0.7933487 0 -0.6087674 -0.7933487 0 0 0 -1 0 0 -1 0 0 -1 0 0 -1 0 0 -1 0 0 -1 0 0 -1 0 0 -1 0 0 -1 0 0 -1 0 0 -1 0 0 -1 0 0 -1 0 0 -1 0 0 -1 0 0 -1 0 0 -1 0 0 -1 0 0 -1 0 0 -1 0 0 -1 0 0 -1 0 0 -1 0 0 -1 0 0 -1 0 0 -1 0 0 -1 0 0 -1 0 0 -1 0 0 -1 0 0 -1 0 0 -1 0 0 -1 0 0 -1 0 0 -1 0 0 -1 0 0 -1 0 0 -1 0 0 -1 0 0 -1 0 0 -1 0 0 -1 0 0 -1 0 0 -1 0 0 -1 0 0 -1 0 0 -1 0 0 -1 0 0 -1 0 0 -1 0 0 -1 0 0 -1 0 0 -1 0 0 -1 0 0 -1 0 0 -1 0 0 -1 0 0 -1 0 0 -1 0 0 -1 0 0 -1 0 0 -1 0 0 -1 0 0 -1 0 0 -1 0 0 -1 0 0 -1 0 0 -1 0 0 -1 0 0 -1 0 0 -1 0 0 -1 0 0 -1 0 0 -1 0 0 -1 0 0 -1 0 0 -1 0 0 -1 0 0 -1 0 0 -1 0 0 -1 0 0 -1 0 0 -1 0 0 -1 0 0 -1 0 0 -1 0 0 -1 0 0 -1 0 0 -1 0 0 -1 0 0 -1 0 0 -1 0 0 -1 0 0 -1 0 0 -1 0 0 -1 0 0 -1 0 0 -1 0 0 -1 0 0 -1 0 0 -1 0 0 -1 0 0 -1 0 0 -1 0 0 -1 0 0 -1 0 0 -1 0 0 -1 0 0 -1 0 0 -1 0 0 -1 0 0 -1 0 0 -1 0 0 -1 0 0 -1 0 0 -1 0 0 -1 0 0 -1 0 0 -1 0 0 -1 0 0 -1 0 0 -1 0 0 -1 0 0 -1 0 0 -1 0 0 -1 0 0 -1 0 0 -1 0 0 -1 0 0 -1 0 0 -1 0 0 -1 0 0 -1 0 0 -1 0 0 -1 0 0 -1 0 0 -1 0 0 -1 0 0 -1 0 0 -1 0 0 -1 0 0 -1 0 0 -1 0 0 -1 0 0 -1 0 0 -1 0 0 -1 0 0 -1 0 0 -1 0 0 -1 0 0 -1 0 0 -1 0 0 -1 0 0 -1 0 0 -1 0 0 -1 0 0 -1 0.3826881 0.9238775 8.8041e-6 0.3826832 0.9238797 0 0.3826841 0.9238793 1.08273e-6 0.3826807 0.9238806 0 0.3826872 0.923878 6.98851e-6 0 0 -1 0 0 -1 0 0 -1 0 0 -1 0 0 -1 0 0 -1 0 0 -1 0 0 -1 0 0 -1 0 0 -1 0 0 -1 0 0 -1 0 0 -1 0 0 -1 0 0 -1 0 0 -1 0 0 -1 0 0 -1 0 0 -1 0 0 -1 0 0 -1 0 0 -1 0 0 -1 0 0 -1 0 0 -1 -0.9477004 0.2730352 -0.1652746 0.8308465 -0.5551478 -0.03879523 -0.7326085 0.5224472 -0.4362727 -0.8429422 0.2461462 -0.4783936 0.7326267 -0.5223855 -0.436316 -0.01287436 0.8083462 -0.5885666 -0.3203911 0.6393483 -0.6989873 -0.2907819 0.4719156 -0.8323111 -0.2376986 0.5736286 -0.7838684 -0.2016875 0.4196092 -0.8850143 -0.1451908 0.5301516 -0.8353796 -0.2573997 0.5905744 -0.7648315 0.1500017 0.8690363 -0.4714611 0.4402364 0.7604697 -0.4773654 0.5307775 0.7717983 -0.3501465 0.7244846 0.432339 -0.5368474 0.4954255 0.2702595 -0.8255383 0.4645091 0.2363645 -0.8534419 0.5759605 0.2387565 -0.7818342 0.4416196 0.1333192 -0.8872418 0.5509288 0.1358019 -0.823429 0.6786404 0.2255472 -0.698982 0.5256263 0.2838698 -0.801957 0.5897161 0.2984701 -0.7504336 0.6783954 0.2248591 -0.6994413 0.6881933 0.2267606 -0.6891805 0.9102259 -0.08368474 -0.4055684 0.9006481 -0.1729388 -0.3986541 0.9242535 0.05913144 -0.3771722 0.8254038 0.06071323 -0.5612687 0.7647753 0.1325263 -0.63052 0.8429291 -0.2461572 -0.478411 0.8429279 -0.2461583 -0.4784126 0.9202841 -0.3392286 -0.1949389 0.9477103 -0.2730147 -0.1652522 0.7700913 -0.4219921 -0.4784163 0.7700997 -0.4219831 -0.4784107 0.8906082 -0.4108719 -0.194939 0.4469962 -0.6344985 -0.6305601 0.5407121 -0.6265884 -0.5612642 0.6117261 -0.6953671 -0.3771682 0.3262862 -0.6469691 -0.6891794 0.3207015 -0.6386951 -0.6994421 0.3203914 -0.6393481 -0.6989874 0.2969749 -0.5029588 -0.8116886 0.27956 -0.4655542 -0.8397055 0.2016878 -0.4196094 -0.8850141 0.2377166 -0.5737083 -0.7838045 0.2574001 -0.5905741 -0.7648316 0.1451914 -0.5301514 -0.8353795 0.2405568 -0.6808681 -0.691774 0.09178733 -0.6082363 -0.7884312 0.01287424 -0.8083466 -0.5885661 -0.1500041 -0.8690373 -0.4714583 -0.4402436 -0.7604713 -0.4773564 -0.5307706 -0.7717981 -0.3501573 -0.7244616 -0.4323771 -0.5368478 -0.4954248 -0.2702593 -0.8255386 -0.4645087 -0.2363645 -0.8534421 -0.5759605 -0.2387565 -0.7818342 -0.4416193 -0.133319 -0.8872421 -0.5509624 -0.1358021 -0.8234065 -0.6786267 -0.2255087 -0.6990076 -0.5256261 -0.2838699 -0.8019571 -0.5897162 -0.2984702 -0.7504335 -0.6783954 -0.2248592 -0.6994411 -0.6881932 -0.2267606 -0.6891804 -0.9202828 0.3392256 -0.1949503 -0.8429279 0.2461583 -0.4784125 -0.9102178 0.08371096 -0.4055812 -0.9006271 0.1730377 -0.3986588 -0.9242536 -0.05913144 -0.3771721 -0.8254037 -0.06071317 -0.5612688 -0.7647756 -0.1325259 -0.6305198 -0.7701005 0.4219925 -0.478401 -0.7701088 0.4219837 -0.4783954 -0.8906052 0.4108731 -0.1949501 -0.5407248 0.6265866 -0.5612539 -0.6117311 0.6953561 -0.3771805 -0.7130517 0.5801061 -0.3937438 -0.8631914 0.4770576 -0.1652769 -0.446996 0.6344985 -0.6305602 -0.326286 0.6469692 -0.6891795 -0.3207013 0.6386952 -0.699442 -0.09178435 0.6082358 -0.788432 -0.240558 0.6808713 -0.6917703 0.5186874 0.4137673 -0.7481711 0.5951053 0.6068918 -0.5268131 0.7725318 0.4327459 -0.4646781 0.7725347 0.4327454 -0.4646734 0.9426811 0.11624 -0.312795 0.9426763 0.1162394 -0.3128093 0.9686883 -0.2223679 -0.1104326 0.9800462 -0.1949497 -0.03878492 0.5843775 -0.7487723 -0.3127987 0.5843822 -0.7487668 -0.3128029 0.2402694 -0.8522588 -0.4646778 0.2402678 -0.8522598 -0.4646769 0.1164958 -0.8581696 -0.4999737 -0.3111201 -0.9146323 -0.2581706 0.9748485 0.1939157 -0.1098514 0.9748503 0.1939122 -0.1098407 0.8203287 0.5481202 -0.1631719 0.8203256 0.548123 -0.163178 0.5452878 0.8160852 -0.1914839 0.5452922 0.8160835 -0.1914787 0.1914814 0.962637 -0.1914806 0.1914802 0.962637 -0.1914818 -0.1924743 0.9676408 -0.163172 -0.1924754 0.9676403 -0.1631733 -0.5522123 0.8264361 -0.1098409 -0.552209 0.826439 -0.1098356 -0.8308415 0.555157 -0.0387696 0.3111207 0.9146323 -0.2581696 -0.1164966 0.8581696 -0.4999736 -0.2402678 0.8522598 -0.464677 -0.240269 0.852259 -0.4646778 -0.584382 0.748767 -0.3128027 -0.5843777 0.748772 -0.3127989 -0.8421998 0.5277372 -0.110422 -0.5186876 -0.4137672 -0.748171 -0.5951056 -0.6068916 -0.526813 -0.7725317 -0.432746 -0.4646781 -0.7725348 -0.4327456 -0.4646734 -0.9426811 -0.1162399 -0.3127949 -0.9426763 -0.1162394 -0.3128095 -0.9686884 0.2223677 -0.1104324 0.552213 -0.826434 -0.1098529 0.5522065 -0.8264397 -0.109842 0.1924756 -0.9676403 -0.1631731 0.1924766 -0.9676398 -0.1631743 -0.191483 -0.962637 -0.1914792 -0.1914791 -0.9626371 -0.1914828 -0.5452864 -0.8160858 -0.1914857 -0.5452944 -0.8160827 -0.1914765 -0.8203257 -0.5481261 -0.1631672 -0.8203229 -0.5481286 -0.1631729 -0.9748503 -0.1939122 -0.1098407 -0.9748545 -0.1939045 -0.1098172 -0.9800497 0.1949378 -0.0387547 0.8421998 -0.5277373 -0.1104217 0.7130447 -0.580124 -0.3937301 0.8631847 -0.4770771 -0.1652565 0 0 -1 0 0 -1 0 0 -1 0 0 -1 0 0 -1 0 0 -1 0 0 -1 0 0 -1 0 0 -1 0 0 -1 0 0 -1 0 0 -1 0 0 -1 0 0 -1 0 0 -1 0 0 -1 0 0 -1 0 0 -1 0 0 -1 0 0 -1 0 0 -1 0 0 -1 0 0 -1 0 0 -1 0 0 -1 0 0 -1 0 0 -1 0 0 -1 0 0 -1 0 0 -1 0 0 -1 0 0 -1 0 0 -1 0 0 -1 0 0 -1 0 0 -1 0 0 -1 0 0 -1 0 0 -1 0 0 -1 0 0 -1 0 0 -1 0 0 -1 0 0 -1 0 0 -1 0 0 -1 0 0 -1 0 0 -1 0 0 -1 0 0 -1 0 0 -1 0 0 -1 0 0 -1 0 0 -1 0 0 -1 0 0 -1 0 0 -1 0 0 -1 0 0 -1 0 0 -1</float_array>
          <technique_common>
            <accessor source="#link_2-mesh-normals-array" count="6898" stride="3">
              <param name="X" type="float" />
              <param name="Y" type="float" />
              <param name="Z" type="float" />
            </accessor>
          </technique_common>
        </source>
        <vertices id="link_2-mesh-vertices">
          <input semantic="POSITION" source="#link_2-mesh-positions" />
        </vertices>
        <triangles count="6898">
          <input semantic="VERTEX" source="#link_2-mesh-vertices" offset="0" />
          <input semantic="NORMAL" source="#link_2-mesh-normals" offset="1" />
          <p>0 0 1 0 2 0 2 1 1 1 3 1 4 2 5 2 6 2 6 3 5 3 7 3 6 4 7 4 8 4 8 5 7 5 9 5 8 6 9 6 10 6 10 7 9 7 11 7 10 8 11 8 12 8 12 9 11 9 13 9 12 10 13 10 14 10 15 11 16 11 17 11 18 12 19 12 4 12 4 13 19 13 20 13 4 14 20 14 5 14 15 15 17 15 21 15 17 16 22 16 21 16 21 17 22 17 23 17 21 18 23 18 24 18 24 19 23 19 25 19 26 20 27 20 28 20 28 21 27 21 29 21 25 22 23 22 30 22 30 23 23 23 31 23 30 24 31 24 32 24 32 25 31 25 33 25 32 26 33 26 34 26 34 27 33 27 35 27 34 28 35 28 36 28 36 29 35 29 37 29 36 30 37 30 38 30 39 31 28 31 40 31 40 32 28 32 41 32 39 33 42 33 28 33 28 34 42 34 43 34 28 35 43 35 44 35 0 36 14 36 1 36 1 37 14 37 13 37 1 38 13 38 45 38 45 39 13 39 28 39 45 40 28 40 46 40 46 41 28 41 44 41 26 42 28 42 15 42 15 43 28 43 47 43 15 44 47 44 16 44 29 45 48 45 28 45 28 46 48 46 49 46 28 47 49 47 41 47 18 48 50 48 19 48 19 49 50 49 51 49 19 50 51 50 38 50 38 51 51 51 52 51 38 52 52 52 36 52 53 53 21 53 24 53 53 54 24 54 54 54 54 55 24 55 25 55 54 56 25 56 55 56 55 57 25 57 30 57 55 58 30 58 56 58 56 59 30 59 32 59 56 60 32 60 57 60 57 61 32 61 34 61 57 62 34 62 58 62 58 63 34 63 36 63 58 64 36 64 59 64 59 65 36 65 52 65 59 66 52 66 60 66 60 67 52 67 51 67 60 68 51 68 61 68 61 69 51 69 50 69 61 70 50 70 62 70 62 71 50 71 18 71 62 72 18 72 63 72 63 73 18 73 4 73 63 74 4 74 64 74 64 75 4 75 6 75 64 76 6 76 65 76 65 77 6 77 8 77 65 78 8 78 66 78 66 79 8 79 67 79 67 80 8 80 10 80 67 81 10 81 68 81 68 82 10 82 12 82 68 83 12 83 69 83 69 84 12 84 14 84 69 85 14 85 70 85 70 86 14 86 0 86 70 87 0 87 2 87 70 88 2 88 71 88 71 89 2 89 3 89 71 90 3 90 72 90 72 91 3 91 1 91 72 92 1 92 73 92 73 93 1 93 45 93 73 94 45 94 74 94 74 95 45 95 46 95 74 96 46 96 75 96 75 97 46 97 44 97 75 98 44 98 76 98 76 99 44 99 77 99 76 100 77 100 78 100 78 101 77 101 42 101 78 102 42 102 79 102 79 103 42 103 39 103 79 104 39 104 80 104 80 105 39 105 40 105 80 106 40 106 81 106 81 107 40 107 41 107 81 108 41 108 82 108 82 109 41 109 49 109 82 110 49 110 83 110 83 111 49 111 48 111 83 112 48 112 84 112 84 113 48 113 29 113 84 114 29 114 85 114 85 115 29 115 86 115 86 116 29 116 27 116 86 117 27 117 87 117 87 118 27 118 26 118 87 119 26 119 88 119 88 120 26 120 15 120 88 121 15 121 53 121 53 122 15 122 21 122 89 123 90 123 91 123 92 124 65 124 93 124 93 125 65 125 66 125 93 126 66 126 94 126 94 127 66 127 95 127 95 128 66 128 67 128 95 129 67 129 96 129 97 130 59 130 98 130 98 131 59 131 60 131 98 132 60 132 99 132 99 133 60 133 61 133 99 134 61 134 100 134 100 135 61 135 62 135 100 136 62 136 101 136 101 137 62 137 63 137 101 138 63 138 92 138 92 139 63 139 64 139 92 140 64 140 65 140 89 141 102 141 90 141 90 142 102 142 103 142 90 143 103 143 104 143 53 144 54 144 105 144 105 145 54 145 55 145 105 146 55 146 106 146 106 147 55 147 56 147 106 148 56 148 107 148 107 149 56 149 57 149 107 150 57 150 97 150 97 151 57 151 58 151 97 152 58 152 59 152 91 153 108 153 89 153 89 154 108 154 109 154 89 155 109 155 110 155 110 156 109 156 111 156 110 157 111 157 112 157 112 158 111 158 113 158 113 159 114 159 86 159 105 160 115 160 53 160 53 161 115 161 112 161 53 162 112 162 88 162 88 163 112 163 113 163 88 164 113 164 87 164 87 165 113 165 86 165 96 166 67 166 116 166 116 167 67 167 68 167 116 168 68 168 103 168 103 169 68 169 69 169 103 170 69 170 104 170 104 171 69 171 70 171 104 172 70 172 117 172 117 173 70 173 71 173 117 174 71 174 118 174 118 175 71 175 72 175 118 176 72 176 119 176 120 177 82 177 121 177 121 178 82 178 83 178 121 179 83 179 122 179 122 180 83 180 84 180 122 181 84 181 123 181 123 182 84 182 85 182 123 183 85 183 124 183 124 184 85 184 86 184 124 185 86 185 125 185 125 186 86 186 114 186 72 187 73 187 119 187 119 188 73 188 74 188 119 189 74 189 126 189 126 190 74 190 75 190 126 191 75 191 127 191 127 192 75 192 76 192 127 193 76 193 128 193 128 194 76 194 129 194 128 195 129 195 130 195 130 196 129 196 79 196 130 197 79 197 131 197 131 198 79 198 80 198 131 199 80 199 120 199 120 200 80 200 81 200 120 201 81 201 82 201 132 202 109 202 133 202 133 203 109 203 108 203 133 204 108 204 134 204 134 205 108 205 91 205 134 206 91 206 135 206 135 207 91 207 90 207 135 208 90 208 136 208 136 209 90 209 104 209 136 210 104 210 137 210 137 211 104 211 117 211 137 212 117 212 138 212 138 213 117 213 118 213 138 214 118 214 139 214 139 215 118 215 119 215 139 216 119 216 140 216 140 217 119 217 126 217 140 218 126 218 141 218 141 219 126 219 127 219 141 220 127 220 142 220 142 221 127 221 143 221 142 222 143 222 144 222 144 223 143 223 130 223 144 224 130 224 145 224 145 225 130 225 131 225 145 226 131 226 146 226 146 227 131 227 120 227 146 228 120 228 147 228 147 229 120 229 121 229 147 230 121 230 148 230 148 231 121 231 122 231 148 232 122 232 149 232 149 233 122 233 123 233 149 234 123 234 150 234 150 235 123 235 124 235 150 236 124 236 151 236 151 237 124 237 125 237 151 238 125 238 152 238 152 239 125 239 114 239 152 240 114 240 153 240 153 241 114 241 113 241 153 242 113 242 154 242 154 243 113 243 155 243 154 244 155 244 132 244 132 245 155 245 109 245 156 246 157 246 158 246 156 247 158 247 159 247 159 248 158 248 160 248 159 249 160 249 161 249 161 250 160 250 162 250 161 251 162 251 163 251 163 252 162 252 164 252 163 253 164 253 165 253 165 254 164 254 166 254 165 255 166 255 167 255 167 256 166 256 168 256 167 257 168 257 169 257 169 258 168 258 170 258 169 259 170 259 171 259 171 260 170 260 172 260 171 261 172 261 173 261 173 262 172 262 174 262 173 263 174 263 175 263 175 264 174 264 176 264 175 265 176 265 177 265 177 266 176 266 178 266 177 267 178 267 179 267 179 268 178 268 180 268 179 269 180 269 181 269 181 270 180 270 182 270 181 271 182 271 183 271 183 272 182 272 184 272 183 273 184 273 185 273 185 274 184 274 186 274 186 275 184 275 187 275 186 276 187 276 188 276 188 277 187 277 189 277 188 278 189 278 190 278 190 279 189 279 191 279 190 280 191 280 192 280 192 281 191 281 193 281 192 282 193 282 194 282 192 283 194 283 195 283 195 284 194 284 196 284 195 285 196 285 197 285 197 286 196 286 198 286 197 287 198 287 199 287 199 288 198 288 200 288 199 289 200 289 201 289 201 290 200 290 202 290 201 291 202 291 203 291 203 292 202 292 204 292 203 293 204 293 205 293 205 294 204 294 206 294 205 295 206 295 207 295 207 296 206 296 208 296 207 297 208 297 209 297 209 298 208 298 210 298 209 299 210 299 211 299 211 300 210 300 212 300 211 301 212 301 213 301 213 302 212 302 214 302 213 303 214 303 215 303 215 304 214 304 216 304 215 305 216 305 217 305 217 306 216 306 218 306 217 307 218 307 219 307 219 308 218 308 220 308 220 309 218 309 221 309 220 310 221 310 222 310 222 311 221 311 223 311 222 312 223 312 224 312 224 313 223 313 225 313 224 314 225 314 156 314 156 315 225 315 157 315 190 316 226 316 188 316 188 317 226 317 227 317 219 318 220 318 228 318 229 319 230 319 192 319 192 320 230 320 231 320 192 321 231 321 190 321 190 322 231 322 232 322 190 323 232 323 226 323 147 324 148 324 161 324 161 325 148 325 159 325 159 326 148 326 149 326 159 327 149 327 156 327 156 328 149 328 150 328 156 329 150 329 224 329 228 330 233 330 219 330 219 331 233 331 234 331 219 332 234 332 217 332 217 333 234 333 235 333 192 334 195 334 229 334 229 335 195 335 197 335 229 336 197 336 236 336 236 337 197 337 199 337 236 338 199 338 237 338 237 339 199 339 201 339 237 340 201 340 238 340 238 341 201 341 203 341 238 342 203 342 239 342 224 343 240 343 222 343 222 344 240 344 241 344 222 345 241 345 220 345 220 346 241 346 242 346 220 347 242 347 228 347 203 348 205 348 239 348 239 349 205 349 207 349 239 350 207 350 243 350 243 351 207 351 209 351 243 352 209 352 244 352 244 353 209 353 211 353 244 354 211 354 245 354 245 355 211 355 213 355 245 356 213 356 235 356 235 357 213 357 215 357 235 358 215 358 217 358 140 359 179 359 139 359 139 360 179 360 181 360 139 361 181 361 138 361 138 362 181 362 183 362 138 363 183 363 137 363 137 364 183 364 185 364 137 365 185 365 136 365 136 366 185 366 186 366 136 367 186 367 135 367 161 368 163 368 147 368 147 369 163 369 165 369 147 370 165 370 146 370 146 371 165 371 167 371 146 372 167 372 145 372 145 373 167 373 169 373 145 374 169 374 246 374 246 375 169 375 247 375 246 376 247 376 142 376 142 377 247 377 173 377 142 378 173 378 141 378 141 379 173 379 175 379 141 380 175 380 140 380 140 381 175 381 177 381 140 382 177 382 179 382 224 383 150 383 240 383 240 384 150 384 151 384 240 385 151 385 227 385 227 386 151 386 152 386 227 387 152 387 153 387 153 388 154 388 227 388 227 389 154 389 248 389 227 390 248 390 188 390 188 391 248 391 133 391 188 392 133 392 186 392 186 393 133 393 134 393 186 394 134 394 135 394 184 395 157 395 225 395 184 396 182 396 157 396 157 397 182 397 180 397 157 398 180 398 178 398 200 399 198 399 218 399 218 400 198 400 196 400 178 401 176 401 157 401 157 402 176 402 174 402 157 403 174 403 158 403 196 404 194 404 218 404 218 405 194 405 193 405 218 406 193 406 221 406 221 407 193 407 191 407 221 408 191 408 223 408 223 409 191 409 189 409 223 410 189 410 225 410 225 411 189 411 187 411 225 412 187 412 184 412 158 413 174 413 160 413 160 414 174 414 172 414 160 415 172 415 249 415 249 416 168 416 160 416 160 417 168 417 166 417 160 418 166 418 162 418 162 419 166 419 164 419 212 420 218 420 214 420 214 421 218 421 216 421 212 422 210 422 218 422 218 423 210 423 208 423 218 424 208 424 206 424 206 425 204 425 218 425 218 426 204 426 202 426 218 427 202 427 200 427 250 428 227 428 116 428 116 429 227 429 226 429 116 430 226 430 96 430 96 431 226 431 232 431 96 432 232 432 95 432 95 433 232 433 231 433 95 434 231 434 94 434 94 435 231 435 230 435 94 436 230 436 93 436 93 437 230 437 229 437 93 438 229 438 92 438 92 439 229 439 236 439 92 440 236 440 101 440 101 441 236 441 237 441 101 442 237 442 100 442 100 443 237 443 238 443 100 444 238 444 99 444 99 445 238 445 251 445 99 446 251 446 252 446 252 447 251 447 243 447 252 448 243 448 97 448 97 449 243 449 244 449 97 450 244 450 107 450 107 451 244 451 245 451 107 452 245 452 106 452 106 453 245 453 235 453 106 454 235 454 105 454 105 455 235 455 234 455 105 456 234 456 115 456 115 457 234 457 233 457 115 458 233 458 112 458 112 459 233 459 228 459 112 460 228 460 110 460 110 461 228 461 242 461 110 462 242 462 89 462 89 463 242 463 241 463 89 464 241 464 102 464 102 465 241 465 253 465 102 466 253 466 250 466 250 467 253 467 227 467 254 468 28 468 13 468 254 469 13 469 255 469 255 470 13 470 11 470 255 471 11 471 256 471 256 472 11 472 9 472 256 473 9 473 257 473 258 474 257 474 7 474 7 475 257 475 9 475 258 476 7 476 5 476 258 477 5 477 259 477 259 478 5 478 20 478 259 479 20 479 260 479 260 480 20 480 19 480 260 481 19 481 261 481 262 482 261 482 38 482 38 483 261 483 19 483 262 484 38 484 37 484 262 485 37 485 263 485 263 486 37 486 35 486 263 487 35 487 264 487 264 488 35 488 33 488 264 489 33 489 265 489 265 490 33 490 31 490 265 491 31 491 266 491 267 492 266 492 23 492 23 493 266 493 31 493 267 494 23 494 22 494 267 495 22 495 268 495 268 496 22 496 17 496 268 497 17 497 269 497 269 498 17 498 16 498 269 499 16 499 270 499 270 500 16 500 47 500 270 501 47 501 271 501 254 502 271 502 28 502 28 503 271 503 47 503 261 504 262 504 271 504 264 505 265 505 266 505 255 506 256 506 254 506 254 507 256 507 257 507 267 508 268 508 269 508 259 509 260 509 258 509 258 510 260 510 261 510 258 511 261 511 257 511 257 512 261 512 271 512 257 513 271 513 254 513 263 514 264 514 262 514 262 515 264 515 266 515 262 516 266 516 271 516 271 517 266 517 267 517 271 518 267 518 270 518 270 519 267 519 269 519 272 520 273 520 274 520 272 521 274 521 275 521 275 522 274 522 276 522 275 523 276 523 277 523 278 524 277 524 279 524 279 525 277 525 276 525 278 526 279 526 280 526 278 527 280 527 281 527 281 528 280 528 282 528 281 529 282 529 283 529 284 530 283 530 285 530 285 531 283 531 282 531 284 532 285 532 286 532 284 533 286 533 287 533 287 534 286 534 288 534 287 535 288 535 289 535 290 536 289 536 291 536 291 537 289 537 288 537 290 538 291 538 292 538 290 539 292 539 293 539 293 540 292 540 294 540 293 541 294 541 295 541 272 542 295 542 273 542 273 543 295 543 294 543 289 544 290 544 287 544 287 545 290 545 293 545 277 546 278 546 275 546 275 547 278 547 281 547 275 548 281 548 272 548 284 549 287 549 283 549 283 550 287 550 293 550 283 551 293 551 281 551 281 552 293 552 295 552 281 553 295 553 272 553 279 554 276 554 280 554 280 555 276 555 274 555 273 556 294 556 274 556 274 557 294 557 292 557 274 558 292 558 291 558 282 559 280 559 285 559 285 560 280 560 274 560 285 561 274 561 286 561 286 562 274 562 291 562 286 563 291 563 288 563 296 564 297 564 298 564 298 565 297 565 299 565 298 566 299 566 300 566 300 567 299 567 301 567 300 568 301 568 302 568 302 569 301 569 303 569 302 570 303 570 304 570 304 571 303 571 305 571 304 572 305 572 306 572 306 573 305 573 307 573 306 574 307 574 308 574 308 575 307 575 309 575 308 576 309 576 310 576 310 577 309 577 311 577 310 578 311 578 312 578 312 579 311 579 313 579 312 580 313 580 314 580 314 581 313 581 315 581 314 582 315 582 316 582 316 583 315 583 317 583 316 584 317 584 318 584 318 585 317 585 319 585 318 586 319 586 296 586 296 587 319 587 297 587 320 588 321 588 322 588 322 589 321 589 323 589 322 590 323 590 324 590 324 591 323 591 325 591 324 592 325 592 326 592 326 593 325 593 327 593 326 594 327 594 328 594 328 595 327 595 329 595 328 596 329 596 330 596 330 597 329 597 331 597 330 598 331 598 332 598 332 599 331 599 333 599 332 600 333 600 334 600 334 601 333 601 335 601 334 602 335 602 336 602 336 603 335 603 337 603 336 604 337 604 338 604 338 605 337 605 339 605 338 606 339 606 340 606 340 607 339 607 341 607 340 608 341 608 342 608 342 609 341 609 343 609 342 610 343 610 344 610 344 611 343 611 345 611 344 612 345 612 320 612 320 613 345 613 321 613 346 614 347 614 348 614 348 615 347 615 349 615 348 616 349 616 350 616 350 617 349 617 351 617 350 618 351 618 352 618 352 619 351 619 353 619 352 620 353 620 354 620 354 621 353 621 355 621 354 622 355 622 356 622 356 623 355 623 357 623 356 624 357 624 358 624 358 625 357 625 359 625 358 626 359 626 360 626 360 627 359 627 361 627 360 628 361 628 362 628 362 629 361 629 363 629 362 630 363 630 364 630 364 631 363 631 365 631 364 632 365 632 366 632 366 633 365 633 367 633 366 634 367 634 368 634 368 635 367 635 369 635 368 636 369 636 346 636 346 637 369 637 347 637 370 638 371 638 372 638 372 639 371 639 373 639 372 640 373 640 374 640 374 641 373 641 375 641 374 642 375 642 376 642 376 643 375 643 377 643 376 644 377 644 378 644 378 645 377 645 379 645 378 646 379 646 380 646 380 647 379 647 381 647 380 648 381 648 382 648 382 649 381 649 383 649 382 650 383 650 384 650 384 651 383 651 385 651 384 652 385 652 386 652 386 653 385 653 387 653 386 654 387 654 388 654 388 655 387 655 389 655 388 656 389 656 390 656 390 657 389 657 391 657 390 658 391 658 392 658 392 659 391 659 393 659 392 660 393 660 394 660 394 661 393 661 395 661 394 662 395 662 396 662 396 663 395 663 397 663 396 664 397 664 398 664 398 665 397 665 399 665 398 666 399 666 400 666 400 667 399 667 401 667 400 668 401 668 402 668 402 669 401 669 403 669 402 670 403 670 404 670 404 671 403 671 405 671 404 672 405 672 406 672 406 673 405 673 407 673 406 674 407 674 408 674 408 675 407 675 409 675 408 676 409 676 410 676 410 677 409 677 411 677 410 678 411 678 412 678 412 679 411 679 413 679 412 680 413 680 414 680 414 681 413 681 415 681 414 682 415 682 416 682 416 683 415 683 417 683 416 684 417 684 418 684 418 685 417 685 419 685 418 686 419 686 420 686 420 687 419 687 421 687 420 688 421 688 422 688 422 689 421 689 423 689 422 690 423 690 424 690 424 691 423 691 425 691 424 692 425 692 426 692 426 693 425 693 427 693 426 694 427 694 428 694 428 695 427 695 429 695 428 696 429 696 430 696 430 697 429 697 431 697 430 698 431 698 432 698 432 699 431 699 433 699 432 700 433 700 370 700 370 701 433 701 371 701 434 702 435 702 436 702 434 703 436 703 437 703 437 704 436 704 438 704 437 705 438 705 439 705 439 706 438 706 440 706 439 707 440 707 441 707 441 708 440 708 442 708 441 709 442 709 443 709 443 710 442 710 444 710 443 711 444 711 445 711 445 712 444 712 446 712 445 713 446 713 447 713 447 714 446 714 448 714 447 715 448 715 449 715 449 716 448 716 450 716 449 717 450 717 451 717 451 718 450 718 452 718 451 719 452 719 453 719 452 720 454 720 453 720 453 721 454 721 455 721 453 722 455 722 456 722 456 723 455 723 457 723 456 724 457 724 458 724 458 725 457 725 459 725 458 726 459 726 460 726 460 727 459 727 461 727 460 728 461 728 462 728 462 729 461 729 463 729 462 730 463 730 464 730 464 731 463 731 465 731 464 732 465 732 466 732 466 733 465 733 467 733 466 734 467 734 468 734 468 735 467 735 469 735 468 736 469 736 470 736 419 737 453 737 421 737 421 738 453 738 456 738 421 739 456 739 423 739 423 740 456 740 458 740 423 741 458 741 425 741 425 742 458 742 460 742 425 743 460 743 427 743 427 744 460 744 462 744 427 745 462 745 429 745 429 746 462 746 464 746 429 747 464 747 431 747 431 748 464 748 466 748 431 749 466 749 433 749 433 750 466 750 468 750 433 751 468 751 371 751 371 752 468 752 470 752 371 753 470 753 373 753 373 754 470 754 471 754 373 755 471 755 375 755 375 756 471 756 472 756 375 757 472 757 377 757 377 758 472 758 473 758 377 759 473 759 379 759 379 760 473 760 474 760 379 761 474 761 381 761 381 762 474 762 475 762 381 763 475 763 476 763 476 764 475 764 477 764 476 765 477 765 385 765 385 766 477 766 478 766 385 767 478 767 387 767 478 768 479 768 387 768 387 769 479 769 480 769 387 770 480 770 389 770 389 771 480 771 481 771 389 772 481 772 391 772 391 773 481 773 482 773 391 774 482 774 393 774 393 775 482 775 483 775 393 776 483 776 395 776 395 777 483 777 484 777 395 778 484 778 397 778 397 779 484 779 485 779 397 780 485 780 399 780 399 781 485 781 486 781 399 782 486 782 401 782 401 783 486 783 487 783 401 784 487 784 403 784 403 785 487 785 434 785 403 786 434 786 405 786 405 787 434 787 437 787 405 788 437 788 407 788 407 789 437 789 439 789 407 790 439 790 409 790 409 791 439 791 441 791 409 792 441 792 411 792 411 793 441 793 443 793 411 794 443 794 413 794 413 795 443 795 445 795 413 796 445 796 488 796 488 797 445 797 447 797 488 798 447 798 417 798 417 799 447 799 449 799 417 800 449 800 419 800 419 801 449 801 451 801 419 802 451 802 453 802 470 803 469 803 489 803 470 804 489 804 471 804 471 805 489 805 490 805 471 806 490 806 472 806 472 807 490 807 491 807 472 808 491 808 473 808 473 809 491 809 492 809 473 810 492 810 474 810 474 811 492 811 493 811 474 812 493 812 475 812 475 813 493 813 494 813 475 814 494 814 477 814 477 815 494 815 495 815 477 816 495 816 478 816 478 817 495 817 496 817 478 818 496 818 479 818 479 819 496 819 497 819 479 820 497 820 480 820 497 821 498 821 480 821 480 822 498 822 499 822 480 823 499 823 481 823 481 824 499 824 500 824 481 825 500 825 482 825 482 826 500 826 501 826 482 827 501 827 483 827 483 828 501 828 502 828 483 829 502 829 484 829 484 830 502 830 503 830 484 831 503 831 485 831 485 832 503 832 504 832 485 833 504 833 486 833 486 834 504 834 505 834 486 835 505 835 487 835 487 836 505 836 435 836 487 837 435 837 434 837 506 838 507 838 508 838 509 839 510 839 511 839 506 840 508 840 512 840 512 841 508 841 513 841 512 842 513 842 514 842 509 843 511 843 506 843 506 844 511 844 515 844 506 845 515 845 507 845 514 846 516 846 512 846 512 847 516 847 517 847 518 848 519 848 520 848 516 849 521 849 517 849 517 850 521 850 522 850 517 851 522 851 523 851 523 852 522 852 524 852 523 853 524 853 520 853 520 854 524 854 525 854 520 855 525 855 518 855 526 856 527 856 528 856 528 857 527 857 520 857 528 858 520 858 519 858 529 859 530 859 531 859 531 860 530 860 527 860 531 861 527 861 526 861 529 862 532 862 530 862 530 863 532 863 533 863 530 864 533 864 534 864 534 865 533 865 535 865 534 866 535 866 536 866 537 867 538 867 539 867 539 868 538 868 534 868 539 869 534 869 540 869 540 870 534 870 536 870 315 871 313 871 538 871 538 872 313 872 534 872 305 873 303 873 530 873 530 874 303 874 438 874 530 875 438 875 436 875 315 876 538 876 317 876 317 877 538 877 541 877 317 878 541 878 319 878 319 879 541 879 448 879 319 880 448 880 297 880 297 881 448 881 446 881 297 882 446 882 299 882 299 883 446 883 444 883 299 884 444 884 301 884 301 885 444 885 442 885 301 886 442 886 303 886 303 887 442 887 440 887 303 888 440 888 438 888 313 889 311 889 534 889 534 890 311 890 309 890 534 891 309 891 530 891 530 892 309 892 307 892 530 893 307 893 305 893 454 894 452 894 541 894 541 895 452 895 450 895 541 896 450 896 448 896 509 897 345 897 542 897 542 898 345 898 343 898 454 899 541 899 455 899 455 900 541 900 335 900 455 901 335 901 457 901 457 902 335 902 333 902 457 903 333 903 459 903 459 904 333 904 331 904 459 905 331 905 461 905 461 906 331 906 329 906 461 907 329 907 463 907 463 908 329 908 327 908 463 909 327 909 465 909 465 910 327 910 325 910 465 911 325 911 506 911 506 912 325 912 323 912 506 913 323 913 509 913 509 914 323 914 321 914 509 915 321 915 345 915 343 916 341 916 542 916 542 917 341 917 339 917 542 918 339 918 541 918 541 919 339 919 337 919 541 920 337 920 335 920 353 921 351 921 517 921 489 922 469 922 506 922 506 923 469 923 467 923 506 924 467 924 465 924 517 925 351 925 512 925 351 926 349 926 512 926 512 927 349 927 347 927 512 928 347 928 506 928 506 929 347 929 369 929 506 930 369 930 367 930 367 931 365 931 506 931 506 932 365 932 490 932 506 933 490 933 489 933 497 934 496 934 523 934 523 935 496 935 495 935 353 936 517 936 355 936 355 937 517 937 523 937 355 938 523 938 357 938 357 939 523 939 495 939 357 940 495 940 359 940 359 941 495 941 494 941 359 942 494 942 361 942 361 943 494 943 493 943 361 944 493 944 363 944 363 945 493 945 492 945 363 946 492 946 365 946 365 947 492 947 491 947 365 948 491 948 490 948 520 949 527 949 543 949 436 950 435 950 530 950 530 951 435 951 505 951 530 952 505 952 504 952 544 953 545 953 501 953 501 954 545 954 502 954 502 955 545 955 546 955 502 956 546 956 503 956 503 957 546 957 547 957 503 958 547 958 504 958 504 959 547 959 548 959 504 960 548 960 530 960 530 961 548 961 549 961 530 962 549 962 527 962 527 963 549 963 550 963 527 964 550 964 543 964 543 965 551 965 520 965 520 966 551 966 552 966 520 967 552 967 523 967 552 968 553 968 523 968 523 969 553 969 554 969 523 970 554 970 544 970 501 971 500 971 544 971 544 972 500 972 499 972 544 973 499 973 523 973 523 974 499 974 498 974 523 975 498 975 497 975 510 976 509 976 555 976 555 977 509 977 542 977 555 978 542 978 556 978 557 979 556 979 542 979 537 980 558 980 538 980 538 981 558 981 559 981 538 982 559 982 541 982 541 983 559 983 560 983 541 984 560 984 542 984 542 985 560 985 561 985 542 986 561 986 557 986 562 987 563 987 564 987 565 988 566 988 567 988 567 989 566 989 568 989 569 990 570 990 571 990 572 991 573 991 574 991 575 992 576 992 573 992 573 993 576 993 577 993 573 994 577 994 574 994 574 995 578 995 572 995 572 996 578 996 579 996 572 997 579 997 580 997 580 998 579 998 581 998 580 999 581 999 582 999 582 1000 583 1000 584 1000 584 1001 583 1001 585 1001 585 1002 586 1002 584 1002 584 1003 586 1003 587 1003 584 1004 587 1004 588 1004 588 1005 587 1005 589 1005 588 1006 589 1006 590 1006 591 1007 592 1007 580 1007 580 1008 592 1008 593 1008 580 1009 593 1009 572 1009 594 1010 595 1010 591 1010 591 1011 595 1011 596 1011 591 1012 596 1012 592 1012 597 1013 594 1013 598 1013 599 1014 600 1014 601 1014 601 1015 600 1015 602 1015 601 1016 602 1016 603 1016 597 1017 598 1017 604 1017 599 1018 601 1018 605 1018 605 1019 601 1019 570 1019 605 1020 570 1020 606 1020 603 1021 607 1021 598 1021 598 1022 607 1022 608 1022 598 1023 608 1023 604 1023 604 1024 608 1024 609 1024 604 1025 609 1025 610 1025 610 1026 609 1026 611 1026 610 1027 611 1027 612 1027 612 1028 611 1028 613 1028 612 1029 613 1029 569 1029 569 1030 613 1030 614 1030 569 1031 614 1031 570 1031 570 1032 614 1032 615 1032 570 1033 615 1033 606 1033 616 1034 617 1034 571 1034 616 1035 571 1035 618 1035 567 1036 619 1036 620 1036 620 1037 619 1037 621 1037 568 1038 622 1038 567 1038 567 1039 622 1039 623 1039 567 1040 623 1040 619 1040 624 1041 625 1041 568 1041 568 1042 625 1042 626 1042 568 1043 626 1043 622 1043 621 1044 627 1044 620 1044 620 1045 627 1045 628 1045 620 1046 628 1046 616 1046 616 1047 628 1047 629 1047 629 1048 630 1048 616 1048 616 1049 630 1049 631 1049 616 1050 631 1050 617 1050 617 1051 631 1051 632 1051 617 1052 632 1052 624 1052 624 1053 632 1053 633 1053 624 1054 633 1054 625 1054 634 1055 635 1055 636 1055 636 1056 635 1056 637 1056 636 1057 637 1057 638 1057 638 1058 637 1058 639 1058 638 1059 639 1059 640 1059 641 1060 642 1060 643 1060 642 1061 644 1061 643 1061 643 1062 644 1062 645 1062 643 1063 645 1063 636 1063 646 1064 647 1064 562 1064 562 1065 647 1065 648 1065 562 1066 648 1066 563 1066 563 1067 648 1067 649 1067 563 1068 649 1068 650 1068 645 1069 651 1069 636 1069 636 1070 651 1070 652 1070 636 1071 652 1071 634 1071 634 1072 652 1072 653 1072 634 1073 653 1073 654 1073 654 1074 653 1074 646 1074 654 1075 646 1075 655 1075 655 1076 646 1076 562 1076 563 1077 656 1077 564 1077 564 1078 656 1078 588 1078 564 1079 588 1079 575 1079 575 1080 588 1080 590 1080 575 1081 590 1081 576 1081 557 1082 657 1082 556 1082 556 1083 657 1083 555 1083 324 1084 326 1084 658 1084 658 1085 326 1085 328 1085 510 1086 320 1086 511 1086 511 1087 320 1087 322 1087 511 1088 322 1088 324 1088 328 1089 330 1089 658 1089 658 1090 330 1090 332 1090 658 1091 332 1091 657 1091 657 1092 332 1092 334 1092 334 1093 336 1093 657 1093 657 1094 336 1094 338 1094 657 1095 338 1095 555 1095 338 1096 340 1096 555 1096 555 1097 340 1097 342 1097 555 1098 342 1098 510 1098 510 1099 342 1099 344 1099 510 1100 344 1100 320 1100 358 1101 360 1101 659 1101 516 1102 514 1102 348 1102 360 1103 362 1103 659 1103 659 1104 362 1104 364 1104 659 1105 364 1105 513 1105 348 1106 350 1106 516 1106 516 1107 350 1107 352 1107 516 1108 352 1108 521 1108 521 1109 352 1109 354 1109 521 1110 354 1110 356 1110 364 1111 366 1111 513 1111 513 1112 366 1112 368 1112 513 1113 368 1113 514 1113 514 1114 368 1114 346 1114 514 1115 346 1115 348 1115 660 1116 661 1116 662 1116 660 1117 662 1117 663 1117 664 1118 528 1118 665 1118 665 1119 528 1119 519 1119 661 1120 666 1120 667 1120 667 1121 666 1121 668 1121 667 1122 668 1122 669 1122 670 1123 671 1123 518 1123 518 1124 671 1124 672 1124 518 1125 672 1125 519 1125 519 1126 672 1126 673 1126 519 1127 673 1127 665 1127 531 1128 526 1128 528 1128 674 1129 540 1129 536 1129 314 1130 316 1130 675 1130 676 1131 300 1131 302 1131 304 1132 306 1132 674 1132 674 1133 306 1133 308 1133 674 1134 308 1134 540 1134 540 1135 308 1135 310 1135 540 1136 310 1136 539 1136 539 1137 310 1137 312 1137 539 1138 312 1138 314 1138 316 1139 318 1139 675 1139 675 1140 318 1140 296 1140 675 1141 296 1141 676 1141 676 1142 296 1142 298 1142 676 1143 298 1143 300 1143 314 1144 675 1144 539 1144 539 1145 675 1145 558 1145 539 1146 558 1146 537 1146 594 1147 591 1147 598 1147 598 1148 591 1148 677 1148 598 1149 677 1149 678 1149 678 1150 677 1150 561 1150 678 1151 561 1151 560 1151 603 1152 598 1152 601 1152 601 1153 598 1153 678 1153 601 1154 678 1154 679 1154 679 1155 678 1155 560 1155 679 1156 560 1156 559 1156 582 1157 584 1157 580 1157 580 1158 584 1158 658 1158 580 1159 658 1159 591 1159 591 1160 658 1160 657 1160 591 1161 657 1161 677 1161 677 1162 657 1162 557 1162 677 1163 557 1163 561 1163 571 1164 570 1164 618 1164 618 1165 570 1165 601 1165 618 1166 601 1166 676 1166 676 1167 601 1167 679 1167 676 1168 679 1168 675 1168 675 1169 679 1169 559 1169 675 1170 559 1170 558 1170 324 1171 658 1171 511 1171 511 1172 658 1172 584 1172 511 1173 584 1173 515 1173 515 1174 584 1174 588 1174 515 1175 588 1175 507 1175 507 1176 588 1176 656 1176 507 1177 656 1177 508 1177 650 1178 641 1178 563 1178 563 1179 641 1179 643 1179 563 1180 643 1180 656 1180 656 1181 643 1181 659 1181 656 1182 659 1182 508 1182 508 1183 659 1183 513 1183 620 1184 667 1184 567 1184 567 1185 667 1185 638 1185 567 1186 638 1186 565 1186 565 1187 638 1187 640 1187 661 1188 667 1188 662 1188 662 1189 667 1189 620 1189 662 1190 620 1190 680 1190 680 1191 620 1191 616 1191 680 1192 616 1192 681 1192 681 1193 616 1193 618 1193 681 1194 618 1194 682 1194 682 1195 618 1195 676 1195 682 1196 676 1196 674 1196 674 1197 676 1197 302 1197 674 1198 302 1198 304 1198 664 1199 663 1199 528 1199 528 1200 663 1200 662 1200 528 1201 662 1201 531 1201 531 1202 662 1202 680 1202 531 1203 680 1203 529 1203 529 1204 680 1204 681 1204 529 1205 681 1205 532 1205 532 1206 681 1206 682 1206 532 1207 682 1207 533 1207 533 1208 682 1208 674 1208 533 1209 674 1209 535 1209 535 1210 674 1210 536 1210 669 1211 670 1211 667 1211 667 1212 670 1212 518 1212 667 1213 518 1213 638 1213 638 1214 518 1214 525 1214 638 1215 525 1215 636 1215 636 1216 525 1216 524 1216 636 1217 524 1217 643 1217 643 1218 524 1218 522 1218 643 1219 522 1219 659 1219 659 1220 522 1220 521 1220 659 1221 521 1221 358 1221 358 1222 521 1222 356 1222 663 1223 550 1223 660 1223 660 1224 550 1224 549 1224 660 1225 549 1225 661 1225 661 1226 549 1226 548 1226 661 1227 548 1227 666 1227 666 1228 548 1228 547 1228 666 1229 547 1229 668 1229 668 1230 547 1230 546 1230 668 1231 546 1231 669 1231 669 1232 546 1232 545 1232 669 1233 545 1233 670 1233 670 1234 545 1234 544 1234 670 1235 544 1235 671 1235 671 1236 544 1236 554 1236 671 1237 554 1237 672 1237 672 1238 554 1238 553 1238 672 1239 553 1239 673 1239 673 1240 553 1240 552 1240 673 1241 552 1241 665 1241 665 1242 552 1242 551 1242 665 1243 551 1243 664 1243 664 1244 551 1244 543 1244 664 1245 543 1245 663 1245 663 1246 543 1246 550 1246 683 1247 684 1247 685 1247 685 1248 684 1248 686 1248 685 1249 686 1249 687 1249 687 1250 686 1250 688 1250 687 1251 688 1251 689 1251 689 1252 688 1252 690 1252 689 1253 690 1253 691 1253 691 1254 690 1254 692 1254 691 1255 692 1255 693 1255 693 1256 692 1256 694 1256 693 1257 694 1257 695 1257 695 1258 694 1258 696 1258 695 1259 696 1259 697 1259 697 1260 696 1260 698 1260 697 1261 698 1261 699 1261 699 1262 698 1262 700 1262 699 1263 700 1263 701 1263 701 1264 700 1264 702 1264 701 1265 702 1265 703 1265 703 1266 702 1266 704 1266 703 1267 704 1267 705 1267 705 1268 704 1268 706 1268 705 1269 706 1269 707 1269 707 1270 706 1270 708 1270 707 1271 708 1271 683 1271 683 1272 708 1272 684 1272 709 1273 710 1273 711 1273 711 1274 710 1274 712 1274 711 1275 712 1275 713 1275 713 1276 712 1276 714 1276 713 1277 714 1277 715 1277 715 1278 714 1278 716 1278 715 1279 716 1279 717 1279 717 1280 716 1280 718 1280 717 1281 718 1281 719 1281 719 1282 718 1282 720 1282 719 1283 720 1283 721 1283 721 1284 720 1284 722 1284 721 1285 722 1285 723 1285 723 1286 722 1286 724 1286 723 1287 724 1287 725 1287 725 1288 724 1288 726 1288 725 1289 726 1289 727 1289 727 1290 726 1290 728 1290 727 1291 728 1291 729 1291 729 1292 728 1292 730 1292 729 1293 730 1293 731 1293 731 1294 730 1294 732 1294 731 1295 732 1295 709 1295 709 1296 732 1296 710 1296 733 1297 734 1297 735 1297 735 1298 734 1298 736 1298 735 1299 736 1299 737 1299 737 1300 736 1300 738 1300 737 1301 738 1301 739 1301 739 1302 738 1302 740 1302 739 1303 740 1303 741 1303 741 1304 740 1304 742 1304 741 1305 742 1305 743 1305 743 1306 742 1306 744 1306 743 1307 744 1307 745 1307 745 1308 744 1308 746 1308 745 1309 746 1309 747 1309 747 1310 746 1310 748 1310 747 1311 748 1311 749 1311 749 1312 748 1312 750 1312 749 1313 750 1313 751 1313 751 1314 750 1314 752 1314 751 1315 752 1315 753 1315 753 1316 752 1316 754 1316 753 1317 754 1317 755 1317 755 1318 754 1318 756 1318 755 1319 756 1319 757 1319 757 1320 756 1320 758 1320 757 1321 758 1321 733 1321 733 1322 758 1322 734 1322 759 1323 760 1323 761 1323 761 1324 760 1324 762 1324 761 1325 762 1325 763 1325 763 1326 762 1326 764 1326 763 1327 764 1327 765 1327 765 1328 764 1328 766 1328 765 1329 766 1329 767 1329 767 1330 766 1330 768 1330 767 1331 768 1331 769 1331 769 1332 768 1332 770 1332 769 1333 770 1333 771 1333 771 1334 770 1334 772 1334 771 1335 772 1335 773 1335 773 1336 772 1336 774 1336 773 1337 774 1337 775 1337 775 1338 774 1338 776 1338 775 1339 776 1339 777 1339 777 1340 776 1340 778 1340 777 1341 778 1341 779 1341 779 1342 778 1342 780 1342 779 1343 780 1343 781 1343 781 1344 780 1344 782 1344 781 1345 782 1345 783 1345 783 1346 782 1346 784 1346 783 1347 784 1347 759 1347 759 1348 784 1348 760 1348 785 1349 786 1349 787 1349 787 1350 786 1350 788 1350 787 1351 788 1351 789 1351 789 1352 788 1352 790 1352 789 1353 790 1353 791 1353 791 1354 790 1354 792 1354 791 1355 792 1355 793 1355 793 1356 792 1356 794 1356 793 1357 794 1357 795 1357 795 1358 794 1358 796 1358 795 1359 796 1359 797 1359 797 1360 796 1360 798 1360 797 1361 798 1361 799 1361 799 1362 798 1362 800 1362 799 1363 800 1363 801 1363 801 1364 800 1364 802 1364 801 1365 802 1365 803 1365 803 1366 802 1366 804 1366 803 1367 804 1367 805 1367 805 1368 804 1368 806 1368 805 1369 806 1369 807 1369 807 1370 806 1370 808 1370 807 1371 808 1371 809 1371 809 1372 808 1372 810 1372 809 1373 810 1373 811 1373 811 1374 810 1374 812 1374 811 1375 812 1375 813 1375 813 1376 812 1376 814 1376 813 1377 814 1377 815 1377 815 1378 814 1378 816 1378 815 1379 816 1379 817 1379 817 1380 816 1380 818 1380 819 1381 820 1381 821 1381 821 1382 820 1382 822 1382 821 1383 822 1383 823 1383 823 1384 822 1384 824 1384 823 1385 824 1385 825 1385 825 1386 824 1386 826 1386 825 1387 826 1387 827 1387 827 1388 826 1388 828 1388 827 1389 828 1389 829 1389 829 1390 828 1390 830 1390 829 1391 830 1391 831 1391 831 1392 830 1392 832 1392 831 1393 832 1393 833 1393 833 1394 832 1394 785 1394 833 1395 785 1395 834 1395 834 1396 785 1396 787 1396 834 1397 787 1397 835 1397 835 1398 787 1398 789 1398 835 1399 789 1399 836 1399 836 1400 789 1400 791 1400 836 1401 791 1401 837 1401 837 1402 791 1402 793 1402 837 1403 793 1403 838 1403 838 1404 793 1404 795 1404 838 1405 795 1405 839 1405 839 1406 795 1406 797 1406 839 1407 797 1407 840 1407 797 1408 799 1408 840 1408 840 1409 799 1409 801 1409 840 1410 801 1410 841 1410 841 1411 801 1411 803 1411 841 1412 803 1412 842 1412 842 1413 803 1413 843 1413 842 1414 843 1414 844 1414 844 1415 843 1415 807 1415 844 1416 807 1416 845 1416 845 1417 807 1417 809 1417 845 1418 809 1418 846 1418 846 1419 809 1419 811 1419 846 1420 811 1420 847 1420 847 1421 811 1421 813 1421 847 1422 813 1422 848 1422 848 1423 813 1423 815 1423 848 1424 815 1424 849 1424 849 1425 815 1425 817 1425 849 1426 817 1426 850 1426 850 1427 817 1427 851 1427 850 1428 851 1428 852 1428 852 1429 851 1429 853 1429 852 1430 853 1430 854 1430 854 1431 853 1431 855 1431 854 1432 855 1432 856 1432 856 1433 855 1433 857 1433 856 1434 857 1434 858 1434 858 1435 857 1435 859 1435 858 1436 859 1436 860 1436 860 1437 859 1437 861 1437 860 1438 861 1438 862 1438 862 1439 861 1439 863 1439 862 1440 863 1440 819 1440 819 1441 863 1441 864 1441 819 1442 864 1442 820 1442 817 1443 818 1443 851 1443 851 1444 818 1444 865 1444 851 1445 865 1445 853 1445 853 1446 865 1446 866 1446 853 1447 866 1447 855 1447 855 1448 866 1448 867 1448 855 1449 867 1449 857 1449 857 1450 867 1450 868 1450 857 1451 868 1451 859 1451 859 1452 868 1452 869 1452 859 1453 869 1453 861 1453 861 1454 869 1454 870 1454 861 1455 870 1455 863 1455 863 1456 870 1456 871 1456 863 1457 871 1457 864 1457 864 1458 871 1458 872 1458 864 1459 872 1459 820 1459 820 1460 872 1460 873 1460 820 1461 873 1461 874 1461 874 1462 873 1462 875 1462 874 1463 875 1463 824 1463 824 1464 875 1464 876 1464 824 1465 876 1465 826 1465 826 1466 876 1466 877 1466 826 1467 877 1467 828 1467 828 1468 877 1468 878 1468 828 1469 878 1469 830 1469 830 1470 878 1470 879 1470 830 1471 879 1471 832 1471 832 1472 879 1472 880 1472 832 1473 880 1473 785 1473 785 1474 880 1474 786 1474 872 1475 881 1475 873 1475 873 1476 881 1476 882 1476 873 1477 882 1477 883 1477 883 1478 882 1478 884 1478 883 1479 884 1479 876 1479 876 1480 884 1480 885 1480 876 1481 885 1481 877 1481 877 1482 885 1482 886 1482 877 1483 886 1483 878 1483 878 1484 886 1484 887 1484 878 1485 887 1485 879 1485 879 1486 887 1486 888 1486 879 1487 888 1487 880 1487 880 1488 888 1488 889 1488 880 1489 889 1489 786 1489 786 1490 889 1490 890 1490 786 1491 890 1491 788 1491 788 1492 890 1492 891 1492 788 1493 891 1493 790 1493 790 1494 891 1494 892 1494 790 1495 892 1495 792 1495 792 1496 892 1496 893 1496 792 1497 893 1497 794 1497 794 1498 893 1498 894 1498 794 1499 894 1499 796 1499 796 1500 894 1500 895 1500 796 1501 895 1501 798 1501 798 1502 895 1502 896 1502 798 1503 896 1503 800 1503 800 1504 896 1504 897 1504 800 1505 897 1505 802 1505 897 1506 898 1506 802 1506 802 1507 898 1507 899 1507 802 1508 899 1508 804 1508 804 1509 899 1509 900 1509 804 1510 900 1510 901 1510 901 1511 900 1511 902 1511 901 1512 902 1512 808 1512 808 1513 902 1513 903 1513 808 1514 903 1514 810 1514 810 1515 903 1515 904 1515 810 1516 904 1516 812 1516 812 1517 904 1517 905 1517 812 1518 905 1518 814 1518 814 1519 905 1519 906 1519 814 1520 906 1520 816 1520 816 1521 906 1521 907 1521 816 1522 907 1522 818 1522 818 1523 907 1523 908 1523 818 1524 908 1524 865 1524 865 1525 908 1525 909 1525 865 1526 909 1526 866 1526 866 1527 909 1527 910 1527 866 1528 910 1528 867 1528 867 1529 910 1529 911 1529 867 1530 911 1530 868 1530 868 1531 911 1531 912 1531 868 1532 912 1532 869 1532 869 1533 912 1533 913 1533 869 1534 913 1534 870 1534 870 1535 913 1535 914 1535 870 1536 914 1536 871 1536 871 1537 914 1537 915 1537 871 1538 915 1538 872 1538 872 1539 915 1539 916 1539 872 1540 916 1540 881 1540 917 1541 890 1541 889 1541 917 1542 889 1542 918 1542 918 1543 889 1543 888 1543 918 1544 888 1544 919 1544 919 1545 888 1545 887 1545 919 1546 887 1546 920 1546 920 1547 887 1547 886 1547 920 1548 886 1548 921 1548 921 1549 886 1549 885 1549 921 1550 885 1550 922 1550 922 1551 885 1551 884 1551 922 1552 884 1552 923 1552 923 1553 884 1553 882 1553 923 1554 882 1554 924 1554 924 1555 882 1555 881 1555 924 1556 881 1556 925 1556 925 1557 881 1557 926 1557 926 1558 881 1558 916 1558 926 1559 916 1559 927 1559 927 1560 916 1560 915 1560 927 1561 915 1561 928 1561 928 1562 915 1562 914 1562 928 1563 914 1563 929 1563 929 1564 914 1564 913 1564 929 1565 913 1565 930 1565 930 1566 913 1566 912 1566 930 1567 912 1567 931 1567 931 1568 912 1568 911 1568 931 1569 911 1569 932 1569 932 1570 911 1570 910 1570 932 1571 910 1571 933 1571 933 1572 910 1572 909 1572 933 1573 909 1573 934 1573 934 1574 909 1574 908 1574 934 1575 908 1575 935 1575 899 1576 936 1576 900 1576 900 1577 936 1577 937 1577 900 1578 937 1578 902 1578 902 1579 937 1579 938 1579 902 1580 938 1580 903 1580 903 1581 938 1581 939 1581 903 1582 939 1582 904 1582 904 1583 939 1583 940 1583 904 1584 940 1584 905 1584 905 1585 940 1585 941 1585 905 1586 941 1586 906 1586 906 1587 941 1587 942 1587 906 1588 942 1588 907 1588 907 1589 942 1589 935 1589 907 1590 935 1590 908 1590 943 1591 944 1591 899 1591 899 1592 944 1592 945 1592 899 1593 945 1593 936 1593 899 1594 898 1594 943 1594 943 1595 898 1595 897 1595 943 1596 897 1596 946 1596 946 1597 897 1597 896 1597 946 1598 896 1598 947 1598 947 1599 896 1599 895 1599 947 1600 895 1600 948 1600 948 1601 895 1601 894 1601 948 1602 894 1602 949 1602 949 1603 894 1603 893 1603 949 1604 893 1604 950 1604 950 1605 893 1605 892 1605 950 1606 892 1606 951 1606 951 1607 892 1607 891 1607 951 1608 891 1608 952 1608 952 1609 891 1609 890 1609 952 1610 890 1610 917 1610 953 1611 954 1611 955 1611 955 1612 954 1612 956 1612 955 1613 956 1613 957 1613 953 1614 958 1614 954 1614 954 1615 958 1615 959 1615 960 1616 961 1616 962 1616 962 1617 961 1617 959 1617 962 1618 959 1618 958 1618 963 1619 964 1619 965 1619 965 1620 964 1620 966 1620 965 1621 966 1621 967 1621 968 1622 967 1622 969 1622 969 1623 967 1623 966 1623 968 1624 969 1624 970 1624 970 1625 969 1625 971 1625 970 1626 971 1626 972 1626 960 1627 972 1627 961 1627 961 1628 972 1628 971 1628 967 1629 968 1629 691 1629 926 1630 927 1630 970 1630 970 1631 927 1631 928 1631 699 1632 701 1632 965 1632 691 1633 693 1633 967 1633 967 1634 693 1634 695 1634 967 1635 695 1635 965 1635 965 1636 695 1636 697 1636 965 1637 697 1637 699 1637 934 1638 965 1638 933 1638 933 1639 965 1639 701 1639 933 1640 701 1640 932 1640 932 1641 701 1641 703 1641 932 1642 703 1642 931 1642 931 1643 703 1643 705 1643 931 1644 705 1644 930 1644 930 1645 705 1645 707 1645 930 1646 707 1646 929 1646 929 1647 707 1647 683 1647 929 1648 683 1648 928 1648 928 1649 683 1649 685 1649 928 1650 685 1650 970 1650 970 1651 685 1651 687 1651 970 1652 687 1652 968 1652 968 1653 687 1653 689 1653 968 1654 689 1654 691 1654 960 1655 709 1655 711 1655 960 1656 711 1656 972 1656 711 1657 713 1657 972 1657 972 1658 713 1658 715 1658 972 1659 715 1659 970 1659 709 1660 960 1660 731 1660 731 1661 960 1661 962 1661 731 1662 962 1662 729 1662 729 1663 962 1663 919 1663 729 1664 919 1664 727 1664 727 1665 919 1665 920 1665 727 1666 920 1666 725 1666 725 1667 920 1667 921 1667 725 1668 921 1668 723 1668 723 1669 921 1669 922 1669 723 1670 922 1670 721 1670 715 1671 717 1671 970 1671 970 1672 717 1672 719 1672 970 1673 719 1673 721 1673 922 1674 923 1674 721 1674 721 1675 923 1675 924 1675 721 1676 924 1676 970 1676 970 1677 924 1677 925 1677 970 1678 925 1678 926 1678 952 1679 917 1679 962 1679 962 1680 917 1680 918 1680 962 1681 918 1681 919 1681 958 1682 733 1682 962 1682 962 1683 733 1683 735 1683 962 1684 735 1684 737 1684 737 1685 739 1685 962 1685 962 1686 739 1686 951 1686 962 1687 951 1687 952 1687 955 1688 943 1688 946 1688 751 1689 953 1689 749 1689 749 1690 953 1690 955 1690 749 1691 955 1691 747 1691 747 1692 955 1692 946 1692 747 1693 946 1693 745 1693 745 1694 946 1694 947 1694 745 1695 947 1695 743 1695 743 1696 947 1696 948 1696 743 1697 948 1697 741 1697 741 1698 948 1698 949 1698 741 1699 949 1699 739 1699 739 1700 949 1700 950 1700 739 1701 950 1701 951 1701 751 1702 753 1702 953 1702 953 1703 753 1703 755 1703 953 1704 755 1704 958 1704 958 1705 755 1705 757 1705 958 1706 757 1706 733 1706 957 1707 963 1707 775 1707 781 1708 955 1708 779 1708 779 1709 955 1709 957 1709 779 1710 957 1710 777 1710 777 1711 957 1711 775 1711 936 1712 945 1712 955 1712 955 1713 945 1713 944 1713 955 1714 944 1714 943 1714 937 1715 936 1715 759 1715 759 1716 936 1716 955 1716 759 1717 955 1717 783 1717 783 1718 955 1718 781 1718 965 1719 771 1719 963 1719 963 1720 771 1720 773 1720 963 1721 773 1721 775 1721 934 1722 935 1722 965 1722 965 1723 935 1723 942 1723 965 1724 942 1724 941 1724 937 1725 759 1725 938 1725 938 1726 759 1726 761 1726 938 1727 761 1727 939 1727 939 1728 761 1728 763 1728 939 1729 763 1729 940 1729 940 1730 763 1730 765 1730 940 1731 765 1731 941 1731 941 1732 765 1732 767 1732 941 1733 767 1733 965 1733 965 1734 767 1734 769 1734 965 1735 769 1735 771 1735 963 1736 957 1736 964 1736 964 1737 957 1737 956 1737 973 1738 974 1738 975 1738 973 1739 975 1739 976 1739 976 1740 975 1740 977 1740 976 1741 977 1741 978 1741 978 1742 977 1742 979 1742 978 1743 979 1743 980 1743 980 1744 979 1744 981 1744 980 1745 981 1745 982 1745 982 1746 981 1746 983 1746 982 1747 983 1747 984 1747 984 1748 983 1748 985 1748 984 1749 985 1749 986 1749 986 1750 985 1750 987 1750 986 1751 987 1751 988 1751 988 1752 987 1752 989 1752 988 1753 989 1753 990 1753 990 1754 989 1754 991 1754 990 1755 991 1755 992 1755 992 1756 991 1756 993 1756 992 1757 993 1757 994 1757 994 1758 993 1758 995 1758 994 1759 995 1759 996 1759 996 1760 995 1760 997 1760 996 1761 997 1761 998 1761 998 1762 997 1762 999 1762 998 1763 999 1763 1000 1763 1000 1764 999 1764 1001 1764 1000 1765 1001 1765 1002 1765 1002 1766 1001 1766 1003 1766 1002 1767 1003 1767 1004 1767 1004 1768 1003 1768 1005 1768 1004 1769 1005 1769 1006 1769 1006 1770 1005 1770 1007 1770 1006 1771 1007 1771 1008 1771 1008 1772 1007 1772 1009 1772 1008 1773 1009 1773 1010 1773 1010 1774 1009 1774 1011 1774 1010 1775 1011 1775 1012 1775 1012 1776 1011 1776 1013 1776 1012 1777 1013 1777 1014 1777 1014 1778 1013 1778 1015 1778 1014 1779 1015 1779 1016 1779 1016 1780 1015 1780 1017 1780 1016 1781 1017 1781 1018 1781 1018 1782 1017 1782 1019 1782 1018 1783 1019 1783 1020 1783 1020 1784 1019 1784 1021 1784 1020 1785 1021 1785 1022 1785 1022 1786 1021 1786 1023 1786 1022 1787 1023 1787 1024 1787 1024 1788 1023 1788 1025 1788 1024 1789 1025 1789 1026 1789 1026 1790 1025 1790 1027 1790 1026 1791 1027 1791 1028 1791 1028 1792 1027 1792 1029 1792 1028 1793 1029 1793 1030 1793 1030 1794 1029 1794 1031 1794 1030 1795 1031 1795 1032 1795 1032 1796 1031 1796 1033 1796 1032 1797 1033 1797 1034 1797 1034 1798 1033 1798 1035 1798 1034 1799 1035 1799 1036 1799 1036 1800 1035 1800 1037 1800 1036 1801 1037 1801 1038 1801 1038 1802 1037 1802 1039 1802 1038 1803 1039 1803 1040 1803 1040 1804 1039 1804 1041 1804 1040 1805 1041 1805 1042 1805 1042 1806 1041 1806 1043 1806 1042 1807 1043 1807 1044 1807 1044 1808 1043 1808 1045 1808 1044 1809 1045 1809 1046 1809 1046 1810 1045 1810 1047 1810 1046 1811 1047 1811 1048 1811 1048 1812 1047 1812 974 1812 1048 1813 974 1813 973 1813 1049 1814 1012 1814 1014 1814 1049 1815 1014 1815 1050 1815 1050 1816 1014 1816 1016 1816 1050 1817 1016 1817 1051 1817 1051 1818 1016 1818 1018 1818 1051 1819 1018 1819 1052 1819 1052 1820 1018 1820 1020 1820 1052 1821 1020 1821 1053 1821 1053 1822 1020 1822 1022 1822 1053 1823 1022 1823 1054 1823 1054 1824 1022 1824 1024 1824 1054 1825 1024 1825 1055 1825 1055 1826 1024 1826 1026 1826 1055 1827 1026 1827 1056 1827 1056 1828 1026 1828 1028 1828 1056 1829 1028 1829 1057 1829 1057 1830 1028 1830 1030 1830 1057 1831 1030 1831 1058 1831 1058 1832 1030 1832 1032 1832 1058 1833 1032 1833 1059 1833 1059 1834 1032 1834 1034 1834 1059 1835 1034 1835 1060 1835 1060 1836 1034 1836 1036 1836 1060 1837 1036 1837 1061 1837 1061 1838 1036 1838 1038 1838 1061 1839 1038 1839 1062 1839 1062 1840 1038 1840 1040 1840 1062 1841 1040 1841 1063 1841 1063 1842 1040 1842 1042 1842 1063 1843 1042 1843 1064 1843 1064 1844 1042 1844 1044 1844 1064 1845 1044 1845 1065 1845 1065 1846 1044 1846 1046 1846 1065 1847 1046 1847 1066 1847 1066 1848 1046 1848 1048 1848 1066 1849 1048 1849 1067 1849 1067 1850 1048 1850 973 1850 1067 1851 973 1851 1068 1851 1068 1852 973 1852 976 1852 1068 1853 976 1853 1069 1853 1069 1854 976 1854 978 1854 1069 1855 978 1855 1070 1855 1070 1856 978 1856 980 1856 1070 1857 980 1857 1071 1857 1071 1858 980 1858 982 1858 1071 1859 982 1859 1072 1859 1072 1860 982 1860 984 1860 1072 1861 984 1861 1073 1861 1073 1862 984 1862 986 1862 1073 1863 986 1863 1074 1863 1074 1864 986 1864 988 1864 1074 1865 988 1865 1075 1865 1075 1866 988 1866 990 1866 1075 1867 990 1867 1076 1867 1076 1868 990 1868 992 1868 1076 1869 992 1869 1077 1869 1077 1870 992 1870 994 1870 1077 1871 994 1871 1078 1871 1078 1872 994 1872 996 1872 1078 1873 996 1873 1079 1873 1079 1874 996 1874 998 1874 1079 1875 998 1875 1080 1875 1080 1876 998 1876 1000 1876 1080 1877 1000 1877 1081 1877 1081 1878 1000 1878 1002 1878 1081 1879 1002 1879 1082 1879 1082 1880 1002 1880 1004 1880 1082 1881 1004 1881 1083 1881 1083 1882 1004 1882 1006 1882 1083 1883 1006 1883 1084 1883 1084 1884 1006 1884 1008 1884 1084 1885 1008 1885 1085 1885 1085 1886 1008 1886 1010 1886 1085 1887 1010 1887 1086 1887 1086 1888 1010 1888 1012 1888 1086 1889 1012 1889 1049 1889 1087 1890 1088 1890 1089 1890 1087 1891 1089 1891 1090 1891 1090 1892 1089 1892 1091 1892 1090 1893 1091 1893 1092 1893 1092 1894 1091 1894 1093 1894 1092 1895 1093 1895 1094 1895 1094 1896 1093 1896 1095 1896 1094 1897 1095 1897 1096 1897 1096 1898 1095 1898 1097 1898 1096 1899 1097 1899 1098 1899 1098 1900 1097 1900 1099 1900 1098 1901 1099 1901 1100 1901 1100 1902 1099 1902 1101 1902 1100 1903 1101 1903 1102 1903 1102 1904 1101 1904 1103 1904 1102 1905 1103 1905 1104 1905 1105 1906 1106 1906 1107 1906 1105 1907 1107 1907 1108 1907 1108 1908 1107 1908 1109 1908 1108 1909 1109 1909 1110 1909 1110 1910 1109 1910 1111 1910 1110 1911 1111 1911 1112 1911 1112 1912 1111 1912 1113 1912 1112 1913 1113 1913 1114 1913 1114 1914 1113 1914 1115 1914 1114 1915 1115 1915 1116 1915 1116 1916 1115 1916 1117 1916 1116 1917 1117 1917 1118 1917 1118 1918 1117 1918 1119 1918 1118 1919 1119 1919 1120 1919 1120 1920 1119 1920 1121 1920 1120 1921 1121 1921 1122 1921 1123 1922 1124 1922 1125 1922 1126 1923 1127 1923 1128 1923 1129 1924 1130 1924 1131 1924 1132 1925 1133 1925 1107 1925 1125 1926 1124 1926 1134 1926 1107 1927 1133 1927 1109 1927 1117 1928 1135 1928 1119 1928 1119 1929 1135 1929 1136 1929 1119 1930 1136 1930 1121 1930 1121 1931 1136 1931 1137 1931 1126 1932 1138 1932 1127 1932 1127 1933 1138 1933 1137 1933 1127 1934 1137 1934 1139 1934 1139 1935 1137 1935 1136 1935 1140 1936 1141 1936 1142 1936 1143 1937 1144 1937 1145 1937 1117 1938 1115 1938 1135 1938 1135 1939 1115 1939 1113 1939 1135 1940 1113 1940 1133 1940 1133 1941 1113 1941 1111 1941 1133 1942 1111 1942 1109 1942 1146 1943 1147 1943 1148 1943 1149 1944 1150 1944 1130 1944 1140 1945 1142 1945 1151 1945 1152 1946 1101 1946 1153 1946 1153 1947 1101 1947 1099 1947 1154 1948 1155 1948 1156 1948 1156 1949 1155 1949 1134 1949 1156 1950 1134 1950 1157 1950 1157 1951 1134 1951 1124 1951 1157 1952 1124 1952 1158 1952 1158 1953 1124 1953 1143 1953 1158 1954 1143 1954 1159 1954 1159 1955 1143 1955 1145 1955 1160 1956 1161 1956 1162 1956 1163 1957 1164 1957 1165 1957 1166 1958 1161 1958 1167 1958 1167 1959 1161 1959 1160 1959 1167 1960 1160 1960 1168 1960 1168 1961 1160 1961 1169 1961 1168 1962 1169 1962 1170 1962 1170 1963 1169 1963 1126 1963 1170 1964 1126 1964 1171 1964 1171 1965 1126 1965 1128 1965 1130 1966 1150 1966 1131 1966 1131 1967 1150 1967 1172 1967 1131 1968 1172 1968 1173 1968 1174 1969 1175 1969 1176 1969 1176 1970 1175 1970 1177 1970 1176 1971 1177 1971 1178 1971 1178 1972 1177 1972 1179 1972 1178 1973 1179 1973 1125 1973 1125 1974 1179 1974 1180 1974 1125 1975 1180 1975 1123 1975 1162 1976 1181 1976 1160 1976 1160 1977 1181 1977 1163 1977 1160 1978 1163 1978 1182 1978 1182 1979 1163 1979 1165 1979 1093 1980 1183 1980 1095 1980 1095 1981 1183 1981 1153 1981 1095 1982 1153 1982 1097 1982 1097 1983 1153 1983 1099 1983 1141 1984 1140 1984 1184 1984 1184 1985 1140 1985 1155 1985 1184 1986 1155 1986 1185 1986 1186 1987 1187 1987 1101 1987 1188 1988 1189 1988 1103 1988 1190 1989 1191 1989 1192 1989 1192 1990 1191 1990 1132 1990 1192 1991 1132 1991 1106 1991 1106 1992 1132 1992 1107 1992 1193 1993 1194 1993 1101 1993 1101 1994 1194 1994 1195 1994 1196 1995 1186 1995 1155 1995 1155 1996 1186 1996 1101 1996 1155 1997 1101 1997 1185 1997 1173 1998 1172 1998 1197 1998 1197 1999 1172 1999 1198 1999 1197 2000 1198 2000 1199 2000 1142 2001 1200 2001 1151 2001 1151 2002 1200 2002 1201 2002 1151 2003 1201 2003 1138 2003 1138 2004 1202 2004 1203 2004 1093 2005 1091 2005 1183 2005 1183 2006 1091 2006 1089 2006 1183 2007 1089 2007 1204 2007 1204 2008 1089 2008 1088 2008 1129 2009 1131 2009 1205 2009 1205 2010 1131 2010 1206 2010 1205 2011 1206 2011 1152 2011 1152 2012 1206 2012 1207 2012 1152 2013 1207 2013 1101 2013 1101 2014 1207 2014 1208 2014 1101 2015 1208 2015 1193 2015 1195 2016 1209 2016 1101 2016 1101 2017 1209 2017 1210 2017 1101 2018 1210 2018 1185 2018 1154 2019 1211 2019 1155 2019 1155 2020 1211 2020 1212 2020 1155 2021 1212 2021 1196 2021 1196 2022 1212 2022 1213 2022 1196 2023 1213 2023 1214 2023 1187 2024 1215 2024 1101 2024 1101 2025 1215 2025 1216 2025 1101 2026 1216 2026 1103 2026 1103 2027 1216 2027 1217 2027 1103 2028 1217 2028 1188 2028 1218 2029 1219 2029 1220 2029 1220 2030 1219 2030 1221 2030 1220 2031 1221 2031 1222 2031 1222 2032 1221 2032 1148 2032 1222 2033 1148 2033 1223 2033 1223 2034 1148 2034 1147 2034 1223 2035 1147 2035 1224 2035 1224 2036 1147 2036 1149 2036 1224 2037 1149 2037 1225 2037 1225 2038 1149 2038 1130 2038 1226 2039 1227 2039 1228 2039 1228 2040 1227 2040 1146 2040 1228 2041 1146 2041 1229 2041 1229 2042 1146 2042 1148 2042 1230 2043 1231 2043 1232 2043 1232 2044 1231 2044 1233 2044 1232 2045 1233 2045 1234 2045 1234 2046 1235 2046 1232 2046 1232 2047 1235 2047 1236 2047 1232 2048 1236 2048 1237 2048 1238 2049 1230 2049 1239 2049 1239 2050 1230 2050 1232 2050 1239 2051 1232 2051 1240 2051 1240 2052 1232 2052 1241 2052 1240 2053 1241 2053 1242 2053 1242 2054 1241 2054 1243 2054 1242 2055 1243 2055 1244 2055 1244 2056 1243 2056 1245 2056 1244 2057 1245 2057 1213 2057 1213 2058 1245 2058 1246 2058 1213 2059 1246 2059 1214 2059 1247 2060 1248 2060 1249 2060 1199 2061 1198 2061 1250 2061 1250 2062 1198 2062 1251 2062 1250 2063 1251 2063 1252 2063 1250 2064 1253 2064 1199 2064 1199 2065 1253 2065 1254 2065 1199 2066 1254 2066 1255 2066 1255 2067 1254 2067 1256 2067 1255 2068 1256 2068 1257 2068 1201 2069 1258 2069 1138 2069 1138 2070 1258 2070 1259 2070 1138 2071 1259 2071 1202 2071 1202 2072 1259 2072 1260 2072 1202 2073 1260 2073 1256 2073 1256 2074 1260 2074 1261 2074 1256 2075 1261 2075 1257 2075 1262 2076 1263 2076 1264 2076 1264 2077 1263 2077 1204 2077 1264 2078 1204 2078 1265 2078 1265 2079 1204 2079 1088 2079 1249 2080 1266 2080 1267 2080 1268 2081 1269 2081 1270 2081 1270 2082 1269 2082 1137 2082 1270 2083 1137 2083 1271 2083 1271 2084 1137 2084 1138 2084 1271 2085 1138 2085 1272 2085 1272 2086 1138 2086 1203 2086 1273 2087 1266 2087 1274 2087 1274 2088 1266 2088 1249 2088 1274 2089 1249 2089 1275 2089 1275 2090 1249 2090 1276 2090 1275 2091 1276 2091 1277 2091 1277 2092 1276 2092 1252 2092 1277 2093 1252 2093 1278 2093 1278 2094 1252 2094 1251 2094 1279 2095 1247 2095 1280 2095 1280 2096 1247 2096 1249 2096 1280 2097 1249 2097 1281 2097 1281 2098 1249 2098 1267 2098 1282 2099 1143 2099 1124 2099 1282 2100 1124 2100 1283 2100 1283 2101 1124 2101 1123 2101 1283 2102 1123 2102 1284 2102 1284 2103 1123 2103 1180 2103 1284 2104 1180 2104 1285 2104 1285 2105 1180 2105 1179 2105 1285 2106 1179 2106 1286 2106 1286 2107 1179 2107 1177 2107 1286 2108 1177 2108 1287 2108 1288 2109 1289 2109 1290 2109 1290 2110 1289 2110 1291 2110 1291 2111 1292 2111 1290 2111 1290 2112 1292 2112 1293 2112 1294 2113 1295 2113 1292 2113 1292 2114 1295 2114 1293 2114 1294 2115 1289 2115 1295 2115 1295 2116 1289 2116 1288 2116 1296 2117 1297 2117 1298 2117 1298 2118 1297 2118 1299 2118 1300 2119 1301 2119 1302 2119 1302 2120 1301 2120 1303 2120 1302 2121 1303 2121 1304 2121 1304 2122 1303 2122 1305 2122 1304 2123 1305 2123 1306 2123 1306 2124 1305 2124 1307 2124 1306 2125 1307 2125 1308 2125 1308 2126 1307 2126 1309 2126 1310 2127 1311 2127 1312 2127 1312 2128 1311 2128 1313 2128 1314 2129 1315 2129 1303 2129 1303 2130 1301 2130 1314 2130 1314 2131 1301 2131 1316 2131 1314 2132 1316 2132 1317 2132 1317 2133 1316 2133 1318 2133 1317 2134 1318 2134 1319 2134 1320 2135 1309 2135 1321 2135 1321 2136 1309 2136 1307 2136 1321 2137 1307 2137 1315 2137 1315 2138 1307 2138 1305 2138 1315 2139 1305 2139 1303 2139 1319 2140 1318 2140 1322 2140 1322 2141 1318 2141 1323 2141 1322 2142 1323 2142 1324 2142 1324 2143 1323 2143 1325 2143 1324 2144 1325 2144 1326 2144 1326 2145 1325 2145 1327 2145 1326 2146 1327 2146 1328 2146 1328 2147 1327 2147 1329 2147 1328 2148 1329 2148 1330 2148 1330 2149 1329 2149 1331 2149 1330 2150 1331 2150 1332 2150 1332 2151 1331 2151 1333 2151 1332 2152 1333 2152 1334 2152 1334 2153 1333 2153 1313 2153 1334 2154 1313 2154 1320 2154 1320 2155 1313 2155 1311 2155 1320 2156 1311 2156 1309 2156 1312 2157 1313 2157 1333 2157 1331 2158 1335 2158 1336 2158 1331 2159 1336 2159 1333 2159 1333 2160 1336 2160 1337 2160 1333 2161 1337 2161 1312 2161 1338 2162 1339 2162 1318 2162 1318 2163 1339 2163 1323 2163 1339 2164 1340 2164 1323 2164 1323 2165 1340 2165 1341 2165 1323 2166 1341 2166 1325 2166 1341 2167 1342 2167 1325 2167 1325 2168 1342 2168 1343 2168 1325 2169 1343 2169 1327 2169 1343 2170 1344 2170 1327 2170 1327 2171 1344 2171 1345 2171 1327 2172 1345 2172 1329 2172 1335 2173 1331 2173 1346 2173 1346 2174 1331 2174 1329 2174 1346 2175 1329 2175 1347 2175 1347 2176 1329 2176 1345 2176 1338 2177 1318 2177 1348 2177 1348 2178 1318 2178 1316 2178 1349 2179 1348 2179 1316 2179 1301 2180 1300 2180 1316 2180 1316 2181 1300 2181 1350 2181 1316 2182 1350 2182 1349 2182 1351 2183 1352 2183 1353 2183 1351 2184 1353 2184 1354 2184 1353 2185 1355 2185 1354 2185 1354 2186 1355 2186 1356 2186 1354 2187 1356 2187 1357 2187 1349 2188 1350 2188 1358 2188 1358 2189 1350 2189 1357 2189 1358 2190 1357 2190 1359 2190 1359 2191 1357 2191 1356 2191 1352 2192 1351 2192 1360 2192 1360 2193 1351 2193 1361 2193 1362 2194 1363 2194 1364 2194 1364 2195 1363 2195 1365 2195 1363 2196 1366 2196 1365 2196 1365 2197 1366 2197 1367 2197 1365 2198 1367 2198 1368 2198 1360 2199 1361 2199 1369 2199 1369 2200 1361 2200 1368 2200 1369 2201 1368 2201 1370 2201 1370 2202 1368 2202 1367 2202 1371 2203 1362 2203 1372 2203 1372 2204 1362 2204 1364 2204 1372 2205 1364 2205 1373 2205 1373 2206 1364 2206 1374 2206 1371 2207 1372 2207 1375 2207 1375 2208 1372 2208 1376 2208 1377 2209 1378 2209 1379 2209 1379 2210 1378 2210 1380 2210 1378 2211 1381 2211 1380 2211 1380 2212 1381 2212 1382 2212 1380 2213 1382 2213 1383 2213 1382 2214 1384 2214 1383 2214 1383 2215 1384 2215 1385 2215 1383 2216 1385 2216 1386 2216 1385 2217 1387 2217 1386 2217 1386 2218 1387 2218 1388 2218 1386 2219 1388 2219 1389 2219 1375 2220 1376 2220 1390 2220 1390 2221 1376 2221 1389 2221 1390 2222 1389 2222 1391 2222 1391 2223 1389 2223 1388 2223 1377 2224 1379 2224 1392 2224 1392 2225 1379 2225 1393 2225 1392 2226 1393 2226 1394 2226 1394 2227 1393 2227 1297 2227 1394 2228 1297 2228 1296 2228 1395 2229 1396 2229 1299 2229 1299 2230 1396 2230 1397 2230 1398 2231 1373 2231 1399 2231 1399 2232 1373 2232 1400 2232 1399 2233 1400 2233 1401 2233 1401 2234 1400 2234 1402 2234 1401 2235 1402 2235 1396 2235 1396 2236 1402 2236 1403 2236 1396 2237 1403 2237 1397 2237 1395 2238 1299 2238 1404 2238 1404 2239 1299 2239 1297 2239 1404 2240 1297 2240 1405 2240 1405 2241 1297 2241 1393 2241 1405 2242 1393 2242 1406 2242 1406 2243 1393 2243 1379 2243 1406 2244 1379 2244 1407 2244 1407 2245 1379 2245 1380 2245 1407 2246 1380 2246 1408 2246 1408 2247 1380 2247 1383 2247 1408 2248 1383 2248 1409 2248 1409 2249 1383 2249 1386 2249 1409 2250 1386 2250 1410 2250 1410 2251 1386 2251 1389 2251 1410 2252 1389 2252 1411 2252 1411 2253 1389 2253 1376 2253 1411 2254 1376 2254 1398 2254 1398 2255 1376 2255 1372 2255 1398 2256 1372 2256 1373 2256 1412 2257 1397 2257 1413 2257 1413 2258 1397 2258 1403 2258 1413 2259 1403 2259 1414 2259 1414 2260 1403 2260 1402 2260 1414 2261 1402 2261 1415 2261 1415 2262 1402 2262 1400 2262 1415 2263 1400 2263 1374 2263 1374 2264 1400 2264 1373 2264 1416 2265 1417 2265 1418 2265 1418 2266 1417 2266 1419 2266 1420 2267 1421 2267 1422 2267 1418 2268 1423 2268 1416 2268 1416 2269 1423 2269 1424 2269 1416 2270 1424 2270 1425 2270 1425 2271 1424 2271 1426 2271 1425 2272 1426 2272 1421 2272 1421 2273 1426 2273 1427 2273 1421 2274 1427 2274 1422 2274 1422 2275 1428 2275 1420 2275 1420 2276 1428 2276 1429 2276 1420 2277 1429 2277 1430 2277 1430 2278 1429 2278 1431 2278 1417 2279 1432 2279 1419 2279 1419 2280 1432 2280 1433 2280 1419 2281 1433 2281 1434 2281 1434 2282 1433 2282 1435 2282 1434 2283 1435 2283 1436 2283 1436 2284 1435 2284 1437 2284 1436 2285 1437 2285 1438 2285 1438 2286 1437 2286 1439 2286 1438 2287 1439 2287 1440 2287 1440 2288 1439 2288 1441 2288 1440 2289 1441 2289 1431 2289 1431 2290 1441 2290 1442 2290 1431 2291 1442 2291 1430 2291 1443 2292 1428 2292 1444 2292 1444 2293 1428 2293 1422 2293 1444 2294 1422 2294 1445 2294 1445 2295 1422 2295 1427 2295 1445 2296 1427 2296 1446 2296 1446 2297 1427 2297 1426 2297 1446 2298 1426 2298 1447 2298 1447 2299 1426 2299 1424 2299 1448 2300 1449 2300 1450 2300 1451 2301 1452 2301 1453 2301 1454 2302 1455 2302 1361 2302 1456 2303 1457 2303 1458 2303 1458 2304 1457 2304 1454 2304 1458 2305 1454 2305 1351 2305 1351 2306 1454 2306 1361 2306 1459 2307 1452 2307 1460 2307 1460 2308 1452 2308 1451 2308 1460 2309 1451 2309 1461 2309 1461 2310 1451 2310 1462 2310 1463 2311 1464 2311 1465 2311 1465 2312 1464 2312 1466 2312 1467 2313 1468 2313 1469 2313 1469 2314 1468 2314 1470 2314 1469 2315 1470 2315 1471 2315 1471 2316 1470 2316 1472 2316 1471 2317 1472 2317 1473 2317 1473 2318 1472 2318 1474 2318 1473 2319 1474 2319 1475 2319 1475 2320 1474 2320 1476 2320 1475 2321 1476 2321 1477 2321 1477 2322 1476 2322 1478 2322 1477 2323 1478 2323 1479 2323 1479 2324 1478 2324 1480 2324 1479 2325 1480 2325 1481 2325 1481 2326 1480 2326 1482 2326 1483 2327 1484 2327 1455 2327 1455 2328 1484 2328 1485 2328 1455 2329 1485 2329 1361 2329 1361 2330 1485 2330 1486 2330 1361 2331 1486 2331 1368 2331 1368 2332 1486 2332 1487 2332 1368 2333 1487 2333 1365 2333 1488 2334 1489 2334 1308 2334 1308 2335 1489 2335 1490 2335 1308 2336 1490 2336 1306 2336 1306 2337 1490 2337 1491 2337 1306 2338 1491 2338 1304 2338 1304 2339 1491 2339 1492 2339 1304 2340 1492 2340 1302 2340 1302 2341 1492 2341 1493 2341 1302 2342 1493 2342 1300 2342 1300 2343 1493 2343 1494 2343 1300 2344 1494 2344 1350 2344 1350 2345 1494 2345 1495 2345 1350 2346 1495 2346 1357 2346 1357 2347 1495 2347 1496 2347 1357 2348 1496 2348 1354 2348 1354 2349 1496 2349 1497 2349 1354 2350 1497 2350 1351 2350 1351 2351 1497 2351 1498 2351 1351 2352 1498 2352 1458 2352 1499 2353 1500 2353 1501 2353 1501 2354 1502 2354 1499 2354 1499 2355 1502 2355 1448 2355 1499 2356 1448 2356 1503 2356 1503 2357 1448 2357 1450 2357 1503 2358 1465 2358 1499 2358 1499 2359 1465 2359 1466 2359 1499 2360 1466 2360 1504 2360 1504 2361 1466 2361 1505 2361 1504 2362 1505 2362 1506 2362 1506 2363 1505 2363 1507 2363 1506 2364 1507 2364 1467 2364 1467 2365 1507 2365 1508 2365 1467 2366 1508 2366 1468 2366 1487 2367 1509 2367 1365 2367 1365 2368 1509 2368 1510 2368 1365 2369 1510 2369 1364 2369 1364 2370 1510 2370 1511 2370 1364 2371 1511 2371 1374 2371 1374 2372 1511 2372 1512 2372 1374 2373 1512 2373 1415 2373 1415 2374 1512 2374 1513 2374 1415 2375 1513 2375 1414 2375 1414 2376 1513 2376 1514 2376 1414 2377 1514 2377 1413 2377 1413 2378 1514 2378 1515 2378 1413 2379 1515 2379 1412 2379 1412 2380 1515 2380 1516 2380 1412 2381 1516 2381 1517 2381 1517 2382 1516 2382 1518 2382 1517 2383 1518 2383 1519 2383 1519 2384 1518 2384 1520 2384 1519 2385 1520 2385 1521 2385 1521 2386 1520 2386 1522 2386 1521 2387 1522 2387 1523 2387 1523 2388 1522 2388 1524 2388 1523 2389 1524 2389 1453 2389 1453 2390 1524 2390 1525 2390 1453 2391 1525 2391 1451 2391 1526 2392 1527 2392 1459 2392 1459 2393 1527 2393 1528 2393 1459 2394 1528 2394 1452 2394 1452 2395 1528 2395 1529 2395 1452 2396 1529 2396 1530 2396 1530 2397 1529 2397 1531 2397 1530 2398 1531 2398 1532 2398 1532 2399 1531 2399 1533 2399 1532 2400 1533 2400 1534 2400 1534 2401 1533 2401 1535 2401 1534 2402 1535 2402 1536 2402 1536 2403 1535 2403 1537 2403 1536 2404 1537 2404 1447 2404 1447 2405 1537 2405 1538 2405 1447 2406 1538 2406 1446 2406 1446 2407 1538 2407 1539 2407 1446 2408 1539 2408 1445 2408 1445 2409 1539 2409 1540 2409 1445 2410 1540 2410 1444 2410 1444 2411 1540 2411 1541 2411 1444 2412 1541 2412 1443 2412 1443 2413 1541 2413 1542 2413 1443 2414 1542 2414 1543 2414 1543 2415 1542 2415 1544 2415 1543 2416 1544 2416 1545 2416 1545 2417 1544 2417 1546 2417 1545 2418 1546 2418 1500 2418 1500 2419 1546 2419 1547 2419 1500 2420 1547 2420 1501 2420 1479 2421 1548 2421 1477 2421 1477 2422 1548 2422 1549 2422 1477 2423 1549 2423 1475 2423 1475 2424 1549 2424 1550 2424 1475 2425 1550 2425 1473 2425 1473 2426 1550 2426 1551 2426 1473 2427 1551 2427 1471 2427 1471 2428 1551 2428 1552 2428 1553 2429 1554 2429 1555 2429 1555 2430 1554 2430 1556 2430 1556 2431 1554 2431 1557 2431 1556 2432 1557 2432 1558 2432 1558 2433 1557 2433 1559 2433 1558 2434 1559 2434 1560 2434 1560 2435 1559 2435 1561 2435 1560 2436 1561 2436 1562 2436 1548 2437 1563 2437 1564 2437 1555 2438 1565 2438 1553 2438 1553 2439 1565 2439 1566 2439 1553 2440 1566 2440 1567 2440 1567 2441 1566 2441 1568 2441 1567 2442 1568 2442 1569 2442 1569 2443 1568 2443 1570 2443 1569 2444 1570 2444 1563 2444 1563 2445 1570 2445 1571 2445 1563 2446 1571 2446 1564 2446 1561 2447 1572 2447 1562 2447 1562 2448 1572 2448 1552 2448 1562 2449 1552 2449 1573 2449 1573 2450 1552 2450 1551 2450 1573 2451 1551 2451 1574 2451 1574 2452 1551 2452 1550 2452 1574 2453 1550 2453 1564 2453 1564 2454 1550 2454 1549 2454 1564 2455 1549 2455 1548 2455 1575 2456 1576 2456 1577 2456 1577 2457 1576 2457 1578 2457 1577 2458 1578 2458 1579 2458 1579 2459 1578 2459 1580 2459 1579 2460 1580 2460 1581 2460 1581 2461 1580 2461 1582 2461 1581 2462 1582 2462 1583 2462 1583 2463 1582 2463 1584 2463 1583 2464 1584 2464 1585 2464 1585 2465 1584 2465 1586 2465 1585 2466 1586 2466 1587 2466 1587 2467 1586 2467 1588 2467 1589 2468 1590 2468 1591 2468 1592 2469 1593 2469 1581 2469 1587 2470 1594 2470 1585 2470 1585 2471 1594 2471 1592 2471 1585 2472 1592 2472 1583 2472 1583 2473 1592 2473 1581 2473 1591 2474 1595 2474 1589 2474 1589 2475 1595 2475 1596 2475 1589 2476 1596 2476 1597 2476 1598 2477 1575 2477 1599 2477 1599 2478 1575 2478 1577 2478 1599 2479 1577 2479 1593 2479 1593 2480 1577 2480 1579 2480 1593 2481 1579 2481 1581 2481 1594 2482 1590 2482 1592 2482 1592 2483 1590 2483 1589 2483 1592 2484 1589 2484 1593 2484 1593 2485 1589 2485 1597 2485 1593 2486 1597 2486 1599 2486 1599 2487 1597 2487 1600 2487 1599 2488 1600 2488 1598 2488 1598 2489 1600 2489 1601 2489 1596 2490 1602 2490 1597 2490 1597 2491 1602 2491 1603 2491 1597 2492 1603 2492 1600 2492 1600 2493 1603 2493 1604 2493 1600 2494 1604 2494 1601 2494 1601 2495 1604 2495 1605 2495 1604 2496 1603 2496 1606 2496 1602 2497 1596 2497 1607 2497 1595 2498 1591 2498 1608 2498 1595 2499 1608 2499 1596 2499 1602 2500 1607 2500 1603 2500 1604 2501 1606 2501 1605 2501 1596 2502 1608 2502 1607 2502 1607 2503 1608 2503 1609 2503 1607 2504 1609 2504 1610 2504 1610 2505 1609 2505 1611 2505 1610 2506 1611 2506 1612 2506 1612 2507 1611 2507 1613 2507 1612 2508 1613 2508 1614 2508 1614 2509 1613 2509 1615 2509 1614 2510 1615 2510 1616 2510 1616 2511 1615 2511 1617 2511 1616 2512 1617 2512 1618 2512 1618 2513 1617 2513 1619 2513 1618 2514 1619 2514 1620 2514 1620 2515 1619 2515 1621 2515 1620 2516 1621 2516 1622 2516 1621 2517 1623 2517 1622 2517 1622 2518 1623 2518 1624 2518 1622 2519 1624 2519 1625 2519 1603 2520 1607 2520 1606 2520 1606 2521 1607 2521 1610 2521 1606 2522 1610 2522 1626 2522 1626 2523 1610 2523 1612 2523 1626 2524 1612 2524 1627 2524 1627 2525 1612 2525 1614 2525 1627 2526 1614 2526 1628 2526 1628 2527 1614 2527 1616 2527 1628 2528 1616 2528 1629 2528 1629 2529 1616 2529 1618 2529 1629 2530 1618 2530 1630 2530 1630 2531 1618 2531 1620 2531 1630 2532 1620 2532 1631 2532 1631 2533 1620 2533 1622 2533 1631 2534 1622 2534 1632 2534 1632 2535 1622 2535 1625 2535 1632 2536 1625 2536 1633 2536 1605 2537 1606 2537 1634 2537 1634 2538 1606 2538 1626 2538 1634 2539 1626 2539 1635 2539 1635 2540 1626 2540 1627 2540 1635 2541 1627 2541 1636 2541 1636 2542 1627 2542 1628 2542 1636 2543 1628 2543 1637 2543 1637 2544 1628 2544 1629 2544 1637 2545 1629 2545 1638 2545 1638 2546 1629 2546 1630 2546 1638 2547 1630 2547 1639 2547 1639 2548 1630 2548 1631 2548 1639 2549 1631 2549 1640 2549 1640 2550 1631 2550 1632 2550 1640 2551 1632 2551 1641 2551 1641 2552 1632 2552 1633 2552 1641 2553 1633 2553 1642 2553 1643 2554 1642 2554 1644 2554 1644 2555 1642 2555 1633 2555 1644 2556 1633 2556 1645 2556 1645 2557 1633 2557 1646 2557 1646 2558 1633 2558 1625 2558 1646 2559 1625 2559 1647 2559 1647 2560 1625 2560 1648 2560 1648 2561 1625 2561 1624 2561 1648 2562 1624 2562 1649 2562 1649 2563 1624 2563 1623 2563 1649 2564 1623 2564 1650 2564 1650 2565 1651 2565 1649 2565 1649 2566 1651 2566 1652 2566 1653 2567 1647 2567 1652 2567 1652 2568 1647 2568 1648 2568 1652 2569 1648 2569 1649 2569 1643 2570 1644 2570 1654 2570 1654 2571 1644 2571 1645 2571 1654 2572 1645 2572 1653 2572 1653 2573 1645 2573 1646 2573 1653 2574 1646 2574 1647 2574 1655 2575 1656 2575 1657 2575 1658 2576 1659 2576 1660 2576 1660 2577 1659 2577 1655 2577 1661 2578 1662 2578 1663 2578 1663 2579 1662 2579 1658 2579 1664 2580 1665 2580 1661 2580 1655 2581 1657 2581 1660 2581 1660 2582 1657 2582 1666 2582 1660 2583 1666 2583 1667 2583 1667 2584 1666 2584 1668 2584 1667 2585 1668 2585 1669 2585 1669 2586 1668 2586 1670 2586 1669 2587 1670 2587 1671 2587 1671 2588 1670 2588 1672 2588 1671 2589 1672 2589 1673 2589 1673 2590 1672 2590 1654 2590 1673 2591 1654 2591 1653 2591 1658 2592 1660 2592 1663 2592 1663 2593 1660 2593 1667 2593 1663 2594 1667 2594 1674 2594 1674 2595 1667 2595 1669 2595 1674 2596 1669 2596 1675 2596 1675 2597 1669 2597 1671 2597 1675 2598 1671 2598 1676 2598 1676 2599 1671 2599 1673 2599 1676 2600 1673 2600 1677 2600 1677 2601 1673 2601 1653 2601 1677 2602 1653 2602 1652 2602 1661 2603 1663 2603 1664 2603 1664 2604 1663 2604 1674 2604 1664 2605 1674 2605 1678 2605 1678 2606 1674 2606 1675 2606 1678 2607 1675 2607 1679 2607 1679 2608 1675 2608 1676 2608 1679 2609 1676 2609 1680 2609 1680 2610 1676 2610 1677 2610 1680 2611 1677 2611 1681 2611 1681 2612 1677 2612 1652 2612 1681 2613 1652 2613 1651 2613 1682 2614 1683 2614 1665 2614 1665 2615 1683 2615 1661 2615 1661 2616 1683 2616 1662 2616 1662 2617 1683 2617 1684 2617 1662 2618 1684 2618 1658 2618 1658 2619 1684 2619 1685 2619 1658 2620 1685 2620 1659 2620 1659 2621 1685 2621 1686 2621 1659 2622 1686 2622 1655 2622 1686 2623 1687 2623 1655 2623 1655 2624 1687 2624 1688 2624 1655 2625 1688 2625 1656 2625 1689 2626 1690 2626 1691 2626 1692 2627 1693 2627 1694 2627 1694 2628 1693 2628 1689 2628 1689 2629 1691 2629 1694 2629 1694 2630 1691 2630 1695 2630 1694 2631 1695 2631 1696 2631 1696 2632 1695 2632 1697 2632 1696 2633 1697 2633 1698 2633 1698 2634 1697 2634 1699 2634 1698 2635 1699 2635 1700 2635 1700 2636 1699 2636 1701 2636 1700 2637 1701 2637 1702 2637 1703 2638 1688 2638 1687 2638 1687 2639 1701 2639 1703 2639 1703 2640 1701 2640 1699 2640 1703 2641 1699 2641 1704 2641 1704 2642 1699 2642 1697 2642 1704 2643 1697 2643 1705 2643 1705 2644 1697 2644 1695 2644 1705 2645 1695 2645 1706 2645 1706 2646 1695 2646 1691 2646 1706 2647 1691 2647 1707 2647 1707 2648 1691 2648 1690 2648 1707 2649 1690 2649 1708 2649 1687 2650 1686 2650 1701 2650 1701 2651 1686 2651 1685 2651 1701 2652 1685 2652 1702 2652 1702 2653 1685 2653 1684 2653 1702 2654 1684 2654 1683 2654 1692 2655 1694 2655 1709 2655 1709 2656 1694 2656 1696 2656 1709 2657 1696 2657 1710 2657 1710 2658 1696 2658 1698 2658 1710 2659 1698 2659 1711 2659 1711 2660 1698 2660 1700 2660 1711 2661 1700 2661 1712 2661 1712 2662 1700 2662 1702 2662 1712 2663 1702 2663 1713 2663 1713 2664 1702 2664 1683 2664 1713 2665 1683 2665 1682 2665 1714 2666 1708 2666 1715 2666 1715 2667 1708 2667 1690 2667 1715 2668 1690 2668 1716 2668 1716 2669 1690 2669 1717 2669 1717 2670 1690 2670 1689 2670 1717 2671 1689 2671 1718 2671 1718 2672 1689 2672 1719 2672 1719 2673 1689 2673 1693 2673 1719 2674 1693 2674 1720 2674 1720 2675 1693 2675 1692 2675 1720 2676 1692 2676 1721 2676 1721 2677 1722 2677 1720 2677 1720 2678 1722 2678 1723 2678 1720 2679 1723 2679 1719 2679 1719 2680 1723 2680 1724 2680 1719 2681 1724 2681 1718 2681 1718 2682 1724 2682 1725 2682 1718 2683 1725 2683 1717 2683 1717 2684 1725 2684 1726 2684 1717 2685 1726 2685 1716 2685 1716 2686 1726 2686 1727 2686 1716 2687 1727 2687 1715 2687 1715 2688 1727 2688 1728 2688 1715 2689 1728 2689 1714 2689 1729 2690 1730 2690 1731 2690 1732 2691 1733 2691 1734 2691 1735 2692 1736 2692 1737 2692 1738 2693 1739 2693 1725 2693 1722 2694 1740 2694 1723 2694 1723 2695 1740 2695 1738 2695 1723 2696 1738 2696 1724 2696 1724 2697 1738 2697 1725 2697 1737 2698 1741 2698 1735 2698 1735 2699 1741 2699 1742 2699 1735 2700 1742 2700 1743 2700 1744 2701 1745 2701 1746 2701 1746 2702 1745 2702 1747 2702 1746 2703 1747 2703 1748 2703 1748 2704 1747 2704 1749 2704 1748 2705 1749 2705 1750 2705 1750 2706 1749 2706 1731 2706 1751 2707 1752 2707 1753 2707 1753 2708 1752 2708 1743 2708 1753 2709 1743 2709 1754 2709 1754 2710 1743 2710 1742 2710 1733 2711 1728 2711 1734 2711 1734 2712 1728 2712 1727 2712 1734 2713 1727 2713 1739 2713 1739 2714 1727 2714 1726 2714 1739 2715 1726 2715 1725 2715 1755 2716 1732 2716 1756 2716 1756 2717 1732 2717 1734 2717 1756 2718 1734 2718 1757 2718 1757 2719 1734 2719 1739 2719 1757 2720 1739 2720 1758 2720 1758 2721 1739 2721 1738 2721 1758 2722 1738 2722 1759 2722 1759 2723 1738 2723 1740 2723 1759 2724 1744 2724 1758 2724 1758 2725 1744 2725 1746 2725 1758 2726 1746 2726 1757 2726 1757 2727 1746 2727 1748 2727 1757 2728 1748 2728 1756 2728 1756 2729 1748 2729 1750 2729 1756 2730 1750 2730 1755 2730 1755 2731 1750 2731 1760 2731 1731 2732 1730 2732 1750 2732 1750 2733 1730 2733 1761 2733 1750 2734 1761 2734 1760 2734 1762 2735 1729 2735 1763 2735 1763 2736 1729 2736 1731 2736 1763 2737 1731 2737 1764 2737 1764 2738 1731 2738 1749 2738 1764 2739 1749 2739 1765 2739 1765 2740 1749 2740 1747 2740 1765 2741 1747 2741 1766 2741 1766 2742 1747 2742 1745 2742 1766 2743 1736 2743 1765 2743 1765 2744 1736 2744 1735 2744 1765 2745 1735 2745 1764 2745 1764 2746 1735 2746 1743 2746 1764 2747 1743 2747 1763 2747 1763 2748 1743 2748 1752 2748 1763 2749 1752 2749 1762 2749 1762 2750 1752 2750 1767 2750 1751 2751 1768 2751 1752 2751 1752 2752 1768 2752 1769 2752 1752 2753 1769 2753 1767 2753 1770 2754 1771 2754 1772 2754 1773 2755 1742 2755 1774 2755 1774 2756 1742 2756 1741 2756 1774 2757 1741 2757 1737 2757 1775 2758 1776 2758 1768 2758 1768 2759 1751 2759 1775 2759 1775 2760 1751 2760 1753 2760 1775 2761 1753 2761 1773 2761 1773 2762 1753 2762 1754 2762 1773 2763 1754 2763 1742 2763 1774 2764 1771 2764 1773 2764 1773 2765 1771 2765 1770 2765 1773 2766 1770 2766 1775 2766 1775 2767 1770 2767 1777 2767 1775 2768 1777 2768 1776 2768 1776 2769 1777 2769 1778 2769 1772 2770 1779 2770 1770 2770 1770 2771 1779 2771 1780 2771 1770 2772 1780 2772 1777 2772 1777 2773 1780 2773 1781 2773 1777 2774 1781 2774 1778 2774 1778 2775 1781 2775 1782 2775 1783 2776 1782 2776 1784 2776 1784 2777 1782 2777 1781 2777 1784 2778 1781 2778 1785 2778 1785 2779 1781 2779 1786 2779 1786 2780 1781 2780 1780 2780 1786 2781 1780 2781 1787 2781 1787 2782 1780 2782 1788 2782 1788 2783 1780 2783 1779 2783 1788 2784 1779 2784 1789 2784 1789 2785 1779 2785 1772 2785 1789 2786 1772 2786 1790 2786 1791 2787 1792 2787 1793 2787 1792 2788 1794 2788 1795 2788 1794 2789 1796 2789 1797 2789 1794 2790 1797 2790 1795 2790 1795 2791 1797 2791 1798 2791 1795 2792 1798 2792 1799 2792 1799 2793 1798 2793 1800 2793 1799 2794 1800 2794 1801 2794 1801 2795 1800 2795 1802 2795 1801 2796 1802 2796 1803 2796 1792 2797 1795 2797 1793 2797 1793 2798 1795 2798 1799 2798 1793 2799 1799 2799 1804 2799 1804 2800 1799 2800 1801 2800 1804 2801 1801 2801 1805 2801 1805 2802 1801 2802 1803 2802 1805 2803 1803 2803 1806 2803 1791 2804 1793 2804 1807 2804 1807 2805 1793 2805 1804 2805 1807 2806 1804 2806 1808 2806 1808 2807 1804 2807 1805 2807 1808 2808 1805 2808 1809 2808 1809 2809 1805 2809 1806 2809 1809 2810 1806 2810 1810 2810 1811 2811 1812 2811 1810 2811 1811 2812 1810 2812 1813 2812 1813 2813 1810 2813 1806 2813 1813 2814 1806 2814 1814 2814 1814 2815 1806 2815 1815 2815 1815 2816 1806 2816 1803 2816 1815 2817 1803 2817 1816 2817 1816 2818 1803 2818 1802 2818 1816 2819 1802 2819 1817 2819 1815 2820 1816 2820 1818 2820 1819 2821 1820 2821 1821 2821 1821 2822 1820 2822 1822 2822 1821 2823 1822 2823 1823 2823 1823 2824 1822 2824 1818 2824 1823 2825 1818 2825 1824 2825 1824 2826 1818 2826 1816 2826 1824 2827 1816 2827 1817 2827 1813 2828 1814 2828 1825 2828 1825 2829 1814 2829 1815 2829 1815 2830 1818 2830 1825 2830 1825 2831 1818 2831 1822 2831 1825 2832 1822 2832 1826 2832 1826 2833 1822 2833 1820 2833 1826 2834 1820 2834 1827 2834 1812 2835 1811 2835 1828 2835 1828 2836 1811 2836 1813 2836 1819 2837 1829 2837 1820 2837 1820 2838 1829 2838 1830 2838 1820 2839 1830 2839 1827 2839 1827 2840 1830 2840 1831 2840 1827 2841 1831 2841 1832 2841 1813 2842 1825 2842 1828 2842 1828 2843 1825 2843 1826 2843 1828 2844 1826 2844 1833 2844 1833 2845 1826 2845 1827 2845 1833 2846 1827 2846 1834 2846 1834 2847 1827 2847 1832 2847 1834 2848 1832 2848 1835 2848 1812 2849 1828 2849 1836 2849 1836 2850 1828 2850 1833 2850 1836 2851 1833 2851 1837 2851 1837 2852 1833 2852 1834 2852 1837 2853 1834 2853 1838 2853 1838 2854 1834 2854 1835 2854 1838 2855 1835 2855 1839 2855 1790 2856 1839 2856 1789 2856 1789 2857 1839 2857 1835 2857 1789 2858 1835 2858 1788 2858 1788 2859 1835 2859 1832 2859 1788 2860 1832 2860 1787 2860 1787 2861 1832 2861 1831 2861 1787 2862 1831 2862 1786 2862 1786 2863 1831 2863 1830 2863 1786 2864 1830 2864 1785 2864 1785 2865 1830 2865 1829 2865 1785 2866 1829 2866 1784 2866 1784 2867 1829 2867 1819 2867 1784 2868 1819 2868 1783 2868 1840 2869 1841 2869 1842 2869 1842 2870 1841 2870 1843 2870 1844 2871 1845 2871 1846 2871 1846 2872 1845 2872 1840 2872 1846 2873 1840 2873 1847 2873 1847 2874 1840 2874 1842 2874 1848 2875 1849 2875 1850 2875 1850 2876 1849 2876 1843 2876 1850 2877 1843 2877 1851 2877 1841 2878 1852 2878 1853 2878 1853 2879 1854 2879 1841 2879 1841 2880 1854 2880 1855 2880 1841 2881 1855 2881 1843 2881 1843 2882 1855 2882 1856 2882 1843 2883 1856 2883 1851 2883 1842 2884 1843 2884 1857 2884 1857 2885 1843 2885 1858 2885 1856 2886 1859 2886 1851 2886 1851 2887 1859 2887 1860 2887 1851 2888 1860 2888 1850 2888 1850 2889 1860 2889 1861 2889 1850 2890 1861 2890 1848 2890 1848 2891 1861 2891 1862 2891 1848 2892 1862 2892 1849 2892 1849 2893 1862 2893 1863 2893 1849 2894 1863 2894 1843 2894 1843 2895 1863 2895 1858 2895 1856 2896 1855 2896 1859 2896 1859 2897 1855 2897 1864 2897 1841 2898 1865 2898 1852 2898 1852 2899 1865 2899 1866 2899 1852 2900 1866 2900 1853 2900 1853 2901 1866 2901 1867 2901 1853 2902 1867 2902 1854 2902 1854 2903 1867 2903 1868 2903 1854 2904 1868 2904 1855 2904 1855 2905 1868 2905 1864 2905 1841 2906 1840 2906 1865 2906 1865 2907 1840 2907 1869 2907 1870 2908 1871 2908 1872 2908 1872 2909 1871 2909 1873 2909 1867 2910 1866 2910 1874 2910 1874 2911 1866 2911 1594 2911 1875 2912 1876 2912 1877 2912 1873 2913 1878 2913 1872 2913 1872 2914 1878 2914 1879 2914 1872 2915 1879 2915 1880 2915 1880 2916 1879 2916 1881 2916 1621 2917 1619 2917 1682 2917 1744 2918 1759 2918 1882 2918 1862 2919 1877 2919 1883 2919 1884 2920 1885 2920 1868 2920 1886 2921 1870 2921 1859 2921 1859 2922 1870 2922 1872 2922 1859 2923 1872 2923 1860 2923 1860 2924 1872 2924 1861 2924 1869 2925 1887 2925 1617 2925 1594 2926 1587 2926 1874 2926 1874 2927 1587 2927 1588 2927 1874 2928 1588 2928 1888 2928 1889 2929 1682 2929 1887 2929 1887 2930 1682 2930 1619 2930 1887 2931 1619 2931 1617 2931 1885 2932 1890 2932 1868 2932 1868 2933 1890 2933 1891 2933 1868 2934 1891 2934 1864 2934 1864 2935 1891 2935 1892 2935 1864 2936 1892 2936 1859 2936 1859 2937 1892 2937 1893 2937 1859 2938 1893 2938 1886 2938 1879 2939 1894 2939 1895 2939 1896 2940 1874 2940 1897 2940 1897 2941 1874 2941 1898 2941 1899 2942 1900 2942 1875 2942 1875 2943 1900 2943 1901 2943 1875 2944 1901 2944 1902 2944 1867 2945 1874 2945 1868 2945 1868 2946 1874 2946 1903 2946 1868 2947 1903 2947 1884 2947 1895 2948 1904 2948 1879 2948 1879 2949 1904 2949 1905 2949 1879 2950 1905 2950 1881 2950 1888 2951 1906 2951 1874 2951 1874 2952 1906 2952 1907 2952 1874 2953 1907 2953 1898 2953 1862 2954 1861 2954 1877 2954 1877 2955 1861 2955 1872 2955 1877 2956 1872 2956 1875 2956 1875 2957 1872 2957 1908 2957 1875 2958 1908 2958 1899 2958 1903 2959 1909 2959 1910 2959 1681 2960 1651 2960 1665 2960 1665 2961 1651 2961 1682 2961 1621 2962 1682 2962 1623 2962 1623 2963 1682 2963 1651 2963 1623 2964 1651 2964 1650 2964 1609 2965 1608 2965 1865 2965 1865 2966 1608 2966 1591 2966 1865 2967 1591 2967 1866 2967 1866 2968 1591 2968 1590 2968 1866 2969 1590 2969 1594 2969 1737 2970 1911 2970 1774 2970 1774 2971 1911 2971 1857 2971 1774 2972 1857 2972 1858 2972 1839 2973 1790 2973 1772 2973 1883 2974 1912 2974 1862 2974 1862 2975 1912 2975 1913 2975 1862 2976 1913 2976 1863 2976 1863 2977 1913 2977 1914 2977 1915 2978 1884 2978 1916 2978 1916 2979 1884 2979 1903 2979 1916 2980 1903 2980 1917 2980 1917 2981 1903 2981 1910 2981 1882 2982 1759 2982 1889 2982 1889 2983 1759 2983 1740 2983 1889 2984 1740 2984 1682 2984 1682 2985 1740 2985 1722 2985 1682 2986 1722 2986 1721 2986 1771 2987 1918 2987 1772 2987 1772 2988 1918 2988 1919 2988 1772 2989 1919 2989 1839 2989 1839 2990 1919 2990 1837 2990 1839 2991 1837 2991 1838 2991 1920 2992 1810 2992 1921 2992 1921 2993 1810 2993 1812 2993 1921 2994 1812 2994 1919 2994 1919 2995 1812 2995 1836 2995 1919 2996 1836 2996 1837 2996 1665 2997 1664 2997 1678 2997 1737 2998 1736 2998 1911 2998 1911 2999 1736 2999 1766 2999 1911 3000 1766 3000 1882 3000 1882 3001 1766 3001 1745 3001 1882 3002 1745 3002 1744 3002 1771 3003 1774 3003 1918 3003 1918 3004 1774 3004 1858 3004 1918 3005 1858 3005 1922 3005 1922 3006 1858 3006 1863 3006 1922 3007 1863 3007 1923 3007 1923 3008 1863 3008 1914 3008 1678 3009 1679 3009 1665 3009 1665 3010 1679 3010 1680 3010 1665 3011 1680 3011 1681 3011 1721 3012 1692 3012 1682 3012 1682 3013 1692 3013 1709 3013 1682 3014 1709 3014 1710 3014 1808 3015 1809 3015 1807 3015 1807 3016 1809 3016 1810 3016 1807 3017 1810 3017 1791 3017 1791 3018 1810 3018 1920 3018 1617 3019 1615 3019 1869 3019 1869 3020 1615 3020 1613 3020 1869 3021 1613 3021 1865 3021 1865 3022 1613 3022 1611 3022 1865 3023 1611 3023 1609 3023 1710 3024 1711 3024 1682 3024 1682 3025 1711 3025 1712 3025 1682 3026 1712 3026 1713 3026 1888 3027 1924 3027 1925 3027 1924 3028 1926 3028 1927 3028 1926 3029 1928 3029 1929 3029 1926 3030 1929 3030 1927 3030 1927 3031 1929 3031 1930 3031 1927 3032 1930 3032 1931 3032 1931 3033 1930 3033 1932 3033 1931 3034 1932 3034 1933 3034 1933 3035 1932 3035 1934 3035 1933 3036 1934 3036 1935 3036 1935 3037 1934 3037 1936 3037 1935 3038 1936 3038 1937 3038 1937 3039 1936 3039 1938 3039 1937 3040 1938 3040 1939 3040 1924 3041 1927 3041 1925 3041 1925 3042 1927 3042 1931 3042 1925 3043 1931 3043 1940 3043 1940 3044 1931 3044 1933 3044 1940 3045 1933 3045 1941 3045 1941 3046 1933 3046 1935 3046 1941 3047 1935 3047 1942 3047 1942 3048 1935 3048 1937 3048 1942 3049 1937 3049 1943 3049 1943 3050 1937 3050 1939 3050 1943 3051 1939 3051 1944 3051 1888 3052 1925 3052 1906 3052 1906 3053 1925 3053 1940 3053 1906 3054 1940 3054 1907 3054 1907 3055 1940 3055 1941 3055 1907 3056 1941 3056 1898 3056 1898 3057 1941 3057 1942 3057 1898 3058 1942 3058 1897 3058 1897 3059 1942 3059 1943 3059 1897 3060 1943 3060 1896 3060 1896 3061 1943 3061 1944 3061 1896 3062 1944 3062 1874 3062 1576 3063 1928 3063 1578 3063 1578 3064 1928 3064 1926 3064 1578 3065 1926 3065 1580 3065 1580 3066 1926 3066 1582 3066 1582 3067 1926 3067 1924 3067 1582 3068 1924 3068 1584 3068 1584 3069 1924 3069 1586 3069 1586 3070 1924 3070 1888 3070 1586 3071 1888 3071 1588 3071 1945 3072 1946 3072 1947 3072 1947 3073 1946 3073 1948 3073 1947 3074 1948 3074 1949 3074 1949 3075 1948 3075 1950 3075 1949 3076 1950 3076 1951 3076 1951 3077 1950 3077 1952 3077 1951 3078 1952 3078 1953 3078 1953 3079 1952 3079 1954 3079 1953 3080 1954 3080 1955 3080 1955 3081 1954 3081 1956 3081 1955 3082 1956 3082 1957 3082 1957 3083 1956 3083 1958 3083 1959 3084 1960 3084 1961 3084 1961 3085 1960 3085 1962 3085 1963 3086 1964 3086 1965 3086 1965 3087 1964 3087 1966 3087 1965 3088 1966 3088 1967 3088 1967 3089 1966 3089 1968 3089 1967 3090 1968 3090 1969 3090 1969 3091 1968 3091 1970 3091 1970 3092 1968 3092 1971 3092 1970 3093 1971 3093 1972 3093 1962 3094 1960 3094 1971 3094 1971 3095 1960 3095 1973 3095 1971 3096 1973 3096 1972 3096 1974 3097 1975 3097 1976 3097 1976 3098 1975 3098 1977 3098 1976 3099 1977 3099 1978 3099 1978 3100 1977 3100 1970 3100 1978 3101 1970 3101 1979 3101 1979 3102 1970 3102 1972 3102 1980 3103 1945 3103 1974 3103 1974 3104 1945 3104 1947 3104 1955 3105 1957 3105 1981 3105 1982 3106 1983 3106 1984 3106 1984 3107 1983 3107 1975 3107 1985 3108 1986 3108 1975 3108 1975 3109 1986 3109 1987 3109 1975 3110 1987 3110 1984 3110 1981 3111 1988 3111 1955 3111 1955 3112 1988 3112 1985 3112 1955 3113 1985 3113 1953 3113 1953 3114 1985 3114 1975 3114 1953 3115 1975 3115 1951 3115 1951 3116 1975 3116 1974 3116 1951 3117 1974 3117 1949 3117 1949 3118 1974 3118 1947 3118 1981 3119 1989 3119 1988 3119 1988 3120 1989 3120 1990 3120 1988 3121 1990 3121 1985 3121 1985 3122 1990 3122 1991 3122 1985 3123 1991 3123 1986 3123 1986 3124 1991 3124 1992 3124 1986 3125 1992 3125 1987 3125 1987 3126 1992 3126 1993 3126 1987 3127 1993 3127 1984 3127 1984 3128 1993 3128 1994 3128 1984 3129 1994 3129 1982 3129 1982 3130 1994 3130 1995 3130 1996 3131 1997 3131 1998 3131 1996 3132 1998 3132 1999 3132 1999 3133 1998 3133 2000 3133 1999 3134 2000 3134 2001 3134 2001 3135 2000 3135 2002 3135 2001 3136 2002 3136 2003 3136 2003 3137 2002 3137 2004 3137 2003 3138 2004 3138 2005 3138 2005 3139 2004 3139 2006 3139 2005 3140 2006 3140 2007 3140 2007 3141 2006 3141 2008 3141 2007 3142 2008 3142 2009 3142 2010 3143 2011 3143 2012 3143 2010 3144 2012 3144 2013 3144 2013 3145 2012 3145 2014 3145 2013 3146 2014 3146 2015 3146 2016 3147 2017 3147 2018 3147 2016 3148 2018 3148 2019 3148 2019 3149 2018 3149 2020 3149 2019 3150 2020 3150 2021 3150 2021 3151 2020 3151 2011 3151 2021 3152 2011 3152 2010 3152 2009 3153 2008 3153 2022 3153 2009 3154 2022 3154 2023 3154 2023 3155 2022 3155 2024 3155 2023 3156 2024 3156 2025 3156 2025 3157 2024 3157 2017 3157 2025 3158 2017 3158 2016 3158 1948 3159 1946 3159 1996 3159 2016 3160 2019 3160 1958 3160 1958 3161 2019 3161 2021 3161 1958 3162 2021 3162 1989 3162 1989 3163 2021 3163 2010 3163 1989 3164 2010 3164 1990 3164 2025 3165 2016 3165 2023 3165 2023 3166 2016 3166 1958 3166 2023 3167 1958 3167 2009 3167 2009 3168 1958 3168 1956 3168 2009 3169 1956 3169 2007 3169 2007 3170 1956 3170 1954 3170 2007 3171 1954 3171 2005 3171 2005 3172 1954 3172 1952 3172 2005 3173 1952 3173 2003 3173 2003 3174 1952 3174 1950 3174 2003 3175 1950 3175 2001 3175 2001 3176 1950 3176 1948 3176 2001 3177 1948 3177 1999 3177 1999 3178 1948 3178 1996 3178 2026 3179 1995 3179 2027 3179 2027 3180 1995 3180 1994 3180 1990 3181 2010 3181 1991 3181 1991 3182 2010 3182 2013 3182 1991 3183 2013 3183 1992 3183 1992 3184 2013 3184 2015 3184 1992 3185 2015 3185 1993 3185 1993 3186 2015 3186 2028 3186 1993 3187 2028 3187 1994 3187 1994 3188 2028 3188 2029 3188 1994 3189 2029 3189 2027 3189 2015 3190 2014 3190 2030 3190 2015 3191 2030 3191 2028 3191 2028 3192 2030 3192 2031 3192 2028 3193 2031 3193 2029 3193 2029 3194 2031 3194 2032 3194 2029 3195 2032 3195 2027 3195 2027 3196 2032 3196 2033 3196 2027 3197 2033 3197 2026 3197 2034 3198 2035 3198 2036 3198 2034 3199 2036 3199 2037 3199 2036 3200 2038 3200 2037 3200 2037 3201 2038 3201 2039 3201 2037 3202 2039 3202 2040 3202 2041 3203 2042 3203 2043 3203 2043 3204 2044 3204 2041 3204 2041 3205 2044 3205 2045 3205 2041 3206 2045 3206 2039 3206 2039 3207 2045 3207 2046 3207 2039 3208 2046 3208 2040 3208 2039 3209 2038 3209 2047 3209 2038 3210 2036 3210 2048 3210 2038 3211 2048 3211 2047 3211 2047 3212 2048 3212 2049 3212 2047 3213 2049 3213 2050 3213 2050 3214 2049 3214 2051 3214 2050 3215 2051 3215 2052 3215 2052 3216 2051 3216 2053 3216 2052 3217 2053 3217 2054 3217 2042 3218 2041 3218 2055 3218 2055 3219 2041 3219 2039 3219 2039 3220 2047 3220 2055 3220 2055 3221 2047 3221 2050 3221 2055 3222 2050 3222 2056 3222 2056 3223 2050 3223 2052 3223 2056 3224 2052 3224 2057 3224 2057 3225 2052 3225 2054 3225 2057 3226 2054 3226 2058 3226 2042 3227 2055 3227 2059 3227 2059 3228 2055 3228 2056 3228 2059 3229 2056 3229 2060 3229 2060 3230 2056 3230 2057 3230 2060 3231 2057 3231 2061 3231 2061 3232 2057 3232 2058 3232 2061 3233 2058 3233 2062 3233 2063 3234 2064 3234 2062 3234 2063 3235 2062 3235 2065 3235 2065 3236 2062 3236 2058 3236 2065 3237 2058 3237 2066 3237 2066 3238 2058 3238 2067 3238 2067 3239 2058 3239 2054 3239 2067 3240 2054 3240 2068 3240 2068 3241 2054 3241 2053 3241 2068 3242 2053 3242 2069 3242 2070 3243 2071 3243 2072 3243 2070 3244 2072 3244 2073 3244 2069 3245 2074 3245 2068 3245 2068 3246 2074 3246 2075 3246 2068 3247 2075 3247 2067 3247 2067 3248 2075 3248 2076 3248 2077 3249 2065 3249 2076 3249 2076 3250 2065 3250 2066 3250 2076 3251 2066 3251 2067 3251 2078 3252 2064 3252 2077 3252 2077 3253 2064 3253 2063 3253 2077 3254 2063 3254 2065 3254 2074 3255 2079 3255 2075 3255 2075 3256 2079 3256 2080 3256 2075 3257 2080 3257 2076 3257 2076 3258 2080 3258 2081 3258 2076 3259 2081 3259 2077 3259 2077 3260 2081 3260 2082 3260 2077 3261 2082 3261 2078 3261 2078 3262 2082 3262 2083 3262 2079 3263 2073 3263 2080 3263 2080 3264 2073 3264 2072 3264 2080 3265 2072 3265 2081 3265 2081 3266 2072 3266 2084 3266 2081 3267 2084 3267 2082 3267 2082 3268 2084 3268 2085 3268 2082 3269 2085 3269 2083 3269 2083 3270 2085 3270 2086 3270 2071 3271 2087 3271 2072 3271 2072 3272 2087 3272 2088 3272 2072 3273 2088 3273 2084 3273 2084 3274 2088 3274 2089 3274 2084 3275 2089 3275 2085 3275 2085 3276 2089 3276 2090 3276 2085 3277 2090 3277 2086 3277 2086 3278 2090 3278 2091 3278 2087 3279 2071 3279 2092 3279 2092 3280 2071 3280 2093 3280 2071 3281 2070 3281 2093 3281 2093 3282 2070 3282 2073 3282 2093 3283 2073 3283 2094 3283 2069 3284 2095 3284 2074 3284 2074 3285 2095 3285 2094 3285 2074 3286 2094 3286 2079 3286 2079 3287 2094 3287 2073 3287 2053 3288 2014 3288 2012 3288 2017 3289 2024 3289 2006 3289 2006 3290 2024 3290 2022 3290 2006 3291 2022 3291 2008 3291 2018 3292 2012 3292 2020 3292 2020 3293 2012 3293 2011 3293 1997 3294 2095 3294 1998 3294 1998 3295 2095 3295 2069 3295 1998 3296 2069 3296 2000 3296 2096 3297 2033 3297 2053 3297 2053 3298 2033 3298 2032 3298 2032 3299 2031 3299 2053 3299 2053 3300 2031 3300 2030 3300 2053 3301 2030 3301 2014 3301 2018 3302 2017 3302 2012 3302 2012 3303 2017 3303 2006 3303 2012 3304 2006 3304 2053 3304 2053 3305 2006 3305 2004 3305 2053 3306 2004 3306 2069 3306 2069 3307 2004 3307 2002 3307 2069 3308 2002 3308 2000 3308 2096 3309 2053 3309 2051 3309 2096 3310 2051 3310 2097 3310 2097 3311 2051 3311 2049 3311 2097 3312 2049 3312 2098 3312 2098 3313 2049 3313 2048 3313 2098 3314 2048 3314 2099 3314 2099 3315 2048 3315 2036 3315 2099 3316 2036 3316 2100 3316 2035 3317 1928 3317 1576 3317 1563 3318 1548 3318 2101 3318 2101 3319 1548 3319 1479 3319 2101 3320 1479 3320 1481 3320 2100 3321 2036 3321 2101 3321 2101 3322 2036 3322 2035 3322 2101 3323 2035 3323 1563 3323 1563 3324 2035 3324 1576 3324 1575 3325 1569 3325 1576 3325 1576 3326 1569 3326 1563 3326 1569 3327 1575 3327 1598 3327 1569 3328 1598 3328 1567 3328 1598 3329 1601 3329 1567 3329 1567 3330 1601 3330 1605 3330 1567 3331 1605 3331 1553 3331 1605 3332 1634 3332 1553 3332 1553 3333 1634 3333 1635 3333 1553 3334 1635 3334 1554 3334 1635 3335 1636 3335 1554 3335 1554 3336 1636 3336 1637 3336 1554 3337 1637 3337 1557 3337 1637 3338 1638 3338 1557 3338 1557 3339 1638 3339 1639 3339 1557 3340 1639 3340 1559 3340 1642 3341 1561 3341 1641 3341 1641 3342 1561 3342 1559 3342 1641 3343 1559 3343 1640 3343 1640 3344 1559 3344 1639 3344 1643 3345 1572 3345 1642 3345 1642 3346 1572 3346 1561 3346 1643 3347 1654 3347 1572 3347 1572 3348 1654 3348 1469 3348 1572 3349 1469 3349 1552 3349 1552 3350 1469 3350 1471 3350 1469 3351 1654 3351 1672 3351 1469 3352 1672 3352 1467 3352 1672 3353 1670 3353 1467 3353 1467 3354 1670 3354 1668 3354 1467 3355 1668 3355 1506 3355 1656 3356 1504 3356 1657 3356 1657 3357 1504 3357 1506 3357 1657 3358 1506 3358 1666 3358 1666 3359 1506 3359 1668 3359 1688 3360 1499 3360 1656 3360 1656 3361 1499 3361 1504 3361 1688 3362 1703 3362 1499 3362 1499 3363 1703 3363 1500 3363 1703 3364 1704 3364 1500 3364 1500 3365 1704 3365 1705 3365 1500 3366 1705 3366 1545 3366 1708 3367 1543 3367 1707 3367 1707 3368 1543 3368 1545 3368 1707 3369 1545 3369 1706 3369 1706 3370 1545 3370 1705 3370 1708 3371 1714 3371 1429 3371 1428 3372 1443 3372 1429 3372 1429 3373 1443 3373 1543 3373 1429 3374 1543 3374 1708 3374 1728 3375 1431 3375 1714 3375 1714 3376 1431 3376 1429 3376 1732 3377 1440 3377 1733 3377 1733 3378 1440 3378 1431 3378 1733 3379 1431 3379 1728 3379 1732 3380 1755 3380 1440 3380 1440 3381 1755 3381 1760 3381 1440 3382 1760 3382 1438 3382 1729 3383 1436 3383 1730 3383 1730 3384 1436 3384 1438 3384 1730 3385 1438 3385 1761 3385 1761 3386 1438 3386 1760 3386 1729 3387 1762 3387 1436 3387 1436 3388 1762 3388 1767 3388 1436 3389 1767 3389 1434 3389 1767 3390 1769 3390 1434 3390 1434 3391 1769 3391 1768 3391 1434 3392 1768 3392 1419 3392 1782 3393 1418 3393 1778 3393 1778 3394 1418 3394 1419 3394 1778 3395 1419 3395 1776 3395 1776 3396 1419 3396 1768 3396 1783 3397 1423 3397 1782 3397 1782 3398 1423 3398 1418 3398 1783 3399 1819 3399 1423 3399 1423 3400 1819 3400 1536 3400 1423 3401 1536 3401 1424 3401 1424 3402 1536 3402 1447 3402 1536 3403 1819 3403 1821 3403 1536 3404 1821 3404 1534 3404 1534 3405 1821 3405 1823 3405 1534 3406 1823 3406 1532 3406 1532 3407 1823 3407 1824 3407 1532 3408 1824 3408 1530 3408 1530 3409 1824 3409 1817 3409 1530 3410 1817 3410 1452 3410 1802 3411 1453 3411 1817 3411 1817 3412 1453 3412 1452 3412 1453 3413 1802 3413 1800 3413 1453 3414 1800 3414 1523 3414 1523 3415 1800 3415 1798 3415 1523 3416 1798 3416 1521 3416 1521 3417 1798 3417 1797 3417 1521 3418 1797 3418 1519 3418 1519 3419 1797 3419 1796 3419 1519 3420 1796 3420 1517 3420 1796 3421 1298 3421 1299 3421 1397 3422 1412 3422 1299 3422 1299 3423 1412 3423 1517 3423 1299 3424 1517 3424 1796 3424 1298 3425 1796 3425 2102 3425 2102 3426 1796 3426 1794 3426 2102 3427 1794 3427 2103 3427 2103 3428 1794 3428 1792 3428 2103 3429 1792 3429 2104 3429 2104 3430 1792 3430 1791 3430 2104 3431 1791 3431 1920 3431 1920 3432 1921 3432 2105 3432 1920 3433 2105 3433 2104 3433 2104 3434 2105 3434 2106 3434 2104 3435 2106 3435 2103 3435 2103 3436 2106 3436 2102 3436 2102 3437 2106 3437 1296 3437 2102 3438 1296 3438 1298 3438 2107 3439 2108 3439 2109 3439 1877 3440 2110 3440 1883 3440 1883 3441 2110 3441 2111 3441 1883 3442 2111 3442 1912 3442 1912 3443 2111 3443 2112 3443 1912 3444 2112 3444 1913 3444 1913 3445 2112 3445 2113 3445 1913 3446 2113 3446 1914 3446 1914 3447 2113 3447 2114 3447 1914 3448 2114 3448 1923 3448 1923 3449 2114 3449 2109 3449 1923 3450 2109 3450 1922 3450 1922 3451 2109 3451 2108 3451 1922 3452 2108 3452 1918 3452 2107 3453 2109 3453 2115 3453 2115 3454 2109 3454 2114 3454 2115 3455 2114 3455 2116 3455 2116 3456 2114 3456 2113 3456 2116 3457 2113 3457 2117 3457 2117 3458 2113 3458 2112 3458 2117 3459 2112 3459 2118 3459 2118 3460 2112 3460 2111 3460 2118 3461 2111 3461 2119 3461 2119 3462 2111 3462 2110 3462 2119 3463 2110 3463 2120 3463 1921 3464 1919 3464 2105 3464 2105 3465 1919 3465 2121 3465 2105 3466 2121 3466 2106 3466 2106 3467 2121 3467 2122 3467 2106 3468 2122 3468 1296 3468 1296 3469 2122 3469 1394 3469 1919 3470 1918 3470 2121 3470 2121 3471 1918 3471 2108 3471 2121 3472 2108 3472 2122 3472 2122 3473 2108 3473 2107 3473 2122 3474 2107 3474 1394 3474 1394 3475 2107 3475 1392 3475 1387 3476 1385 3476 2118 3476 2118 3477 1385 3477 1384 3477 2118 3478 1384 3478 2117 3478 2117 3479 1384 3479 1382 3479 2117 3480 1382 3480 2116 3480 2116 3481 1382 3481 1381 3481 2116 3482 1381 3482 2115 3482 2115 3483 1381 3483 1378 3483 2115 3484 1378 3484 2107 3484 2107 3485 1378 3485 1377 3485 2107 3486 1377 3486 1392 3486 1877 3487 2123 3487 2110 3487 2110 3488 2123 3488 2124 3488 2110 3489 2124 3489 2120 3489 2120 3490 2124 3490 2125 3490 2120 3491 2125 3491 2126 3491 1387 3492 2118 3492 1388 3492 1388 3493 2118 3493 2119 3493 1388 3494 2119 3494 1391 3494 1391 3495 2119 3495 2120 3495 1391 3496 2120 3496 1390 3496 1390 3497 2120 3497 2126 3497 1390 3498 2126 3498 1375 3498 1375 3499 2126 3499 1371 3499 1371 3500 2126 3500 2127 3500 2127 3501 2126 3501 2128 3501 2128 3502 2126 3502 2125 3502 2128 3503 2125 3503 2129 3503 2129 3504 2125 3504 2124 3504 2129 3505 2124 3505 2130 3505 2130 3506 2124 3506 2123 3506 2130 3507 2123 3507 2131 3507 2131 3508 2123 3508 2132 3508 2132 3509 2123 3509 1877 3509 2132 3510 1877 3510 1876 3510 1876 3511 1875 3511 2132 3511 2132 3512 1875 3512 2133 3512 2132 3513 2133 3513 2131 3513 2131 3514 2133 3514 2130 3514 2130 3515 2133 3515 2129 3515 2129 3516 2133 3516 2134 3516 2129 3517 2134 3517 2128 3517 2128 3518 2134 3518 2127 3518 2127 3519 2134 3519 1362 3519 2127 3520 1362 3520 1371 3520 1872 3521 2135 3521 2136 3521 2135 3522 2137 3522 2138 3522 2137 3523 1360 3523 1369 3523 2137 3524 1369 3524 2138 3524 2138 3525 1369 3525 1370 3525 2138 3526 1370 3526 2139 3526 2139 3527 1370 3527 1367 3527 2139 3528 1367 3528 2140 3528 2140 3529 1367 3529 1366 3529 2140 3530 1366 3530 2141 3530 2141 3531 1366 3531 1363 3531 2141 3532 1363 3532 2142 3532 2142 3533 1363 3533 1362 3533 2142 3534 1362 3534 2134 3534 2135 3535 2138 3535 2136 3535 2136 3536 2138 3536 2139 3536 2136 3537 2139 3537 2143 3537 2143 3538 2139 3538 2140 3538 2143 3539 2140 3539 2144 3539 2144 3540 2140 3540 2141 3540 2144 3541 2141 3541 2145 3541 2145 3542 2141 3542 2142 3542 2145 3543 2142 3543 2146 3543 2146 3544 2142 3544 2134 3544 2146 3545 2134 3545 2133 3545 1872 3546 2136 3546 1908 3546 1908 3547 2136 3547 2143 3547 1908 3548 2143 3548 1899 3548 1899 3549 2143 3549 2144 3549 1899 3550 2144 3550 1900 3550 1900 3551 2144 3551 2145 3551 1900 3552 2145 3552 1901 3552 1901 3553 2145 3553 2146 3553 1901 3554 2146 3554 1902 3554 1902 3555 2146 3555 2133 3555 1902 3556 2133 3556 1875 3556 1872 3557 1880 3557 2147 3557 1872 3558 2147 3558 2135 3558 2135 3559 2147 3559 2148 3559 2135 3560 2148 3560 2137 3560 2137 3561 2148 3561 1352 3561 2137 3562 1352 3562 1360 3562 1879 3563 2149 3563 2150 3563 2149 3564 2151 3564 2152 3564 2151 3565 1349 3565 1358 3565 2151 3566 1358 3566 2152 3566 2152 3567 1358 3567 1359 3567 2152 3568 1359 3568 2153 3568 2153 3569 1359 3569 1356 3569 2153 3570 1356 3570 2154 3570 2154 3571 1356 3571 1355 3571 2154 3572 1355 3572 2155 3572 2155 3573 1355 3573 1353 3573 2155 3574 1353 3574 2156 3574 2156 3575 1353 3575 1352 3575 2156 3576 1352 3576 2148 3576 2149 3577 2152 3577 2150 3577 2150 3578 2152 3578 2153 3578 2150 3579 2153 3579 2157 3579 2157 3580 2153 3580 2154 3580 2157 3581 2154 3581 2158 3581 2158 3582 2154 3582 2155 3582 2158 3583 2155 3583 2159 3583 2159 3584 2155 3584 2156 3584 2159 3585 2156 3585 2160 3585 2160 3586 2156 3586 2148 3586 2160 3587 2148 3587 2147 3587 1879 3588 2150 3588 1894 3588 1894 3589 2150 3589 2157 3589 1894 3590 2157 3590 1895 3590 1895 3591 2157 3591 2158 3591 1895 3592 2158 3592 1904 3592 1904 3593 2158 3593 2159 3593 1904 3594 2159 3594 1905 3594 1905 3595 2159 3595 2160 3595 1905 3596 2160 3596 1881 3596 1881 3597 2160 3597 2147 3597 1881 3598 2147 3598 1880 3598 1348 3599 1349 3599 2161 3599 2161 3600 1349 3600 2151 3600 2162 3601 2163 3601 2149 3601 2149 3602 2163 3602 2164 3602 2149 3603 2164 3603 2151 3603 2151 3604 2164 3604 2165 3604 2151 3605 2165 3605 2161 3605 2162 3606 2149 3606 2166 3606 2166 3607 2149 3607 1879 3607 2166 3608 1879 3608 1878 3608 1878 3609 1873 3609 2166 3609 2166 3610 1873 3610 2167 3610 2166 3611 2167 3611 2162 3611 2162 3612 2167 3612 2163 3612 2163 3613 2167 3613 2168 3613 2163 3614 2168 3614 2164 3614 2164 3615 2168 3615 2165 3615 2165 3616 2168 3616 2169 3616 2165 3617 2169 3617 2161 3617 2161 3618 2169 3618 1338 3618 2161 3619 1338 3619 1348 3619 2170 3620 2171 3620 2172 3620 1884 3621 2173 3621 1885 3621 1885 3622 2173 3622 2174 3622 1885 3623 2174 3623 1890 3623 1890 3624 2174 3624 2175 3624 1890 3625 2175 3625 1891 3625 1891 3626 2175 3626 2176 3626 1891 3627 2176 3627 1892 3627 1892 3628 2176 3628 2177 3628 1892 3629 2177 3629 1893 3629 1893 3630 2177 3630 2178 3630 1893 3631 2178 3631 1886 3631 1886 3632 2178 3632 2172 3632 1886 3633 2172 3633 1870 3633 1870 3634 2172 3634 2171 3634 1870 3635 2171 3635 1871 3635 1871 3636 2171 3636 2167 3636 1871 3637 2167 3637 1873 3637 2170 3638 2172 3638 2179 3638 2179 3639 2172 3639 2178 3639 2179 3640 2178 3640 2180 3640 2180 3641 2178 3641 2177 3641 2180 3642 2177 3642 2181 3642 2181 3643 2177 3643 2176 3643 2181 3644 2176 3644 2182 3644 2182 3645 2176 3645 2175 3645 2182 3646 2175 3646 2183 3646 2183 3647 2175 3647 2174 3647 2183 3648 2174 3648 2184 3648 2184 3649 2174 3649 2173 3649 2184 3650 2173 3650 2185 3650 1339 3651 1338 3651 2170 3651 2170 3652 1338 3652 2169 3652 2170 3653 2169 3653 2171 3653 2171 3654 2169 3654 2168 3654 2171 3655 2168 3655 2167 3655 1347 3656 1345 3656 2182 3656 2182 3657 1345 3657 1344 3657 2182 3658 1344 3658 2181 3658 2181 3659 1344 3659 1343 3659 2181 3660 1343 3660 2180 3660 2180 3661 1343 3661 1342 3661 2180 3662 1342 3662 2179 3662 2179 3663 1342 3663 1341 3663 2179 3664 1341 3664 2170 3664 2170 3665 1341 3665 1340 3665 2170 3666 1340 3666 1339 3666 1884 3667 2186 3667 2173 3667 2173 3668 2186 3668 2187 3668 2173 3669 2187 3669 2185 3669 2185 3670 2187 3670 2188 3670 2185 3671 2188 3671 2189 3671 1347 3672 2182 3672 1346 3672 1346 3673 2182 3673 2183 3673 1346 3674 2183 3674 1335 3674 1335 3675 2183 3675 2184 3675 1335 3676 2184 3676 1336 3676 1336 3677 2184 3677 2185 3677 1336 3678 2185 3678 1337 3678 1337 3679 2185 3679 2189 3679 1337 3680 2189 3680 1312 3680 1312 3681 2189 3681 1310 3681 1310 3682 2189 3682 2190 3682 2190 3683 2189 3683 2191 3683 2191 3684 2189 3684 2188 3684 2191 3685 2188 3685 2192 3685 2188 3686 2187 3686 2192 3686 2192 3687 2187 3687 2186 3687 2192 3688 2186 3688 2193 3688 2193 3689 2186 3689 2194 3689 2194 3690 2186 3690 1884 3690 2194 3691 1884 3691 1915 3691 2195 3692 1310 3692 2196 3692 2196 3693 1310 3693 2190 3693 2196 3694 2190 3694 2197 3694 2197 3695 2190 3695 2191 3695 2197 3696 2191 3696 2198 3696 2198 3697 2191 3697 2192 3697 2198 3698 2192 3698 2199 3698 2199 3699 2192 3699 2193 3699 2199 3700 2193 3700 2200 3700 2200 3701 2193 3701 2194 3701 2200 3702 2194 3702 1916 3702 1916 3703 2194 3703 1915 3703 2201 3704 2202 3704 2203 3704 2204 3705 2205 3705 2195 3705 2202 3706 2206 3706 2207 3706 2202 3707 2207 3707 2203 3707 2203 3708 2207 3708 2208 3708 2203 3709 2208 3709 2209 3709 2209 3710 2208 3710 2210 3710 2209 3711 2210 3711 2204 3711 2204 3712 2210 3712 2211 3712 2204 3713 2211 3713 2205 3713 2212 3714 2213 3714 2214 3714 2214 3715 2213 3715 2201 3715 2201 3716 2203 3716 2214 3716 2214 3717 2203 3717 2209 3717 2214 3718 2209 3718 2215 3718 2215 3719 2209 3719 2204 3719 2215 3720 2204 3720 2216 3720 1903 3721 2217 3721 2218 3721 2218 3722 2217 3722 2212 3722 2195 3723 2196 3723 2204 3723 2204 3724 2196 3724 2197 3724 2204 3725 2197 3725 2216 3725 2216 3726 2197 3726 2198 3726 2216 3727 2198 3727 2199 3727 2212 3728 2214 3728 2218 3728 2218 3729 2214 3729 2215 3729 2218 3730 2215 3730 2219 3730 2219 3731 2215 3731 2216 3731 2219 3732 2216 3732 2220 3732 2220 3733 2216 3733 2199 3733 2220 3734 2199 3734 2200 3734 1903 3735 2218 3735 1909 3735 1909 3736 2218 3736 2219 3736 1909 3737 2219 3737 1910 3737 1910 3738 2219 3738 2220 3738 1910 3739 2220 3739 1917 3739 1917 3740 2220 3740 2200 3740 1917 3741 2200 3741 1916 3741 2217 3742 1903 3742 1874 3742 2217 3743 1874 3743 2212 3743 2212 3744 1874 3744 1944 3744 2212 3745 1944 3745 2213 3745 2213 3746 1944 3746 1939 3746 2213 3747 1939 3747 2201 3747 2201 3748 1939 3748 2202 3748 2202 3749 1939 3749 1938 3749 2202 3750 1938 3750 2206 3750 1938 3751 2221 3751 2206 3751 2206 3752 2221 3752 2222 3752 1938 3753 1936 3753 2221 3753 2221 3754 1936 3754 2223 3754 1930 3755 2043 3755 1932 3755 1932 3756 2043 3756 2223 3756 1932 3757 2223 3757 1934 3757 1934 3758 2223 3758 1936 3758 2037 3759 1928 3759 2034 3759 2034 3760 1928 3760 2035 3760 2037 3761 2040 3761 1928 3761 1928 3762 2040 3762 2046 3762 1928 3763 2046 3763 1929 3763 1929 3764 2046 3764 2045 3764 1929 3765 2045 3765 1930 3765 1930 3766 2045 3766 2044 3766 1930 3767 2044 3767 2043 3767 2223 3768 2043 3768 2042 3768 2091 3769 2224 3769 2225 3769 2221 3770 2223 3770 2060 3770 2060 3771 2223 3771 2042 3771 2060 3772 2042 3772 2059 3772 2225 3773 2222 3773 2091 3773 2091 3774 2222 3774 2083 3774 2091 3775 2083 3775 2086 3775 2078 3776 2083 3776 2064 3776 2064 3777 2083 3777 2222 3777 2064 3778 2222 3778 2062 3778 2062 3779 2222 3779 2221 3779 2062 3780 2221 3780 2061 3780 2061 3781 2221 3781 2060 3781 2088 3782 2226 3782 2089 3782 2089 3783 2226 3783 2227 3783 2089 3784 2227 3784 2090 3784 2090 3785 2227 3785 2228 3785 2090 3786 2228 3786 2091 3786 2091 3787 2228 3787 2224 3787 2087 3788 2229 3788 2088 3788 2088 3789 2229 3789 2230 3789 2230 3790 2231 3790 2088 3790 2088 3791 2231 3791 2232 3791 2088 3792 2232 3792 2226 3792 1308 3793 1309 3793 1311 3793 2087 3794 2092 3794 2229 3794 2229 3795 2092 3795 2233 3795 1310 3796 2195 3796 1311 3796 1311 3797 2195 3797 2229 3797 1311 3798 2229 3798 1308 3798 1308 3799 2229 3799 2233 3799 1308 3800 2233 3800 1488 3800 2195 3801 2226 3801 2232 3801 2232 3802 2231 3802 2195 3802 2195 3803 2231 3803 2230 3803 2195 3804 2230 3804 2229 3804 2226 3805 2195 3805 2227 3805 2227 3806 2195 3806 2205 3806 2227 3807 2205 3807 2228 3807 2228 3808 2205 3808 2211 3808 2228 3809 2211 3809 2224 3809 2224 3810 2211 3810 2210 3810 2224 3811 2210 3811 2225 3811 2206 3812 2222 3812 2207 3812 2207 3813 2222 3813 2225 3813 2207 3814 2225 3814 2208 3814 2208 3815 2225 3815 2210 3815 1957 3816 1958 3816 2234 3816 2234 3817 1958 3817 2235 3817 2234 3818 2235 3818 2236 3818 2236 3819 2235 3819 2237 3819 2236 3820 2237 3820 2238 3820 2238 3821 2237 3821 2239 3821 2238 3822 2239 3822 2240 3822 2240 3823 2239 3823 2241 3823 2240 3824 2241 3824 2242 3824 2242 3825 2241 3825 2243 3825 2242 3826 2243 3826 2244 3826 2244 3827 2243 3827 2245 3827 2244 3828 2245 3828 2246 3828 2246 3829 2245 3829 2247 3829 2246 3830 2247 3830 1945 3830 1945 3831 2247 3831 1946 3831 2248 3832 2249 3832 2250 3832 2250 3833 2249 3833 2251 3833 2026 3834 2033 3834 2252 3834 2026 3835 2252 3835 2253 3835 2253 3836 2252 3836 2254 3836 2253 3837 2254 3837 2255 3837 2255 3838 2254 3838 2256 3838 2255 3839 2256 3839 2257 3839 2257 3840 2256 3840 2258 3840 2257 3841 2258 3841 2259 3841 2259 3842 2258 3842 2260 3842 2259 3843 2260 3843 2261 3843 2261 3844 2260 3844 2262 3844 2261 3845 2262 3845 2263 3845 2263 3846 2262 3846 2264 3846 2263 3847 2264 3847 2265 3847 2265 3848 2264 3848 2266 3848 2265 3849 2266 3849 2267 3849 2267 3850 2266 3850 2251 3850 2267 3851 2251 3851 2249 3851 1982 3852 1995 3852 2268 3852 2268 3853 1995 3853 2269 3853 2268 3854 2269 3854 2270 3854 2270 3855 2269 3855 2271 3855 2270 3856 2271 3856 2272 3856 2272 3857 2271 3857 2273 3857 2272 3858 2273 3858 2274 3858 2274 3859 2273 3859 2275 3859 2274 3860 2275 3860 2276 3860 2276 3861 2275 3861 2277 3861 2276 3862 2277 3862 2278 3862 2278 3863 2277 3863 2279 3863 2278 3864 2279 3864 2280 3864 2280 3865 2279 3865 2281 3865 2280 3866 2281 3866 1981 3866 1981 3867 2281 3867 1989 3867 2249 3868 1989 3868 2281 3868 1995 3869 2026 3869 2269 3869 2269 3870 2026 3870 2253 3870 2269 3871 2253 3871 2271 3871 1996 3872 1946 3872 2282 3872 2282 3873 1946 3873 2247 3873 2282 3874 2247 3874 2283 3874 2283 3875 2247 3875 2245 3875 2253 3876 2255 3876 2271 3876 2271 3877 2255 3877 2257 3877 2271 3878 2257 3878 2273 3878 2273 3879 2257 3879 2259 3879 2273 3880 2259 3880 2275 3880 2275 3881 2259 3881 2261 3881 2275 3882 2261 3882 2277 3882 2277 3883 2261 3883 2263 3883 2277 3884 2263 3884 2279 3884 2279 3885 2263 3885 2265 3885 2279 3886 2265 3886 2281 3886 2281 3887 2265 3887 2267 3887 2281 3888 2267 3888 2249 3888 1989 3889 2249 3889 1958 3889 1958 3890 2249 3890 2248 3890 1958 3891 2248 3891 2235 3891 2235 3892 2248 3892 2284 3892 2235 3893 2284 3893 2237 3893 2237 3894 2284 3894 2285 3894 2237 3895 2285 3895 2239 3895 2239 3896 2285 3896 2286 3896 2239 3897 2286 3897 2241 3897 2241 3898 2286 3898 2287 3898 2241 3899 2287 3899 2243 3899 2243 3900 2287 3900 2288 3900 2243 3901 2288 3901 2245 3901 2245 3902 2288 3902 2289 3902 2245 3903 2289 3903 2283 3903 2248 3904 2250 3904 2290 3904 2248 3905 2290 3905 2284 3905 2284 3906 2290 3906 2291 3906 2284 3907 2291 3907 2285 3907 2285 3908 2291 3908 2292 3908 2285 3909 2292 3909 2286 3909 2286 3910 2292 3910 2293 3910 2286 3911 2293 3911 2287 3911 2287 3912 2293 3912 2294 3912 2287 3913 2294 3913 2288 3913 2288 3914 2294 3914 2295 3914 2288 3915 2295 3915 2289 3915 2289 3916 2295 3916 2296 3916 2289 3917 2296 3917 2283 3917 2283 3918 2296 3918 2297 3918 2283 3919 2297 3919 2282 3919 2282 3920 2297 3920 1997 3920 2282 3921 1997 3921 1996 3921 2298 3922 2299 3922 2300 3922 2298 3923 2300 3923 2301 3923 2301 3924 2300 3924 2302 3924 2301 3925 2302 3925 2303 3925 2303 3926 2302 3926 2304 3926 2303 3927 2304 3927 2305 3927 2306 3928 2307 3928 2308 3928 2308 3929 2307 3929 2309 3929 2307 3930 2310 3930 2311 3930 2312 3931 2313 3931 2314 3931 2314 3932 2313 3932 2315 3932 2314 3933 2315 3933 2307 3933 2307 3934 2315 3934 2316 3934 2307 3935 2316 3935 2310 3935 2309 3936 2307 3936 2317 3936 2317 3937 2307 3937 2311 3937 2317 3938 2311 3938 2318 3938 2319 3939 2320 3939 2321 3939 2321 3940 2320 3940 2322 3940 2321 3941 2322 3941 2311 3941 2311 3942 2322 3942 2323 3942 2311 3943 2323 3943 2318 3943 2324 3944 2325 3944 2326 3944 2324 3945 2326 3945 2327 3945 2327 3946 2326 3946 2328 3946 2327 3947 2328 3947 2329 3947 2329 3948 2328 3948 2305 3948 2329 3949 2305 3949 2330 3949 2331 3950 2332 3950 2333 3950 2333 3951 2332 3951 2334 3951 2332 3952 2335 3952 2334 3952 2334 3953 2335 3953 2336 3953 2334 3954 2336 3954 2337 3954 2336 3955 2338 3955 2337 3955 2337 3956 2338 3956 2339 3956 2337 3957 2339 3957 2340 3957 2341 3958 2342 3958 2343 3958 2343 3959 2342 3959 2340 3959 2343 3960 2340 3960 2344 3960 2344 3961 2340 3961 2339 3961 2325 3962 2324 3962 2341 3962 2341 3963 2324 3963 2342 3963 2345 3964 2298 3964 2346 3964 2345 3965 2346 3965 2347 3965 2347 3966 2346 3966 2348 3966 2347 3967 2348 3967 2349 3967 2349 3968 2348 3968 2350 3968 2349 3969 2350 3969 2351 3969 2351 3970 2350 3970 2325 3970 2351 3971 2325 3971 2341 3971 2331 3972 2352 3972 2353 3972 2354 3973 2355 3973 2356 3973 2356 3974 2355 3974 2357 3974 2353 3975 2352 3975 2358 3975 2352 3976 2359 3976 2358 3976 2358 3977 2359 3977 2360 3977 2358 3978 2360 3978 2357 3978 2357 3979 2360 3979 2361 3979 2357 3980 2361 3980 2356 3980 2362 3981 2363 3981 2364 3981 2364 3982 2363 3982 2365 3982 2364 3983 2365 3983 2366 3983 2366 3984 2365 3984 2367 3984 2366 3985 2367 3985 2368 3985 2368 3986 2367 3986 2369 3986 2363 3987 2370 3987 2365 3987 2365 3988 2370 3988 2371 3988 2365 3989 2371 3989 2367 3989 2367 3990 2371 3990 2372 3990 2367 3991 2372 3991 2369 3991 2369 3992 2372 3992 2373 3992 2374 3993 2345 3993 2375 3993 2375 3994 2345 3994 2347 3994 2375 3995 2347 3995 2376 3995 2376 3996 2347 3996 2349 3996 2376 3997 2349 3997 2377 3997 2377 3998 2349 3998 2351 3998 2336 3999 2335 3999 2353 3999 2353 4000 2335 4000 2332 4000 2353 4001 2332 4001 2331 4001 2373 4002 2338 4002 2369 4002 2369 4003 2338 4003 2336 4003 2369 4004 2336 4004 2368 4004 2368 4005 2336 4005 2353 4005 2368 4006 2353 4006 2366 4006 2366 4007 2353 4007 2358 4007 2366 4008 2358 4008 2364 4008 2364 4009 2358 4009 2357 4009 2364 4010 2357 4010 2362 4010 2362 4011 2357 4011 2355 4011 2343 4012 2344 4012 2373 4012 2373 4013 2344 4013 2339 4013 2373 4014 2339 4014 2338 4014 2370 4015 2374 4015 2371 4015 2371 4016 2374 4016 2375 4016 2371 4017 2375 4017 2372 4017 2372 4018 2375 4018 2376 4018 2372 4019 2376 4019 2373 4019 2373 4020 2376 4020 2377 4020 2373 4021 2377 4021 2343 4021 2343 4022 2377 4022 2351 4022 2343 4023 2351 4023 2341 4023 2378 4024 2354 4024 2379 4024 2379 4025 2354 4025 2356 4025 2379 4026 2356 4026 2380 4026 2380 4027 2356 4027 2361 4027 2380 4028 2361 4028 2381 4028 2381 4029 2361 4029 2360 4029 2381 4030 2360 4030 2382 4030 2382 4031 2360 4031 2359 4031 2382 4032 2359 4032 2383 4032 2383 4033 2359 4033 2352 4033 2383 4034 2352 4034 2384 4034 2384 4035 2352 4035 2331 4035 2331 4036 2333 4036 2384 4036 2384 4037 2333 4037 2385 4037 2100 4038 2386 4038 2387 4038 2100 4039 2387 4039 2099 4039 2099 4040 2387 4040 2388 4040 2099 4041 2388 4041 2098 4041 2098 4042 2388 4042 2389 4042 2098 4043 2389 4043 2097 4043 2097 4044 2389 4044 2390 4044 2097 4045 2390 4045 2096 4045 2391 4046 2386 4046 2100 4046 1481 4047 2392 4047 2393 4047 2100 4048 2101 4048 2391 4048 2391 4049 2101 4049 1481 4049 2391 4050 1481 4050 2394 4050 2394 4051 1481 4051 2393 4051 2391 4052 2394 4052 2395 4052 2391 4053 2395 4053 2396 4053 2396 4054 2395 4054 2397 4054 2396 4055 2397 4055 2398 4055 2398 4056 2397 4056 2399 4056 2398 4057 2399 4057 2400 4057 2400 4058 2399 4058 2384 4058 2400 4059 2384 4059 2385 4059 2401 4060 2402 4060 2403 4060 2404 4061 2405 4061 2406 4061 2382 4062 2383 4062 2407 4062 2407 4063 2383 4063 2384 4063 2381 4064 2408 4064 2380 4064 2380 4065 2408 4065 2406 4065 2405 4066 2378 4066 2406 4066 2406 4067 2378 4067 2379 4067 2406 4068 2379 4068 2380 4068 2402 4069 2404 4069 2403 4069 2403 4070 2404 4070 2406 4070 2403 4071 2406 4071 2409 4071 2409 4072 2406 4072 2408 4072 2409 4073 2408 4073 2410 4073 2411 4074 2401 4074 2412 4074 2412 4075 2401 4075 2403 4075 2412 4076 2403 4076 2413 4076 2413 4077 2403 4077 2409 4077 2413 4078 2409 4078 2414 4078 2414 4079 2409 4079 2410 4079 2394 4080 2411 4080 2395 4080 2395 4081 2411 4081 2412 4081 2395 4082 2412 4082 2397 4082 2397 4083 2412 4083 2413 4083 2397 4084 2413 4084 2399 4084 2399 4085 2413 4085 2414 4085 2399 4086 2414 4086 2384 4086 2410 4087 2384 4087 2414 4087 2381 4088 2382 4088 2408 4088 2408 4089 2382 4089 2407 4089 2408 4090 2407 4090 2410 4090 2410 4091 2407 4091 2384 4091 2378 4092 2405 4092 2415 4092 2415 4093 2405 4093 2416 4093 2405 4094 2404 4094 2416 4094 2416 4095 2404 4095 2402 4095 2416 4096 2402 4096 2417 4096 2394 4097 2393 4097 2411 4097 2411 4098 2393 4098 2417 4098 2411 4099 2417 4099 2401 4099 2401 4100 2417 4100 2402 4100 2095 4101 2418 4101 2419 4101 2095 4102 2419 4102 2420 4102 2420 4103 2419 4103 2421 4103 2420 4104 2421 4104 2422 4104 2422 4105 2421 4105 2423 4105 2422 4106 2423 4106 2424 4106 2424 4107 2423 4107 2425 4107 2424 4108 2425 4108 2092 4108 2426 4109 2427 4109 2428 4109 2426 4110 2428 4110 2429 4110 2429 4111 2428 4111 2430 4111 2429 4112 2430 4112 2431 4112 2431 4113 2430 4113 2432 4113 2431 4114 2432 4114 2433 4114 2433 4115 2432 4115 2434 4115 2433 4116 2434 4116 2435 4116 2436 4117 2437 4117 2438 4117 2437 4118 2439 4118 2440 4118 2439 4119 2441 4119 2442 4119 2439 4120 2442 4120 2440 4120 2440 4121 2442 4121 2443 4121 2440 4122 2443 4122 2444 4122 2444 4123 2443 4123 2445 4123 2444 4124 2445 4124 2446 4124 2446 4125 2445 4125 2447 4125 2446 4126 2447 4126 2448 4126 2448 4127 2447 4127 2449 4127 2448 4128 2449 4128 2450 4128 2450 4129 2449 4129 2451 4129 2450 4130 2451 4130 2452 4130 2452 4131 2451 4131 2453 4131 2452 4132 2453 4132 2454 4132 2454 4133 2453 4133 2455 4133 2454 4134 2455 4134 2456 4134 2437 4135 2440 4135 2438 4135 2438 4136 2440 4136 2444 4136 2438 4137 2444 4137 2457 4137 2457 4138 2444 4138 2446 4138 2457 4139 2446 4139 2458 4139 2458 4140 2446 4140 2448 4140 2458 4141 2448 4141 2459 4141 2459 4142 2448 4142 2450 4142 2459 4143 2450 4143 2460 4143 2460 4144 2450 4144 2452 4144 2460 4145 2452 4145 2461 4145 2461 4146 2452 4146 2454 4146 2461 4147 2454 4147 2462 4147 2462 4148 2454 4148 2456 4148 2462 4149 2456 4149 2463 4149 2436 4150 2438 4150 2464 4150 2464 4151 2438 4151 2457 4151 2464 4152 2457 4152 2465 4152 2465 4153 2457 4153 2458 4153 2465 4154 2458 4154 2466 4154 2466 4155 2458 4155 2459 4155 2466 4156 2459 4156 2467 4156 2467 4157 2459 4157 2460 4157 2467 4158 2460 4158 2468 4158 2468 4159 2460 4159 2461 4159 2468 4160 2461 4160 2469 4160 2469 4161 2461 4161 2462 4161 2469 4162 2462 4162 2470 4162 2470 4163 2462 4163 2463 4163 2470 4164 2463 4164 2471 4164 2455 4165 2426 4165 2472 4165 2455 4166 2472 4166 2456 4166 2456 4167 2472 4167 2473 4167 2456 4168 2473 4168 2463 4168 2463 4169 2473 4169 2474 4169 2463 4170 2474 4170 2471 4170 2474 4171 2475 4171 2471 4171 2471 4172 2475 4172 2476 4172 2475 4173 2474 4173 2477 4173 2475 4174 2477 4174 2478 4174 2478 4175 2477 4175 2479 4175 2478 4176 2479 4176 2480 4176 2480 4177 2479 4177 2481 4177 2480 4178 2481 4178 2482 4178 2482 4179 2481 4179 2435 4179 2482 4180 2435 4180 2483 4180 2092 4181 2425 4181 2233 4181 2233 4182 2425 4182 2483 4182 2233 4183 2483 4183 1488 4183 1488 4184 2483 4184 2435 4184 1488 4185 2435 4185 2484 4185 2484 4186 2435 4186 2434 4186 2392 4187 2485 4187 2393 4187 2393 4188 2485 4188 2314 4188 2393 4189 2314 4189 2417 4189 2432 4190 2430 4190 2434 4190 2434 4191 2430 4191 2307 4191 2434 4192 2307 4192 2484 4192 2484 4193 2307 4193 2486 4193 2416 4194 2417 4194 2415 4194 2415 4195 2417 4195 2314 4195 2415 4196 2314 4196 2427 4196 2427 4197 2314 4197 2307 4197 2427 4198 2307 4198 2428 4198 2428 4199 2307 4199 2430 4199 2354 4200 2378 4200 2415 4200 2449 4201 2447 4201 2374 4201 2374 4202 2447 4202 2445 4202 2370 4203 2363 4203 2427 4203 2427 4204 2363 4204 2362 4204 2427 4205 2362 4205 2415 4205 2415 4206 2362 4206 2355 4206 2415 4207 2355 4207 2354 4207 2370 4208 2427 4208 2374 4208 2374 4209 2427 4209 2451 4209 2374 4210 2451 4210 2449 4210 2426 4211 2455 4211 2427 4211 2427 4212 2455 4212 2453 4212 2427 4213 2453 4213 2451 4213 2299 4214 2298 4214 2441 4214 2441 4215 2298 4215 2345 4215 2441 4216 2345 4216 2442 4216 2442 4217 2345 4217 2374 4217 2442 4218 2374 4218 2443 4218 2443 4219 2374 4219 2445 4219 2299 4220 2441 4220 2439 4220 2299 4221 2439 4221 2487 4221 2487 4222 2439 4222 2437 4222 2487 4223 2437 4223 2488 4223 2488 4224 2437 4224 2436 4224 2488 4225 2436 4225 2489 4225 2436 4226 2490 4226 2489 4226 2489 4227 2490 4227 2491 4227 2436 4228 2464 4228 2490 4228 2490 4229 2464 4229 2492 4229 2464 4230 2465 4230 2492 4230 2492 4231 2465 4231 2466 4231 2492 4232 2466 4232 2493 4232 2466 4233 2467 4233 2493 4233 2493 4234 2467 4234 2468 4234 2493 4235 2468 4235 2494 4235 2471 4236 2476 4236 2470 4236 2470 4237 2476 4237 2494 4237 2470 4238 2494 4238 2469 4238 2469 4239 2494 4239 2468 4239 2495 4240 2496 4240 2497 4240 2497 4241 2496 4241 2498 4241 2497 4242 2498 4242 2499 4242 2500 4243 2496 4243 2418 4243 2418 4244 2496 4244 2495 4244 2418 4245 2495 4245 2419 4245 2419 4246 2495 4246 2501 4246 2419 4247 2501 4247 2421 4247 2421 4248 2501 4248 2502 4248 2421 4249 2502 4249 2423 4249 2423 4250 2502 4250 2425 4250 2482 4251 2483 4251 2425 4251 2480 4252 2482 4252 2503 4252 2503 4253 2482 4253 2425 4253 2503 4254 2425 4254 2504 4254 2504 4255 2425 4255 2502 4255 2498 4256 2505 4256 2499 4256 2499 4257 2505 4257 2491 4257 2499 4258 2491 4258 2506 4258 2506 4259 2491 4259 2490 4259 2506 4260 2490 4260 2507 4260 2507 4261 2490 4261 2492 4261 2507 4262 2492 4262 2508 4262 2508 4263 2492 4263 2493 4263 2508 4264 2493 4264 2509 4264 2509 4265 2493 4265 2494 4265 2509 4266 2494 4266 2510 4266 2510 4267 2494 4267 2476 4267 2510 4268 2476 4268 2511 4268 2511 4269 2476 4269 2475 4269 2511 4270 2475 4270 2503 4270 2503 4271 2475 4271 2478 4271 2503 4272 2478 4272 2480 4272 2500 4273 2304 4273 2512 4273 2500 4274 2512 4274 2496 4274 2496 4275 2512 4275 2513 4275 2496 4276 2513 4276 2498 4276 2498 4277 2513 4277 2514 4277 2498 4278 2514 4278 2505 4278 2505 4279 2514 4279 2489 4279 2505 4280 2489 4280 2491 4280 2252 4281 2033 4281 2096 4281 2095 4282 1997 4282 2297 4282 2291 4283 2290 4283 2264 4283 2252 4284 2096 4284 2254 4284 2254 4285 2096 4285 2390 4285 2254 4286 2390 4286 2256 4286 2256 4287 2390 4287 2330 4287 2256 4288 2330 4288 2258 4288 2250 4289 2251 4289 2290 4289 2290 4290 2251 4290 2266 4290 2290 4291 2266 4291 2264 4291 2095 4292 2297 4292 2418 4292 2418 4293 2297 4293 2296 4293 2418 4294 2296 4294 2500 4294 2258 4295 2330 4295 2260 4295 2260 4296 2330 4296 2305 4296 2260 4297 2305 4297 2262 4297 2262 4298 2305 4298 2304 4298 2262 4299 2304 4299 2264 4299 2264 4300 2304 4300 2292 4300 2264 4301 2292 4301 2291 4301 2296 4302 2295 4302 2500 4302 2500 4303 2295 4303 2294 4303 2500 4304 2294 4304 2304 4304 2304 4305 2294 4305 2293 4305 2304 4306 2293 4306 2292 4306 2329 4307 2330 4307 2390 4307 2329 4308 2390 4308 2327 4308 2515 4309 2396 4309 2516 4309 2516 4310 2396 4310 2398 4310 2516 4311 2398 4311 2517 4311 2398 4312 2400 4312 2517 4312 2517 4313 2400 4313 2385 4313 2517 4314 2385 4314 2518 4314 2518 4315 2385 4315 2333 4315 2518 4316 2333 4316 2519 4316 2519 4317 2333 4317 2334 4317 2519 4318 2334 4318 2520 4318 2334 4319 2337 4319 2520 4319 2520 4320 2337 4320 2340 4320 2520 4321 2340 4321 2521 4321 2521 4322 2340 4322 2342 4322 2521 4323 2342 4323 2522 4323 2522 4324 2342 4324 2324 4324 2522 4325 2324 4325 2523 4325 2523 4326 2324 4326 2327 4326 2523 4327 2327 4327 2524 4327 2524 4328 2327 4328 2390 4328 2524 4329 2390 4329 2525 4329 2525 4330 2390 4330 2389 4330 2525 4331 2389 4331 2526 4331 2526 4332 2389 4332 2388 4332 2526 4333 2388 4333 2527 4333 2527 4334 2388 4334 2387 4334 2527 4335 2387 4335 2515 4335 2515 4336 2387 4336 2386 4336 2515 4337 2386 4337 2396 4337 2396 4338 2386 4338 2391 4338 2528 4339 2529 4339 2530 4339 2530 4340 2529 4340 2531 4340 2530 4341 2531 4341 2532 4341 2533 4342 2534 4342 2535 4342 2532 4343 2531 4343 2536 4343 2536 4344 2531 4344 2533 4344 2536 4345 2533 4345 2537 4345 2537 4346 2533 4346 2535 4346 2537 4347 2535 4347 2538 4347 2539 4348 2540 4348 2541 4348 2539 4349 2541 4349 2542 4349 2542 4350 2541 4350 2543 4350 2542 4351 2543 4351 2544 4351 2544 4352 2543 4352 2545 4352 2544 4353 2545 4353 2546 4353 2546 4354 2545 4354 2547 4354 2546 4355 2547 4355 2548 4355 2549 4356 2550 4356 2551 4356 2551 4357 2550 4357 2552 4357 2551 4358 2552 4358 2553 4358 2553 4359 2552 4359 2554 4359 2553 4360 2554 4360 2555 4360 2555 4361 2554 4361 2556 4361 2555 4362 2556 4362 2557 4362 2557 4363 2556 4363 2558 4363 2557 4364 2558 4364 2559 4364 2559 4365 2558 4365 2560 4365 2559 4366 2560 4366 2561 4366 2561 4367 2560 4367 2562 4367 2561 4368 2562 4368 2563 4368 2563 4369 2562 4369 2564 4369 2563 4370 2564 4370 2565 4370 2565 4371 2564 4371 2566 4371 2565 4372 2566 4372 2567 4372 2567 4373 2566 4373 2568 4373 2567 4374 2568 4374 2569 4374 2569 4375 2568 4375 2570 4375 2569 4376 2570 4376 2571 4376 2571 4377 2570 4377 2572 4377 2571 4378 2572 4378 2573 4378 2573 4379 2572 4379 2574 4379 2573 4380 2574 4380 2549 4380 2549 4381 2574 4381 2550 4381 2550 4382 2574 4382 2575 4382 2576 4383 2575 4383 2577 4383 2577 4384 2575 4384 2574 4384 2577 4385 2574 4385 2578 4385 2579 4386 2580 4386 2581 4386 2556 4387 2582 4387 2583 4387 2583 4388 2582 4388 2584 4388 2583 4389 2584 4389 2585 4389 2586 4390 2560 4390 2583 4390 2583 4391 2560 4391 2558 4391 2583 4392 2558 4392 2556 4392 2556 4393 2554 4393 2582 4393 2582 4394 2554 4394 2552 4394 2582 4395 2552 4395 2587 4395 2587 4396 2552 4396 2588 4396 2574 4397 2572 4397 2578 4397 2578 4398 2572 4398 2570 4398 2578 4399 2570 4399 2589 4399 2589 4400 2570 4400 2568 4400 2589 4401 2568 4401 2590 4401 2590 4402 2568 4402 2566 4402 2590 4403 2566 4403 2581 4403 2581 4404 2566 4404 2564 4404 2581 4405 2564 4405 2579 4405 2579 4406 2564 4406 2562 4406 2579 4407 2562 4407 2591 4407 2591 4408 2562 4408 2560 4408 2591 4409 2560 4409 2592 4409 2592 4410 2560 4410 2586 4410 2550 4411 2575 4411 2552 4411 2552 4412 2575 4412 2593 4412 2552 4413 2593 4413 2588 4413 2594 4414 2579 4414 2591 4414 2594 4415 2591 4415 2595 4415 2595 4416 2591 4416 2592 4416 2595 4417 2592 4417 2596 4417 2596 4418 2592 4418 2586 4418 2596 4419 2586 4419 2597 4419 2597 4420 2586 4420 2583 4420 2597 4421 2583 4421 2598 4421 2599 4422 2600 4422 2601 4422 2601 4423 2600 4423 2602 4423 2601 4424 2602 4424 2603 4424 2603 4425 2602 4425 2604 4425 2603 4426 2604 4426 2605 4426 2605 4427 2604 4427 2606 4427 2605 4428 2606 4428 2607 4428 2607 4429 2606 4429 2608 4429 2607 4430 2608 4430 2609 4430 2609 4431 2608 4431 2610 4431 2609 4432 2610 4432 2611 4432 2611 4433 2610 4433 2612 4433 2611 4434 2612 4434 2613 4434 2613 4435 2612 4435 2614 4435 2613 4436 2614 4436 2615 4436 2615 4437 2614 4437 2616 4437 2615 4438 2616 4438 2617 4438 2617 4439 2616 4439 2618 4439 2617 4440 2618 4440 2619 4440 2619 4441 2618 4441 2620 4441 2619 4442 2620 4442 2621 4442 2621 4443 2620 4443 2622 4443 2621 4444 2622 4444 2599 4444 2599 4445 2622 4445 2600 4445 2602 4446 2623 4446 2604 4446 2604 4447 2623 4447 2624 4447 2604 4448 2624 4448 2606 4448 2606 4449 2624 4449 2625 4449 2606 4450 2625 4450 2608 4450 2622 4451 2626 4451 2600 4451 2600 4452 2626 4452 2627 4452 2600 4453 2627 4453 2602 4453 2602 4454 2627 4454 2628 4454 2602 4455 2628 4455 2623 4455 2618 4456 2629 4456 2620 4456 2620 4457 2629 4457 2630 4457 2620 4458 2630 4458 2622 4458 2622 4459 2630 4459 2631 4459 2622 4460 2631 4460 2626 4460 2614 4461 2612 4461 2632 4461 2632 4462 2612 4462 2610 4462 2633 4463 2632 4463 2634 4463 2634 4464 2632 4464 2610 4464 2634 4465 2610 4465 2635 4465 2635 4466 2610 4466 2608 4466 2635 4467 2608 4467 2636 4467 2636 4468 2608 4468 2625 4468 2637 4469 2629 4469 2638 4469 2638 4470 2629 4470 2618 4470 2638 4471 2618 4471 2639 4471 2639 4472 2618 4472 2616 4472 2639 4473 2616 4473 2640 4473 2640 4474 2616 4474 2614 4474 2640 4475 2614 4475 2641 4475 2641 4476 2614 4476 2632 4476 2642 4477 2638 4477 2639 4477 2642 4478 2639 4478 2643 4478 2643 4479 2639 4479 2640 4479 2643 4480 2640 4480 2644 4480 2644 4481 2640 4481 2641 4481 2644 4482 2641 4482 2645 4482 2645 4483 2641 4483 2632 4483 2645 4484 2632 4484 2646 4484 2647 4485 2648 4485 2649 4485 2650 4486 2651 4486 2652 4486 2652 4487 2651 4487 2647 4487 2652 4488 2647 4488 2653 4488 2653 4489 2647 4489 2649 4489 2654 4490 2655 4490 2653 4490 2654 4491 2653 4491 2656 4491 2656 4492 2653 4492 2649 4492 2656 4493 2649 4493 2657 4493 2657 4494 2649 4494 2648 4494 2657 4495 2648 4495 2658 4495 2658 4496 2648 4496 2659 4496 2659 4497 2648 4497 2647 4497 2659 4498 2647 4498 2642 4498 2660 4499 2661 4499 2662 4499 2663 4500 2664 4500 2662 4500 2665 4501 2666 4501 2660 4501 2667 4502 2668 4502 2655 4502 2660 4503 2666 4503 2661 4503 2661 4504 2666 4504 2669 4504 2661 4505 2669 4505 2670 4505 2659 4506 2642 4506 2663 4506 2663 4507 2642 4507 2643 4507 2663 4508 2643 4508 2664 4508 2664 4509 2643 4509 2644 4509 2645 4510 2646 4510 2671 4510 2671 4511 2646 4511 2672 4511 2671 4512 2672 4512 2673 4512 2673 4513 2672 4513 2674 4513 2673 4514 2674 4514 2675 4514 2655 4515 2654 4515 2667 4515 2667 4516 2654 4516 2656 4516 2667 4517 2656 4517 2676 4517 2676 4518 2656 4518 2657 4518 2676 4519 2657 4519 2658 4519 2670 4520 2668 4520 2661 4520 2661 4521 2668 4521 2667 4521 2661 4522 2667 4522 2662 4522 2662 4523 2667 4523 2676 4523 2662 4524 2676 4524 2663 4524 2663 4525 2676 4525 2658 4525 2663 4526 2658 4526 2659 4526 2677 4527 2665 4527 2675 4527 2675 4528 2665 4528 2660 4528 2675 4529 2660 4529 2673 4529 2673 4530 2660 4530 2662 4530 2673 4531 2662 4531 2671 4531 2671 4532 2662 4532 2664 4532 2671 4533 2664 4533 2645 4533 2645 4534 2664 4534 2644 4534 2678 4535 2677 4535 2675 4535 2678 4536 2675 4536 2679 4536 2679 4537 2675 4537 2674 4537 2679 4538 2674 4538 2680 4538 2680 4539 2674 4539 2672 4539 2680 4540 2672 4540 2681 4540 2681 4541 2672 4541 2646 4541 2681 4542 2646 4542 2682 4542 2683 4543 2684 4543 2682 4543 2682 4544 2684 4544 2685 4544 2680 4545 2681 4545 2679 4545 2679 4546 2681 4546 2682 4546 2679 4547 2682 4547 2678 4547 2678 4548 2682 4548 2685 4548 2686 4549 2687 4549 2688 4549 2689 4550 2690 4550 2691 4550 2692 4551 2693 4551 2694 4551 2695 4552 2696 4552 2697 4552 2698 4553 2699 4553 2700 4553 2701 4554 2702 4554 2703 4554 2704 4555 2705 4555 2706 4555 2706 4556 2705 4556 2707 4556 2708 4557 2709 4557 2707 4557 2707 4558 2705 4558 2708 4558 2708 4559 2705 4559 2710 4559 2708 4560 2710 4560 2711 4560 2712 4561 2713 4561 2714 4561 2714 4562 2713 4562 2715 4562 2715 4563 2713 4563 2716 4563 2715 4564 2716 4564 2717 4564 2718 4565 2719 4565 2720 4565 2720 4566 2719 4566 2721 4566 2722 4567 2721 4567 2723 4567 2723 4568 2721 4568 2719 4568 2723 4569 2719 4569 2724 4569 2724 4570 2719 4570 2725 4570 2718 4571 2726 4571 2719 4571 2719 4572 2726 4572 2727 4572 2719 4573 2727 4573 2725 4573 2725 4574 2727 4574 2728 4574 2729 4575 2730 4575 2731 4575 2731 4576 2730 4576 2732 4576 2731 4577 2732 4577 2728 4577 2728 4578 2732 4578 2733 4578 2728 4579 2733 4579 2725 4579 2734 4580 2730 4580 2735 4580 2735 4581 2730 4581 2729 4581 2735 4582 2729 4582 2689 4582 2731 4583 2689 4583 2729 4583 2699 4584 2734 4584 2700 4584 2700 4585 2734 4585 2735 4585 2700 4586 2735 4586 2689 4586 2736 4587 2737 4587 2738 4587 2738 4588 2737 4588 2698 4588 2738 4589 2698 4589 2739 4589 2738 4590 2740 4590 2736 4590 2736 4591 2740 4591 2741 4591 2736 4592 2741 4592 2742 4592 2742 4593 2741 4593 2743 4593 2743 4594 2741 4594 2744 4594 2744 4595 2741 4595 2745 4595 2744 4596 2745 4596 2746 4596 2747 4597 2745 4597 2748 4597 2748 4598 2745 4598 2741 4598 2748 4599 2741 4599 2749 4599 2749 4600 2741 4600 2740 4600 2749 4601 2740 4601 2750 4601 2751 4602 2752 4602 2753 4602 2753 4603 2752 4603 2754 4603 2754 4604 2752 4604 2755 4604 2754 4605 2755 4605 2756 4605 2757 4606 2758 4606 2759 4606 2759 4607 2758 4607 2760 4607 2761 4608 2760 4608 2762 4608 2762 4609 2760 4609 2758 4609 2762 4610 2758 4610 2763 4610 2763 4611 2758 4611 2764 4611 2757 4612 2765 4612 2758 4612 2758 4613 2765 4613 2766 4613 2758 4614 2766 4614 2764 4614 2764 4615 2766 4615 2767 4615 2688 4616 2695 4616 2686 4616 2686 4617 2695 4617 2697 4617 2686 4618 2697 4618 2687 4618 2687 4619 2697 4619 2768 4619 2687 4620 2768 4620 2767 4620 2767 4621 2768 4621 2769 4621 2767 4622 2769 4622 2764 4622 2693 4623 2696 4623 2694 4623 2694 4624 2696 4624 2695 4624 2694 4625 2695 4625 2688 4625 2770 4626 2771 4626 2692 4626 2770 4627 2692 4627 2772 4627 2772 4628 2692 4628 2694 4628 2772 4629 2694 4629 2688 4629 2771 4630 2770 4630 2704 4630 2704 4631 2770 4631 2703 4631 2704 4632 2703 4632 2705 4632 2705 4633 2703 4633 2702 4633 2705 4634 2702 4634 2710 4634 2726 4635 2717 4635 2727 4635 2727 4636 2717 4636 2716 4636 2727 4637 2716 4637 2728 4637 2728 4638 2716 4638 2773 4638 2728 4639 2773 4639 2731 4639 2731 4640 2773 4640 2774 4640 2731 4641 2774 4641 2689 4641 2775 4642 2689 4642 2774 4642 2739 4643 2691 4643 2738 4643 2738 4644 2691 4644 2776 4644 2738 4645 2776 4645 2740 4645 2740 4646 2776 4646 2751 4646 2740 4647 2751 4647 2750 4647 2750 4648 2751 4648 2753 4648 2775 4649 2774 4649 2777 4649 2777 4650 2774 4650 2773 4650 2777 4651 2773 4651 2778 4651 2778 4652 2773 4652 2716 4652 2778 4653 2716 4653 2779 4653 2779 4654 2716 4654 2713 4654 2779 4655 2713 4655 2780 4655 2780 4656 2713 4656 2712 4656 2780 4657 2712 4657 2781 4657 2781 4658 2712 4658 2782 4658 2781 4659 2782 4659 2783 4659 2783 4660 2782 4660 2784 4660 2783 4661 2784 4661 2688 4661 2714 4662 2701 4662 2712 4662 2712 4663 2701 4663 2703 4663 2712 4664 2703 4664 2782 4664 2782 4665 2703 4665 2770 4665 2782 4666 2770 4666 2784 4666 2784 4667 2770 4667 2772 4667 2784 4668 2772 4668 2688 4668 2765 4669 2756 4669 2766 4669 2766 4670 2756 4670 2755 4670 2766 4671 2755 4671 2767 4671 2767 4672 2755 4672 2785 4672 2767 4673 2785 4673 2687 4673 2687 4674 2785 4674 2786 4674 2687 4675 2786 4675 2688 4675 2691 4676 2690 4676 2776 4676 2776 4677 2690 4677 2787 4677 2776 4678 2787 4678 2751 4678 2751 4679 2787 4679 2788 4679 2751 4680 2788 4680 2752 4680 2752 4681 2788 4681 2789 4681 2752 4682 2789 4682 2755 4682 2755 4683 2789 4683 2790 4683 2755 4684 2790 4684 2785 4684 2785 4685 2790 4685 2791 4685 2785 4686 2791 4686 2786 4686 2786 4687 2791 4687 2792 4687 2786 4688 2792 4688 2688 4688 2739 4689 2689 4689 2691 4689 2698 4690 2700 4690 2739 4690 2739 4691 2700 4691 2689 4691 2683 4692 2791 4692 2790 4692 2683 4693 2790 4693 2684 4693 2684 4694 2790 4694 2789 4694 2684 4695 2789 4695 2793 4695 2781 4696 2783 4696 2794 4696 2794 4697 2783 4697 2688 4697 2794 4698 2688 4698 2683 4698 2683 4699 2688 4699 2792 4699 2683 4700 2792 4700 2791 4700 2795 4701 2777 4701 2796 4701 2796 4702 2777 4702 2778 4702 2796 4703 2778 4703 2797 4703 2797 4704 2778 4704 2779 4704 2797 4705 2779 4705 2794 4705 2794 4706 2779 4706 2780 4706 2794 4707 2780 4707 2781 4707 2789 4708 2788 4708 2793 4708 2793 4709 2788 4709 2787 4709 2793 4710 2787 4710 2798 4710 2798 4711 2787 4711 2690 4711 2798 4712 2690 4712 2799 4712 2799 4713 2690 4713 2689 4713 2799 4714 2689 4714 2795 4714 2795 4715 2689 4715 2775 4715 2795 4716 2775 4716 2777 4716 2797 4717 2794 4717 2800 4717 2800 4718 2794 4718 2801 4718 2800 4719 2801 4719 2802 4719 2803 4720 2804 4720 2801 4720 2801 4721 2804 4721 2805 4721 2801 4722 2805 4722 2802 4722 2806 4723 2802 4723 2805 4723 2807 4724 2808 4724 2806 4724 2806 4725 2805 4725 2807 4725 2807 4726 2805 4726 2804 4726 2807 4727 2804 4727 2809 4727 2809 4728 2804 4728 2803 4728 2809 4729 2803 4729 2810 4729 2810 4730 2803 4730 2801 4730 2810 4731 2801 4731 2594 4731 2811 4732 2597 4732 2598 4732 2812 4733 2813 4733 2814 4733 2815 4734 2816 4734 2814 4734 2817 4735 2818 4735 2812 4735 2812 4736 2818 4736 2813 4736 2813 4737 2818 4737 2819 4737 2813 4738 2819 4738 2820 4738 2596 4739 2816 4739 2595 4739 2595 4740 2816 4740 2815 4740 2595 4741 2815 4741 2594 4741 2821 4742 2808 4742 2822 4742 2822 4743 2808 4743 2807 4743 2822 4744 2807 4744 2823 4744 2823 4745 2807 4745 2809 4745 2823 4746 2809 4746 2810 4746 2598 4747 2824 4747 2811 4747 2811 4748 2824 4748 2825 4748 2811 4749 2825 4749 2826 4749 2826 4750 2825 4750 2827 4750 2826 4751 2827 4751 2828 4751 2820 4752 2821 4752 2813 4752 2813 4753 2821 4753 2822 4753 2813 4754 2822 4754 2814 4754 2814 4755 2822 4755 2823 4755 2814 4756 2823 4756 2815 4756 2815 4757 2823 4757 2810 4757 2815 4758 2810 4758 2594 4758 2829 4759 2817 4759 2828 4759 2828 4760 2817 4760 2812 4760 2828 4761 2812 4761 2826 4761 2826 4762 2812 4762 2814 4762 2826 4763 2814 4763 2811 4763 2811 4764 2814 4764 2816 4764 2811 4765 2816 4765 2597 4765 2597 4766 2816 4766 2596 4766 2830 4767 2829 4767 2828 4767 2830 4768 2828 4768 2831 4768 2831 4769 2828 4769 2827 4769 2831 4770 2827 4770 2832 4770 2598 4771 2833 4771 2824 4771 2824 4772 2833 4772 2832 4772 2824 4773 2832 4773 2825 4773 2825 4774 2832 4774 2827 4774 2833 4775 2834 4775 2835 4775 2831 4776 2832 4776 2830 4776 2830 4777 2832 4777 2833 4777 2830 4778 2833 4778 2836 4778 2836 4779 2833 4779 2835 4779 2837 4780 2838 4780 2839 4780 2840 4781 2841 4781 2842 4781 2843 4782 2844 4782 2845 4782 2846 4783 2847 4783 2848 4783 2849 4784 2850 4784 2851 4784 2852 4785 2853 4785 2854 4785 2855 4786 2856 4786 2857 4786 2857 4787 2856 4787 2858 4787 2857 4788 2858 4788 2859 4788 2860 4789 2861 4789 2855 4789 2855 4790 2857 4790 2860 4790 2860 4791 2857 4791 2862 4791 2860 4792 2862 4792 2863 4792 2864 4793 2865 4793 2866 4793 2866 4794 2865 4794 2867 4794 2867 4795 2865 4795 2868 4795 2867 4796 2868 4796 2869 4796 2870 4797 2871 4797 2872 4797 2872 4798 2871 4798 2873 4798 2874 4799 2873 4799 2875 4799 2875 4800 2873 4800 2871 4800 2875 4801 2871 4801 2876 4801 2876 4802 2871 4802 2877 4802 2870 4803 2878 4803 2871 4803 2871 4804 2878 4804 2879 4804 2871 4805 2879 4805 2877 4805 2877 4806 2879 4806 2880 4806 2881 4807 2882 4807 2883 4807 2883 4808 2882 4808 2884 4808 2883 4809 2884 4809 2880 4809 2880 4810 2884 4810 2885 4810 2880 4811 2885 4811 2877 4811 2886 4812 2882 4812 2887 4812 2887 4813 2882 4813 2881 4813 2887 4814 2881 4814 2840 4814 2883 4815 2840 4815 2881 4815 2850 4816 2886 4816 2851 4816 2851 4817 2886 4817 2887 4817 2851 4818 2887 4818 2840 4818 2888 4819 2889 4819 2890 4819 2890 4820 2889 4820 2849 4820 2890 4821 2849 4821 2891 4821 2890 4822 2892 4822 2888 4822 2888 4823 2892 4823 2893 4823 2888 4824 2893 4824 2894 4824 2894 4825 2893 4825 2895 4825 2895 4826 2893 4826 2896 4826 2896 4827 2893 4827 2897 4827 2896 4828 2897 4828 2898 4828 2899 4829 2897 4829 2900 4829 2900 4830 2897 4830 2893 4830 2900 4831 2893 4831 2901 4831 2901 4832 2893 4832 2892 4832 2901 4833 2892 4833 2902 4833 2903 4834 2904 4834 2905 4834 2905 4835 2904 4835 2906 4835 2906 4836 2904 4836 2907 4836 2906 4837 2907 4837 2908 4837 2909 4838 2910 4838 2911 4838 2911 4839 2910 4839 2912 4839 2913 4840 2912 4840 2914 4840 2914 4841 2912 4841 2910 4841 2914 4842 2910 4842 2915 4842 2915 4843 2910 4843 2916 4843 2909 4844 2917 4844 2910 4844 2910 4845 2917 4845 2918 4845 2910 4846 2918 4846 2916 4846 2916 4847 2918 4847 2919 4847 2839 4848 2846 4848 2837 4848 2837 4849 2846 4849 2848 4849 2837 4850 2848 4850 2838 4850 2838 4851 2848 4851 2920 4851 2838 4852 2920 4852 2919 4852 2919 4853 2920 4853 2921 4853 2919 4854 2921 4854 2916 4854 2844 4855 2847 4855 2845 4855 2845 4856 2847 4856 2846 4856 2845 4857 2846 4857 2839 4857 2922 4858 2923 4858 2843 4858 2922 4859 2843 4859 2924 4859 2924 4860 2843 4860 2845 4860 2924 4861 2845 4861 2839 4861 2923 4862 2922 4862 2859 4862 2859 4863 2922 4863 2854 4863 2859 4864 2854 4864 2857 4864 2857 4865 2854 4865 2853 4865 2857 4866 2853 4866 2862 4866 2878 4867 2869 4867 2879 4867 2879 4868 2869 4868 2868 4868 2879 4869 2868 4869 2880 4869 2880 4870 2868 4870 2925 4870 2880 4871 2925 4871 2883 4871 2883 4872 2925 4872 2926 4872 2883 4873 2926 4873 2840 4873 2927 4874 2840 4874 2926 4874 2891 4875 2842 4875 2890 4875 2890 4876 2842 4876 2928 4876 2890 4877 2928 4877 2892 4877 2892 4878 2928 4878 2903 4878 2892 4879 2903 4879 2902 4879 2902 4880 2903 4880 2905 4880 2927 4881 2926 4881 2929 4881 2929 4882 2926 4882 2925 4882 2929 4883 2925 4883 2930 4883 2930 4884 2925 4884 2868 4884 2930 4885 2868 4885 2931 4885 2931 4886 2868 4886 2865 4886 2931 4887 2865 4887 2932 4887 2932 4888 2865 4888 2864 4888 2932 4889 2864 4889 2933 4889 2933 4890 2864 4890 2934 4890 2933 4891 2934 4891 2935 4891 2935 4892 2934 4892 2936 4892 2935 4893 2936 4893 2839 4893 2866 4894 2852 4894 2864 4894 2864 4895 2852 4895 2854 4895 2864 4896 2854 4896 2934 4896 2934 4897 2854 4897 2922 4897 2934 4898 2922 4898 2936 4898 2936 4899 2922 4899 2924 4899 2936 4900 2924 4900 2839 4900 2917 4901 2908 4901 2918 4901 2918 4902 2908 4902 2907 4902 2918 4903 2907 4903 2919 4903 2919 4904 2907 4904 2937 4904 2919 4905 2937 4905 2838 4905 2838 4906 2937 4906 2938 4906 2838 4907 2938 4907 2839 4907 2842 4908 2841 4908 2928 4908 2928 4909 2841 4909 2939 4909 2928 4910 2939 4910 2903 4910 2903 4911 2939 4911 2940 4911 2903 4912 2940 4912 2904 4912 2904 4913 2940 4913 2941 4913 2904 4914 2941 4914 2907 4914 2907 4915 2941 4915 2942 4915 2907 4916 2942 4916 2937 4916 2937 4917 2942 4917 2943 4917 2937 4918 2943 4918 2938 4918 2938 4919 2943 4919 2944 4919 2938 4920 2944 4920 2839 4920 2891 4921 2840 4921 2842 4921 2849 4922 2851 4922 2891 4922 2891 4923 2851 4923 2840 4923 2933 4924 2935 4924 2945 4924 2945 4925 2935 4925 2839 4925 2945 4926 2839 4926 2834 4926 2834 4927 2839 4927 2944 4927 2944 4928 2943 4928 2834 4928 2834 4929 2943 4929 2942 4929 2834 4930 2942 4930 2835 4930 2835 4931 2942 4931 2941 4931 2835 4932 2941 4932 2946 4932 2941 4933 2940 4933 2946 4933 2946 4934 2940 4934 2939 4934 2946 4935 2939 4935 2947 4935 2947 4936 2939 4936 2841 4936 2947 4937 2841 4937 2948 4937 2948 4938 2841 4938 2840 4938 2948 4939 2840 4939 2949 4939 2840 4940 2927 4940 2949 4940 2949 4941 2927 4941 2929 4941 2949 4942 2929 4942 2950 4942 2950 4943 2929 4943 2930 4943 2950 4944 2930 4944 2951 4944 2951 4945 2930 4945 2931 4945 2951 4946 2931 4946 2945 4946 2945 4947 2931 4947 2932 4947 2945 4948 2932 4948 2933 4948 2951 4949 2945 4949 2952 4949 2952 4950 2945 4950 2953 4950 2952 4951 2953 4951 2954 4951 2955 4952 2956 4952 2953 4952 2953 4953 2956 4953 2957 4953 2953 4954 2957 4954 2954 4954 2958 4955 2954 4955 2957 4955 2959 4956 2960 4956 2958 4956 2958 4957 2957 4957 2959 4957 2959 4958 2957 4958 2956 4958 2959 4959 2956 4959 2961 4959 2961 4960 2956 4960 2962 4960 2962 4961 2956 4961 2955 4961 2962 4962 2955 4962 2963 4962 2963 4963 2955 4963 2953 4963 2963 4964 2953 4964 2539 4964 2964 4965 2960 4965 2959 4965 2965 4966 2964 4966 2966 4966 2967 4967 2965 4967 2968 4967 2969 4968 2967 4968 2970 4968 2964 4969 2959 4969 2966 4969 2966 4970 2959 4970 2961 4970 2966 4971 2961 4971 2971 4971 2971 4972 2961 4972 2962 4972 2971 4973 2962 4973 2972 4973 2972 4974 2962 4974 2963 4974 2972 4975 2963 4975 2973 4975 2973 4976 2963 4976 2539 4976 2973 4977 2539 4977 2542 4977 2965 4978 2966 4978 2968 4978 2968 4979 2966 4979 2971 4979 2968 4980 2971 4980 2974 4980 2974 4981 2971 4981 2972 4981 2974 4982 2972 4982 2975 4982 2975 4983 2972 4983 2973 4983 2975 4984 2973 4984 2976 4984 2976 4985 2973 4985 2542 4985 2976 4986 2542 4986 2544 4986 2967 4987 2968 4987 2970 4987 2970 4988 2968 4988 2974 4988 2970 4989 2974 4989 2977 4989 2977 4990 2974 4990 2975 4990 2977 4991 2975 4991 2978 4991 2978 4992 2975 4992 2976 4992 2978 4993 2976 4993 2979 4993 2979 4994 2976 4994 2544 4994 2979 4995 2544 4995 2546 4995 2969 4996 2970 4996 2980 4996 2980 4997 2970 4997 2977 4997 2980 4998 2977 4998 2981 4998 2981 4999 2977 4999 2978 4999 2981 5000 2978 5000 2982 5000 2982 5001 2978 5001 2979 5001 2982 5002 2979 5002 2983 5002 2983 5003 2979 5003 2546 5003 2983 5004 2546 5004 2548 5004 2984 5005 2969 5005 2980 5005 2985 5006 2986 5006 2984 5006 2984 5007 2980 5007 2985 5007 2985 5008 2980 5008 2981 5008 2985 5009 2981 5009 2987 5009 2987 5010 2981 5010 2982 5010 2987 5011 2982 5011 2988 5011 2982 5012 2983 5012 2988 5012 2988 5013 2983 5013 2548 5013 2988 5014 2548 5014 2989 5014 2990 5015 2991 5015 2989 5015 2989 5016 2991 5016 2992 5016 2987 5017 2988 5017 2985 5017 2985 5018 2988 5018 2989 5018 2985 5019 2989 5019 2986 5019 2986 5020 2989 5020 2992 5020 2993 5021 2994 5021 2995 5021 2996 5022 2997 5022 2998 5022 2999 5023 3000 5023 3001 5023 3002 5024 3003 5024 3004 5024 3005 5025 3006 5025 3007 5025 3008 5026 3009 5026 3010 5026 3011 5027 3012 5027 3013 5027 3013 5028 3012 5028 3014 5028 3015 5029 3016 5029 3014 5029 3014 5030 3012 5030 3015 5030 3015 5031 3012 5031 3017 5031 3015 5032 3017 5032 3018 5032 3019 5033 3020 5033 3021 5033 3021 5034 3020 5034 3022 5034 3022 5035 3020 5035 3023 5035 3022 5036 3023 5036 3024 5036 3025 5037 3026 5037 3027 5037 3027 5038 3026 5038 3028 5038 3029 5039 3028 5039 3030 5039 3030 5040 3028 5040 3026 5040 3030 5041 3026 5041 3031 5041 3031 5042 3026 5042 3032 5042 3025 5043 3033 5043 3026 5043 3026 5044 3033 5044 3034 5044 3026 5045 3034 5045 3032 5045 3032 5046 3034 5046 3035 5046 3036 5047 3037 5047 3038 5047 3038 5048 3037 5048 3039 5048 3038 5049 3039 5049 3035 5049 3035 5050 3039 5050 3040 5050 3035 5051 3040 5051 3032 5051 3041 5052 3037 5052 3042 5052 3042 5053 3037 5053 3036 5053 3042 5054 3036 5054 2996 5054 3038 5055 2996 5055 3036 5055 3006 5056 3041 5056 3007 5056 3007 5057 3041 5057 3042 5057 3007 5058 3042 5058 2996 5058 3043 5059 3044 5059 3045 5059 3045 5060 3044 5060 3005 5060 3045 5061 3005 5061 3046 5061 3045 5062 3047 5062 3043 5062 3043 5063 3047 5063 3048 5063 3043 5064 3048 5064 3049 5064 3049 5065 3048 5065 3050 5065 3050 5066 3048 5066 3051 5066 3051 5067 3048 5067 3052 5067 3051 5068 3052 5068 3053 5068 3054 5069 3052 5069 3055 5069 3055 5070 3052 5070 3048 5070 3055 5071 3048 5071 3056 5071 3056 5072 3048 5072 3047 5072 3056 5073 3047 5073 3057 5073 3058 5074 3059 5074 3060 5074 3060 5075 3059 5075 3061 5075 3061 5076 3059 5076 3062 5076 3061 5077 3062 5077 3063 5077 3064 5078 3065 5078 3066 5078 3066 5079 3065 5079 3067 5079 3068 5080 3067 5080 3069 5080 3069 5081 3067 5081 3065 5081 3069 5082 3065 5082 3070 5082 3070 5083 3065 5083 3071 5083 3064 5084 3072 5084 3065 5084 3065 5085 3072 5085 3073 5085 3065 5086 3073 5086 3071 5086 3071 5087 3073 5087 3074 5087 2995 5088 3002 5088 2993 5088 2993 5089 3002 5089 3004 5089 2993 5090 3004 5090 2994 5090 2994 5091 3004 5091 3075 5091 2994 5092 3075 5092 3074 5092 3074 5093 3075 5093 3076 5093 3074 5094 3076 5094 3071 5094 3000 5095 3003 5095 3001 5095 3001 5096 3003 5096 3002 5096 3001 5097 3002 5097 2995 5097 3077 5098 3078 5098 2999 5098 3077 5099 2999 5099 3079 5099 3079 5100 2999 5100 3001 5100 3079 5101 3001 5101 2995 5101 3078 5102 3077 5102 3011 5102 3011 5103 3077 5103 3010 5103 3011 5104 3010 5104 3012 5104 3012 5105 3010 5105 3009 5105 3012 5106 3009 5106 3017 5106 3033 5107 3024 5107 3034 5107 3034 5108 3024 5108 3023 5108 3034 5109 3023 5109 3035 5109 3035 5110 3023 5110 3080 5110 3035 5111 3080 5111 3038 5111 3038 5112 3080 5112 3081 5112 3038 5113 3081 5113 2996 5113 3082 5114 2996 5114 3081 5114 3046 5115 2998 5115 3045 5115 3045 5116 2998 5116 3083 5116 3045 5117 3083 5117 3047 5117 3047 5118 3083 5118 3058 5118 3047 5119 3058 5119 3057 5119 3057 5120 3058 5120 3060 5120 3082 5121 3081 5121 3084 5121 3084 5122 3081 5122 3080 5122 3084 5123 3080 5123 3085 5123 3085 5124 3080 5124 3023 5124 3085 5125 3023 5125 3086 5125 3086 5126 3023 5126 3020 5126 3086 5127 3020 5127 3087 5127 3087 5128 3020 5128 3019 5128 3087 5129 3019 5129 3088 5129 3088 5130 3019 5130 3089 5130 3088 5131 3089 5131 3090 5131 3090 5132 3089 5132 3091 5132 3090 5133 3091 5133 2995 5133 3021 5134 3008 5134 3019 5134 3019 5135 3008 5135 3010 5135 3019 5136 3010 5136 3089 5136 3089 5137 3010 5137 3077 5137 3089 5138 3077 5138 3091 5138 3091 5139 3077 5139 3079 5139 3091 5140 3079 5140 2995 5140 3072 5141 3063 5141 3073 5141 3073 5142 3063 5142 3062 5142 3073 5143 3062 5143 3074 5143 3074 5144 3062 5144 3092 5144 3074 5145 3092 5145 2994 5145 2994 5146 3092 5146 3093 5146 2994 5147 3093 5147 2995 5147 2998 5148 2997 5148 3083 5148 3083 5149 2997 5149 3094 5149 3083 5150 3094 5150 3058 5150 3058 5151 3094 5151 3095 5151 3058 5152 3095 5152 3059 5152 3059 5153 3095 5153 3096 5153 3059 5154 3096 5154 3062 5154 3062 5155 3096 5155 3097 5155 3062 5156 3097 5156 3092 5156 3092 5157 3097 5157 3098 5157 3092 5158 3098 5158 3093 5158 3093 5159 3098 5159 3099 5159 3093 5160 3099 5160 2995 5160 3046 5161 2996 5161 2998 5161 3005 5162 3007 5162 3046 5162 3046 5163 3007 5163 2996 5163 3100 5164 3094 5164 3101 5164 3101 5165 3094 5165 2997 5165 3101 5166 2997 5166 3102 5166 3102 5167 2997 5167 2996 5167 3102 5168 2996 5168 3103 5168 2996 5169 3082 5169 3103 5169 3103 5170 3082 5170 3084 5170 3103 5171 3084 5171 3104 5171 3104 5172 3084 5172 3085 5172 3104 5173 3085 5173 3105 5173 3105 5174 3085 5174 3086 5174 3105 5175 3086 5175 3106 5175 3106 5176 3086 5176 3087 5176 3106 5177 3087 5177 3088 5177 3088 5178 3090 5178 3106 5178 3106 5179 3090 5179 2995 5179 3106 5180 2995 5180 2990 5180 2990 5181 2995 5181 3099 5181 3099 5182 3098 5182 2990 5182 2990 5183 3098 5183 3097 5183 2990 5184 3097 5184 2991 5184 2991 5185 3097 5185 3096 5185 2991 5186 3096 5186 3100 5186 3100 5187 3096 5187 3095 5187 3100 5188 3095 5188 3094 5188 3107 5189 3108 5189 3109 5189 3105 5190 3106 5190 3110 5190 3110 5191 3106 5191 3107 5191 3110 5192 3107 5192 3111 5192 3111 5193 3107 5193 3109 5193 3108 5194 3107 5194 3112 5194 3112 5195 3113 5195 3108 5195 3108 5196 3113 5196 3114 5196 3108 5197 3114 5197 3109 5197 3109 5198 3114 5198 3115 5198 3115 5199 3116 5199 3109 5199 3109 5200 3116 5200 3117 5200 3109 5201 3117 5201 3111 5201 3112 5202 3118 5202 3119 5202 3120 5203 2528 5203 2530 5203 3121 5204 3122 5204 3123 5204 3124 5205 3125 5205 3126 5205 3124 5206 3126 5206 3122 5206 3121 5207 3123 5207 3127 5207 3127 5208 3128 5208 3129 5208 3129 5209 3128 5209 2537 5209 3129 5210 2537 5210 2538 5210 3120 5211 2530 5211 3130 5211 3130 5212 2530 5212 2532 5212 3130 5213 2532 5213 3131 5213 3128 5214 3132 5214 2537 5214 2537 5215 3132 5215 3131 5215 2537 5216 3131 5216 2536 5216 2536 5217 3131 5217 2532 5217 3127 5218 3123 5218 3128 5218 3128 5219 3123 5219 3133 5219 3128 5220 3133 5220 3132 5220 3132 5221 3133 5221 3134 5221 3132 5222 3134 5222 3131 5222 3131 5223 3134 5223 3135 5223 3131 5224 3135 5224 3130 5224 3130 5225 3135 5225 3136 5225 3130 5226 3136 5226 3120 5226 3122 5227 3126 5227 3123 5227 3123 5228 3126 5228 3137 5228 3123 5229 3137 5229 3133 5229 3133 5230 3137 5230 3138 5230 3133 5231 3138 5231 3134 5231 3134 5232 3138 5232 3119 5232 3134 5233 3119 5233 3135 5233 3135 5234 3119 5234 3118 5234 3135 5235 3118 5235 3136 5235 3125 5236 3117 5236 3126 5236 3126 5237 3117 5237 3116 5237 3126 5238 3116 5238 3137 5238 3137 5239 3116 5239 3115 5239 3137 5240 3115 5240 3138 5240 3138 5241 3115 5241 3114 5241 3138 5242 3114 5242 3119 5242 3119 5243 3114 5243 3113 5243 3119 5244 3113 5244 3112 5244 3139 5245 2528 5245 3120 5245 3139 5246 3120 5246 3140 5246 3140 5247 3120 5247 3136 5247 3140 5248 3136 5248 3141 5248 3141 5249 3136 5249 3118 5249 3141 5250 3118 5250 3142 5250 3142 5251 3118 5251 3112 5251 3142 5252 3112 5252 3143 5252 3144 5253 3145 5253 3146 5253 3146 5254 3145 5254 3147 5254 3146 5255 3147 5255 3148 5255 3148 5256 3147 5256 3149 5256 3148 5257 3149 5257 3150 5257 3150 5258 3149 5258 3151 5258 3150 5259 3151 5259 3152 5259 3152 5260 3151 5260 3153 5260 3152 5261 3153 5261 3154 5261 3154 5262 3153 5262 3155 5262 3154 5263 3155 5263 3156 5263 3156 5264 3155 5264 3157 5264 3156 5265 3157 5265 3158 5265 3158 5266 3157 5266 3159 5266 3158 5267 3159 5267 3160 5267 3160 5268 3159 5268 3161 5268 3160 5269 3161 5269 3162 5269 3162 5270 3161 5270 3163 5270 3162 5271 3163 5271 3164 5271 3164 5272 3163 5272 3165 5272 3164 5273 3165 5273 3166 5273 3166 5274 3165 5274 3167 5274 3166 5275 3167 5275 3168 5275 3168 5276 3167 5276 3169 5276 3168 5277 3169 5277 3144 5277 3144 5278 3169 5278 3145 5278 3149 5279 3147 5279 3170 5279 3170 5280 3147 5280 3145 5280 3171 5281 3170 5281 3143 5281 3143 5282 3170 5282 3145 5282 3143 5283 3145 5283 3142 5283 3142 5284 3145 5284 3169 5284 3142 5285 3169 5285 3141 5285 3141 5286 3169 5286 3167 5286 3141 5287 3167 5287 3140 5287 3140 5288 3167 5288 3139 5288 3139 5289 3167 5289 3165 5289 3139 5290 3165 5290 3163 5290 3172 5291 3139 5291 3173 5291 3173 5292 3139 5292 3163 5292 3173 5293 3163 5293 3174 5293 3174 5294 3163 5294 3161 5294 3170 5295 3175 5295 3149 5295 3149 5296 3175 5296 3176 5296 3149 5297 3176 5297 3151 5297 3151 5298 3176 5298 3177 5298 3151 5299 3177 5299 3153 5299 3177 5300 3178 5300 3153 5300 3153 5301 3178 5301 3179 5301 3153 5302 3179 5302 3155 5302 3155 5303 3179 5303 3180 5303 3155 5304 3180 5304 3157 5304 3157 5305 3180 5305 3181 5305 3157 5306 3181 5306 3159 5306 3159 5307 3181 5307 3182 5307 3159 5308 3182 5308 3161 5308 3161 5309 3182 5309 3183 5309 3161 5310 3183 5310 3174 5310 3184 5311 3185 5311 3186 5311 3187 5312 3188 5312 3189 5312 3190 5313 3191 5313 3192 5313 3192 5314 3191 5314 3193 5314 3187 5315 3189 5315 3194 5315 3194 5316 3189 5316 3195 5316 3194 5317 3195 5317 3196 5317 3196 5318 3195 5318 3197 5318 3196 5319 3197 5319 3198 5319 3198 5320 3197 5320 3199 5320 3198 5321 3199 5321 3200 5321 3200 5322 3199 5322 3201 5322 3200 5323 3201 5323 3202 5323 3202 5324 3201 5324 3203 5324 3202 5325 3203 5325 3204 5325 3204 5326 3203 5326 3205 5326 3204 5327 3205 5327 3186 5327 3186 5328 3205 5328 3206 5328 3186 5329 3206 5329 3184 5329 3185 5330 3207 5330 3186 5330 3186 5331 3207 5331 3208 5331 3186 5332 3208 5332 3204 5332 3204 5333 3208 5333 3209 5333 3204 5334 3209 5334 3202 5334 3202 5335 3209 5335 3210 5335 3202 5336 3210 5336 3200 5336 3200 5337 3210 5337 3211 5337 3200 5338 3211 5338 3198 5338 3198 5339 3211 5339 3212 5339 3198 5340 3212 5340 3196 5340 3196 5341 3212 5341 3192 5341 3196 5342 3192 5342 3194 5342 3194 5343 3192 5343 3193 5343 3194 5344 3193 5344 3187 5344 3185 5345 3213 5345 3207 5345 3207 5346 3213 5346 3214 5346 3207 5347 3214 5347 3215 5347 3190 5348 3192 5348 3216 5348 3216 5349 3192 5349 3212 5349 3216 5350 3212 5350 3217 5350 3217 5351 3212 5351 3211 5351 3217 5352 3211 5352 3218 5352 3218 5353 3211 5353 3210 5353 3218 5354 3210 5354 3219 5354 3219 5355 3210 5355 3209 5355 3219 5356 3209 5356 3220 5356 3220 5357 3209 5357 3208 5357 3220 5358 3208 5358 3221 5358 3221 5359 3208 5359 3207 5359 3221 5360 3207 5360 3222 5360 3222 5361 3207 5361 3215 5361 3222 5362 3215 5362 3223 5362 3224 5363 3225 5363 3226 5363 3227 5364 3228 5364 3187 5364 3187 5365 3228 5365 3188 5365 3227 5366 3187 5366 3229 5366 3229 5367 3187 5367 3193 5367 3229 5368 3193 5368 3230 5368 3230 5369 3193 5369 3231 5369 3231 5370 3193 5370 3191 5370 3231 5371 3191 5371 3226 5371 3226 5372 3191 5372 3190 5372 3226 5373 3190 5373 3224 5373 3230 5374 3231 5374 3232 5374 3232 5375 3231 5375 3226 5375 3227 5376 3229 5376 3233 5376 3233 5377 3229 5377 3230 5377 3234 5378 3228 5378 3227 5378 3235 5379 3236 5379 3237 5379 3237 5380 3236 5380 3238 5380 3237 5381 3238 5381 3239 5381 3239 5382 3238 5382 3240 5382 3239 5383 3240 5383 3241 5383 3241 5384 3240 5384 3242 5384 3241 5385 3242 5385 3243 5385 3243 5386 3242 5386 3232 5386 3243 5387 3232 5387 3244 5387 3244 5388 3232 5388 3226 5388 3244 5389 3226 5389 3225 5389 3230 5390 3232 5390 3233 5390 3233 5391 3232 5391 3242 5391 3233 5392 3242 5392 3245 5392 3245 5393 3242 5393 3240 5393 3245 5394 3240 5394 3246 5394 3246 5395 3240 5395 3238 5395 3246 5396 3238 5396 3247 5396 3247 5397 3238 5397 3236 5397 3247 5398 3236 5398 3248 5398 3235 5399 3249 5399 3236 5399 3236 5400 3249 5400 3250 5400 3236 5401 3250 5401 3248 5401 3248 5402 3250 5402 3251 5402 3248 5403 3251 5403 3252 5403 3227 5404 3233 5404 3234 5404 3234 5405 3233 5405 3245 5405 3234 5406 3245 5406 3253 5406 3253 5407 3245 5407 3246 5407 3253 5408 3246 5408 3254 5408 3254 5409 3246 5409 3247 5409 3254 5410 3247 5410 3255 5410 3255 5411 3247 5411 3248 5411 3255 5412 3248 5412 3256 5412 3256 5413 3248 5413 3252 5413 3256 5414 3252 5414 3257 5414 3258 5415 3257 5415 3252 5415 3251 5416 3259 5416 3252 5416 3252 5417 3259 5417 3260 5417 3252 5418 3260 5418 3258 5418 3235 5419 3261 5419 3249 5419 3249 5420 3261 5420 3262 5420 3249 5421 3262 5421 3263 5421 3251 5422 3250 5422 3259 5422 3259 5423 3250 5423 3249 5423 3259 5424 3249 5424 3264 5424 3264 5425 3249 5425 3263 5425 3264 5426 3263 5426 3265 5426 3265 5427 3266 5427 3264 5427 3264 5428 3266 5428 3267 5428 3264 5429 3267 5429 3268 5429 3259 5430 3264 5430 3269 5430 3264 5431 3268 5431 3270 5431 3258 5432 3260 5432 3271 5432 3271 5433 3260 5433 3259 5433 3264 5434 3270 5434 3269 5434 3269 5435 3270 5435 3272 5435 3269 5436 3272 5436 3273 5436 3273 5437 3272 5437 3274 5437 3273 5438 3274 5438 3275 5438 3275 5439 3274 5439 3276 5439 3275 5440 3276 5440 3277 5440 3259 5441 3269 5441 3271 5441 3271 5442 3269 5442 3273 5442 3271 5443 3273 5443 3278 5443 3278 5444 3273 5444 3275 5444 3278 5445 3275 5445 3279 5445 3279 5446 3275 5446 3277 5446 3279 5447 3277 5447 3280 5447 3258 5448 3271 5448 3281 5448 3281 5449 3271 5449 3278 5449 3281 5450 3278 5450 3282 5450 3282 5451 3278 5451 3279 5451 3282 5452 3279 5452 3283 5452 3283 5453 3279 5453 3280 5453 3283 5454 3280 5454 3284 5454 3285 5455 3284 5455 3280 5455 3285 5456 3280 5456 3286 5456 3286 5457 3280 5457 3277 5457 3286 5458 3277 5458 3287 5458 3287 5459 3277 5459 3276 5459 3287 5460 3276 5460 3288 5460 3289 5461 3290 5461 3291 5461 3290 5462 3292 5462 3293 5462 3294 5463 3295 5463 3296 5463 3296 5464 3295 5464 3289 5464 3290 5465 3293 5465 3291 5465 3291 5466 3293 5466 3297 5466 3291 5467 3297 5467 3298 5467 3298 5468 3297 5468 3299 5468 3298 5469 3299 5469 3300 5469 3300 5470 3299 5470 3301 5470 3300 5471 3301 5471 3302 5471 3302 5472 3301 5472 3303 5472 3302 5473 3303 5473 3304 5473 3304 5474 3303 5474 3305 5474 3304 5475 3305 5475 3306 5475 3306 5476 3305 5476 3307 5476 3306 5477 3307 5477 3308 5477 3308 5478 3307 5478 3285 5478 3308 5479 3285 5479 3286 5479 3289 5480 3291 5480 3296 5480 3296 5481 3291 5481 3298 5481 3296 5482 3298 5482 3309 5482 3309 5483 3298 5483 3300 5483 3309 5484 3300 5484 3310 5484 3310 5485 3300 5485 3302 5485 3310 5486 3302 5486 3311 5486 3311 5487 3302 5487 3304 5487 3311 5488 3304 5488 3312 5488 3312 5489 3304 5489 3306 5489 3312 5490 3306 5490 3313 5490 3313 5491 3306 5491 3308 5491 3313 5492 3308 5492 3314 5492 3314 5493 3308 5493 3286 5493 3314 5494 3286 5494 3287 5494 3294 5495 3296 5495 3315 5495 3315 5496 3296 5496 3309 5496 3315 5497 3309 5497 3316 5497 3316 5498 3309 5498 3310 5498 3316 5499 3310 5499 3317 5499 3317 5500 3310 5500 3311 5500 3317 5501 3311 5501 3318 5501 3318 5502 3311 5502 3312 5502 3318 5503 3312 5503 3319 5503 3319 5504 3312 5504 3313 5504 3319 5505 3313 5505 3320 5505 3320 5506 3313 5506 3314 5506 3320 5507 3314 5507 3321 5507 3321 5508 3314 5508 3287 5508 3321 5509 3287 5509 3288 5509 3322 5510 3292 5510 3290 5510 3295 5511 3294 5511 3323 5511 3322 5512 3290 5512 3324 5512 3324 5513 3290 5513 3289 5513 3324 5514 3289 5514 3325 5514 3325 5515 3289 5515 3295 5515 3325 5516 3295 5516 3326 5516 3326 5517 3295 5517 3323 5517 3326 5518 3323 5518 3327 5518 3328 5519 3329 5519 3330 5519 3331 5520 3332 5520 3333 5520 3333 5521 3332 5521 3334 5521 3333 5522 3334 5522 3335 5522 3335 5523 3334 5523 3336 5523 3335 5524 3336 5524 3337 5524 3337 5525 3336 5525 3330 5525 3327 5526 3331 5526 3326 5526 3326 5527 3331 5527 3333 5527 3326 5528 3333 5528 3325 5528 3325 5529 3333 5529 3335 5529 3325 5530 3335 5530 3324 5530 3324 5531 3335 5531 3337 5531 3324 5532 3337 5532 3322 5532 3322 5533 3337 5533 3338 5533 3330 5534 3329 5534 3337 5534 3337 5535 3329 5535 3339 5535 3337 5536 3339 5536 3338 5536 3340 5537 3328 5537 3341 5537 3341 5538 3328 5538 3330 5538 3341 5539 3330 5539 3342 5539 3342 5540 3330 5540 3336 5540 3342 5541 3336 5541 3343 5541 3343 5542 3336 5542 3334 5542 3343 5543 3334 5543 3344 5543 3344 5544 3334 5544 3332 5544 3344 5545 3345 5545 3343 5545 3343 5546 3345 5546 3346 5546 3343 5547 3346 5547 3342 5547 3342 5548 3346 5548 3347 5548 3342 5549 3347 5549 3341 5549 3341 5550 3347 5550 3348 5550 3341 5551 3348 5551 3340 5551 3340 5552 3348 5552 3349 5552 3350 5553 3349 5553 3348 5553 3345 5554 3351 5554 3346 5554 3346 5555 3351 5555 3352 5555 3350 5556 3348 5556 3353 5556 3353 5557 3348 5557 3347 5557 3353 5558 3347 5558 3354 5558 3354 5559 3347 5559 3346 5559 3354 5560 3346 5560 3355 5560 3355 5561 3346 5561 3352 5561 3355 5562 3352 5562 3356 5562 3356 5563 3357 5563 3355 5563 3355 5564 3357 5564 3358 5564 3355 5565 3358 5565 3359 5565 3354 5566 3355 5566 3360 5566 3355 5567 3359 5567 3361 5567 3350 5568 3353 5568 3362 5568 3362 5569 3353 5569 3354 5569 3355 5570 3361 5570 3360 5570 3360 5571 3361 5571 3363 5571 3360 5572 3363 5572 3364 5572 3364 5573 3363 5573 3365 5573 3364 5574 3365 5574 3366 5574 3366 5575 3365 5575 3367 5575 3366 5576 3367 5576 3368 5576 3354 5577 3360 5577 3362 5577 3362 5578 3360 5578 3364 5578 3362 5579 3364 5579 3369 5579 3369 5580 3364 5580 3366 5580 3369 5581 3366 5581 3370 5581 3370 5582 3366 5582 3368 5582 3370 5583 3368 5583 3371 5583 3350 5584 3362 5584 3372 5584 3372 5585 3362 5585 3369 5585 3372 5586 3369 5586 3373 5586 3373 5587 3369 5587 3370 5587 3373 5588 3370 5588 3374 5588 3374 5589 3370 5589 3371 5589 3374 5590 3371 5590 3375 5590 3376 5591 3377 5591 3378 5591 3378 5592 3377 5592 3379 5592 3380 5593 3381 5593 3382 5593 3382 5594 3381 5594 3383 5594 3382 5595 3383 5595 3384 5595 3385 5596 3386 5596 3387 5596 3387 5597 3386 5597 3388 5597 3387 5598 3388 5598 3389 5598 3389 5599 3388 5599 3390 5599 3377 5600 3391 5600 3379 5600 3379 5601 3391 5601 3392 5601 3379 5602 3392 5602 3382 5602 3382 5603 3392 5603 3389 5603 3382 5604 3389 5604 3380 5604 3380 5605 3389 5605 3390 5605 3393 5606 3394 5606 3395 5606 3396 5607 3397 5607 3385 5607 3398 5608 3399 5608 3400 5608 3400 5609 3399 5609 3401 5609 3400 5610 3401 5610 3402 5610 3402 5611 3401 5611 3403 5611 3402 5612 3403 5612 3395 5612 3399 5613 3397 5613 3401 5613 3401 5614 3397 5614 3396 5614 3401 5615 3396 5615 3403 5615 3403 5616 3396 5616 3404 5616 3385 5617 3387 5617 3396 5617 3396 5618 3387 5618 3389 5618 3396 5619 3389 5619 3404 5619 3404 5620 3389 5620 3392 5620 3404 5621 3392 5621 3391 5621 3395 5622 3403 5622 3405 5622 3405 5623 3403 5623 3404 5623 3405 5624 3404 5624 3406 5624 3406 5625 3404 5625 3391 5625 3406 5626 3391 5626 3377 5626 3407 5627 3398 5627 3408 5627 3408 5628 3398 5628 3400 5628 3408 5629 3400 5629 3409 5629 3409 5630 3400 5630 3402 5630 3409 5631 3402 5631 3410 5631 3410 5632 3402 5632 3395 5632 3410 5633 3395 5633 3411 5633 3411 5634 3395 5634 3394 5634 3393 5635 3395 5635 3412 5635 3412 5636 3395 5636 3405 5636 3412 5637 3405 5637 3413 5637 3413 5638 3405 5638 3406 5638 3413 5639 3406 5639 3414 5639 3414 5640 3406 5640 3377 5640 3414 5641 3377 5641 3376 5641 3411 5642 3415 5642 3416 5642 3417 5643 3418 5643 3419 5643 3411 5644 3416 5644 3410 5644 3410 5645 3416 5645 3420 5645 3410 5646 3420 5646 3409 5646 3409 5647 3420 5647 3417 5647 3409 5648 3417 5648 3408 5648 3408 5649 3417 5649 3419 5649 3408 5650 3419 5650 3407 5650 3418 5651 3417 5651 3421 5651 3422 5652 3423 5652 3424 5652 3417 5653 3420 5653 3425 5653 3426 5654 3427 5654 3428 5654 3429 5655 3430 5655 3431 5655 3415 5656 3430 5656 3416 5656 3416 5657 3430 5657 3429 5657 3416 5658 3429 5658 3420 5658 3432 5659 3433 5659 3431 5659 3431 5660 3433 5660 3434 5660 3431 5661 3434 5661 3429 5661 3432 5662 3435 5662 3433 5662 3433 5663 3435 5663 3436 5663 3433 5664 3436 5664 3437 5664 3437 5665 3436 5665 3438 5665 3437 5666 3438 5666 3439 5666 3420 5667 3429 5667 3425 5667 3425 5668 3429 5668 3434 5668 3425 5669 3434 5669 3440 5669 3440 5670 3434 5670 3433 5670 3440 5671 3433 5671 3441 5671 3441 5672 3433 5672 3437 5672 3441 5673 3437 5673 3428 5673 3428 5674 3437 5674 3439 5674 3428 5675 3439 5675 3426 5675 3417 5676 3425 5676 3421 5676 3421 5677 3425 5677 3440 5677 3421 5678 3440 5678 3442 5678 3442 5679 3440 5679 3441 5679 3442 5680 3441 5680 3443 5680 3443 5681 3441 5681 3428 5681 3443 5682 3428 5682 3424 5682 3424 5683 3428 5683 3427 5683 3424 5684 3427 5684 3422 5684 3418 5685 3421 5685 3444 5685 3444 5686 3421 5686 3442 5686 3444 5687 3442 5687 3445 5687 3445 5688 3442 5688 3443 5688 3445 5689 3443 5689 3446 5689 3446 5690 3443 5690 3424 5690 3446 5691 3424 5691 3447 5691 3447 5692 3424 5692 3423 5692 3447 5693 3423 5693 3448 5693 3438 5694 3375 5694 3439 5694 3439 5695 3375 5695 3371 5695 3439 5696 3371 5696 3426 5696 3426 5697 3371 5697 3427 5697 3427 5698 3371 5698 3368 5698 3427 5699 3368 5699 3422 5699 3422 5700 3368 5700 3423 5700 3423 5701 3368 5701 3367 5701 3423 5702 3367 5702 3448 5702 3449 5703 3450 5703 3451 5703 3452 5704 3453 5704 3454 5704 3359 5705 3358 5705 3455 5705 3288 5706 3276 5706 3456 5706 3220 5707 3221 5707 3457 5707 3458 5708 3459 5708 3460 5708 3418 5709 3444 5709 3461 5709 3386 5710 3385 5710 3462 5710 3462 5711 3385 5711 3463 5711 3385 5712 3397 5712 3463 5712 3463 5713 3397 5713 3399 5713 3463 5714 3399 5714 3464 5714 3464 5715 3399 5715 3398 5715 3464 5716 3398 5716 3465 5716 3465 5717 3398 5717 3407 5717 3465 5718 3407 5718 3466 5718 3466 5719 3407 5719 3419 5719 3466 5720 3419 5720 3467 5720 3467 5721 3419 5721 3468 5721 3469 5722 3470 5722 3471 5722 3471 5723 3470 5723 3472 5723 3472 5724 3473 5724 3471 5724 3471 5725 3473 5725 3474 5725 3471 5726 3474 5726 3475 5726 3476 5727 3477 5727 3478 5727 3478 5728 3477 5728 3479 5728 3480 5729 3481 5729 3482 5729 3460 5730 3459 5730 3483 5730 3483 5731 3459 5731 3484 5731 3483 5732 3484 5732 3485 5732 3485 5733 3484 5733 3486 5733 3485 5734 3486 5734 3487 5734 3487 5735 3486 5735 3488 5735 3487 5736 3488 5736 3489 5736 3489 5737 3488 5737 3490 5737 3490 5738 3488 5738 3491 5738 3490 5739 3491 5739 3480 5739 3480 5740 3491 5740 3492 5740 3480 5741 3492 5741 3481 5741 3493 5742 3494 5742 3495 5742 3495 5743 3494 5743 3496 5743 3495 5744 3496 5744 3497 5744 3497 5745 3496 5745 3498 5745 3497 5746 3498 5746 3499 5746 3458 5747 3460 5747 3498 5747 3498 5748 3460 5748 3500 5748 3498 5749 3500 5749 3499 5749 3221 5750 3222 5750 3457 5750 3457 5751 3222 5751 3223 5751 3457 5752 3223 5752 3501 5752 3502 5753 3503 5753 3504 5753 3504 5754 3503 5754 3501 5754 3504 5755 3501 5755 3505 5755 3505 5756 3501 5756 3223 5756 3219 5757 3220 5757 3506 5757 3219 5758 3506 5758 3218 5758 3216 5759 3217 5759 3507 5759 3507 5760 3508 5760 3509 5760 3216 5761 3507 5761 3190 5761 3190 5762 3507 5762 3509 5762 3190 5763 3509 5763 3224 5763 3224 5764 3509 5764 3510 5764 3224 5765 3510 5765 3225 5765 3225 5766 3510 5766 3511 5766 3225 5767 3511 5767 3244 5767 3237 5768 3239 5768 3512 5768 3512 5769 3239 5769 3241 5769 3512 5770 3241 5770 3511 5770 3511 5771 3241 5771 3243 5771 3511 5772 3243 5772 3244 5772 3276 5773 3274 5773 3456 5773 3456 5774 3274 5774 3272 5774 3456 5775 3272 5775 3270 5775 3318 5776 3319 5776 3513 5776 3513 5777 3319 5777 3320 5777 3513 5778 3320 5778 3321 5778 3323 5779 3294 5779 3514 5779 3514 5780 3294 5780 3315 5780 3514 5781 3315 5781 3515 5781 3515 5782 3315 5782 3316 5782 3515 5783 3316 5783 3317 5783 3516 5784 3517 5784 3345 5784 3345 5785 3517 5785 3351 5785 3517 5786 3518 5786 3351 5786 3351 5787 3518 5787 3519 5787 3351 5788 3519 5788 3514 5788 3514 5789 3519 5789 3520 5789 3514 5790 3520 5790 3521 5790 3323 5791 3522 5791 3327 5791 3327 5792 3522 5792 3523 5792 3327 5793 3523 5793 3331 5793 3331 5794 3523 5794 3524 5794 3331 5795 3524 5795 3332 5795 3332 5796 3524 5796 3516 5796 3332 5797 3516 5797 3344 5797 3344 5798 3516 5798 3345 5798 3521 5799 3525 5799 3514 5799 3514 5800 3525 5800 3526 5800 3514 5801 3526 5801 3323 5801 3323 5802 3526 5802 3527 5802 3323 5803 3527 5803 3522 5803 3367 5804 3365 5804 3363 5804 3445 5805 3446 5805 3528 5805 3528 5806 3446 5806 3447 5806 3528 5807 3447 5807 3455 5807 3455 5808 3447 5808 3448 5808 3455 5809 3448 5809 3359 5809 3359 5810 3448 5810 3367 5810 3359 5811 3367 5811 3361 5811 3361 5812 3367 5812 3363 5812 3529 5813 3530 5813 3531 5813 3531 5814 3530 5814 3532 5814 3531 5815 3532 5815 3533 5815 3533 5816 3532 5816 3534 5816 3533 5817 3534 5817 3535 5817 3536 5818 3537 5818 3538 5818 3534 5819 3539 5819 3535 5819 3535 5820 3539 5820 3540 5820 3535 5821 3540 5821 3541 5821 3542 5822 3543 5822 3544 5822 3544 5823 3543 5823 3545 5823 3544 5824 3545 5824 3546 5824 3546 5825 3545 5825 3547 5825 3546 5826 3547 5826 3548 5826 3548 5827 3547 5827 3541 5827 3548 5828 3541 5828 3549 5828 3549 5829 3541 5829 3540 5829 3550 5830 3356 5830 3551 5830 3552 5831 3352 5831 3553 5831 3553 5832 3352 5832 3554 5832 3552 5833 3555 5833 3352 5833 3352 5834 3555 5834 3556 5834 3352 5835 3556 5835 3356 5835 3356 5836 3556 5836 3557 5836 3356 5837 3557 5837 3551 5837 3551 5838 3558 5838 3550 5838 3550 5839 3558 5839 3559 5839 3550 5840 3559 5840 3560 5840 3561 5841 3562 5841 3563 5841 3563 5842 3562 5842 3564 5842 3563 5843 3564 5843 3554 5843 3554 5844 3564 5844 3565 5844 3554 5845 3565 5845 3553 5845 3515 5846 3566 5846 3567 5846 3567 5847 3568 5847 3515 5847 3515 5848 3568 5848 3569 5848 3515 5849 3569 5849 3570 5849 3571 5850 3572 5850 3563 5850 3563 5851 3572 5851 3573 5851 3563 5852 3573 5852 3574 5852 3545 5853 3575 5853 3566 5853 3566 5854 3575 5854 3576 5854 3566 5855 3576 5855 3567 5855 3573 5856 3577 5856 3574 5856 3574 5857 3577 5857 3578 5857 3574 5858 3578 5858 3543 5858 3543 5859 3578 5859 3579 5859 3543 5860 3579 5860 3545 5860 3545 5861 3579 5861 3580 5861 3545 5862 3580 5862 3575 5862 3581 5863 3582 5863 3583 5863 3583 5864 3582 5864 3584 5864 3583 5865 3584 5865 3585 5865 3586 5866 3587 5866 3588 5866 3581 5867 3589 5867 3582 5867 3582 5868 3589 5868 3590 5868 3582 5869 3590 5869 3586 5869 3586 5870 3590 5870 3591 5870 3586 5871 3591 5871 3587 5871 3585 5872 3584 5872 3592 5872 3592 5873 3584 5873 3593 5873 3592 5874 3593 5874 3594 5874 3595 5875 3262 5875 3596 5875 3596 5876 3262 5876 3261 5876 3596 5877 3261 5877 3512 5877 3512 5878 3261 5878 3235 5878 3512 5879 3235 5879 3237 5879 3597 5880 3598 5880 3599 5880 3599 5881 3598 5881 3507 5881 3507 5882 3598 5882 3600 5882 3507 5883 3600 5883 3508 5883 3597 5884 3599 5884 3601 5884 3601 5885 3599 5885 3602 5885 3601 5886 3602 5886 3603 5886 3386 5887 3462 5887 3388 5887 3388 5888 3462 5888 3604 5888 3388 5889 3604 5889 3605 5889 3606 5890 3607 5890 3608 5890 3607 5891 3609 5891 3608 5891 3608 5892 3609 5892 3610 5892 3608 5893 3610 5893 3468 5893 3468 5894 3610 5894 3611 5894 3468 5895 3611 5895 3467 5895 3612 5896 3613 5896 3614 5896 3614 5897 3613 5897 3615 5897 3616 5898 3617 5898 3506 5898 3506 5899 3617 5899 3618 5899 3615 5900 3619 5900 3620 5900 3619 5901 3621 5901 3620 5901 3620 5902 3621 5902 3622 5902 3620 5903 3622 5903 3506 5903 3506 5904 3622 5904 3623 5904 3506 5905 3623 5905 3616 5905 3617 5906 3624 5906 3618 5906 3618 5907 3624 5907 3625 5907 3618 5908 3625 5908 3547 5908 3612 5909 3541 5909 3626 5909 3626 5910 3541 5910 3547 5910 3626 5911 3547 5911 3627 5911 3627 5912 3547 5912 3625 5912 3628 5913 3629 5913 3630 5913 3630 5914 3629 5914 3631 5914 3630 5915 3631 5915 3632 5915 3633 5916 3634 5916 3528 5916 3528 5917 3634 5917 3635 5917 3528 5918 3635 5918 3636 5918 3635 5919 3637 5919 3636 5919 3636 5920 3637 5920 3638 5920 3636 5921 3638 5921 3639 5921 3640 5922 3641 5922 3531 5922 3531 5923 3641 5923 3642 5923 3531 5924 3642 5924 3628 5924 3628 5925 3642 5925 3643 5925 3628 5926 3643 5926 3629 5926 3644 5927 3645 5927 3646 5927 3646 5928 3645 5928 3647 5928 3647 5929 3645 5929 3648 5929 3647 5930 3648 5930 3649 5930 3650 5931 3651 5931 3652 5931 3653 5932 3654 5932 3380 5932 3655 5933 3381 5933 3656 5933 3656 5934 3381 5934 3380 5934 3656 5935 3380 5935 3657 5935 3657 5936 3380 5936 3654 5936 3358 5937 3357 5937 3455 5937 3455 5938 3357 5938 3658 5938 3455 5939 3658 5939 3528 5939 3528 5940 3658 5940 3630 5940 3528 5941 3630 5941 3633 5941 3633 5942 3630 5942 3632 5942 3352 5943 3351 5943 3554 5943 3554 5944 3351 5944 3514 5944 3554 5945 3514 5945 3563 5945 3563 5946 3514 5946 3515 5946 3563 5947 3515 5947 3571 5947 3571 5948 3515 5948 3570 5948 3357 5949 3356 5949 3658 5949 3658 5950 3356 5950 3550 5950 3658 5951 3550 5951 3630 5951 3630 5952 3550 5952 3560 5952 3630 5953 3560 5953 3628 5953 3628 5954 3560 5954 3659 5954 3628 5955 3659 5955 3531 5955 3531 5956 3659 5956 3538 5956 3531 5957 3538 5957 3529 5957 3529 5958 3538 5958 3537 5958 3559 5959 3561 5959 3560 5959 3560 5960 3561 5960 3563 5960 3560 5961 3563 5961 3659 5961 3659 5962 3563 5962 3574 5962 3659 5963 3574 5963 3538 5963 3538 5964 3574 5964 3543 5964 3538 5965 3543 5965 3536 5965 3536 5966 3543 5966 3542 5966 3605 5967 3606 5967 3388 5967 3388 5968 3606 5968 3608 5968 3388 5969 3608 5969 3390 5969 3390 5970 3608 5970 3660 5970 3390 5971 3660 5971 3380 5971 3380 5972 3660 5972 3451 5972 3380 5973 3451 5973 3653 5973 3653 5974 3451 5974 3450 5974 3419 5975 3418 5975 3468 5975 3468 5976 3418 5976 3461 5976 3468 5977 3461 5977 3608 5977 3608 5978 3461 5978 3661 5978 3608 5979 3661 5979 3660 5979 3660 5980 3661 5980 3662 5980 3660 5981 3662 5981 3451 5981 3451 5982 3662 5982 3647 5982 3451 5983 3647 5983 3449 5983 3449 5984 3647 5984 3649 5984 3638 5985 3640 5985 3639 5985 3639 5986 3640 5986 3531 5986 3639 5987 3531 5987 3593 5987 3593 5988 3531 5988 3533 5988 3593 5989 3533 5989 3594 5989 3594 5990 3533 5990 3663 5990 3321 5991 3288 5991 3513 5991 3513 5992 3288 5992 3456 5992 3513 5993 3456 5993 3664 5993 3664 5994 3456 5994 3665 5994 3664 5995 3665 5995 3666 5995 3666 5996 3665 5996 3667 5996 3666 5997 3667 5997 3668 5997 3668 5998 3667 5998 3669 5998 3612 5999 3614 5999 3541 5999 3541 6000 3614 6000 3670 6000 3541 6001 3670 6001 3535 6001 3535 6002 3670 6002 3454 6002 3535 6003 3454 6003 3533 6003 3533 6004 3454 6004 3453 6004 3533 6005 3453 6005 3663 6005 3671 6006 3672 6006 3668 6006 3668 6007 3672 6007 3673 6007 3668 6008 3673 6008 3599 6008 3673 6009 3674 6009 3599 6009 3599 6010 3674 6010 3675 6010 3599 6011 3675 6011 3602 6011 3602 6012 3675 6012 3676 6012 3602 6013 3676 6013 3677 6013 3677 6014 3678 6014 3602 6014 3602 6015 3678 6015 3679 6015 3602 6016 3679 6016 3669 6016 3669 6017 3679 6017 3680 6017 3680 6018 3681 6018 3669 6018 3669 6019 3681 6019 3682 6019 3669 6020 3682 6020 3668 6020 3668 6021 3682 6021 3683 6021 3668 6022 3683 6022 3671 6022 3270 6023 3268 6023 3456 6023 3456 6024 3268 6024 3267 6024 3456 6025 3267 6025 3665 6025 3665 6026 3267 6026 3266 6026 3665 6027 3266 6027 3667 6027 3667 6028 3266 6028 3265 6028 3667 6029 3265 6029 3669 6029 3669 6030 3265 6030 3263 6030 3669 6031 3263 6031 3602 6031 3602 6032 3263 6032 3262 6032 3602 6033 3262 6033 3603 6033 3603 6034 3262 6034 3595 6034 3655 6035 3650 6035 3381 6035 3381 6036 3650 6036 3652 6036 3381 6037 3652 6037 3383 6037 3383 6038 3652 6038 3471 6038 3383 6039 3471 6039 3384 6039 3384 6040 3471 6040 3475 6040 3651 6041 3644 6041 3652 6041 3652 6042 3644 6042 3646 6042 3652 6043 3646 6043 3471 6043 3471 6044 3646 6044 3478 6044 3471 6045 3478 6045 3469 6045 3469 6046 3478 6046 3479 6046 3444 6047 3445 6047 3461 6047 3461 6048 3445 6048 3528 6048 3461 6049 3528 6049 3661 6049 3661 6050 3528 6050 3636 6050 3661 6051 3636 6051 3662 6051 3662 6052 3636 6052 3639 6052 3662 6053 3639 6053 3647 6053 3647 6054 3639 6054 3593 6054 3647 6055 3593 6055 3646 6055 3646 6056 3593 6056 3584 6056 3646 6057 3584 6057 3478 6057 3478 6058 3584 6058 3582 6058 3478 6059 3582 6059 3476 6059 3615 6060 3620 6060 3614 6060 3614 6061 3620 6061 3684 6061 3614 6062 3684 6062 3670 6062 3670 6063 3684 6063 3586 6063 3670 6064 3586 6064 3454 6064 3454 6065 3586 6065 3588 6065 3454 6066 3588 6066 3452 6066 3317 6067 3318 6067 3515 6067 3515 6068 3318 6068 3513 6068 3515 6069 3513 6069 3566 6069 3566 6070 3513 6070 3664 6070 3566 6071 3664 6071 3545 6071 3545 6072 3664 6072 3666 6072 3545 6073 3666 6073 3547 6073 3547 6074 3666 6074 3668 6074 3547 6075 3668 6075 3618 6075 3618 6076 3668 6076 3599 6076 3618 6077 3599 6077 3506 6077 3506 6078 3599 6078 3507 6078 3506 6079 3507 6079 3218 6079 3218 6080 3507 6080 3217 6080 3220 6081 3457 6081 3506 6081 3506 6082 3457 6082 3685 6082 3506 6083 3685 6083 3620 6083 3620 6084 3685 6084 3686 6084 3620 6085 3686 6085 3684 6085 3684 6086 3686 6086 3687 6086 3684 6087 3687 6087 3586 6087 3586 6088 3687 6088 3495 6088 3586 6089 3495 6089 3582 6089 3582 6090 3495 6090 3497 6090 3582 6091 3497 6091 3476 6091 3501 6092 3688 6092 3457 6092 3457 6093 3688 6093 3689 6093 3457 6094 3689 6094 3685 6094 3685 6095 3689 6095 3690 6095 3685 6096 3690 6096 3686 6096 3686 6097 3690 6097 3691 6097 3686 6098 3691 6098 3687 6098 3687 6099 3691 6099 3480 6099 3687 6100 3480 6100 3495 6100 3495 6101 3480 6101 3482 6101 3495 6102 3482 6102 3493 6102 3692 6103 3693 6103 3206 6103 3206 6104 3693 6104 3184 6104 3184 6105 3693 6105 3185 6105 3185 6106 3693 6106 3694 6106 3185 6107 3694 6107 3213 6107 3213 6108 3694 6108 3695 6108 3213 6109 3695 6109 3214 6109 3214 6110 3695 6110 3696 6110 3214 6111 3696 6111 3215 6111 3696 6112 3697 6112 3215 6112 3215 6113 3697 6113 3505 6113 3215 6114 3505 6114 3223 6114 3698 6115 3699 6115 3700 6115 3701 6116 3702 6116 3703 6116 3703 6117 3702 6117 3698 6117 3698 6118 3700 6118 3703 6118 3703 6119 3700 6119 3704 6119 3703 6120 3704 6120 3705 6120 3705 6121 3704 6121 3706 6121 3705 6122 3706 6122 3707 6122 3504 6123 3505 6123 3697 6123 3697 6124 3706 6124 3504 6124 3504 6125 3706 6125 3704 6125 3504 6126 3704 6126 3502 6126 3502 6127 3704 6127 3700 6127 3502 6128 3700 6128 3503 6128 3503 6129 3700 6129 3699 6129 3503 6130 3699 6130 3501 6130 3697 6131 3696 6131 3706 6131 3706 6132 3696 6132 3695 6132 3706 6133 3695 6133 3707 6133 3707 6134 3695 6134 3694 6134 3707 6135 3694 6135 3693 6135 3701 6136 3703 6136 3708 6136 3708 6137 3703 6137 3705 6137 3708 6138 3705 6138 3709 6138 3709 6139 3705 6139 3707 6139 3709 6140 3707 6140 3710 6140 3710 6141 3707 6141 3693 6141 3710 6142 3693 6142 3692 6142 3688 6143 3501 6143 3699 6143 3701 6144 3711 6144 3712 6144 3701 6145 3712 6145 3702 6145 3702 6146 3712 6146 3713 6146 3702 6147 3713 6147 3698 6147 3698 6148 3713 6148 3714 6148 3698 6149 3714 6149 3699 6149 3714 6150 3490 6150 3480 6150 3480 6151 3691 6151 3714 6151 3714 6152 3691 6152 3690 6152 3714 6153 3690 6153 3699 6153 3699 6154 3690 6154 3689 6154 3699 6155 3689 6155 3688 6155 3715 6156 3716 6156 3717 6156 3485 6157 3487 6157 3718 6157 3718 6158 3487 6158 3719 6158 3718 6159 3719 6159 3720 6159 3720 6160 3719 6160 3721 6160 3720 6161 3721 6161 3722 6161 3722 6162 3721 6162 3717 6162 3483 6163 3485 6163 3723 6163 3723 6164 3485 6164 3718 6164 3723 6165 3718 6165 3724 6165 3724 6166 3718 6166 3720 6166 3724 6167 3720 6167 3725 6167 3725 6168 3720 6168 3722 6168 3725 6169 3722 6169 3726 6169 3726 6170 3722 6170 3727 6170 3717 6171 3716 6171 3722 6171 3722 6172 3716 6172 3728 6172 3722 6173 3728 6173 3727 6173 3729 6174 3715 6174 3730 6174 3730 6175 3715 6175 3717 6175 3730 6176 3717 6176 3731 6176 3731 6177 3717 6177 3721 6177 3731 6178 3721 6178 3732 6178 3732 6179 3721 6179 3719 6179 3732 6180 3719 6180 3489 6180 3489 6181 3719 6181 3487 6181 3489 6182 3490 6182 3732 6182 3732 6183 3490 6183 3714 6183 3732 6184 3714 6184 3731 6184 3731 6185 3714 6185 3713 6185 3731 6186 3713 6186 3730 6186 3730 6187 3713 6187 3712 6187 3730 6188 3712 6188 3729 6188 3729 6189 3712 6189 3711 6189 3726 6190 3733 6190 3734 6190 3726 6191 3734 6191 3725 6191 3725 6192 3734 6192 3735 6192 3725 6193 3735 6193 3724 6193 3724 6194 3735 6194 3736 6194 3724 6195 3736 6195 3723 6195 3723 6196 3736 6196 3460 6196 3723 6197 3460 6197 3483 6197 3735 6198 3734 6198 3737 6198 3734 6199 3733 6199 3738 6199 3460 6200 3736 6200 3739 6200 3739 6201 3736 6201 3735 6201 3734 6202 3738 6202 3737 6202 3737 6203 3738 6203 3740 6203 3737 6204 3740 6204 3741 6204 3741 6205 3740 6205 3742 6205 3741 6206 3742 6206 3743 6206 3743 6207 3742 6207 3744 6207 3743 6208 3744 6208 3745 6208 3745 6209 3744 6209 3746 6209 3745 6210 3746 6210 3747 6210 3747 6211 3746 6211 3748 6211 3747 6212 3748 6212 3749 6212 3749 6213 3748 6213 3750 6213 3749 6214 3750 6214 3751 6214 3751 6215 3750 6215 3752 6215 3751 6216 3752 6216 3753 6216 3735 6217 3737 6217 3739 6217 3739 6218 3737 6218 3741 6218 3739 6219 3741 6219 3754 6219 3754 6220 3741 6220 3743 6220 3754 6221 3743 6221 3755 6221 3755 6222 3743 6222 3745 6222 3755 6223 3745 6223 3756 6223 3756 6224 3745 6224 3747 6224 3756 6225 3747 6225 3757 6225 3757 6226 3747 6226 3749 6226 3757 6227 3749 6227 3758 6227 3758 6228 3749 6228 3751 6228 3758 6229 3751 6229 3759 6229 3759 6230 3751 6230 3753 6230 3759 6231 3753 6231 3760 6231 3460 6232 3739 6232 3500 6232 3500 6233 3739 6233 3754 6233 3500 6234 3754 6234 3499 6234 3499 6235 3754 6235 3755 6235 3499 6236 3755 6236 3497 6236 3497 6237 3755 6237 3756 6237 3497 6238 3756 6238 3476 6238 3476 6239 3756 6239 3757 6239 3476 6240 3757 6240 3477 6240 3477 6241 3757 6241 3758 6241 3477 6242 3758 6242 3479 6242 3479 6243 3758 6243 3759 6243 3479 6244 3759 6244 3469 6244 3469 6245 3759 6245 3760 6245 3469 6246 3760 6246 3470 6246 3752 6247 3761 6247 3762 6247 3752 6248 3762 6248 3753 6248 3753 6249 3762 6249 3763 6249 3753 6250 3763 6250 3760 6250 3760 6251 3763 6251 3472 6251 3760 6252 3472 6252 3470 6252 3378 6253 3379 6253 3764 6253 3379 6254 3382 6254 3765 6254 3382 6255 3384 6255 3475 6255 3382 6256 3475 6256 3765 6256 3765 6257 3475 6257 3474 6257 3765 6258 3474 6258 3766 6258 3766 6259 3474 6259 3473 6259 3766 6260 3473 6260 3767 6260 3767 6261 3473 6261 3472 6261 3767 6262 3472 6262 3763 6262 3379 6263 3765 6263 3764 6263 3764 6264 3765 6264 3766 6264 3764 6265 3766 6265 3768 6265 3768 6266 3766 6266 3767 6266 3768 6267 3767 6267 3769 6267 3769 6268 3767 6268 3763 6268 3769 6269 3763 6269 3762 6269 3378 6270 3764 6270 3770 6270 3770 6271 3764 6271 3768 6271 3770 6272 3768 6272 3771 6272 3771 6273 3768 6273 3769 6273 3771 6274 3769 6274 3772 6274 3772 6275 3769 6275 3762 6275 3772 6276 3762 6276 3761 6276 3761 6277 3177 6277 3176 6277 3761 6278 3176 6278 3772 6278 3772 6279 3176 6279 3175 6279 3772 6280 3175 6280 3771 6280 3771 6281 3175 6281 3170 6281 3771 6282 3170 6282 3770 6282 3770 6283 3170 6283 3171 6283 3770 6284 3171 6284 3378 6284 3752 6285 3178 6285 3761 6285 3761 6286 3178 6286 3177 6286 3733 6287 3182 6287 3738 6287 3738 6288 3182 6288 3181 6288 3738 6289 3181 6289 3740 6289 3740 6290 3181 6290 3742 6290 3742 6291 3181 6291 3180 6291 3742 6292 3180 6292 3744 6292 3744 6293 3180 6293 3746 6293 3746 6294 3180 6294 3179 6294 3746 6295 3179 6295 3748 6295 3748 6296 3179 6296 3750 6296 3750 6297 3179 6297 3178 6297 3750 6298 3178 6298 3752 6298 3726 6299 3183 6299 3733 6299 3733 6300 3183 6300 3182 6300 3726 6301 3727 6301 3183 6301 3183 6302 3727 6302 3174 6302 3727 6303 3728 6303 3174 6303 3174 6304 3728 6304 3716 6304 3174 6305 3716 6305 3173 6305 3711 6306 3172 6306 3729 6306 3729 6307 3172 6307 3173 6307 3729 6308 3173 6308 3715 6308 3715 6309 3173 6309 3716 6309 3701 6310 2637 6310 3773 6310 2638 6311 2642 6311 2637 6311 2637 6312 2642 6312 2647 6312 2637 6313 2647 6313 3773 6313 2529 6314 2528 6314 3774 6314 3774 6315 2528 6315 3139 6315 3774 6316 3139 6316 2651 6316 2651 6317 3139 6317 3172 6317 2647 6318 2651 6318 3773 6318 3773 6319 2651 6319 3172 6319 3773 6320 3172 6320 3775 6320 3775 6321 3172 6321 3711 6321 3775 6322 3711 6322 3776 6322 3776 6323 3711 6323 3701 6323 3776 6324 3701 6324 3777 6324 3777 6325 3701 6325 3773 6325 3692 6326 2626 6326 2631 6326 3692 6327 2631 6327 3710 6327 3710 6328 2631 6328 2630 6328 3710 6329 2630 6329 3709 6329 3709 6330 2630 6330 2629 6330 3709 6331 2629 6331 3708 6331 3708 6332 2629 6332 2637 6332 3708 6333 2637 6333 3701 6333 3206 6334 2627 6334 3692 6334 3692 6335 2627 6335 2626 6335 3188 6336 2625 6336 3189 6336 3189 6337 2625 6337 2624 6337 3189 6338 2624 6338 3195 6338 3195 6339 2624 6339 3197 6339 3197 6340 2624 6340 2623 6340 3197 6341 2623 6341 3199 6341 3199 6342 2623 6342 3201 6342 3201 6343 2623 6343 2628 6343 3201 6344 2628 6344 3203 6344 3203 6345 2628 6345 3205 6345 3205 6346 2628 6346 2627 6346 3205 6347 2627 6347 3206 6347 3228 6348 2636 6348 3188 6348 3188 6349 2636 6349 2625 6349 3228 6350 3234 6350 2636 6350 2636 6351 3234 6351 2635 6351 3234 6352 3253 6352 2635 6352 2635 6353 3253 6353 3254 6353 2635 6354 3254 6354 2634 6354 3257 6355 2633 6355 3256 6355 3256 6356 2633 6356 2634 6356 3256 6357 2634 6357 3255 6357 3255 6358 2634 6358 3254 6358 2579 6359 2594 6359 2580 6359 2580 6360 2594 6360 2801 6360 2580 6361 2801 6361 3258 6361 3258 6362 2801 6362 2794 6362 3257 6363 3258 6363 2633 6363 2633 6364 3258 6364 2794 6364 2633 6365 2794 6365 2632 6365 2632 6366 2794 6366 2683 6366 2632 6367 2683 6367 2646 6367 2646 6368 2683 6368 2682 6368 3284 6369 2578 6369 2589 6369 3284 6370 2589 6370 3283 6370 3283 6371 2589 6371 2590 6371 3283 6372 2590 6372 3282 6372 3282 6373 2590 6373 2581 6373 3282 6374 2581 6374 3281 6374 3281 6375 2581 6375 2580 6375 3281 6376 2580 6376 3258 6376 3285 6377 2577 6377 3284 6377 3284 6378 2577 6378 2578 6378 3292 6379 2588 6379 3293 6379 3293 6380 2588 6380 2593 6380 3293 6381 2593 6381 3297 6381 3297 6382 2593 6382 3299 6382 3299 6383 2593 6383 2575 6383 3299 6384 2575 6384 3301 6384 3301 6385 2575 6385 3303 6385 3303 6386 2575 6386 2576 6386 3303 6387 2576 6387 3305 6387 3305 6388 2576 6388 3307 6388 3307 6389 2576 6389 2577 6389 3307 6390 2577 6390 3285 6390 3322 6391 2587 6391 3292 6391 3292 6392 2587 6392 2588 6392 3322 6393 3338 6393 2587 6393 2587 6394 3338 6394 2582 6394 3338 6395 3339 6395 2582 6395 2582 6396 3339 6396 3329 6396 2582 6397 3329 6397 2584 6397 3349 6398 2585 6398 3340 6398 3340 6399 2585 6399 2584 6399 3340 6400 2584 6400 3328 6400 3328 6401 2584 6401 3329 6401 2540 6402 2539 6402 3778 6402 3778 6403 2539 6403 2953 6403 3778 6404 2953 6404 3350 6404 3350 6405 2953 6405 2945 6405 3349 6406 3350 6406 2585 6406 2585 6407 3350 6407 2945 6407 2585 6408 2945 6408 2583 6408 2583 6409 2945 6409 2834 6409 2583 6410 2834 6410 2598 6410 2598 6411 2834 6411 2833 6411 3375 6412 3779 6412 3780 6412 3375 6413 3780 6413 3374 6413 3374 6414 3780 6414 3781 6414 3374 6415 3781 6415 3373 6415 3373 6416 3781 6416 3782 6416 3373 6417 3782 6417 3372 6417 3372 6418 3782 6418 3778 6418 3372 6419 3778 6419 3350 6419 3438 6420 3783 6420 3375 6420 3375 6421 3783 6421 3779 6421 3430 6422 3415 6422 3784 6422 3784 6423 3415 6423 3785 6423 3430 6424 3784 6424 3431 6424 3431 6425 3784 6425 3786 6425 3431 6426 3786 6426 3432 6426 3432 6427 3786 6427 3435 6427 3435 6428 3786 6428 3787 6428 3435 6429 3787 6429 3436 6429 3436 6430 3787 6430 3783 6430 3436 6431 3783 6431 3438 6431 3411 6432 3788 6432 3415 6432 3415 6433 3788 6433 3785 6433 3411 6434 3394 6434 3788 6434 3788 6435 3394 6435 3789 6435 3394 6436 3393 6436 3789 6436 3789 6437 3393 6437 3412 6437 3789 6438 3412 6438 3790 6438 3376 6439 3791 6439 3414 6439 3414 6440 3791 6440 3790 6440 3414 6441 3790 6441 3413 6441 3413 6442 3790 6442 3412 6442 3171 6443 3143 6443 3112 6443 2989 6444 2548 6444 2990 6444 2990 6445 2548 6445 2547 6445 2990 6446 2547 6446 3106 6446 3106 6447 2547 6447 3791 6447 3106 6448 3791 6448 3376 6448 3112 6449 3107 6449 3171 6449 3171 6450 3107 6450 3106 6450 3171 6451 3106 6451 3378 6451 3378 6452 3106 6452 3376 6452 3792 6453 3793 6453 2547 6453 3781 6454 3794 6454 3782 6454 3782 6455 3794 6455 3795 6455 3782 6456 3795 6456 3796 6456 3778 6457 3782 6457 2540 6457 2540 6458 3782 6458 3796 6458 2540 6459 3796 6459 2541 6459 2541 6460 3796 6460 3797 6460 2541 6461 3797 6461 2543 6461 2543 6462 3797 6462 3792 6462 2543 6463 3792 6463 2545 6463 2545 6464 3792 6464 2547 6464 3793 6465 3798 6465 2547 6465 2547 6466 3798 6466 3790 6466 2547 6467 3790 6467 3791 6467 3781 6468 3780 6468 3794 6468 3794 6469 3780 6469 3779 6469 3794 6470 3779 6470 3799 6470 3799 6471 3779 6471 3783 6471 3799 6472 3783 6472 3800 6472 3783 6473 3787 6473 3800 6473 3800 6474 3787 6474 3786 6474 3800 6475 3786 6475 3801 6475 3801 6476 3786 6476 3784 6476 3801 6477 3784 6477 3802 6477 3802 6478 3784 6478 3785 6478 3802 6479 3785 6479 3803 6479 3803 6480 3785 6480 3788 6480 3803 6481 3788 6481 3798 6481 3798 6482 3788 6482 3789 6482 3798 6483 3789 6483 3790 6483 3804 6484 3799 6484 3805 6484 3805 6485 3799 6485 3800 6485 3805 6486 3800 6486 3806 6486 3806 6487 3800 6487 3801 6487 3806 6488 3801 6488 3807 6488 3807 6489 3801 6489 3802 6489 3807 6490 3802 6490 3808 6490 3808 6491 3802 6491 3803 6491 3808 6492 3803 6492 3809 6492 3809 6493 3803 6493 3798 6493 3809 6494 3798 6494 3810 6494 3810 6495 3798 6495 3793 6495 3810 6496 3793 6496 3811 6496 3811 6497 3793 6497 3792 6497 3811 6498 3792 6498 3812 6498 3812 6499 3792 6499 3797 6499 3812 6500 3797 6500 3813 6500 3813 6501 3797 6501 3796 6501 3813 6502 3796 6502 3814 6502 3814 6503 3796 6503 3795 6503 3814 6504 3795 6504 3815 6504 3815 6505 3795 6505 3794 6505 3815 6506 3794 6506 3804 6506 3804 6507 3794 6507 3799 6507 3814 6508 3815 6508 2958 6508 2958 6509 3815 6509 3804 6509 2958 6510 3804 6510 3816 6510 3816 6511 3804 6511 3805 6511 3816 6512 3805 6512 3806 6512 3807 6513 3808 6513 2984 6513 2984 6514 3808 6514 3809 6514 2984 6515 3809 6515 2969 6515 3809 6516 3810 6516 2969 6516 2969 6517 3810 6517 3811 6517 2969 6518 3811 6518 2967 6518 2967 6519 3811 6519 3812 6519 2967 6520 3812 6520 2965 6520 3814 6521 2958 6521 3813 6521 3813 6522 2958 6522 2960 6522 3813 6523 2960 6523 3812 6523 3812 6524 2960 6524 2964 6524 3812 6525 2964 6525 2965 6525 3817 6526 3818 6526 2573 6526 3818 6527 3819 6527 3816 6527 3816 6528 3819 6528 3820 6528 2820 6529 2819 6529 2559 6529 2573 6530 3818 6530 2571 6530 2571 6531 3818 6531 3816 6531 2571 6532 3816 6532 2569 6532 2569 6533 3816 6533 2806 6533 2569 6534 2806 6534 2567 6534 2954 6535 2958 6535 2952 6535 2952 6536 2958 6536 3816 6536 2952 6537 3816 6537 3821 6537 3821 6538 3816 6538 3820 6538 3817 6539 2573 6539 3822 6539 3822 6540 2573 6540 2549 6540 3822 6541 2549 6541 2836 6541 2836 6542 2549 6542 2551 6542 2836 6543 2551 6543 2830 6543 2551 6544 2553 6544 2830 6544 2830 6545 2553 6545 2555 6545 2830 6546 2555 6546 2829 6546 2829 6547 2555 6547 2557 6547 2829 6548 2557 6548 2817 6548 2817 6549 2557 6549 2559 6549 2817 6550 2559 6550 2818 6550 2818 6551 2559 6551 2819 6551 2820 6552 2559 6552 2821 6552 2821 6553 2559 6553 2561 6553 2821 6554 2561 6554 2808 6554 2808 6555 2561 6555 2563 6555 2808 6556 2563 6556 2806 6556 2806 6557 2563 6557 2565 6557 2806 6558 2565 6558 2567 6558 3823 6559 2603 6559 2605 6559 2655 6560 2668 6560 2615 6560 2615 6561 2668 6561 2670 6561 3824 6562 3825 6562 3816 6562 2670 6563 2669 6563 2615 6563 2615 6564 2669 6564 2666 6564 2615 6565 2666 6565 2613 6565 2613 6566 2666 6566 2665 6566 2613 6567 2665 6567 2611 6567 2611 6568 2665 6568 2677 6568 2611 6569 2677 6569 2609 6569 2609 6570 2677 6570 2678 6570 2609 6571 2678 6571 2607 6571 2607 6572 2678 6572 2685 6572 2607 6573 2685 6573 2605 6573 2685 6574 3826 6574 2605 6574 2605 6575 3826 6575 3827 6575 2605 6576 3827 6576 3823 6576 3823 6577 3827 6577 3828 6577 3823 6578 3828 6578 3829 6578 2535 6579 2534 6579 3830 6579 2535 6580 3830 6580 3816 6580 3816 6581 3830 6581 3831 6581 3816 6582 3831 6582 3824 6582 2615 6583 2617 6583 2655 6583 2655 6584 2617 6584 2619 6584 2655 6585 2619 6585 2653 6585 2653 6586 2619 6586 2621 6586 2653 6587 2621 6587 2652 6587 2652 6588 2621 6588 2599 6588 2652 6589 2599 6589 3832 6589 3832 6590 2599 6590 3833 6590 3834 6591 3835 6591 2599 6591 3833 6592 2599 6592 3836 6592 3836 6593 2599 6593 3835 6593 3836 6594 3835 6594 3837 6594 2806 6595 3838 6595 3839 6595 2603 6596 3823 6596 2601 6596 2601 6597 3823 6597 3840 6597 2601 6598 3840 6598 2599 6598 2599 6599 3840 6599 3841 6599 2599 6600 3841 6600 3834 6600 3837 6601 3842 6601 3836 6601 3836 6602 3842 6602 3843 6602 3836 6603 3843 6603 3825 6603 3825 6604 3843 6604 3844 6604 3825 6605 3844 6605 3845 6605 3845 6606 3846 6606 3825 6606 3825 6607 3846 6607 617 6607 3825 6608 617 6608 3816 6608 3816 6609 617 6609 3847 6609 3816 6610 3847 6610 3848 6610 3848 6611 3849 6611 3816 6611 3816 6612 3849 6612 3850 6612 3816 6613 3850 6613 3851 6613 3851 6614 3852 6614 3816 6614 3816 6615 3852 6615 3853 6615 3816 6616 3853 6616 2806 6616 2806 6617 3853 6617 3854 6617 2806 6618 3854 6618 3838 6618 3829 6619 3855 6619 3823 6619 3823 6620 3855 6620 3856 6620 3823 6621 3856 6621 3857 6621 3857 6622 3856 6622 2800 6622 3857 6623 2800 6623 2802 6623 3839 6624 3858 6624 2806 6624 2806 6625 3858 6625 3859 6625 2806 6626 3859 6626 2802 6626 2802 6627 3859 6627 575 6627 2802 6628 575 6628 3857 6628 3121 6629 3166 6629 3122 6629 3122 6630 3166 6630 3124 6630 3121 6631 3127 6631 3166 6631 3166 6632 3127 6632 3129 6632 3166 6633 3129 6633 3164 6633 3164 6634 3129 6634 2538 6634 3164 6635 2538 6635 3162 6635 3162 6636 2538 6636 2535 6636 3162 6637 2535 6637 3160 6637 3860 6638 3861 6638 3816 6638 3862 6639 3156 6639 2535 6639 2535 6640 3156 6640 3158 6640 2535 6641 3158 6641 3160 6641 3860 6642 3816 6642 2992 6642 3146 6643 3111 6643 3117 6643 3806 6644 3807 6644 3816 6644 3816 6645 3807 6645 2984 6645 3816 6646 2984 6646 2992 6646 2992 6647 2984 6647 2986 6647 3861 6648 3863 6648 3816 6648 3816 6649 3863 6649 3864 6649 3816 6650 3864 6650 2535 6650 2535 6651 3864 6651 3865 6651 2535 6652 3865 6652 3862 6652 3124 6653 3166 6653 3125 6653 3125 6654 3166 6654 3168 6654 3125 6655 3168 6655 3117 6655 3117 6656 3168 6656 3144 6656 3117 6657 3144 6657 3146 6657 3146 6658 3148 6658 3111 6658 3111 6659 3148 6659 3150 6659 3111 6660 3150 6660 3110 6660 3110 6661 3150 6661 3152 6661 3110 6662 3152 6662 3862 6662 3862 6663 3152 6663 3154 6663 3862 6664 3154 6664 3156 6664 2534 6665 2533 6665 2531 6665 3866 6666 3830 6666 3774 6666 3774 6667 3830 6667 2534 6667 3774 6668 2534 6668 2529 6668 2529 6669 2534 6669 2531 6669 3867 6670 3868 6670 3869 6670 3869 6671 3868 6671 3870 6671 3869 6672 3870 6672 2650 6672 2650 6673 3870 6673 3871 6673 2650 6674 3871 6674 2651 6674 2651 6675 3871 6675 3872 6675 2651 6676 3872 6676 3873 6676 3874 6677 3774 6677 3875 6677 3875 6678 3774 6678 2651 6678 3875 6679 2651 6679 3876 6679 3876 6680 2651 6680 3873 6680 3874 6681 3877 6681 3774 6681 3774 6682 3877 6682 3878 6682 3774 6683 3878 6683 3866 6683 3866 6684 3878 6684 3879 6684 3866 6685 3879 6685 3880 6685 3879 6686 3881 6686 3880 6686 3880 6687 3881 6687 3882 6687 3880 6688 3882 6688 3883 6688 3883 6689 3882 6689 3884 6689 3883 6690 3884 6690 3885 6690 3885 6691 3884 6691 3886 6691 3885 6692 3886 6692 3867 6692 3867 6693 3886 6693 3887 6693 3867 6694 3887 6694 3868 6694 3888 6695 3889 6695 3875 6695 3886 6696 3884 6696 3890 6696 3891 6697 3892 6697 3893 6697 3894 6698 3895 6698 3896 6698 3897 6699 3898 6699 3899 6699 3900 6700 3901 6700 3902 6700 3903 6701 3904 6701 3905 6701 3905 6702 3904 6702 3906 6702 3907 6703 3908 6703 3906 6703 3906 6704 3904 6704 3907 6704 3907 6705 3904 6705 3909 6705 3907 6706 3909 6706 3910 6706 3911 6707 3912 6707 3913 6707 3913 6708 3912 6708 3914 6708 3914 6709 3912 6709 3915 6709 3914 6710 3915 6710 3916 6710 3917 6711 3918 6711 3919 6711 3919 6712 3918 6712 3920 6712 3921 6713 3920 6713 3922 6713 3922 6714 3920 6714 3918 6714 3922 6715 3918 6715 3923 6715 3923 6716 3918 6716 3924 6716 3917 6717 3925 6717 3918 6717 3918 6718 3925 6718 3926 6718 3918 6719 3926 6719 3924 6719 3924 6720 3926 6720 3927 6720 3928 6721 3929 6721 3930 6721 3930 6722 3929 6722 3931 6722 3930 6723 3931 6723 3927 6723 3927 6724 3931 6724 3932 6724 3927 6725 3932 6725 3924 6725 3933 6726 3929 6726 3934 6726 3934 6727 3929 6727 3928 6727 3934 6728 3928 6728 3886 6728 3930 6729 3886 6729 3928 6729 3898 6730 3933 6730 3899 6730 3899 6731 3933 6731 3934 6731 3899 6732 3934 6732 3886 6732 3935 6733 3936 6733 3937 6733 3937 6734 3936 6734 3897 6734 3937 6735 3897 6735 3938 6735 3937 6736 3939 6736 3935 6736 3935 6737 3939 6737 3940 6737 3935 6738 3940 6738 3941 6738 3941 6739 3940 6739 3942 6739 3942 6740 3940 6740 3943 6740 3943 6741 3940 6741 3944 6741 3943 6742 3944 6742 3945 6742 3946 6743 3944 6743 3947 6743 3947 6744 3944 6744 3940 6744 3947 6745 3940 6745 3948 6745 3948 6746 3940 6746 3939 6746 3948 6747 3939 6747 3949 6747 3950 6748 3951 6748 3952 6748 3952 6749 3951 6749 3953 6749 3953 6750 3951 6750 3954 6750 3953 6751 3954 6751 3955 6751 3956 6752 3957 6752 3958 6752 3958 6753 3957 6753 3959 6753 3960 6754 3959 6754 3961 6754 3961 6755 3959 6755 3957 6755 3961 6756 3957 6756 3962 6756 3962 6757 3957 6757 3963 6757 3956 6758 3964 6758 3957 6758 3957 6759 3964 6759 3965 6759 3957 6760 3965 6760 3963 6760 3963 6761 3965 6761 3966 6761 3875 6762 3894 6762 3888 6762 3888 6763 3894 6763 3896 6763 3888 6764 3896 6764 3889 6764 3889 6765 3896 6765 3967 6765 3889 6766 3967 6766 3966 6766 3966 6767 3967 6767 3968 6767 3966 6768 3968 6768 3963 6768 3892 6769 3895 6769 3893 6769 3893 6770 3895 6770 3894 6770 3893 6771 3894 6771 3875 6771 3969 6772 3970 6772 3891 6772 3969 6773 3891 6773 3971 6773 3971 6774 3891 6774 3893 6774 3971 6775 3893 6775 3875 6775 3970 6776 3969 6776 3903 6776 3903 6777 3969 6777 3902 6777 3903 6778 3902 6778 3904 6778 3904 6779 3902 6779 3901 6779 3904 6780 3901 6780 3909 6780 3925 6781 3916 6781 3926 6781 3926 6782 3916 6782 3915 6782 3926 6783 3915 6783 3927 6783 3927 6784 3915 6784 3972 6784 3927 6785 3972 6785 3930 6785 3930 6786 3972 6786 3973 6786 3930 6787 3973 6787 3886 6787 3887 6788 3886 6788 3973 6788 3938 6789 3890 6789 3937 6789 3937 6790 3890 6790 3974 6790 3937 6791 3974 6791 3939 6791 3939 6792 3974 6792 3950 6792 3939 6793 3950 6793 3949 6793 3949 6794 3950 6794 3952 6794 3887 6795 3973 6795 3868 6795 3868 6796 3973 6796 3972 6796 3868 6797 3972 6797 3870 6797 3870 6798 3972 6798 3915 6798 3870 6799 3915 6799 3871 6799 3871 6800 3915 6800 3912 6800 3871 6801 3912 6801 3872 6801 3872 6802 3912 6802 3911 6802 3872 6803 3911 6803 3873 6803 3873 6804 3911 6804 3975 6804 3873 6805 3975 6805 3876 6805 3876 6806 3975 6806 3976 6806 3876 6807 3976 6807 3875 6807 3913 6808 3900 6808 3911 6808 3911 6809 3900 6809 3902 6809 3911 6810 3902 6810 3975 6810 3975 6811 3902 6811 3969 6811 3975 6812 3969 6812 3976 6812 3976 6813 3969 6813 3971 6813 3976 6814 3971 6814 3875 6814 3964 6815 3955 6815 3965 6815 3965 6816 3955 6816 3954 6816 3965 6817 3954 6817 3966 6817 3966 6818 3954 6818 3977 6818 3966 6819 3977 6819 3889 6819 3889 6820 3977 6820 3978 6820 3889 6821 3978 6821 3875 6821 3890 6822 3884 6822 3974 6822 3974 6823 3884 6823 3882 6823 3974 6824 3882 6824 3950 6824 3950 6825 3882 6825 3881 6825 3950 6826 3881 6826 3951 6826 3951 6827 3881 6827 3879 6827 3951 6828 3879 6828 3954 6828 3954 6829 3879 6829 3878 6829 3954 6830 3878 6830 3977 6830 3977 6831 3878 6831 3877 6831 3977 6832 3877 6832 3978 6832 3978 6833 3877 6833 3874 6833 3978 6834 3874 6834 3875 6834 3938 6835 3886 6835 3890 6835 3897 6836 3899 6836 3938 6836 3938 6837 3899 6837 3886 6837 3979 6838 3980 6838 3981 6838 3981 6839 3980 6839 3982 6839 3981 6840 3982 6840 3983 6840 3983 6841 3982 6841 3984 6841 3983 6842 3984 6842 3985 6842 3986 6843 3987 6843 3988 6843 3988 6844 3987 6844 3989 6844 3988 6845 3989 6845 3990 6845 3991 6846 3988 6846 3992 6846 3992 6847 3988 6847 3990 6847 3992 6848 3990 6848 3984 6848 3984 6849 3990 6849 3993 6849 3984 6850 3993 6850 3985 6850 3994 6851 3995 6851 3996 6851 3997 6852 3998 6852 3999 6852 3999 6853 3998 6853 4000 6853 3999 6854 4000 6854 3996 6854 3996 6855 4000 6855 4001 6855 3996 6856 4001 6856 4002 6856 4003 6857 4004 6857 4005 6857 4005 6858 4004 6858 3994 6858 4005 6859 3994 6859 4006 6859 4006 6860 3994 6860 3996 6860 4006 6861 3996 6861 4007 6861 4007 6862 3996 6862 4002 6862 3994 6863 4008 6863 3995 6863 3995 6864 4008 6864 4009 6864 3995 6865 4009 6865 3992 6865 3992 6866 4009 6866 4010 6866 3992 6867 4010 6867 3991 6867 4011 6868 4012 6868 4013 6868 4013 6869 4012 6869 4014 6869 4013 6870 4014 6870 4015 6870 4015 6871 4014 6871 4016 6871 4015 6872 4016 6872 4017 6872 4018 6873 4019 6873 4020 6873 4020 6874 4019 6874 4021 6874 4020 6875 4021 6875 4022 6875 4023 6876 4020 6876 4024 6876 4024 6877 4020 6877 4022 6877 4024 6878 4022 6878 4016 6878 4016 6879 4022 6879 4025 6879 4016 6880 4025 6880 4017 6880 4026 6881 4027 6881 4028 6881 4029 6882 4030 6882 4031 6882 4031 6883 4030 6883 4032 6883 4031 6884 4032 6884 4028 6884 4028 6885 4032 6885 4033 6885 4028 6886 4033 6886 4034 6886 4035 6887 4036 6887 4037 6887 4037 6888 4036 6888 4026 6888 4037 6889 4026 6889 4038 6889 4038 6890 4026 6890 4028 6890 4038 6891 4028 6891 4039 6891 4039 6892 4028 6892 4034 6892 4026 6893 4040 6893 4027 6893 4027 6894 4040 6894 4041 6894 4027 6895 4041 6895 4024 6895 4024 6896 4041 6896 4042 6896 4024 6897 4042 6897 4023 6897</p>
        </triangles>
      </mesh>
    </geometry>
    </library_geometries>
  <library_visual_scenes>
    <visual_scene id="Scene" name="Scene">
      <node id="link_2" name="link_2" type="NODE">
        <matrix sid="transform">1 0 0 0 0 1 0 0 0 0 1 0 0 0 0 1</matrix>
        <instance_geometry url="#link_2-mesh" name="link_2" />
      </node>
      </visual_scene>
  </library_visual_scenes>
  <scene>
    <instance_visual_scene url="#Scene" />
  </scene>
</COLLADA>