#{"t_start": 1778231542.2437344, "env_id": "RobotReachPyBullet-Default-v0"}
r,l,t
-22.100297,49,1.830725
-79.442057,160,3.757551
-35.090197,87,5.011813
-14.683492,41,5.605886
-16.689148,41,6.079362
-18.265904,41,6.554608
-106.227934,311,10.147151
-52.316685,143,11.821033
-8.115414,24,12.129244
-7.770102,30,12.510897
-8.392336,20,12.779207
-7.626015,19,13.020465
-9.235962,18,13.259849
-6.393004,18,13.494873
-6.923621,18,13.724287
-8.473996,18,13.96199
-10.379867,22,14.242237
-10.612025,18,14.473543
-8.872832,18,14.710347
-9.385861,18,14.927899
-9.080272,18,15.165092
-10.561265,33,15.561461
-10.778647,30,15.917548
-8.781699,18,16.130031
-6.900764,18,16.39532
-8.570061,28,16.736474
-5.166931,21,16.985742
-12.557652,54,17.661936
-22.308619,111,18.992269
-28.179076,52,19.622978
-38.615014,144,21.379169
-31.945574,112,22.732841
-14.348136,55,23.426289
-11.980531,37,23.88013
-6.401123,27,24.199526
-10.006982,39,24.683864
-39.374555,111,26.08695
-13.015473,45,26.622551
-7.607516,27,26.943697
-4.705386,22,27.211701
-5.605208,25,27.53062
-11.700124,36,27.966609
-28.15763,66,28.761605
-7.429134,26,29.080188
-7.299978,26,29.423595
-6.730196,27,29.756526
-24.386708,59,30.467659
-5.569449,24,30.755891
-22.542965,64,31.549384
-8.36394,36,31.97973
-14.202232,47,32.56189
-12.482307,54,33.210077
-21.338724,111,34.549404
-22.149418,78,35.542417
-21.636027,72,36.40907
-34.035475,114,37.78855
-98.816633,500,43.915768
-36.350868,157,45.879389
-17.188529,68,46.692678
-13.816176,62,47.439241
-109.528132,500,53.508918
-86.419502,500,59.650067
-67.583136,500,80.871922
-48.0111,363,85.126147
-33.138127,226,87.757995
-18.590164,102,88.929168
-19.34259,86,89.918481
-21.775952,124,91.362128
-18.189954,87,92.374113
-33.667273,195,94.62944
-104.973242,448,99.885712
-66.366678,500,105.707971
-12.431993,77,106.595726
-43.845777,276,109.986877
-19.300319,140,111.683501
-19.425499,73,112.569499
-23.398279,130,114.150352
-39.758591,500,120.268329
-72.548651,297,123.892046
-9.854835,51,124.517209
-48.787495,500,130.667574
-46.994972,500,136.788754
-36.168101,228,145.88848
-19.861691,116,147.228544
-30.643779,222,149.834768
-8.337197,43,150.33208
-20.002686,93,151.393564
-24.331249,275,154.624389
-25.269103,173,156.610579
-61.069673,500,162.479376
-13.237057,86,163.480939
-69.34377,473,168.992887
-117.848771,500,175.048668
-58.004284,500,181.192373
-12.495577,80,182.16119
-47.861518,500,188.25105
-50.183232,500,194.385249
-2.819778,61,195.138745
-39.434289,419,200.329236
-51.230545,500,215.180396
-8.916056,127,216.655237
-16.965338,360,221.09659
-14.129042,103,222.346571
-30.590362,303,226.044076
-12.167268,53,226.753732
-24.537173,195,229.15567
-24.079003,172,231.250972
-38.302338,500,237.420748
-44.327576,317,241.348473
-43.956135,500,247.531217
-47.166274,500,253.707842
-20.182753,68,254.540219
-56.456382,500,260.634019
-31.589245,414,265.695977
-19.733238,76,266.623563
-54.834687,500,272.755416
-55.102721,500,283.775206
-16.005679,57,284.44131
-18.907425,68,285.23453
-10.135952,49,285.791004
-3.806657,68,286.584854
-33.313067,500,292.752582
-15.797001,60,293.483484
-31.218612,500,299.586952
-16.459327,490,305.714929
-21.44852,92,306.864976
-14.282903,479,312.86142
-27.635543,500,319.195832
-40.681441,229,322.055559
5.480425,47,322.642054
-27.187668,97,323.862478
-42.979918,500,330.20781
-45.318322,500,336.293723
-14.500146,114,337.667736
-7.307194,179,339.889924
-37.869046,248,351.723618
-89.984614,500,357.474524
-13.802954,62,358.186352
-29.998055,500,363.996439
-31.865105,500,369.79699
-22.570261,77,370.71018
-22.546626,99,371.852068
-38.397171,500,377.667411
-32.221657,451,382.899262
-15.979622,120,384.286282
-42.526837,500,390.308083
-35.755127,500,396.378999
-46.273731,500,402.436079
-11.502917,308,406.252337
-35.632569,500,418.124515
-26.103539,500,423.971497
-58.940107,500,430.184832
-12.810985,56,430.876042
-16.810177,221,433.669781
-23.494157,84,434.719517
3.853727,91,435.839254
-13.334807,61,436.575299
-16.756118,314,440.311734
-11.094183,47,440.852806
-10.213985,48,441.398155
-14.631615,65,442.215659
-59.995723,500,447.95886
-78.738539,500,453.740899
-85.358877,500,459.454056
-68.730122,500,465.225831
-37.552001,500,470.938784
-55.430394,500,483.439425
-50.008424,500,488.895335
-5.451225,37,489.299251
-29.378554,200,491.532705
-34.00311,270,494.614633
-6.380914,154,496.371518
-15.778598,458,501.661763
-12.688643,451,506.823123
-10.462108,68,507.602371
-46.146006,500,513.363088
-24.424358,67,514.130656
-19.176847,105,515.333425
-54.149599,500,521.116867
-0.09396,82,522.065317
-17.25533,243,524.852207
-3.254176,70,525.652411
-47.464014,500,531.427737
-15.17371,123,532.833362
-15.213329,62,533.539889
-11.980538,263,536.535737
-36.401267,462,547.969847
-16.767808,107,549.135581
-50.738337,500,554.667711
-15.533481,57,555.292442
-39.921729,500,560.813805
-0.294859,77,561.659821
-13.981531,72,562.441983
-20.55314,89,563.415983
-11.969335,59,564.064729
-14.050997,63,564.752858
-2.445192,115,566.008163
-20.17712,76,566.835085
-27.959923,500,572.286143
-15.423617,67,573.01772
-13.207735,268,575.946358
-27.185869,500,581.598905
-5.25094,291,584.929694
-15.270152,60,585.611963
-22.105896,500,591.374208
-16.858956,73,592.205751
-8.641603,173,594.168195
-5.131868,219,596.676462
-1.386444,118,598.029134
1.866627,110,599.337906
-20.44261,80,604.264704
-39.072885,500,609.785893
-35.807176,500,615.244244
-0.341845,65,615.977584
-3.371048,74,616.785537
-8.801361,126,618.162727
-13.402958,56,618.826211
-17.081921,230,621.435776
-3.52781,81,622.35851
-18.349314,145,624.010105
-4.726275,117,625.366623
-24.182259,294,628.762407
-20.513575,102,629.946869
0.116388,79,630.84425
2.148207,63,631.575781
-9.379652,428,636.537098
3.026915,97,637.663906
-4.583847,69,638.457441
-19.968007,61,639.198298
-15.99734,466,644.564922
-15.507702,147,646.258252
-5.681225,93,647.314743
-5.792553,99,648.451707
-2.322776,52,649.0538
-12.754643,50,649.697895
3.897047,78,650.588164
-2.712286,294,653.969151
-6.887506,262,656.969192
-1.556752,67,657.749325
-14.297406,103,658.940068
-2.968918,103,660.198414
-22.973505,381,669.047821
-16.32487,62,669.720102
3.333246,37,670.185907
-23.262388,500,675.703742
-14.597465,64,676.404112
-9.178211,22,676.642497
-3.791054,224,679.089421
-21.987269,500,684.604836
-2.738512,85,685.532455
-35.105137,347,689.383715
-24.505104,500,694.893296
-26.090079,500,700.371717
-11.834095,316,703.823798
-6.588536,411,708.331452
-1.295669,77,709.188282
-30.568352,500,714.738803
-13.073164,64,715.441204
-12.856352,57,716.063435
-10.346285,315,719.560921
-15.755838,309,727.116607
-14.574143,51,727.674766
-13.370877,46,728.17232
-16.068578,500,733.812656
-6.731256,20,734.039075
3.113542,60,734.723318
-19.907089,130,736.235436
-10.897707,136,737.794857
-14.417557,65,738.560561
-49.752356,198,741.075565
-20.317333,84,742.214641
-15.402659,76,743.181159
-13.777128,347,747.422218
-0.186871,67,748.194315
-8.78563,394,752.853589
-30.162028,500,758.62883
-8.521102,405,763.458509
-49.500788,261,766.582489
-31.447159,146,768.292206
-7.281902,129,769.774238
-1.17533,82,770.775498
2.899606,74,771.627012
-1.887993,87,772.620089
-12.142523,58,773.291392
-7.997493,57,773.942693
-3.891991,108,775.173039
-0.228559,152,776.934201
-37.061225,500,782.707927
-13.973349,73,790.504008
-7.938831,122,791.889074
-18.041604,74,792.707932
-38.130082,307,796.073112
-27.389005,500,801.543865
-1.496233,99,802.677694
-0.033927,85,803.606821
-3.442056,102,804.725673
4.364614,48,805.253356
-3.817344,85,806.18646
3.897853,66,806.913596
-0.506658,44,807.396056
-0.531193,86,808.341843
-14.297273,66,809.061026
-3.616008,132,810.507462
-20.345555,74,811.31983
-41.795375,500,816.846964
-29.495626,500,822.359418
-5.143645,68,823.169368
-7.790337,323,826.766133
-18.516302,73,827.587305
-28.891759,500,833.112403
-93.979407,500,838.626027
-22.794409,500,844.115664
-64.872271,500,852.715839
-17.184153,42,853.189421
-105.968954,500,858.897592
0.273519,147,860.590713
-33.786964,444,865.706582
-17.122074,83,866.655779
-33.866871,500,872.388452
-5.858726,119,873.743919
-11.702852,61,874.503462
-1.315383,72,875.326047
5.664074,59,875.996221
-1.848562,69,876.784439
0.214424,45,877.29413
-13.286365,126,878.748218
-21.427378,500,884.49377
0.559214,89,885.56393
-19.195317,65,886.315051
1.052617,45,886.824542
-8.676187,83,887.785874
6.077005,28,888.10443
-11.389142,110,889.359243
5.380262,30,889.710562
-5.390163,200,892.007638
-26.642271,138,893.586123
-11.056256,89,894.606845
3.614822,34,894.995874
-7.791324,128,896.502515
-19.965093,500,902.219665
-5.556489,73,903.069106
2.675091,40,903.530915
3.392734,159,905.360058
-21.972028,242,911.099161
-20.525311,500,916.583955
-14.975621,500,922.109983
4.439942,34,922.483464
-60.019972,500,927.956241
-14.428492,66,928.724879
-4.6047,128,930.120147
2.311618,42,930.590697
-29.211011,105,931.737444
-13.631021,137,933.231104
4.19518,33,933.590072
-13.463222,63,934.276227
-1.406083,106,935.434515
-2.426063,144,937.016795
3.919282,140,938.563348
4.374458,101,939.72161
-24.675684,430,944.427718
2.200446,62,945.119273
-3.050891,78,945.978097
0.771774,63,946.666012
-8.113475,101,947.775053
-21.787548,132,949.219667
-10.892943,117,950.555639
-25.533736,108,951.774287
-20.530434,84,952.73857
-7.604852,178,954.772911
-0.523679,60,955.45445
-36.987669,171,957.422791
-2.319842,98,958.536534
-0.815705,94,959.613633
4.270681,69,960.406525
3.260537,86,961.386168
2.548526,39,961.875548
-2.479545,94,962.950826
-1.658569,111,964.211963
-8.099812,134,968.23508
-2.050882,85,969.175952
-5.657272,118,970.478425
-2.041347,63,971.168739
-64.937234,500,976.6918
-3.669726,79,977.555094
-2.066238,47,978.068056
4.796139,61,978.733658
-14.378054,81,979.621873
-15.394009,81,980.501864
4.64682,38,980.916638
3.252722,54,981.507156
1.109283,56,982.129896
1.279889,55,982.730106
-14.919552,300,986.157333
-23.429512,500,991.868143
-2.634298,52,992.48717
-4.477813,125,993.914972
-16.727873,76,994.785681
-7.238164,52,995.42219
-4.199499,54,996.045255
-20.418648,89,997.052508
-0.59383,93,998.119413
-12.881068,129,999.594997
1.68044,66,1000.350784
-13.363693,90,1001.378465
-16.7648,69,1002.173711
1.480229,75,1003.025243
-28.413644,500,1008.789584
-52.5281,500,1014.510042
1.750626,52,1015.106745
0.06156,61,1015.805697
-16.729027,77,1016.746955
4.554943,51,1017.328841
1.780771,45,1017.844446
0.702632,94,1018.918885
2.771909,57,1019.577981
3.696442,66,1020.343644
-0.761772,49,1020.902815
1.709176,59,1021.575646
-5.976411,52,1022.173062
2.942325,69,1022.970056
-6.830683,339,1030.734127
-15.279234,207,1033.067218
-0.308228,107,1034.241133
-6.016961,57,1034.865977
-2.608726,47,1035.377649
0.258455,141,1036.91258
-3.708212,117,1038.194622
6.400485,27,1038.486628
-5.604085,176,1040.405113
-47.565307,500,1045.85137
-30.036549,500,1051.298047
-36.716474,369,1055.363905
-5.895898,97,1056.422402
-0.157434,138,1057.922566
-2.706972,52,1058.494084
-0.376109,93,1059.504388
6.03228,41,1059.949705
-0.69166,229,1062.458418
0.78801,99,1063.608433
-1.97183,136,1065.171573
-9.285933,203,1067.496264
-0.839586,90,1068.531214
3.823264,52,1069.122547
2.668803,95,1070.22735
-17.944745,65,1070.973098
3.071135,40,1071.437038
0.964208,59,1072.111287
-3.371754,141,1073.713388
0.485994,230,1076.34168
1.203378,56,1076.98808
-9.007916,198,1079.264686
-1.515468,120,1080.691419
-0.165817,42,1081.169178
-6.27991,118,1082.513353
0.278664,69,1083.294704
2.896404,75,1085.46119
5.59634,76,1086.293642
1.86255,39,1086.715125
-15.061174,55,1087.313541
-5.256682,148,1088.921973
-0.875305,79,1089.794706
1.317232,84,1090.711712
2.875595,52,1091.297549
-15.526997,64,1092.031131
0.18684,99,1093.123308
4.682069,68,1093.864732
-0.776734,44,1094.342117
-14.748245,58,1094.97063
1.844835,116,1096.23609
-5.804432,75,1097.050039
-3.993274,92,1098.058085
2.100621,84,1098.974323
-1.043099,70,1099.7464
-17.066287,64,1100.449457
-0.319534,112,1101.671385
1.921803,74,1102.531145
-0.28216,88,1103.494831
2.28253,77,1104.334404
-7.008336,105,1105.478234
-1.229148,121,1106.793978
-16.67083,43,1107.27077
0.082645,62,1107.945421
4.038669,34,1108.314463
0.4952,42,1108.772274
4.341553,47,1109.289824
5.602156,31,1109.625953
-5.586791,99,1110.714675
2.707766,82,1111.607052
-12.545561,70,1112.369385
-3.592307,82,1113.321737
-0.279454,102,1114.483748
-17.34369,62,1115.192044
0.038015,65,1115.932538
-16.868121,60,1116.612962
-3.403484,105,1117.817178
-0.354997,62,1118.524312
3.155762,85,1119.491198
-4.852713,51,1120.080168
-2.498572,101,1121.237317
-19.375369,78,1122.128533
4.337843,69,1122.921097
-3.031426,106,1124.188476
-0.836834,114,1125.484566
0.371939,55,1126.111461
3.699784,40,1126.568091
-49.527041,321,1130.242004
2.656668,36,1130.656538
-8.25869,214,1133.107249
-1.67841,88,1134.10902
-1.173047,47,1134.695497
-6.473059,132,1136.215978
-0.624879,45,1136.731166
-5.560743,87,1137.719853
-8.700638,115,1139.039948
-0.579322,44,1139.538894
5.754717,34,1139.930096
-1.763724,134,1147.287065
3.463703,40,1147.722386
1.084102,61,1148.390224
2.240807,37,1148.791182
-43.454231,361,1152.751282
1.16716,39,1153.177174
-9.248796,60,1153.831475
-14.663665,200,1156.01193
-1.455138,48,1156.536034
0.541648,43,1157.006711
1.472637,45,1157.498127
2.842002,39,1157.922477
-0.73086,72,1158.707438
-17.830849,70,1159.465209
-2.856264,112,1160.693397
-2.768579,83,1161.599971
-38.315488,228,1164.079158
-26.474761,481,1169.37657
3.452631,53,1169.95141
-9.770014,61,1170.614946
4.547309,31,1170.95506
2.243165,38,1171.3689
0.138179,72,1172.155163
-2.175149,65,1172.86067
-3.708342,55,1173.46747
-21.709914,83,1174.368492
-4.577849,50,1174.919557
-0.795021,253,1177.730067
-9.747297,68,1178.469185
-17.94746,66,1179.185176
-16.671473,90,1180.167051
-13.29953,58,1180.804425
5.679812,31,1181.141436
1.113791,73,1181.941328
0.86877,39,1182.375057
-10.102331,55,1182.970098
-0.502113,57,1183.594962
3.943348,34,1183.964987
-11.278835,66,1184.683508
-10.256072,61,1185.343231
-13.509635,96,1186.389852
-20.192631,67,1187.164291
-18.795211,51,1187.731221
-8.56279,84,1188.695351
-3.633806,90,1189.729789
-65.285187,500,1195.464066
-1.274742,48,1196.009024
2.473888,63,1196.738995
-0.040653,43,1197.229187
-4.938912,50,1197.799875
2.856829,63,1198.569641
4.89693,30,1198.913975
-2.018187,46,1199.440637
1.583549,76,1200.307385
-5.685113,111,1201.581018
-19.713238,110,1204.51461
-19.876649,109,1205.704243
-18.10971,64,1206.400434
-17.945503,69,1207.15809
-55.437358,376,1211.315005
-18.952644,300,1214.59131
0.780595,125,1215.955283
-1.366129,67,1216.697023
-11.707994,61,1217.362296
-11.146373,33,1217.725353
-0.589029,130,1219.141319
-15.897747,293,1222.399733
2.154043,38,1222.833829
-29.912442,154,1224.598255
-2.046702,85,1225.57073
-0.218378,77,1226.455368
-5.053782,88,1227.474406
4.835756,32,1227.843361
-4.162048,81,1228.774915
-4.601411,51,1229.3647
-7.774412,87,1230.363069
5.335692,32,1230.725558
-5.728529,111,1231.995981
-6.772157,96,1233.15087
-8.293788,89,1234.167463
-13.297431,182,1236.245992
0.32008,72,1237.071886
-36.843186,241,1239.819951
-20.59597,74,1240.669369
-18.037159,71,1241.480399
-0.95357,74,1242.330892
0.760944,59,1243.002329
1.323149,70,1243.810463
3.105589,38,1244.243338
-19.808655,67,1245.039427
-1.637747,111,1246.306614
-0.119885,43,1246.799941
6.3986,28,1247.11867
0.854689,63,1247.83638
6.129071,27,1248.150665
4.219681,75,1249.01411
3.489726,52,1249.605394
4.430895,31,1249.956683
3.675703,87,1250.955104
3.335282,63,1251.67453
0.19366,62,1252.380664
1.720547,91,1253.42104
3.291796,57,1254.068774
2.585419,38,1254.503758
-1.086011,64,1255.246857
-0.634166,46,1255.773382
4.957605,29,1256.154718
-19.728681,368,1260.353688
6.360651,28,1262.796797
-3.309168,105,1263.942582
-1.176957,54,1264.53569
-2.064263,101,1265.637108
-6.440931,161,1267.392552
4.874458,32,1267.793512
-2.130649,47,1268.311694
-14.311905,125,1269.677408
4.243747,32,1270.025864
3.357872,39,1270.449712
-4.804247,123,1271.787986
3.011836,47,1272.30121
-0.097569,42,1272.757462
-15.800169,222,1275.184625
5.966905,27,1275.483819
6.49589,61,1276.147211
-19.269204,72,1276.937282
-2.651027,51,1277.492252
-0.784546,111,1278.71674
-3.982416,51,1279.293269
1.327705,38,1279.70919
-5.840705,58,1280.344977
-12.651898,72,1281.130409
-6.714443,122,1282.455486
-3.287182,50,1282.999159
-0.828237,46,1283.498971
5.005782,42,1283.965774
5.225382,55,1284.573269
2.197568,63,1285.258104
1.3028,57,1285.880648
0.519126,41,1286.335831
-3.141995,81,1287.218308
-2.485627,54,1287.80678
2.43367,58,1288.43814
-5.659507,142,1289.98516
5.85105,56,1290.64342
2.715987,40,1291.092284
6.305214,40,1291.552956
-0.071541,81,1292.480901
-0.566145,44,1292.997149
1.474231,73,1293.831656
-6.007951,125,1295.266508
-2.276432,49,1295.82721
-7.985982,187,1297.979443
-9.436119,147,1299.660471
-3.406936,86,1300.64149
2.918165,72,1301.471097
5.442866,29,1301.815893
7.431681,22,1302.102538
-13.432549,53,1302.716041
4.84125,31,1303.073117
-5.1061,53,1303.674479
-12.836095,54,1304.285891
-1.408941,46,1304.808402
-20.361176,167,1306.717106
2.068683,41,1307.181298
-12.96918,38,1307.622154
-12.578134,37,1308.042361
5.540983,54,1308.65986
1.426882,43,1309.151254
1.115484,73,1309.989248
6.730615,32,1310.361494
2.650016,39,1310.811116
2.399015,74,1311.653217
3.041897,68,1312.431284
0.855378,40,1312.889095
3.299629,76,1313.801451
-2.704029,87,1314.796736
-15.39555,175,1316.804578
4.966234,29,1317.134249
2.879794,57,1317.78415
-0.765844,47,1318.321862
-6.532539,67,1320.374151
-2.066669,99,1321.454254
4.874677,68,1322.195279
-2.301283,48,1322.721923
3.259668,39,1323.159322
-0.071383,83,1324.063384
0.355475,44,1324.544134
-9.663133,147,1326.201962
-4.184867,90,1327.18045
-0.452735,46,1327.683403
-32.46489,137,1329.17291
2.574041,75,1329.994102
-2.570586,65,1330.70071
-6.051792,148,1332.324903
2.046884,78,1333.178569
-0.19978,63,1333.869818
-10.255542,124,1335.22035
0.509855,44,1335.697453
2.803548,46,1336.198461
-159.997399,500,1341.655285
2.541469,79,1342.51826
-9.467039,118,1343.806103
-26.49218,264,1346.730736
-1.60544,72,1347.513772
-3.997829,94,1348.546971
-16.856485,71,1349.319386
-3.946678,82,1350.212955
5.586118,30,1350.539684
0.94417,43,1351.007722
-26.618339,293,1354.20945
-9.359896,131,1355.632246
-4.68656,198,1357.854609
-6.51155,170,1359.721726
0.019137,41,1360.167566
5.958552,27,1360.470726
-14.456892,73,1361.26344
3.094661,34,1361.632776
4.213492,73,1362.429372
6.667166,35,1362.813641
-0.07371,43,1363.282642
2.818578,68,1364.021766
-3.137783,47,1364.533908
5.506316,30,1364.859525
-4.721533,55,1365.463696
1.946348,68,1366.210278
-0.687085,59,1366.852994
-1.74257,59,1367.501897
2.02278,39,1367.934772
-18.542876,290,1371.140794
-15.003499,92,1372.145191
-0.380239,72,1372.930181
-49.690973,230,1378.375774
-3.748395,77,1379.214989
-44.463926,197,1381.419351
-23.474994,331,1385.02968
-12.553156,127,1386.414302
-11.617282,124,1387.764689
4.128757,32,1388.115957
-4.106795,82,1389.010807
4.821382,32,1389.358983
-0.680707,62,1390.035228
-31.067485,337,1393.760149
5.166358,35,1394.139633
-3.324681,85,1395.065229
-2.377985,67,1395.804334
-2.416655,51,1396.363881
-10.784116,238,1398.960231
-2.09685,46,1399.463439
1.748881,58,1400.097791
0.82815,83,1401.001629
4.843561,40,1401.437498
3.222821,36,1401.827513
-11.486038,73,1402.631798
-5.063847,77,1403.51882
2.889461,60,1404.17723
5.155265,28,1404.481441
-13.065996,83,1405.382224
-10.496858,172,1407.250031
5.853603,34,1407.618949
-4.511021,86,1408.555736
3.628025,35,1408.938104
-22.202063,92,1409.945956
-13.756444,104,1411.079619
4.926034,34,1411.450622
0.314709,59,1412.10396
-22.772031,78,1412.948882
-3.935522,87,1413.896065
-1.81139,96,1414.998471
2.472977,61,1415.660289
-2.760438,77,1416.501479
6.640831,38,1416.924411
-0.788856,46,1417.431842
-1.407281,53,1418.008374
3.311306,39,1418.433221
-6.069503,99,1419.521336
-11.543075,55,1420.124704
4.540837,33,1420.481778
-32.490877,238,1423.077754
2.954337,42,1423.533603
-2.295172,73,1424.331579
-21.985638,138,1425.831924
-77.311953,351,1429.707163
3.403041,67,1430.44429
-2.37691,50,1430.987849
-5.162835,119,1432.293494
-12.081935,125,1435.79536
-2.586595,52,1436.365326
2.193742,37,1436.767504
0.973777,41,1437.219124
3.940423,37,1437.636087
-10.234819,237,1440.351001
-1.604455,47,1440.912543
-2.554863,49,1441.496029
-10.085297,91,1442.560263
1.35703,49,1443.124828
-6.381382,88,1444.104345
-1.87262,73,1444.928206
-3.151333,85,1445.885096
7.105402,31,1446.230097
1.106261,40,1446.676755
-2.806186,64,1447.405867
-2.703801,69,1448.170879
-3.861023,67,1448.912922
-4.378616,50,1449.525913
-5.645027,177,1451.584869
-0.027228,68,1452.384107
0.361827,51,1452.978645
-2.081156,83,1453.937697
-5.237674,88,1454.975141
-0.059601,76,1455.85306
-1.883467,106,1457.098747
-3.74431,54,1457.729139
3.727322,35,1458.14104
-19.589228,63,1458.878125
-0.908838,61,1459.598256
-20.251975,55,1460.274499
-1.036102,73,1461.154418
-18.867374,52,1461.760426
-8.308772,110,1463.047046
-0.440702,43,1463.537742
-2.591054,48,1464.096653
-4.311621,60,1464.81781
-0.690034,48,1465.375332
-4.417604,55,1466.01168
-95.354892,390,1470.577574
-8.789283,132,1472.166447
2.684875,39,1472.620268
-4.264725,95,1473.74152
4.632604,32,1474.118541
-1.44675,49,1474.706015
0.419926,69,1475.529524
-24.293838,500,1481.383971
5.045155,31,1481.748055
-6.599419,135,1483.33994
-4.864231,146,1485.083832
0.955106,48,1485.632837
3.511394,70,1486.431809
1.422164,52,1487.023886
-13.608401,164,1488.898776
7.516326,22,1489.15223
2.773322,39,1489.601063
4.922071,49,1490.15784
-0.044337,52,1490.76282
-18.291994,67,1491.521296
-22.866015,242,1495.553022
1.168849,49,1496.1459
3.948026,34,1496.517085
-17.4851,109,1497.708975
-7.450508,67,1498.440042
2.346982,38,1498.85724
0.922702,62,1499.532399
-0.096425,78,1500.378915
-18.175085,44,1500.859513
3.661309,43,1501.325677
-3.618963,119,1502.630557
0.420808,59,1503.276787
3.843966,36,1503.668774
-31.861205,402,1508.110366
2.470737,41,1508.557213
-0.224361,44,1509.040509
-18.986203,68,1509.779589
-1.093597,77,1510.619872
-4.267842,128,1512.016356
-4.60541,62,1512.696848
-5.319631,182,1514.686665
4.899538,41,1515.136015
-5.213579,53,1515.710874
3.324607,39,1516.135861
-1.264744,64,1516.833723
4.596992,33,1517.194787
4.453033,36,1517.586207
2.413774,38,1518.002156
-18.640227,61,1518.664479
-3.867532,54,1519.298304
1.462903,43,1519.771428
-11.946461,229,1522.275273
-16.769981,77,1523.117491
-15.098254,80,1523.992541
3.560412,56,1524.605945
-6.900671,146,1526.19338
2.593289,53,1526.772046
2.569095,36,1527.16512
0.340285,40,1527.601725
-16.076956,170,1529.450534
4.588838,35,1529.838577
0.605307,52,1530.407094
-4.605471,55,1531.068612
-0.063728,79,1531.931342
-11.26231,79,1532.792669
1.516637,42,1533.249235
-6.145456,67,1533.975297
2.781624,77,1534.814651
-1.714485,47,1535.324306
3.458771,38,1535.739259
0.536544,71,1536.522779
6.539398,27,1536.816454
-7.917871,118,1538.102229
0.410272,43,1538.573887
3.349806,66,1539.293867
-58.086839,495,1544.735491
-19.600876,70,1545.494355
-1.437377,47,1546.005998
-6.308296,124,1547.353996
-5.647087,57,1547.978759
-9.040467,121,1551.357685
-2.882746,66,1552.071998
-13.526287,65,1552.785388
6.433535,26,1553.067935
2.327649,39,1553.491609
0.572205,115,1554.830199
-69.087423,500,1560.545145
0.888925,42,1561.025966
-4.610299,122,1562.420442
1.069311,42,1562.90817
-6.036193,134,1564.452021
-6.032933,92,1565.541307
1.500674,39,1566.00088
-45.903188,259,1568.96453
-10.523759,102,1570.136295
-2.01826,82,1571.072944
4.343995,53,1571.679398
-1.273721,44,1572.174408
0.125318,88,1573.184186
-0.162126,47,1573.72361
-6.186378,89,1574.743795
3.15018,36,1575.158749
4.099921,33,1575.535738
-0.849744,76,1576.402516
-3.191398,89,1577.464491
-7.629193,97,1578.57586
-0.739751,58,1579.241261
-2.941387,99,1580.369765
3.783324,34,1580.755961
0.563198,80,1581.67887
-0.927831,46,1582.212482
-0.13219,41,1582.680893
-1.095939,82,1583.612973
-1.503361,47,1584.155671
4.425083,58,1584.816584
-2.510889,55,1585.445772
-0.442624,51,1586.031251
-1.081055,61,1586.729216
1.384802,60,1587.415992
-3.80451,82,1588.352074
3.655119,56,1589.050126
4.30196,60,1589.735346
5.513377,36,1590.145282
4.845458,30,1590.491819
-3.525624,97,1591.597098
-4.747082,113,1592.900117
5.336124,31,1593.254862
2.166071,38,1593.694246
-4.863081,85,1594.662255
4.50324,46,1595.184423
-1.617148,78,1596.081846
6.627713,24,1596.363127
6.706253,24,1596.634712
-1.502933,75,1597.488491
-3.383438,57,1598.143027
-0.405209,122,1599.531003
0.975592,50,1600.097846
2.991637,36,1600.555862
4.69356,31,1600.909942
-18.634516,70,1601.709316
-0.55259,88,1602.729071
0.26332,44,1603.237162
3.288984,37,1603.664994
-3.033554,70,1604.46527
4.947839,35,1604.867713
-2.949679,65,1605.610683
-2.645136,81,1606.541268
-2.972596,75,1607.40256
1.869077,47,1607.943705
-7.983692,69,1610.271974
2.611049,50,1610.835502
-0.522703,86,1611.779883
6.762334,38,1612.238288
6.113994,33,1612.598178
-18.276017,98,1613.666452
5.142659,29,1613.981637
2.910692,38,1614.396134
-1.534686,48,1614.918118
1.689265,41,1615.366371
-44.277383,419,1619.924296
4.81802,30,1620.265408
-54.219285,474,1625.60094
-4.74798,61,1626.295915
0.692774,71,1627.113793
-8.09379,103,1628.294588
7.212102,30,1628.637762
2.182814,41,1629.11079
4.920498,49,1629.667628
0.176145,40,1630.122994
5.823932,45,1630.636663
1.258113,79,1631.554806
-1.611513,43,1632.043955
-3.284074,51,1632.625019
-63.080306,500,1638.384249
4.505925,33,1638.760272
-9.717865,205,1641.103292
-17.709379,230,1643.734121
-5.200752,101,1644.88271
2.723833,37,1645.304615
-18.497237,72,1646.125896
4.629858,31,1646.529815
4.262657,50,1647.113139
-4.355194,109,1648.356428
-4.295065,95,1649.446093
-0.791696,75,1650.304952
-19.869784,110,1651.550729
-10.443411,150,1653.254723
2.001969,42,1653.746565
4.59508,31,1654.100169
5.706947,68,1654.879514
-9.680532,147,1656.560251
-11.469384,170,1658.556768
1.069616,40,1659.013582
0.705127,43,1659.50231
-1.768939,90,1660.534935
5.12151,32,1660.899988
4.947671,31,1661.250081
-7.479607,109,1662.501893
-3.02274,85,1663.470837
-3.226349,91,1664.520613
-6.492962,150,1666.24107
-12.64189,132,1669.290758
4.886287,30,1669.616911
4.972076,31,1669.954999
-6.131122,74,1670.81913
-2.436255,58,1671.449142
-1.848601,77,1672.286966
0.88232,50,1672.830643
-1.887292,78,1673.686945
4.998574,43,1674.158749
-32.616373,500,1679.621489
-3.013404,63,1680.308342
-5.302754,99,1681.383982
-2.116949,148,1683.054228
-0.901414,47,1683.576872
4.034635,33,1683.939196
-1.339248,43,1684.405445
0.627596,39,1684.833334
1.305311,67,1685.565432
-13.981753,200,1687.747086
6.735734,24,1688.017412
0.052131,43,1688.485361
1.527227,40,1688.92123
0.559595,41,1689.367586
-17.112029,74,1690.176491
-15.612438,167,1692.000246
5.214435,42,1692.460307
-2.147233,52,1693.065158
-17.321704,232,1695.609515
3.518076,37,1696.011471
-0.775,44,1696.497934
-1.878243,44,1696.978996
3.429078,35,1697.361264
6.02502,46,1697.864539
-1.132971,82,1698.76027
1.672227,72,1699.542151
-6.107658,103,1700.66372
3.224732,38,1701.078298
-53.683835,500,1706.56894
1.384407,43,1707.03581
-17.192354,75,1707.861161
4.136801,74,1708.665901
-0.576611,88,1709.627164
7.165893,22,1709.869432
-8.333703,151,1711.510989
-6.062069,156,1713.222631
-1.090259,77,1714.06019
-0.430548,76,1714.886282
-19.758092,233,1717.474048
-8.055414,189,1719.538076
5.749425,35,1719.926354
-4.023332,61,1720.590973
-10.005688,221,1722.998703
4.482161,32,1725.393097
-5.467846,78,1726.241336
-16.756288,133,1727.699919
-0.18266,54,1728.342124
-4.294349,79,1729.215475
5.135509,40,1729.653859
-8.111366,78,1730.503652
-3.764442,109,1731.70298
5.100781,30,1732.030131
5.309628,33,1732.392391
5.730489,38,1732.806582
4.090084,33,1733.167099
-3.784356,107,1734.328078
-2.717769,90,1735.314341
0.65832,61,1735.976619
-11.741345,187,1738.010069
2.209101,38,1738.424788
4.376663,41,1738.880104
3.51425,35,1739.263138
-4.277621,52,1739.869534
-0.515778,50,1740.423128
-13.70347,68,1741.160496
7.131339,31,1741.497592
4.2691,49,1742.033147
5.295046,29,1742.349323
-8.187658,104,1743.482956
4.782824,29,1743.79714
-5.691169,103,1744.933671
-5.512622,94,1745.960367
4.172389,32,1746.311813
-8.543524,103,1747.431111
3.333053,39,1747.862249
3.815543,48,1748.385929
-9.597374,105,1749.535994
-2.980934,60,1750.189899
-5.64978,72,1750.975936
-2.386104,87,1751.988257
6.04669,39,1752.427614
1.294391,67,1753.191183
-13.93165,63,1753.903719
5.440047,30,1754.249905
-1.871892,54,1754.868348
-8.059303,93,1755.924561
-5.677125,54,1756.541178
-1.798374,51,1757.125661
1.874834,40,1757.580479
6.192148,36,1757.994933
-0.250334,44,1758.509063
-0.563835,90,1759.533304
3.69467,34,1759.928278
2.284961,39,1760.379403
1.497841,41,1760.848186
-5.817569,73,1761.685981
-0.626357,47,1762.219403
-1.012456,51,1762.807819
-20.61584,106,1764.022838
-2.723297,54,1764.640184
-2.929879,51,1765.236634
0.162954,80,1766.151767
-6.26953,98,1767.27245
-20.624189,75,1768.123655
2.735021,39,1768.567289
-7.299573,109,1769.812658
-9.643028,183,1771.908269
-1.138408,65,1772.647351
4.254475,31,1773.005041
-5.290162,69,1773.795085
3.635148,37,1774.225839
2.651271,74,1775.126415
2.72013,56,1775.766201
-2.734052,52,1776.365078
-0.849542,57,1777.018093
-0.747289,44,1777.515801
-6.314739,126,1778.963176
-1.178457,107,1780.189883
-7.065336,125,1783.426386
-0.606967,44,1783.906442
-1.323485,43,1784.38227
1.212981,41,1784.832758
3.653643,35,1785.214766
2.467082,37,1785.618694
0.516722,63,1786.307459
7.160306,28,1786.66613
0.353221,42,1787.122231
6.945507,23,1787.372
5.627807,30,1787.697093
0.727754,64,1788.395957
3.29484,36,1788.794858
4.374814,33,1789.153278
-1.783987,56,1789.764479
3.143166,36,1790.158011
3.031464,37,1790.563958
-2.04498,75,1791.381947
2.731162,38,1791.79687
0.182745,89,1792.764729
-1.943703,96,1793.812528
-1.423254,91,1794.801424
0.387132,41,1795.256193
-13.313439,284,1798.40196
2.278863,38,1798.819604
-11.084014,118,1800.162985
0.159084,58,1800.820249
5.591507,28,1801.142412
-6.46975,82,1802.084256
7.11847,32,1802.458219
4.073972,34,1802.844351
-8.04101,89,1803.867692
-2.76085,52,1804.470808
-2.824425,92,1805.520566
-4.561302,85,1806.484497
1.494519,51,1807.066084
7.449052,38,1807.498459
-7.749557,129,1808.969076
5.385716,29,1809.301211
-25.244425,156,1811.131238
-8.635139,93,1812.189938
-60.579332,500,1817.920951
2.303707,37,1818.348171
4.136961,34,1818.732173
-0.118067,45,1819.24679
-0.540982,41,1819.712191
0.200468,72,1820.530513
0.321613,59,1821.203409
3.476922,34,1821.645265
4.199773,34,1822.038492
0.084876,55,1822.662434
-7.99733,118,1824.01838
4.28341,33,1824.402562
-7.32561,174,1826.391034
-8.262008,141,1828.004711
-1.634908,82,1828.936257
1.606237,74,1829.787259
3.906898,59,1830.459298
1.694402,50,1831.033836
6.496422,27,1831.348989
2.643798,37,1831.770185
-1.367679,91,1832.806604
-3.657185,61,1833.556657
0.130941,48,1834.105615
1.768746,40,1834.560434
0.191853,42,1835.038525
-1.707968,50,1835.608242
0.707019,40,1836.063572
5.15534,33,1836.439963
-6.757293,61,1837.136536
-9.892397,153,1838.889926
-4.236355,51,1839.474161
-5.930123,82,1842.25856
-4.276678,50,1842.804398
4.5207,31,1843.140524
6.60253,25,1843.421237
-19.871918,73,1844.223629
-0.997905,78,1845.120542
-0.413741,103,1846.241579
-6.055807,53,1846.817084
-0.376384,48,1847.337735
-4.893594,50,1847.882491
-1.942801,50,1848.434043
5.601539,28,1848.737256
-5.344038,148,1850.352452
6.291598,27,1850.645689
-2.333988,90,1851.63602
-0.981047,52,1852.202645
0.750563,59,1852.846286
-6.163339,57,1853.470779
-2.017938,52,1854.034142
-0.065338,62,1854.709417
-1.349936,51,1855.268935
-2.588955,48,1855.79061
4.653527,39,1856.217948
2.242043,37,1856.678727
-3.480866,120,1857.986397
2.425968,36,1858.378642
-3.724993,71,1859.150899
-1.100669,61,1859.813178
0.468623,51,1860.371311
-1.128895,104,1861.503443
-4.317784,58,1862.145795
-6.849719,102,1863.25771
-4.077923,126,1864.636209
1.657355,37,1865.039164
3.501688,34,1865.407209
-4.890396,67,1866.136284
-2.971093,56,1866.745138
-13.90646,158,1868.531805
-4.061581,57,1869.152967
2.281597,38,1869.566332
-3.672496,73,1870.369447
-0.335944,41,1870.816072
-1.77805,95,1871.855309
-4.921785,61,1872.5211
-7.21361,103,1873.644611
-0.295877,54,1874.234481
2.256761,38,1874.648377
-9.761546,183,1876.63967
-3.940226,57,1877.26151
1.445429,66,1877.979566
5.651511,28,1878.292956
-5.975541,87,1879.239498
-4.56402,58,1879.928887
-3.703475,79,1880.792356
2.043071,39,1881.217224
-3.710484,57,1881.838548
3.681588,37,1882.240722
-5.6214,79,1883.099673
6.699119,26,1883.381187
4.908742,40,1883.819636
-1.415115,108,1885.007644
5.854616,29,1885.325818
-0.438113,42,1885.783029
-2.742438,64,1886.479244
-0.287257,64,1887.177417
6.605644,37,1887.581337
-3.236859,49,1888.117873
-0.404323,45,1888.609608
1.641942,38,1889.02453
6.339485,25,1889.298788
1.716307,58,1889.936323
-1.80432,94,1890.959125
-4.580754,63,1891.647339
3.00381,52,1892.26902
-0.067731,80,1893.151994
3.463304,37,1893.558289
-0.767298,43,1894.209344
-0.985568,47,1894.743951
-16.157522,66,1895.497824
-2.604398,81,1896.421638
-2.484093,87,1898.451276
3.739079,38,1898.865201
4.851337,30,1899.190396
5.63627,30,1899.516546
-4.065938,78,1900.368661
-5.671663,81,1901.249669
2.44121,35,1901.630671
-24.64849,264,1904.554398
4.28167,36,1904.944223
6.217738,27,1905.239422
3.582246,35,1905.628873
-3.553441,52,1906.197266
-0.058302,58,1906.825937
4.293483,32,1907.174267
0.295894,42,1907.637642
2.606775,63,1908.327435
4.281042,35,1908.706421
6.866279,26,1908.989702
-1.052745,91,1909.978416
-7.059684,87,1910.930913
-10.765381,112,1912.158736
-15.392242,37,1912.563881
6.747782,33,1912.922977
-0.255435,105,1914.065401
5.275208,31,1914.402812
-7.698881,84,1915.371455
-0.529252,80,1916.267209
-1.495026,44,1916.771411
-5.612124,53,1917.376443
3.574049,45,1917.892104
0.103569,41,1918.36694
1.990316,88,1919.379395
-5.309236,52,1919.96883
0.380101,44,1920.470053
-6.567109,101,1921.62287
-4.373052,87,1922.619858
1.011442,75,1923.495333
-4.051035,55,1924.13168
-7.602656,104,1925.310984
-0.046154,44,1925.80706
4.155455,37,1926.238395
-2.098429,84,1927.245944
-0.99322,76,1928.111501
5.602744,45,1928.622349
3.432128,34,1929.006627
-8.775468,170,1930.965178
2.391285,40,1931.42353
6.774399,42,1931.905307
-6.971063,111,1933.169767
5.621246,37,1933.592697
-15.678595,64,1934.330727
6.320234,26,1934.627992
3.96421,46,1935.14798
-6.119549,106,1936.377828
-1.931302,46,1936.897483
6.441622,26,1937.196672
-5.125484,69,1937.985034
5.534824,36,1938.40127
2.621736,39,1938.853735
0.999092,78,1939.780428
6.515454,27,1940.097299
-0.147272,50,1940.666805
-7.480468,158,1942.476274
3.213192,36,1942.888207
-15.797553,74,1943.738472
3.648148,46,1944.259124
6.103169,26,1944.559727
1.399559,67,1945.330159
6.722365,28,1945.648335
-2.133717,51,1946.232926
-0.816046,57,1946.886996
2.215513,64,1947.61831
-17.139168,69,1948.412808
-10.707952,186,1950.578336
-0.348276,46,1951.115969
-16.89857,67,1951.878832
-1.567022,62,1952.583529
-6.091212,136,1954.137975
-4.627392,65,1958.789874
-6.734628,102,1959.905641
3.595096,55,1960.523062
-1.529313,58,1961.157935
-2.583163,68,1961.900895
5.825994,39,1962.324793
3.267012,34,1962.748055
0.748615,81,1963.630907
-0.236073,46,1964.132932
-3.487648,73,1964.934011
-3.140278,51,1965.487801
1.159111,43,1965.957225
-2.426883,48,1966.488229
-2.688818,62,1967.163901
-3.304957,136,1968.652967
0.941725,52,1969.221565
-9.383152,104,1970.35302
6.667559,33,1970.713629
-17.852427,68,1971.457554
5.34191,28,1971.76347
5.920527,37,1972.165475
-7.336073,95,1973.198442
-3.487055,99,1974.300422
2.060948,40,1974.772032
6.176553,48,1975.293721
7.309195,24,1975.555348
4.345333,33,1975.915443
-3.782157,76,1976.741556
-16.567825,358,1980.647034
-0.516238,86,1981.581985
2.708311,71,1982.355687
-0.970098,86,1983.294366
4.053143,31,1983.637474
2.351639,41,1984.084317
2.08331,41,1984.532444
3.652342,32,1984.881537
-13.659171,160,1986.678929
0.200993,42,1987.156679
1.661639,70,1987.960907
4.379504,35,1988.354292
7.61322,30,1988.704405
-19.692166,73,1989.538221
5.324723,29,1989.87446
0.069783,49,1990.434962
-5.577168,83,1991.379273
1.659362,39,1991.823096
-4.076383,90,1992.847383
7.163875,42,1993.325164
2.897944,55,1993.956946
5.889331,28,1994.275145
1.406522,39,1994.717953
-9.952053,147,1996.407129
-0.103616,45,1996.933512
-12.123266,64,1997.66403
0.705505,40,1998.163688
5.944852,26,1998.46487
1.065574,40,1998.928041
0.816328,41,1999.391928
3.844033,32,1999.763957
-2.027117,52,2000.355734
-2.757965,146,2002.02448
2.884037,34,2002.415592
3.906263,33,2002.805936
-3.000532,82,2003.742272
0.026023,46,2004.26821
-2.710173,46,2004.793309
-0.698622,77,2005.667034
-3.098375,63,2006.383097
4.410324,57,2007.034589
4.168353,45,2007.546363
4.058673,41,2008.022675
-16.69668,64,2008.755493
-7.480927,158,2010.617079
0.055851,78,2011.504412
-0.228906,50,2012.071741
6.043286,26,2012.365847
-3.040538,49,2012.923712
-0.628908,41,2013.388551
-0.784806,48,2013.939845
-3.818554,86,2015.97791
-8.403856,135,2017.444281
3.712548,51,2018.000828
-5.775685,74,2018.818393
-14.491269,66,2019.534856
-5.120757,70,2020.296877
2.076058,42,2020.752685
-4.522999,138,2022.313155
0.924894,44,2022.791198
1.609666,41,2023.244032
1.161647,79,2024.113926
5.586339,27,2024.41115
4.319683,78,2025.258069
-5.3692,101,2026.366922
-1.250044,52,2026.931499
4.790565,32,2027.279582
-3.451029,89,2028.255518
-1.636337,69,2029.005854
2.050455,65,2029.718232
4.732124,31,2030.056608
5.218823,31,2030.394717
-7.835965,127,2031.791042
-19.955895,75,2032.606965
-0.049542,105,2033.822139
4.523783,48,2034.346748
7.1239,41,2034.794065
6.244355,25,2035.064328
1.141156,55,2035.659848
5.661797,28,2035.969038
-21.420485,90,2036.945511
0.263591,46,2037.44923
-0.310816,44,2037.930744
-19.972323,84,2038.853349
5.096873,31,2039.198414
1.947961,37,2039.600394
3.131877,48,2040.119183
2.853969,45,2040.610592
0.376822,45,2041.099341
0.348543,57,2041.722661
-11.296352,134,2043.183804
0.200345,41,2043.627855
1.323218,44,2044.109589
-2.073167,46,2044.616187
-0.393162,104,2045.84797
-3.41199,56,2046.488822
-8.532448,136,2048.03715
0.938313,40,2048.495535
-5.671759,125,2049.931659
4.93873,37,2050.361533
3.649605,40,2050.818349
-16.610921,82,2051.761657
0.666241,41,2052.246974
-4.411156,115,2053.568428
-1.320927,45,2054.092427
0.200511,49,2054.648975
-19.488994,87,2055.702533
-3.823491,96,2056.812317
-5.838816,99,2057.946316
5.589355,50,2058.522146
-2.480956,49,2059.083213
-6.962509,200,2061.369326
3.762058,38,2061.80419
-2.493408,52,2062.393643
6.584584,25,2062.686875
-1.271952,62,2063.397881
5.318754,29,2063.736986
-2.394778,48,2064.287544
3.853201,34,2064.681414
-6.141602,53,2065.286681
-19.634945,87,2066.283764
-3.851358,82,2067.274402
1.326977,39,2067.718242
6.245948,26,2068.016456
-4.938718,58,2068.689747
1.082507,73,2069.524903
-1.468442,44,2070.022599
1.061892,44,2070.51927
3.731701,35,2070.918072
5.495268,28,2071.240176
2.2227,37,2071.660077
-0.359425,71,2073.403388
-7.620519,86,2074.347625
-1.356295,48,2074.872251
5.59802,34,2075.257061
0.149075,79,2076.126036
5.361931,30,2076.455528
-19.930683,71,2077.234051
0.771505,113,2078.465
-5.178144,51,2079.082194
-13.082078,181,2081.063103
-1.503839,50,2081.607675
-18.800241,82,2082.500337
3.702418,36,2082.893628
-1.457229,44,2083.384651
-1.357237,50,2083.92924
-2.76242,66,2084.647591
3.993717,35,2085.031998
-0.741457,47,2085.546649
3.379393,48,2086.068254
1.84978,60,2086.724567
3.231232,37,2087.133629
-0.769444,45,2087.62235
-14.05719,59,2088.26766
5.202009,52,2088.845089
-0.526599,44,2089.325831
0.187854,47,2089.84197
1.540414,40,2090.311449
-0.663714,95,2091.377036
5.727176,28,2091.686139
3.554087,37,2092.093082
-0.283695,44,2092.57479
-19.865453,72,2093.362423
-0.523569,50,2093.906499
-7.684885,157,2095.631425
-1.604725,45,2096.12613
4.980765,31,2096.465213
5.474934,30,2096.791847
5.923948,32,2097.140934
4.571399,66,2097.862044
-2.093177,53,2098.441169
3.904611,41,2098.892539
1.25667,41,2099.338589
4.301126,40,2099.774449
-1.020734,50,2100.324008
4.238605,44,2100.807262
0.980318,67,2101.53934
-0.658745,45,2102.031341
0.295828,46,2102.582865
-0.542603,45,2103.101796
5.141274,29,2103.43532
-3.116199,47,2103.971784
1.378406,42,2104.455326
4.02154,34,2104.847483
-1.678981,89,2105.875866
2.762389,40,2106.327682
-17.167796,70,2107.126784
-7.154755,192,2109.333645
-11.235856,232,2112.002942
0.845396,53,2112.611349
-2.001891,46,2113.136063
1.628735,52,2113.778352
-2.564129,47,2114.317897
0.43595,44,2114.819676
-5.312161,103,2116.002404
6.281423,26,2116.296638
5.945423,27,2116.603995
5.261691,49,2117.16081
2.351444,40,2117.617615
4.835038,31,2117.972684
-24.594385,178,2120.018905
-1.67853,47,2120.553472
-19.7644,68,2121.322459
-3.713086,136,2122.875334
3.400671,38,2123.318175
4.796615,35,2123.71825
-0.620984,48,2124.263171
-3.611983,53,2124.862602
-4.7051,67,2125.677215
-5.29103,70,2126.483543
2.482006,39,2126.930828
2.405097,51,2127.517292
-0.463854,46,2128.043968
-2.977329,55,2128.675455
-8.340597,89,2130.846258
-13.007553,54,2131.438574
-20.487703,72,2132.231853
-3.223078,108,2133.409868
-1.159287,58,2134.048166
1.195413,42,2134.504885
4.301831,43,2134.974212
-0.958677,73,2135.770339
-0.301482,41,2136.21714
-5.862087,85,2137.183225
-17.204493,126,2138.613626
-3.835452,58,2139.280775
3.554687,36,2139.692696
2.484456,42,2140.171586
-1.981987,81,2141.10316
-2.723157,54,2141.719939
-4.230741,54,2142.338323
2.727055,64,2143.064978
-1.045718,47,2143.604118
0.046122,62,2144.318998
-0.759595,44,2144.830083
7.169854,24,2145.106602
3.834575,52,2145.702634
-12.733815,56,2146.337884
0.555715,43,2146.822868
-6.727539,108,2148.059356
-1.328756,51,2148.643766
2.918605,36,2149.106525
-2.064406,74,2149.955932
4.471547,34,2150.340924
-0.884715,76,2151.21763
3.946175,41,2151.684896
1.636324,87,2152.682711
3.865713,37,2153.106572
-6.683407,96,2154.203615
7.012046,25,2154.487871
2.918305,38,2154.923729
5.569527,33,2155.302989
-1.999817,89,2156.315469
-24.785046,215,2158.770609
-0.479755,44,2159.278913
-0.214216,43,2159.774719
4.646435,33,2160.154361
6.987972,27,2160.466536
-4.330346,55,2161.147913
0.835923,58,2161.81317
-6.959597,89,2162.830541
-1.424789,47,2163.365145
5.295844,31,2163.718457
-0.994308,43,2164.217883
-26.662864,179,2166.270179
-1.542872,66,2167.029227
-3.96933,80,2167.941012
-2.508557,90,2168.977313
5.853566,29,2169.306448
1.262213,90,2170.342332
-2.984622,61,2171.043052
-3.154827,46,2171.569926
3.789171,38,2172.002792
-2.324136,48,2172.55335
2.867664,37,2173.041238
-1.343927,49,2173.599773
-0.899788,44,2174.108441
5.451211,30,2174.453538
-2.138467,44,2174.955023
4.320678,32,2175.319584
4.998218,32,2175.68363
1.887917,37,2176.108961
5.352157,30,2176.450097
4.739349,31,2176.80558
3.054095,66,2177.567939
1.436661,42,2178.042491
1.064794,38,2178.481372
-1.660097,87,2179.478383
2.370409,36,2179.894279
4.826849,40,2180.354797
3.55363,78,2181.254467
-2.963569,47,2181.805599
-1.006729,87,2182.823932
1.618895,38,2183.280736
0.779311,42,2183.778788
-18.260762,82,2184.727305
-7.01966,78,2185.635655
5.442186,30,2185.992183
-0.449278,42,2186.48673
2.641063,37,2186.933144
-18.382586,89,2189.180406
-8.080328,135,2190.677344
-4.428663,95,2191.728925
5.590384,28,2192.038116
-1.32621,112,2193.289837
-11.796395,177,2195.261793
0.828617,39,2195.691667
-20.463631,84,2196.689053
4.874468,32,2197.042379
-4.150358,79,2197.910275
-2.890215,49,2198.454849
3.341153,36,2198.852836
6.497531,25,2199.132076
-0.07147,42,2199.597855
-20.068897,84,2200.583275
2.730381,37,2201.016171
0.185594,66,2201.781168
4.926241,61,2202.490282
-13.691119,232,2205.213662
7.026012,25,2205.502905
-2.396505,160,2207.365944
-5.110211,50,2208.010148
3.781254,52,2208.605564
7.318111,34,2209.001526
-0.70053,73,2209.85931
-6.98145,54,2210.488662
-1.56343,46,2211.012262
-5.679391,58,2211.695501
6.241774,28,2212.021206
-5.078583,52,2212.627609
-10.641297,154,2214.437893
5.0412,30,2214.79
-3.621891,48,2215.359512
1.506695,40,2215.823296
-0.833499,74,2216.708947
-0.546605,44,2217.219638
2.524018,40,2217.684416
3.436946,58,2218.361619
2.380251,39,2218.824436
-1.559665,43,2219.334072
-3.796659,100,2220.577815
-3.390099,81,2221.518376
2.244892,67,2222.305291
-4.442321,118,2223.680728
6.313151,26,2223.986045
-3.330489,79,2224.890333
4.212702,31,2225.242563
-3.945496,105,2226.441226
0.43966,43,2226.927921
-4.913907,81,2227.853008
6.428127,25,2228.142299
2.612214,49,2228.701206
2.495294,57,2229.359848
4.791517,64,2230.094894
-3.596601,62,2230.809633
-2.19183,48,2231.406539
4.867515,61,2232.105022
5.891752,31,2232.46277
4.639502,30,2232.812588
0.248664,42,2233.294375
0.495371,86,2234.284071
7.268746,24,2234.559351
-0.347416,61,2235.261139
1.647357,65,2236.008356
1.889954,41,2236.484519
1.224922,51,2237.070336
5.441141,31,2237.429366
4.073906,34,2237.815001
-13.512911,117,2239.154127
-2.073196,71,2239.971892
6.644097,47,2240.509266
1.62257,96,2241.600693
-12.359604,136,2243.198747
-0.234566,79,2244.109276
4.897643,64,2244.849146
0.247057,59,2245.51945
-2.54856,51,2246.103953
-7.905789,145,2248.721574
5.294273,30,2249.055669
-6.724631,178,2250.999702
-1.699327,50,2251.547537
6.554451,27,2251.840681
3.154429,38,2252.253155
-0.478857,41,2252.700625
4.514828,33,2253.067245
2.845823,105,2254.214864
-1.097334,84,2255.189508
1.160685,41,2255.636606
-2.74339,93,2256.651768
-2.48368,47,2257.163008
5.531214,58,2257.798344
-2.408515,74,2258.604794
1.24863,39,2259.027553
2.559297,41,2259.476374
0.093542,42,2259.941877
-1.59901,79,2260.803358
-4.26831,73,2261.605397
-0.91761,76,2262.436231
4.747239,33,2262.801064
-0.374663,43,2263.271092
-1.868894,52,2263.834502
0.337359,68,2264.574505
2.949014,40,2265.010827
-1.310156,74,2265.817967
5.314349,28,2266.127278
-18.791571,65,2266.882942
6.794067,24,2267.144264
1.01147,84,2268.080114
-22.427491,93,2269.14241
2.43703,35,2269.54924
-4.375967,119,2270.899152
-4.424609,75,2271.762159
-3.459538,75,2272.619399
5.748255,28,2272.938342
-0.04866,46,2273.46878
-2.42813,87,2274.471157
1.79702,46,2274.998903
3.40936,76,2275.869622
-3.461498,97,2276.977112
-4.134539,147,2278.663815
-0.197157,72,2279.534868
0.703812,48,2280.086424
7.451983,22,2280.338763
7.022247,22,2280.589108
0.589792,65,2281.338551
-2.461621,49,2281.895095
-24.857317,161,2283.73015
-19.907259,67,2284.494637
-8.590237,118,2285.848901
0.764833,54,2286.467285
-2.61043,49,2287.0348
1.204515,40,2287.487585
-1.626411,78,2288.378767
5.89039,26,2288.673994
1.443444,57,2289.336776
1.069123,90,2290.400579
-4.583104,107,2291.645896
-1.208957,72,2292.472937
-1.99799,62,2293.179059
2.382446,50,2293.750592
1.297672,39,2294.196787
1.504167,37,2294.624593
3.719908,36,2295.034933
4.571509,30,2295.376464
-4.505259,120,2296.762197
3.952924,32,2297.125245
3.744245,36,2297.538481
-10.195618,122,2298.932538
5.278446,30,2299.278697
-23.494402,353,2303.377308
2.669865,35,2303.780302
-3.646349,51,2305.426681
-5.67187,79,2306.287736
-4.355266,73,2307.084941
2.889715,35,2307.473922
6.331208,27,2307.767151
-3.258054,51,2308.326833
1.252145,78,2309.182998
-3.043016,55,2309.787999
-0.969046,48,2310.316432
-0.480409,47,2310.832615
-18.318951,74,2311.639613
-16.994949,74,2312.445498
-7.227549,133,2313.896738
-4.034595,103,2315.085976
-2.612907,48,2315.609571
1.879514,39,2316.033461
0.22348,44,2316.513201
3.117194,37,2316.916634
-0.411293,66,2317.634633
1.446513,61,2318.303877
0.437742,51,2318.864409
3.439739,36,2319.25672
6.045205,29,2319.574834
-7.130786,120,2320.891296
2.578474,35,2321.273109
2.875198,40,2321.70805
-3.435452,51,2322.264809
-1.634075,44,2322.748539
-9.529869,166,2324.563344
-4.821131,58,2325.196429
-0.975785,48,2325.739863
-1.355298,51,2326.333856
2.624422,39,2326.758645
1.495683,40,2327.201589
-2.522749,126,2328.577898
1.608338,41,2329.02519
0.251912,46,2329.525908
3.245862,36,2329.91924
1.001717,68,2330.66267
4.913658,29,2330.978141
3.036203,50,2331.530375
-19.239564,66,2332.247581
-7.871767,129,2333.652242
-3.496998,69,2334.413826
-3.737672,66,2335.133546
-2.71169,68,2335.87472
5.67794,27,2336.169921
-4.671889,57,2336.7864
4.41882,43,2337.258682
-0.460408,124,2338.682898
6.224006,25,2338.970145
-0.729008,47,2339.515062
-1.846713,45,2340.028774
4.204856,32,2340.407891
-0.628947,44,2340.911601
6.472418,24,2341.180867
4.727039,31,2341.532454
-2.663139,50,2342.100145
0.229016,41,2342.567919
3.061577,36,2342.976765
2.178435,51,2343.557033
2.869451,37,2343.978205
1.613642,38,2344.420048
-2.816666,55,2345.054664
2.652204,39,2345.500604
-13.901011,34,2345.89161
0.090429,78,2346.785718
-16.908162,73,2347.621805
6.382332,48,2348.172466
1.136949,40,2348.634194
-5.549658,84,2349.646556
7.28859,28,2349.968718
-5.888502,56,2350.612875
2.264842,37,2351.037766
-2.425913,45,2351.555852
2.288877,37,2351.979426
3.073324,38,2352.420468
-9.569453,195,2354.658677
-2.26624,78,2355.562418
3.382345,35,2355.960153
-3.126752,96,2357.052291
-4.571364,114,2358.357915
0.068878,96,2359.451704
-0.810804,48,2360.004256
3.581977,33,2360.384508
2.900067,37,2360.832477
-8.673676,64,2362.528704
5.911247,26,2362.813962
1.10245,39,2363.242043
1.951363,37,2363.645285
-2.08326,90,2364.627942
7.606704,22,2364.867315
5.569157,29,2365.184634
6.190572,25,2365.465894
-6.03462,54,2366.052359
-3.420994,56,2366.664586
6.101433,26,2366.948233
6.392346,52,2367.521159
7.327849,38,2367.935046
-4.014854,56,2368.542459
6.099742,25,2368.816746
-1.338679,47,2369.327913
2.883807,50,2369.874624
0.594302,39,2370.306699
-3.284794,95,2371.34398
0.331563,47,2371.855757
0.678084,40,2372.293581
5.640458,30,2372.621439
-15.8501,64,2373.367077
-2.006525,50,2373.911002
3.022777,37,2374.316671
-3.868464,56,2374.927043
5.865367,28,2375.233596
-1.108131,48,2375.759115
4.166671,32,2376.11137
1.287534,42,2376.571935
0.314129,42,2377.032738
1.16739,66,2377.750519
1.224327,43,2378.222284
0.316172,40,2378.657279
-0.67432,45,2379.147992
2.551439,36,2379.54595
-1.746031,86,2380.486552
4.853359,32,2380.846756
0.129674,40,2381.283284
4.6032,31,2381.62439
-3.18502,86,2382.558147
0.717935,101,2383.658251
6.821636,24,2383.921561
2.907984,35,2384.302018
-12.209034,63,2385.040138
-0.205171,76,2385.873599
3.097183,72,2386.659722
5.457701,30,2386.995845
0.290256,44,2387.473594
-8.394906,180,2389.437355
-4.127041,131,2390.870548
1.753962,39,2391.295635
5.874685,26,2391.589047
-15.259176,64,2392.289214
-14.084537,270,2395.235708
-3.732477,53,2395.815969
-1.282187,48,2396.342031
-8.233825,103,2397.533861
-7.283349,91,2398.528435
1.348641,41,2398.973829
5.138051,28,2399.279302
-1.76646,49,2399.819886
-13.932289,58,2400.451263
-8.174557,56,2401.058657
6.550733,33,2401.421707
-1.198509,44,2401.901448
-6.197463,144,2403.469422
3.250524,35,2403.860173
-13.488831,59,2404.503072
3.577375,35,2404.887788
5.706448,33,2405.251825
-3.529057,60,2405.905568
6.357555,26,2406.190792
-4.072882,52,2406.759176
5.056079,29,2407.074647
-4.843012,159,2408.877187
1.589897,66,2409.633182
0.196674,69,2410.433374
3.643809,39,2410.875677
-1.335699,47,2411.412301
-4.799601,146,2413.083922
-7.095605,140,2414.678014
1.799757,37,2415.109634
-3.467336,78,2416.003575
5.202013,32,2416.368319
3.86245,32,2416.7304
-12.18026,86,2418.709461
-0.201264,44,2419.196307
-19.435675,82,2420.153773
-5.083041,98,2421.222389
0.072274,52,2421.791899
7.440811,28,2422.097411
-3.992126,54,2422.688404
0.974607,40,2423.133125
-0.565818,43,2423.620096
-0.30623,83,2424.557616
-1.14071,51,2425.124132
2.893057,47,2425.65976
-3.498363,87,2426.642365
-13.391487,216,2429.012272
-0.050125,42,2429.469382
-3.927674,50,2430.013393
-1.432235,47,2430.524056
-6.080826,77,2431.362114
2.603894,38,2431.818913
-7.141536,147,2433.494637
6.795484,25,2433.783881
7.545179,23,2434.05256
-8.808258,152,2435.793107
4.971493,35,2436.193031
0.675935,105,2437.394955
5.781817,32,2437.762024
0.69761,74,2438.607673
5.010637,47,2439.147667
-7.604824,56,2439.794891
3.92021,59,2440.47015
-2.97608,54,2441.087485
-0.824717,45,2441.609089
-0.077304,116,2442.939585
2.378243,40,2443.399382
-1.965035,141,2445.076213
4.654324,32,2445.444178
-0.83699,48,2445.999725
-10.937451,196,2448.244014
0.396887,69,2449.033375
2.525338,51,2449.617039
2.484394,39,2450.064486
-0.987305,48,2450.622267
3.232394,69,2451.418666
-2.411715,122,2452.818635
-0.63024,74,2453.664421
1.239531,40,2454.117999
1.146899,40,2454.578958
0.010336,45,2455.092643
-2.941113,101,2456.304014
2.047092,39,2456.749985
6.584344,26,2457.050227
6.830546,24,2457.333485
1.928126,101,2458.485605
2.073478,40,2458.945402
2.32606,44,2459.448142
-3.998052,55,2460.075788
-3.766775,48,2460.624257
-1.77808,44,2461.123124
1.247223,48,2461.672802
5.469229,28,2461.993229
0.098069,87,2462.981643
-2.277069,45,2463.50044
-2.261142,46,2464.029086
7.147236,32,2464.392005
1.39429,39,2464.838205
1.144485,63,2465.557344
3.115407,34,2465.948756
-3.980524,137,2467.562233
2.554675,39,2468.010826
-19.506241,74,2468.854838
6.043461,29,2469.190957
-2.307039,71,2470.015068
1.729437,37,2470.439226
-19.576794,71,2471.246085
5.183889,32,2471.606171
-0.227087,42,2472.082685
2.427872,50,2472.64923
6.646497,26,2472.950914
1.73062,76,2473.814975
-0.480695,46,2474.338508
-3.914084,67,2475.111621
-3.285356,72,2477.374483
5.532737,45,2477.86675
-1.652832,48,2478.390955
-2.961829,47,2478.903547
0.052635,44,2479.437968
5.855434,133,2480.932539
-8.560838,152,2482.675436
5.628372,27,2482.982246
-1.299173,49,2483.545295
-2.029185,44,2484.042928
-5.901323,98,2485.170164
-6.084947,81,2486.105929
1.627096,48,2486.652497
-4.656699,50,2487.22703
-5.538744,52,2487.820476
0.402128,44,2488.332516
-8.148506,126,2489.777764
-2.704914,69,2490.564115
-5.401032,54,2491.239529
-0.340876,77,2492.128491
-9.407965,145,2493.795759
2.316802,46,2494.32865
7.045126,27,2494.635553
3.307863,39,2495.07987
-1.275539,43,2495.571625
-3.283236,52,2496.165071
-6.270568,54,2496.784421
0.110475,44,2497.290045
-2.571714,48,2497.838725
1.89524,39,2498.290099
-0.486073,45,2498.816355
-4.333234,183,2500.915206
-0.331286,55,2501.549962
-2.596389,50,2502.121785
3.868757,32,2502.486473
4.1039,59,2503.21781
5.96482,27,2503.522017
-1.435913,43,2504.015072
3.183707,34,2504.41203
-18.145445,203,2506.745504
7.081559,23,2507.019358
3.246779,35,2507.41989
-4.035351,114,2508.728781
2.88571,71,2509.55021
-1.243925,49,2510.113558
-0.880111,43,2510.602177
-0.695241,43,2511.100867
-4.558142,111,2512.383609
5.559898,27,2512.691831
-7.03725,125,2514.12434
0.667005,40,2514.62101
-4.400157,75,2515.486919
-4.46553,57,2516.139919
1.408902,47,2516.673492
4.944812,29,2517.002748
-0.047085,63,2517.721424
-0.939916,45,2518.240067
-3.928697,64,2518.970724
-15.259471,134,2520.502244
-8.005081,140,2522.108009
-3.865498,60,2522.806086
-2.800435,78,2523.701741
-1.087573,43,2524.200337
-1.934136,51,2524.790837
6.666686,46,2525.320869
1.22131,68,2526.101798
2.436585,39,2526.571568
-6.011628,58,2527.260792
6.632813,25,2527.549816
-0.48106,105,2528.752923
2.936794,38,2529.194659
-2.528346,61,2529.892831
-1.050536,82,2530.84994
-0.388013,44,2531.357958
-3.059699,83,2532.309058
-1.879371,87,2533.305943
0.900381,47,2533.846986
-19.467848,88,2536.375588
-13.68889,147,2537.98163
-5.640549,53,2538.559738
-6.863642,59,2539.209038
0.382069,43,2539.677841
-6.326163,143,2541.243136
4.160853,67,2541.981391
3.313027,83,2542.886719
0.182698,47,2543.399233
-0.509798,47,2543.908535
3.158628,33,2544.267805
-5.999748,104,2545.408693
-6.87622,94,2546.434617
1.956203,37,2546.843517
-5.561235,166,2548.653896
-4.068673,53,2549.232351
6.255322,30,2549.559524
-4.068656,56,2550.223042
3.517394,44,2550.700983
3.389236,36,2551.098579
2.921137,85,2552.022544
3.124052,34,2552.394947
0.260903,95,2553.432723
0.559356,39,2553.868344
-5.616429,57,2554.486345
2.6111,45,2554.977027
-10.521141,203,2557.191302
0.616204,62,2557.871499
-0.542458,41,2558.322288
-0.621864,47,2558.834975
-2.87944,52,2559.400439
4.83617,30,2559.726584
2.004736,41,2560.173912
2.315612,38,2560.597275
-6.629887,54,2561.186639
0.405422,41,2561.63305
0.340869,69,2562.439803
3.231923,54,2563.027751
2.376568,39,2563.449675
5.900741,26,2563.733931
3.166283,35,2564.116928
-1.831824,53,2564.693419
1.059048,39,2565.119431
4.779091,31,2565.466711
-5.836461,101,2566.569362
-8.501561,143,2568.130662
5.058053,53,2568.714034
2.866661,36,2569.103866
-1.301054,66,2569.824973
0.507942,43,2570.299725
6.074834,27,2570.60241
4.422693,36,2570.993943
-2.593709,49,2571.527161
1.75305,41,2571.984514
0.761605,43,2572.45143
-5.658305,94,2573.477243
1.714473,46,2574.017238
-0.751948,45,2574.507952
4.505318,75,2575.326056
0.27173,43,2575.79355
-1.646901,85,2576.720123
2.942854,50,2577.267689
4.851202,30,2577.593773
2.574712,52,2578.171595
5.686245,27,2578.463801
0.428662,78,2579.31589
-2.152618,64,2580.016216
-6.743166,128,2581.422465
4.215767,32,2581.777506
-3.39538,68,2582.519573
-11.134505,138,2584.031189
0.289681,40,2584.469044
3.532677,45,2584.965547
-1.820086,48,2585.495329
3.474293,35,2585.878302
3.887611,32,2586.27983
-2.286367,49,2586.833384
2.601498,36,2587.244253
2.232536,39,2587.693144
6.045115,26,2587.990395
3.454902,34,2588.376384
0.365984,79,2589.280969
3.940278,74,2590.127285
-4.712003,56,2590.7768
0.315733,74,2592.854961
-2.367398,71,2593.632999
7.420891,23,2593.88483
4.674813,42,2594.343469
3.631902,35,2594.726466
0.051069,46,2595.233779
5.086125,64,2595.937425
2.840609,77,2596.780846
-4.337303,58,2597.411195
0.945233,42,2597.876469
0.800561,40,2598.312821
-8.537742,113,2599.547351
-2.982789,88,2600.516497
2.476708,38,2600.93099
3.196927,35,2601.312491
-3.148366,74,2602.117383
5.368509,30,2602.445802
0.259686,42,2602.901607
4.245034,33,2603.263659
4.376666,32,2603.618817
-6.133293,55,2604.216149
-1.539703,90,2605.198511
-5.009958,64,2605.896299
-2.150307,82,2606.791101
-12.811125,194,2608.907299
2.210027,58,2609.596346
4.932527,42,2610.055389
3.267837,58,2610.690061
4.866595,30,2611.016208
1.422787,81,2611.907962
1.194478,42,2612.366731
-2.873153,77,2613.202863
1.187276,65,2613.908837
3.47077,37,2614.312215
-12.808137,62,2614.984849
7.421413,26,2615.278004
0.319534,42,2615.733593
-2.961575,108,2616.909436
-1.706747,90,2617.890015
-2.326545,48,2618.426531
2.224302,40,2618.865505
-3.676639,54,2619.452219
-0.582621,45,2619.944933
-3.138615,54,2620.532714
-4.107721,91,2621.563903
0.838482,42,2622.022733
-1.365585,74,2622.830142
-2.255292,48,2623.356761
-2.638125,82,2624.252199
-5.732906,57,2624.880554
2.754049,36,2625.27556
0.775707,75,2626.094136
0.545753,40,2626.530075
3.382924,34,2626.904813
0.195506,79,2627.764229
1.054118,44,2628.244969
0.635252,39,2628.66786
6.669027,44,2629.148601
0.218938,92,2630.156056
0.210935,41,2630.611745
-1.731746,45,2631.098732
-4.61512,132,2632.545483
-4.451578,50,2633.092565
0.256419,40,2633.580287
0.087713,40,2634.017446
5.691125,27,2634.324642
1.686443,40,2634.779074
6.687654,25,2635.066935
4.559131,43,2635.552838
1.91772,38,2635.994877
4.721572,33,2636.374882
-1.321345,48,2636.925468
-4.024594,56,2637.565801
-0.248871,59,2638.242021
0.795694,40,2638.701836
-0.64548,44,2639.199579
-0.991272,44,2639.701387
5.639906,40,2640.156328
-13.686239,65,2640.897157
2.818217,48,2641.458424
0.46408,47,2641.993984
0.240911,42,2642.476063
-3.408793,92,2643.523761
1.743054,78,2644.415202
-2.098094,61,2645.121931
0.16592,55,2645.801124
-5.051931,55,2646.426045
-13.511797,67,2647.191076
-18.449325,88,2649.521773
-1.24804,140,2651.083304
1.442288,42,2651.545322
3.302906,48,2652.075596
0.138123,40,2652.511724
1.265617,38,2652.928632
-1.547428,55,2653.529209
2.983373,35,2653.915873
5.133881,29,2654.231049
0.911046,46,2654.739737
1.18831,42,2655.199095
-1.532266,86,2656.21138
4.996303,52,2656.808676
-0.40496,78,2657.710621
-0.069672,75,2658.567043
-0.076607,75,2659.423773
-29.768916,358,2663.508943
-16.486977,68,2664.287604
-2.618175,52,2664.877345
-4.971578,99,2666.018385
-1.806802,45,2666.53503
2.039872,52,2667.132764
3.668574,34,2667.519751
5.659369,47,2668.102196
0.759275,53,2668.706615
-4.092843,83,2669.66259
-16.687459,60,2670.352064
-3.134528,48,2670.897664
-2.770842,71,2671.715791
-14.799928,69,2672.505622
-2.527702,48,2673.051092
0.691158,104,2674.244059
2.974587,38,2674.681368
3.547529,55,2675.310238
-17.402574,68,2676.08518
-16.391807,65,2676.835107
2.367977,39,2677.282934
6.893158,25,2677.566756
-3.15607,53,2678.172205
-14.530943,64,2678.900298
4.539282,30,2679.241223
-16.386608,67,2680.061641
1.316522,40,2680.52044
4.596088,30,2680.866573
-1.93666,51,2681.446116
-1.509781,67,2682.217068
-1.052942,90,2683.243652
-2.018185,46,2683.772636
1.140158,40,2684.230569
-9.884802,130,2685.710806
-3.863284,66,2686.469627
-2.064633,135,2688.024003
-4.472363,54,2688.63709
3.495256,34,2689.025377
-2.382118,47,2689.566958
3.754011,33,2689.94095
4.639446,44,2690.451819
6.100213,27,2690.75914
0.242996,43,2691.256157
1.313164,42,2691.790044
3.602471,39,2692.234236
-6.040046,53,2692.848854
7.266829,23,2693.114148
5.824178,27,2693.430576
0.65174,72,2694.257719
-6.006835,114,2695.564991
0.052232,43,2696.056407
-0.309967,45,2696.567999
-1.775903,46,2697.096598
0.595743,41,2697.559386
1.894637,63,2698.280608
-2.368044,68,2699.064718
-1.528044,83,2700.010082
-2.840798,49,2700.570615
7.002783,23,2700.837246
1.286443,40,2701.297044
1.666769,38,2701.729937
-6.761269,133,2703.24964
5.637277,27,2703.608688
3.018601,38,2704.045579
-0.893443,48,2704.590153
-3.599296,55,2705.224251
-1.987478,45,2705.7399
-10.064044,81,2707.605642
3.935298,33,2707.964703
1.204728,41,2708.410539
-0.749382,46,2708.912221
0.319272,42,2709.371019
2.031971,39,2709.794652
-0.599193,45,2710.286835
2.63187,55,2710.892259
-3.372424,54,2711.491453
-2.269196,65,2712.199196
-5.722471,103,2713.320595
-5.34541,68,2714.060656
-0.710518,45,2714.552468
-5.306254,89,2715.577781
0.246104,60,2716.230041
3.168407,50,2716.773911
-0.809465,83,2717.67985
5.324074,29,2717.994031
1.250211,70,2718.763992
-4.204643,53,2719.344483
4.44126,46,2719.847137
4.01624,47,2720.362816
-1.356391,50,2720.91138
2.789043,36,2721.305487
4.158709,31,2721.644601
-5.542669,115,2722.897321
1.53323,37,2723.300267
0.016001,40,2723.735491
0.236975,43,2724.21065
0.747233,66,2724.936829
-3.835401,49,2725.472518
5.736139,34,2725.84258
-11.150643,58,2726.473931
-1.521987,48,2727.04543
5.005697,28,2727.350731
-7.346133,137,2728.841334
-1.166107,78,2729.691139
2.528611,71,2730.46643
-5.700143,112,2731.697382
-1.984129,51,2732.25808
5.276596,37,2732.661991
4.306955,32,2733.0131
-0.78527,68,2733.757152
0.00137,43,2734.2239
4.043606,33,2734.583901
-8.449073,163,2736.363602
-5.595324,96,2737.412205
-0.931429,43,2737.880013
-4.432916,55,2738.485486
1.54411,39,2738.958219
3.275775,34,2739.331244
1.570336,39,2739.756504
-5.462151,51,2740.31105
5.792239,44,2740.801934
0.033199,44,2741.279682
-2.861026,52,2741.845201
-6.367462,101,2742.944949
4.6103,31,2743.28634
1.544317,38,2743.707673
1.532515,64,2744.413203
6.171383,27,2744.705891
1.352143,40,2745.142745
5.055551,49,2745.678315
1.0289,38,2746.094682
5.151465,30,2746.424819
1.027078,41,2746.871648
5.859911,27,2747.167616
-2.530439,55,2747.768021
3.634913,33,2748.131935
-3.848614,64,2748.832896
4.136083,34,2749.203666
-7.188544,120,2750.523264
6.272145,26,2750.863373
0.461067,73,2751.658309
6.894614,25,2751.933587
5.316394,28,2752.237761
-1.837119,91,2753.235214
-10.367492,168,2755.070864
-1.435775,49,2755.61279
4.306739,64,2756.311916
-3.737519,50,2756.857481
5.468275,44,2757.341216
4.603178,33,2757.698769
-0.177302,49,2758.233798
4.875837,40,2758.670377
-1.454314,46,2759.17157
-1.611567,45,2759.666839
5.02216,31,2760.002958
0.393934,61,2760.677922
-2.618783,76,2761.503604
-24.653927,118,2764.288384
6.55065,35,2764.670763
3.592971,35,2765.049799
0.606548,57,2765.672204
0.008377,66,2766.392683
4.840026,32,2766.743764
-1.788426,47,2767.25436
0.705127,42,2767.712047
-10.451525,181,2769.697329
-0.449909,76,2770.530765
-19.510372,69,2771.286746
5.827068,27,2771.57998
1.957985,45,2772.071774
-2.104643,45,2772.559909
6.578169,24,2772.821664
4.472966,31,2773.15946
-0.582561,42,2773.618879
-10.008655,133,2775.130967
1.479821,41,2775.603046
6.047915,31,2775.958116
6.66858,26,2776.256077
5.276182,55,2776.888706
-12.479744,70,2777.682657
2.545415,36,2778.094162
6.267709,25,2778.376455
-0.519562,42,2778.857226
-0.824258,87,2779.863999
0.699241,117,2781.215199
5.395725,32,2781.584233
-2.150792,50,2782.153675
7.142419,34,2782.546616
0.043954,62,2783.259304
7.126719,23,2783.522614
-4.742609,53,2784.1326
6.004504,38,2784.566534
-1.907169,47,2785.105124
-13.507309,166,2787.046999
4.5985,34,2787.434929
-2.353433,46,2787.971519
-3.68486,106,2789.179225
5.650607,29,2789.509238
3.268994,34,2789.901211
-2.151627,46,2790.425886
3.734918,36,2790.837836
1.68747,39,2791.288794
5.766789,32,2791.660444
-1.040231,60,2792.350883
0.740896,64,2793.091519
5.58718,54,2793.728397
2.361728,39,2794.177231
-2.322695,51,2794.760732
-1.627619,51,2795.344415
-3.200378,54,2795.960803
1.671527,39,2796.406629
2.770987,40,2796.868421
2.071264,48,2797.416543
-3.61985,54,2798.029534
-1.62136,101,2799.232415
-2.046111,49,2799.798987
4.800808,32,2800.168023
3.499203,79,2801.072229
-3.477536,65,2801.816041
0.432576,44,2802.328228
1.411851,37,2802.751466
-18.684749,224,2805.31941
-20.343271,67,2806.088322
3.781984,74,2806.937633
-2.264551,57,2807.588288
5.252589,48,2808.150095
0.980785,53,2808.766452
-6.247226,155,2810.588339
-1.160685,44,2811.094092
4.21122,49,2811.651038
5.898914,29,2811.985576
5.821415,28,2812.309061
3.839766,42,2812.788808
3.206703,35,2813.19097
3.776307,33,2813.567544
0.761031,48,2814.122183
-0.246247,99,2815.260561
3.95453,54,2815.886034
-5.28745,53,2816.491087
-0.721658,57,2817.140651
0.164891,78,2818.031336
4.250875,35,2818.436636
4.767614,39,2818.884267
4.662124,32,2819.251668
0.330749,79,2820.158257
-31.518137,103,2822.610122
4.58331,30,2822.939801
0.655189,41,2823.388894
1.838973,42,2823.845609
-13.832003,180,2825.809665
-0.918351,47,2826.32358
-4.449985,54,2826.911602
2.062469,81,2827.79874
1.06086,40,2828.235081
-1.74567,79,2829.099394
-3.428547,59,2829.752683
-3.795972,54,2830.345625
-0.905597,57,2830.970492
-1.509186,48,2831.49403
4.183925,34,2831.863485
3.371587,35,2832.242493
4.832094,29,2832.558558
-3.859683,49,2833.092797
-16.073749,55,2833.694062
-3.586346,96,2834.808386
5.470388,30,2835.156445
-0.781592,46,2835.685135
-10.676861,212,2838.103915
-7.687643,140,2839.709554
6.008182,26,2840.005404
-3.705159,53,2840.614779
-18.494138,66,2841.363678
-0.541849,53,2841.970027
4.38461,33,2842.346558
2.900368,49,2842.909317
-7.743571,137,2844.482103
-4.390511,89,2845.498574
-4.292164,159,2847.388791
4.525758,31,2847.746208
3.25636,35,2848.148414
-2.166418,76,2849.025568
3.748399,33,2849.403062
-6.131561,54,2850.026405
4.301068,39,2850.467937
1.451813,70,2851.276819
-1.626346,49,2851.841957
-2.697619,82,2852.78611
4.288933,33,2853.163767
-6.055009,101,2854.312934
-6.74296,53,2854.92297
-0.864105,49,2855.480106
1.910302,37,2855.904743
-18.801108,80,2856.814404
-7.105409,130,2858.352499
6.063812,29,2858.682928
-2.854221,52,2859.281737
-1.058263,46,2859.805504
0.525184,40,2860.269289
2.16925,77,2861.148446
-13.20601,150,2862.864637
3.297772,59,2863.535008
1.358364,38,2863.968872
-3.642952,51,2864.551864
-1.979464,80,2865.4699
4.352946,34,2865.857882
-7.663881,159,2867.680768
0.421629,40,2868.139827
-13.904771,66,2868.895223
-12.431315,135,2870.499609
-0.519238,59,2871.185165
0.868542,45,2871.695828
-2.137464,75,2872.551842
0.108359,42,2873.034607
-4.244616,49,2873.590268
1.389563,40,2874.052058
1.280792,53,2874.661069
-12.674507,64,2875.398143
6.126447,31,2875.750217
-5.74568,97,2876.864647
4.410228,32,2877.234677
4.988313,30,2877.574757
-2.179755,51,2878.154486
-4.541162,50,2878.726958
1.968264,50,2880.319128
1.147138,40,2880.757503
0.49493,46,2881.270189
0.067586,46,2881.778769
-18.965984,80,2882.705649
1.990019,37,2883.110788
0.07989,40,2883.546644
-5.980301,93,2884.566065
-2.00772,51,2885.125569
0.236804,43,2885.595867
2.734584,45,2886.092157
1.551526,52,2886.668468
4.19728,31,2887.012935
-0.312398,54,2887.600001
-2.564057,51,2888.157853
4.595075,30,2888.486444
2.117783,36,2888.880458
-5.292113,87,2889.840464
2.436313,37,2890.245275
0.359063,56,2890.853744
1.283891,41,2891.303596
0.961018,39,2891.728482
1.144453,40,2892.174769
1.469749,44,2892.655554
6.423211,27,2892.950965
-2.736669,51,2893.560487
0.327148,55,2894.167898
0.310275,70,2894.959735
-3.444306,52,2895.558197
0.930024,40,2896.017993
3.619412,34,2896.410586
2.227656,41,2896.87937
-11.411108,149,2898.591793
-10.398222,194,2900.814686
2.550685,53,2901.423094
1.428811,39,2901.870017
4.288943,132,2903.383156
-0.872548,47,2903.91844
-15.706146,176,2905.979176
-1.873449,58,2906.649618
7.476496,30,2906.992238
0.204465,83,2907.947295
-0.812318,60,2908.638895
2.152698,38,2909.071761
-3.517826,52,2909.665548
-0.511103,47,2910.197655
1.485618,40,2910.651029
-3.547987,51,2911.245914
3.522228,34,2911.634895
-16.742773,226,2914.228593
4.647241,30,2914.570697
-2.749464,47,2915.107495
5.538124,28,2915.433243
-2.254614,65,2916.174785
4.231123,31,2916.525867
1.246438,38,2916.958704
-1.749632,45,2917.508821
4.25113,31,2917.887282
4.492737,30,2918.227362
-3.273233,53,2918.841147
-2.870534,46,2919.374721
5.305008,36,2919.789951
1.894435,41,2920.26769
-0.838706,43,2920.75127
7.663248,23,2921.022875
-2.730829,52,2921.612361
4.279663,33,2921.991056
-0.753486,42,2922.476026
1.488931,39,2922.923883
-1.420009,94,2923.999067
6.2624,38,2924.428975
-0.546861,81,2925.351843
-19.739277,86,2926.355506
5.911676,29,2926.692652
-1.751572,62,2927.404951
2.496084,40,2927.85976
6.82228,26,2928.153905
-3.678776,54,2928.772577
-2.125282,52,2929.362504
1.654276,39,2929.857544
-2.168821,52,2930.451369
6.09587,26,2930.745569
5.377936,27,2931.060083
4.230521,71,2931.867408
-0.084252,41,2932.345807
-18.902511,72,2933.160265
-3.434226,53,2933.76301
-5.648254,97,2934.874103
0.728837,40,2935.3327
3.632716,34,2935.721364
7.419743,25,2936.008612
-3.84959,52,2936.599638
-5.274045,57,2938.367173
-1.712411,49,2938.898719
-10.241427,196,2941.041929
0.426153,78,2941.939577
0.80782,43,2942.432121
3.378073,37,2942.851885
-3.174446,47,2943.386515
-1.011161,45,2943.902384
4.122338,32,2944.26743
-10.167795,225,2946.873583
1.565044,39,2947.329421
-3.820773,50,2947.899254
2.646999,40,2948.359774
-1.234885,49,2948.918714
-3.376074,53,2949.521754
-13.462641,78,2950.416743
0.841194,40,2950.870759
3.44935,51,2951.464206
2.850316,40,2951.918666
-3.268409,53,2952.528287
-1.723528,97,2953.702578
-0.044286,45,2954.215434
0.636042,41,2954.686341
-5.411831,83,2955.639182
3.395363,35,2956.035145
0.659827,40,2956.493314
-4.467643,75,2957.358021
-17.404302,235,2960.048957
-8.356159,129,2961.527544
2.005572,72,2962.356851
4.308272,38,2962.794618
-2.399765,107,2964.022684
6.545866,25,2964.308036
3.625193,36,2964.719957
1.310549,39,2965.163795
2.37067,36,2965.577976
2.948527,42,2966.061826
4.767735,42,2966.549607
3.41071,33,2966.924626
-0.433449,43,2967.416553
-0.62558,45,2967.939107
-17.820654,61,2968.641648
-3.982673,49,2969.196235
-2.378136,72,2970.013096
-3.682019,56,2970.65634
-5.224375,129,2972.131793
-1.630785,61,2972.831542
4.963983,30,2973.182622
-1.697095,47,2973.719221
4.689326,31,2974.076689
-2.45152,47,2974.617815
-1.491509,45,2975.130469
-12.730416,185,2977.304083
4.14833,37,2977.722988
-0.63757,49,2978.289966
0.826657,40,2978.745324
7.105629,26,2979.042953
2.206439,36,2979.456125
7.211465,24,2979.726418
0.275434,41,2980.19729
2.267203,81,2981.127367
1.863634,39,2981.573236
-4.668763,56,2982.214943
-0.609446,57,2982.861688
6.691454,29,2983.192792
-0.813912,47,2983.732731
2.16737,38,2984.169957
-3.00846,118,2985.514622
-3.942762,79,2986.420941
-2.476147,75,2987.28239
3.066581,46,2987.810194
1.598131,78,2988.751865
-0.983572,81,2989.677672
2.599611,41,2990.14445
3.45343,36,2990.55575
-0.386986,79,2991.467013
5.498677,29,2991.804368
3.193331,50,2992.376788
1.762615,37,2992.800449
0.30172,42,2993.289276
-1.518738,49,2993.852032
1.324826,39,2994.300187
-38.098739,188,2997.782745
-2.538598,101,2998.885413
-8.212039,101,2999.985666
-9.787793,109,3001.243856
-5.991933,88,3002.24265
5.653763,28,3002.562233
6.603657,27,3002.873395
0.300823,80,3003.789263
-3.696979,48,3004.344759
2.951329,47,3004.889537
3.272175,45,3005.399483
2.490963,37,3005.821375
-3.591736,74,3006.673597
5.044443,31,3007.034878
1.366507,38,3007.472729
-0.903244,45,3007.986561
6.445699,26,3008.285749
2.335826,39,3008.73772
3.839554,50,3009.315936
-0.088097,42,3009.794528
1.36188,37,3010.220846
-0.63327,75,3011.081317
1.579291,42,3011.560197
3.590826,48,3012.116605
3.706942,37,3012.577036
-5.052787,54,3013.197452
-3.913595,48,3013.745012
-1.508129,50,3014.312582
-5.144928,150,3016.042851
-6.154722,153,3017.794446
-3.643582,52,3018.396361
3.421838,35,3018.792514
4.86336,32,3019.153829
4.50239,40,3019.611625
0.165242,47,3020.143237
-3.57455,71,3020.953149
3.447593,61,3021.651645
-2.14495,45,3022.164336
1.521689,46,3022.697484
2.666727,36,3023.111764
-0.793049,45,3023.633479
-2.462684,49,3024.246421
6.673744,38,3024.683275
-4.38455,84,3025.646301
-0.147692,46,3026.17543
6.498333,25,3026.461706
5.325258,29,3026.796973
2.439515,43,3027.289073
-1.917213,44,3027.801764
0.193153,47,3028.339346
2.217365,52,3028.939542
-1.836901,48,3029.489063
-3.353272,52,3030.077928
4.637567,31,3030.436013
-0.88699,79,3031.555626
-3.079633,54,3032.171132
1.742374,38,3032.607993
5.937345,28,3032.927153
-2.057332,48,3033.488742
-2.435236,46,3034.0111
-1.908251,63,3034.733169
2.504091,45,3035.244281
6.860149,43,3035.733961
0.800692,39,3036.234643
1.454758,42,3036.71479
1.087408,42,3037.201508
-4.94948,82,3038.140646
-0.836186,42,3038.618842
-12.85526,145,3040.29276
0.103258,42,3040.785463
-0.978174,45,3041.304222
0.406364,42,3041.794929
1.280743,60,3042.499921
0.211078,69,3043.302807
4.779877,33,3043.682841
-7.760719,93,3044.778954
-6.726299,102,3045.957207
-2.964637,50,3046.554633
-2.347354,48,3047.122987
-3.600032,53,3047.742331
-0.51844,99,3048.955349
3.908715,33,3049.336347
-0.173594,48,3049.893877
6.718511,52,3050.49629
4.3843,32,3050.865076
-5.656644,73,3051.704809
-0.012496,44,3052.213469
4.397592,38,3052.646329
4.047394,35,3053.066152
0.771511,41,3053.543895
5.66328,27,3053.859064
6.710521,41,3054.337803
-24.086149,87,3056.209233
6.658891,27,3056.51044
-0.948404,45,3057.004139
-8.002266,144,3058.630218
-0.811536,49,3059.176183
-15.218468,61,3059.850408
5.01654,30,3060.201483
6.315839,27,3060.547571
-0.767014,50,3061.107098
0.575059,70,3061.88405
-1.628513,49,3062.43859
1.422688,48,3062.974182
-15.995994,68,3063.720772
-1.489727,45,3064.213504
2.311743,36,3064.611455
4.773034,30,3064.94358
-0.475945,44,3065.43978
-1.406097,47,3065.968332
-1.161267,43,3066.448555
-2.060051,68,3067.216532
-12.619079,59,3067.863633
1.412173,43,3068.333569
-5.603687,54,3068.944865
-17.524032,63,3069.654349
4.669231,44,3070.150025
-0.966198,43,3070.635746
4.79199,41,3071.120414
-0.163239,43,3071.62708
-23.722802,137,3073.296683
3.140859,37,3073.733532
-1.250329,45,3074.261142
3.168328,43,3074.7708
1.060055,75,3075.65148
-18.082996,74,3076.528171
-0.653469,47,3077.090689
-0.15614,72,3077.951422
-2.282666,51,3078.547851
-18.842139,69,3079.34992
3.162995,36,3079.771444
1.257359,40,3080.227243
-3.333643,49,3080.78649
-15.392164,76,3081.656458
-2.712283,52,3082.250598
-0.048962,49,3082.810265
-2.50353,98,3083.934631
-0.134984,45,3084.509117
-19.689907,139,3086.098435
-17.775971,127,3087.552095
1.907141,86,3088.532804
6.010688,26,3088.835037
3.639959,47,3089.377933
-18.296835,84,3090.33498
-8.98707,118,3091.684538
-2.962052,51,3092.266462
-3.727079,75,3093.132387
0.304928,74,3093.984144
3.032433,38,3094.429973
2.836416,36,3094.844667
-3.905619,49,3095.403196
-8.891189,102,3096.633116
-11.645147,210,3099.039212
5.17367,30,3099.382308
6.867633,25,3099.668595
-6.656376,60,3100.355087
5.641959,28,3100.678242
-4.642,52,3101.269648
-1.849383,66,3102.025626
7.503734,22,3102.279414
-6.206889,52,3102.875975
4.351062,31,3103.229048
-6.652184,113,3104.519593
-0.55468,42,3104.998416
4.626658,38,3105.434269
4.511388,32,3105.802293
1.052546,39,3106.249118
3.074286,37,3106.675992
1.111661,39,3107.131
-17.780035,83,3108.079548
-2.253942,86,3109.119133
5.713588,28,3109.439294
3.469301,36,3109.851181
-4.120685,49,3110.411915
-3.375619,51,3111.000119
-19.391345,77,3111.877001
1.542124,66,3112.638995
5.495961,34,3114.08938
3.822967,65,3114.812861
0.883934,45,3115.303835
5.817712,28,3115.609031
1.988438,48,3116.134725
6.099634,26,3116.419974
-14.059718,69,3117.16908
-8.568435,151,3118.814132
-0.147614,41,3119.259294
-2.022315,54,3119.847367
-0.2826,43,3120.315164
4.017769,32,3120.729045
0.003816,47,3121.258137
1.893469,38,3121.692965
-11.175261,197,3123.963315
6.233771,48,3124.51835
1.541925,39,3124.962154
-24.330731,171,3126.919766
-1.580632,51,3127.50101
-3.058137,64,3128.23408
-1.564835,75,3129.094973
-4.484608,52,3129.699783
-15.048422,72,3130.520668
0.20787,41,3130.992427
-9.334289,116,3132.375558
-9.155248,194,3134.594874
2.471958,36,3135.003798
6.226948,26,3135.30202
-3.279972,53,3135.904647
-2.284539,47,3136.450883
2.312591,38,3136.885767
-3.401029,98,3138.02984
0.49617,41,3138.500918
4.410207,34,3138.88693
3.045573,37,3139.306824
5.543069,29,3139.639947
-0.827723,49,3140.197013
-1.076525,44,3140.701062
1.47946,38,3141.137719
-3.270397,54,3141.762118
-1.414451,48,3142.314616
-1.417082,50,3142.897154
1.103438,40,3143.35196
2.913799,36,3143.769477
3.623481,35,3144.203334
5.157143,51,3144.800604
4.798978,52,3145.397493
7.369275,23,3145.658203
6.679158,25,3145.942547
-4.110365,51,3146.529999
3.309567,33,3146.903466
-3.680305,53,3147.512066
-1.260333,125,3148.941801
0.872118,40,3149.40259
4.879067,31,3149.75566
6.174689,28,3150.075809
4.135864,34,3150.463795
-2.119811,50,3151.034387
4.191509,32,3151.404065
-12.679938,57,3152.058839
-8.087153,150,3153.776318
-0.322153,43,3154.280988
-6.421017,55,3154.913041
6.708682,45,3155.428887
-5.064282,173,3157.452385
4.912897,44,3157.965034
3.928014,35,3158.375209
3.519188,37,3158.800089
3.877571,41,3159.273087
1.595113,40,3159.729913
-8.08952,106,3160.939037
5.182928,29,3161.277115
-0.020368,43,3161.770844
1.319839,41,3162.239559
5.141487,29,3162.570852
5.072636,29,3162.904942
4.768428,32,3163.271006
-3.747597,48,3163.820701
-3.431029,54,3164.439179
-3.668163,77,3165.317945
5.247564,29,3165.650531
7.688865,34,3166.052855
3.747028,36,3166.468306
-2.92566,50,3167.040556
4.505294,32,3167.408468
-0.570899,43,3167.898876
4.378905,33,3168.314088
-2.577675,49,3168.880722
-11.499437,158,3170.685392
-14.077004,86,3172.813817
7.582501,22,3173.053553
-2.786673,48,3173.584186
4.935454,32,3173.935625
1.301732,39,3174.362502
-0.369118,42,3174.818299
5.496158,27,3175.114019
6.475867,27,3175.406278
-5.242277,51,3175.960789
2.497485,37,3176.363728
-18.329904,73,3177.15695
0.560397,40,3177.592332
5.101598,31,3177.9426
-4.62387,118,3179.231333
-2.912194,53,3179.807609
4.966085,29,3180.122808
3.060178,36,3180.560654
-27.263954,363,3184.529066
-5.636041,51,3185.085905
-0.641058,48,3185.614508
7.543317,22,3185.853878
-1.653264,48,3186.382509
-3.817694,56,3187.005908
-3.447433,53,3187.588396
2.898032,36,3187.979037
5.969942,28,3188.284792
-0.425298,47,3188.798533
2.496917,80,3189.6717
-12.747134,63,3190.357015
2.841672,40,3190.796583
1.916797,41,3191.243585
-1.405166,69,3192.312128
-1.8825,51,3192.90661
5.191556,28,3193.230096
-15.852187,61,3193.922669
2.764812,60,3194.610856
-6.961611,185,3196.734876
3.343778,46,3197.263484
2.107086,38,3197.696314
-5.050564,101,3198.84519
3.502377,35,3199.245283
3.264673,62,3199.95245
7.212218,23,3200.221148
4.195935,39,3200.66521
6.326596,28,3200.982372
-2.738048,63,3201.699902
1.577409,39,3202.152181
-6.432244,54,3202.76532
2.048104,36,3203.178204
3.045286,43,3203.674273
-23.520491,85,3204.680693
4.068121,38,3205.112555
3.385745,56,3205.767104
-4.87309,55,3206.399512
2.892193,38,3206.842319
0.616205,39,3207.287127
-16.771758,74,3208.119965
-1.197832,51,3208.700437
0.605794,40,3209.152043
3.904093,34,3209.542284
4.307235,33,3209.917267
5.574812,27,3210.226482
4.736985,31,3210.584976
-12.885575,191,3212.772253
-17.20625,70,3213.56577
3.42579,40,3214.025889
1.966481,39,3214.474764
-2.759121,53,3215.080171
-2.060499,86,3216.121578
-0.534545,43,3216.617316
-0.942485,48,3217.160915
1.911252,48,3217.70545
1.571571,41,3218.177429
-3.10016,56,3218.819139
2.641172,40,3219.27465
-2.024112,92,3220.329394
0.907899,42,3220.806139
-17.998449,70,3221.603698
-1.95714,52,3222.199102
1.707214,36,3222.610253
-3.890107,53,3223.220447
-2.22747,48,3223.772991
2.915151,37,3224.20313
-2.040343,48,3224.748693
7.167686,24,3225.02018
2.653475,36,3225.431442
5.862918,27,3225.738634
1.109785,40,3226.190468
7.085419,32,3226.562733
-2.453618,46,3227.091777
-5.596557,106,3228.351409
4.927805,31,3228.712215
-3.447047,66,3231.214549
-17.298534,289,3234.377698
0.729183,39,3234.806827
-1.356398,63,3235.496027
2.273066,51,3236.050887
0.902169,61,3236.717271
4.201856,31,3237.053547
1.478145,43,3237.520731
-4.65429,50,3238.068826
-1.283474,49,3238.59943
-1.515265,46,3239.106411
-14.483377,60,3239.804494
-5.140335,50,3240.361057
-0.028359,45,3240.849592
6.000062,26,3241.135093
-4.717514,53,3241.714567
-3.539972,48,3242.243885
-14.093744,57,3242.8645
-2.797335,75,3243.686096
-3.840737,67,3244.423454
-1.036273,43,3244.906186
-7.079812,128,3246.303523
-2.980624,52,3246.870031
-1.808106,73,3247.667396
-2.490579,45,3248.160566
-1.106447,53,3248.740374
0.043966,43,3249.207145
0.113255,43,3249.680848
-19.855992,86,3250.620839
-0.895267,48,3251.204082
-0.821032,46,3251.714411
-10.583369,59,3252.361607
-14.775955,174,3254.267143
-1.988912,48,3254.793756
2.963321,74,3255.607049
-3.166314,95,3256.646726
5.162525,30,3256.974563
-2.499321,97,3258.032921
7.282449,34,3258.407136
3.250758,46,3258.911806
0.095075,45,3259.416051
2.244914,41,3259.864874
5.62838,29,3260.181023
2.343497,40,3260.618745
6.609659,25,3260.890179
-19.706991,71,3261.666138
6.834114,24,3261.927596
-0.360513,48,3262.499256
-2.685908,56,3263.12003
2.829075,36,3263.53057
2.189454,41,3264.007315
-4.186246,123,3265.41009
0.391478,80,3266.325775
-2.741574,47,3266.867584
-5.098448,94,3267.937817
-3.046701,49,3268.495889
-5.607222,88,3269.500248
0.837953,40,3269.957366
-0.624974,44,3270.458047
1.885495,36,3270.870183
-1.19481,76,3271.745205
-0.38665,59,3272.41808
-2.157528,65,3273.169349
5.994325,26,3273.469559
-1.461772,45,3273.98221
-0.536078,46,3274.559381
-13.005704,61,3275.25359
-10.210319,121,3276.648841
-1.614361,43,3277.142652
-16.784949,90,3278.169128
-13.444617,158,3279.97834
-2.594578,64,3280.721864
-4.645077,53,3281.32643
0.152991,40,3281.780921
-5.088415,52,3282.380731
3.617731,33,3282.761698
-2.416533,85,3283.726254
0.203813,44,3284.231921
0.404626,42,3284.719842
-4.608624,55,3285.353163
-2.868299,52,3285.956471
1.280007,41,3286.478418
-15.288206,90,3288.597824
-2.856461,50,3289.146378
-26.97248,176,3291.069647
5.393667,49,3291.607139
6.463661,25,3291.87945
1.56105,39,3292.305638
-8.889616,113,3293.548255
-0.607017,46,3294.048947
-20.104915,81,3294.93981
-1.956742,46,3295.43837
4.399091,34,3295.807502
-0.147548,42,3296.269284
-0.684862,48,3296.793642
-1.013297,99,3297.886685
0.120588,41,3298.342454
-4.555535,93,3299.410542
3.781873,34,3299.780569
-3.632382,50,3300.327034
7.088144,24,3300.5952
0.320362,41,3301.041025
3.763122,33,3301.404861
2.025082,46,3301.907311
-0.727022,94,3302.938811
-0.829126,104,3304.075208
-1.160035,43,3304.544223
-19.254321,65,3305.251351
2.17134,38,3305.671798
-20.706542,83,3306.57538
6.875946,23,3306.836225
-3.174844,62,3307.510629
-1.949915,67,3308.238694
-1.464024,49,3308.773809
4.052119,35,3309.155805
-2.119855,48,3309.678431
5.478979,30,3310.006564
-12.270923,168,3311.894102
-1.853468,51,3312.454141
-4.158042,54,3313.04652
0.343767,41,3313.499408
-0.816381,50,3314.048311
-1.883467,55,3314.646066
-3.008598,55,3315.245487
1.902951,41,3315.693308
-3.827289,77,3316.534093
-1.639268,50,3317.078674
1.180716,55,3317.67858
-1.064357,48,3318.204534
-17.754092,71,3318.978651
-7.872893,143,3320.549211
1.617067,52,3321.115114
2.104666,41,3321.562881
2.76376,39,3321.989209
4.291641,34,3322.403544
-3.318081,48,3322.930158
4.419986,33,3323.291207
-2.939475,49,3323.82486
6.895672,24,3324.08617
0.688752,40,3324.523988
4.717575,30,3324.858097
-3.186547,50,3325.401634
6.505513,30,3325.727804
6.785085,24,3325.988997
-1.675399,49,3326.523591
3.918304,34,3326.894585
-2.276026,77,3327.739486
3.465469,37,3328.143543
2.839215,40,3328.5774
6.80724,23,3328.828738
-5.54421,119,3330.132244
-4.810878,85,3331.057131
-3.254303,49,3331.593718
4.832118,30,3331.9236
-0.950154,43,3332.391824
-0.864937,82,3333.290132
5.317515,30,3333.618238
-12.970225,61,3334.326358
-0.936082,55,3334.929528
3.454992,38,3335.342099
-11.749907,66,3336.079711
7.088314,34,3336.46892
3.356749,58,3337.133168
2.964882,33,3337.51541
-4.122574,50,3338.096881
2.508065,37,3338.518776
2.426001,65,3339.260816
-2.546346,137,3340.831934
-0.624259,44,3341.332791
0.405341,44,3341.836777
-0.914401,45,3342.361266
1.850188,37,3342.783365
-8.886249,81,3345.648365
3.76019,35,3346.031326
2.825306,47,3346.593868
1.30481,38,3347.009517
-3.573503,50,3347.553235
5.968233,27,3347.850451
-1.290135,48,3348.374676
-21.510741,132,3349.815137
-1.54905,49,3350.359225
-4.104399,61,3351.024444
-1.743915,50,3351.570368
-1.82035,49,3352.106373
5.536199,27,3352.401623
-33.721541,238,3354.999424
-6.085767,111,3356.208097
3.882557,37,3356.613446
5.09236,30,3356.944507
-18.920443,254,3359.768696
-1.146162,45,3360.271117
-10.461937,186,3362.297769
-8.807034,129,3363.71046
-2.36992,46,3364.213232
1.425322,39,3364.642141
6.16248,26,3364.925395
-1.990767,45,3365.418105
-12.249716,58,3366.05144
-12.226026,62,3366.72892
0.291684,40,3367.165771
-0.098617,46,3367.673381
-4.269716,71,3368.448484
-12.844479,75,3369.267843
0.722397,41,3369.718649
1.887177,63,3370.455897
6.79498,24,3370.715914
-15.950146,75,3371.574872
-2.157402,50,3372.14042
-26.049647,300,3375.566991
4.082053,32,3375.936254
0.94279,40,3376.394768
4.922299,64,3377.125843
-4.618347,52,3377.719593
2.061095,64,3378.452795
-0.599445,47,3378.984395
-1.011193,46,3379.51454
-0.091601,41,3379.984686
4.657798,32,3380.35771
7.306459,42,3380.838437
-5.730629,96,3381.935504
6.348793,26,3382.241626
5.013745,67,3383.056451
0.590845,45,3383.571051
-1.141327,99,3384.694258
-1.527402,49,3385.249729
3.394491,35,3385.647293
-4.037467,52,3386.242111
3.982181,35,3386.640057
-1.700543,51,3387.222516
4.90531,43,3387.715221
-18.967271,71,3388.536237
-4.639648,128,3389.999641
0.175579,44,3390.503217
-25.319615,327,3394.244181
-1.983837,52,3394.893145
6.482997,25,3395.177357
7.405464,24,3395.451433
6.875181,24,3395.725903
-2.962194,49,3396.291175
4.125624,39,3396.735792
1.83486,41,3397.211663
1.515136,43,3397.705361
0.748561,43,3398.194625
4.093352,33,3398.57399
-5.674102,52,3399.173409
-14.243969,65,3399.919024
5.869804,68,3400.69897
0.060383,59,3401.374419
0.80584,44,3403.963081
-2.651723,51,3404.518111
2.057785,37,3404.931964
-21.764014,99,3406.009921
-8.727862,181,3408.035631
-2.438965,53,3408.611453
-0.467583,44,3409.093213
4.299543,32,3409.443802
0.071145,41,3409.88963
-6.217804,53,3410.467027
-21.266177,107,3411.629111
-17.471622,278,3414.682648
-0.676087,101,3415.787566
0.661352,68,3416.542002
-6.018622,90,3417.523643
5.910293,28,3417.828839
-15.468039,75,3418.647492
-0.617218,44,3419.175073
-2.444081,53,3419.749755
6.230443,26,3420.03538
-1.556738,51,3420.587246
-10.625385,218,3422.979218
1.891601,39,3423.407706
-2.280855,48,3423.931327
-1.12366,50,3424.478381
5.522337,28,3424.788026
4.753742,30,3425.11317
-6.36663,112,3426.336745
-0.825884,84,3427.25735
-3.522176,56,3427.867832
3.816793,33,3428.230896
-3.535003,54,3428.818655
-14.781702,149,3430.459248
-4.622705,82,3431.404276
3.839176,36,3431.796246
-19.654395,97,3432.85186
-7.398311,165,3434.65767
3.695081,38,3435.069816
-4.842177,52,3435.637161
-19.292649,71,3436.409813
5.517488,28,3436.713983
-2.173247,87,3437.668174
-3.682772,48,3438.199168
4.328798,33,3438.559267
0.112594,40,3438.99437
-2.893311,91,3439.985481
-1.271471,47,3440.495188
4.293858,33,3440.852398
-9.254788,144,3442.432268
1.760761,41,3442.907985
3.550607,37,3443.341843
1.08892,47,3443.854068
4.244557,34,3444.230978
-4.78014,57,3444.848353
-0.302926,42,3445.309597
3.049729,35,3445.692601
5.054195,29,3446.008753
-8.551018,181,3447.988793
-5.13493,55,3448.589569
-4.274904,55,3449.192041
2.098906,37,3449.592984
4.278545,30,3449.923525
2.031346,39,3450.355587
1.356966,42,3450.812499
-7.023589,126,3452.192388
-8.789876,152,3453.855355
-21.01446,73,3454.650625
-3.897304,64,3455.402431
6.746542,25,3455.677249
-19.539308,97,3456.728999
-0.339315,48,3457.253437
5.543296,45,3457.748309
-13.330669,141,3460.609568
4.977891,30,3460.939231
-13.298169,151,3462.598624
-5.954236,97,3463.66344
-20.023759,85,3464.588022
-75.448643,500,3470.08357
-3.1171,82,3470.98275
3.173202,36,3471.375711
-4.853381,111,3472.592569
6.183084,35,3472.979577
-1.877339,47,3473.512642
-0.524894,49,3474.07353
-0.912929,102,3475.24485
1.742717,42,3475.728492
-2.956325,64,3476.459115
-3.414372,67,3477.222279
1.462887,41,3477.690404
5.43363,30,3478.040337
-5.496737,53,3478.647784
6.325152,26,3478.945002
4.367695,33,3479.337873
3.485753,34,3479.768738
-3.758522,67,3480.530424
2.305986,38,3480.969273
6.13579,26,3481.263497
6.690648,24,3481.53977
-3.50225,112,3482.825417
-0.521239,89,3483.844987
4.880999,30,3484.188117
-0.583854,44,3484.698366
-5.259425,56,3485.345963
0.856294,52,3485.947762
1.098222,39,3486.393588
4.253375,33,3486.766979
2.423722,41,3487.235743
4.90561,32,3487.604771
2.032597,47,3488.149647
-0.674096,44,3488.651973
2.918147,34,3489.046933
-2.330734,45,3489.562546
4.12466,34,3489.956587
4.381658,32,3490.32588
3.333346,37,3490.746276
5.39415,42,3491.248922
1.648557,41,3491.735669
1.355507,70,3492.547934
-2.932188,47,3493.091849
5.432134,29,3493.425536
2.786514,36,3493.835644
0.759828,40,3494.293856
-0.203831,83,3495.251452
-4.414869,50,3495.823872
-5.426552,82,3496.760041
0.874007,63,3497.481526
-0.169698,45,3498.000264
-19.312678,78,3498.886345
4.047895,32,3499.247004
-10.981372,157,3501.035979
4.132275,50,3501.613054
0.661368,40,3502.068346
3.977363,34,3502.4643
5.733976,28,3502.789442
-11.638964,53,3503.400316
-0.761888,49,3504.012732
-4.810619,54,3504.629745
-4.768511,53,3505.238142
-9.663064,180,3507.301903
-2.089989,48,3507.856459
-21.218752,83,3508.797593
-5.075925,55,3509.42893
-7.325962,124,3510.867783
-2.086214,46,3511.404134
-5.247942,53,3512.012085
3.820001,32,3512.381746
-6.671748,102,3513.549889
-12.360429,193,3515.811159
5.786467,29,3516.143582
-4.002896,93,3518.157146
-13.126045,56,3518.767087
5.519532,29,3519.088059
-3.098984,116,3520.360603
1.910497,44,3520.846928
-0.346636,42,3521.302756
3.649026,34,3521.671785
5.148317,30,3521.998388
-3.680857,54,3522.587389
1.642761,41,3523.036554
-19.370707,69,3523.784947
4.605651,31,3524.126157
5.606021,28,3524.432384
5.178913,30,3524.770384
-1.522766,51,3525.327467
4.173922,33,3525.685519
5.261888,30,3526.011774
1.681763,38,3526.428677
-3.911141,81,3527.313624
-7.367635,120,3528.678081
-1.874025,50,3529.219722
-1.883591,91,3530.215556
-2.591368,52,3530.784218
2.487799,40,3531.229445
-0.037079,46,3531.730104
3.998055,32,3532.08176
-12.371992,149,3533.717655
0.985043,75,3534.536125
-1.040125,79,3535.397992
-2.022543,54,3535.98639
-4.132204,48,3536.509014
6.257543,25,3536.780331
1.170985,40,3537.218773
2.759076,38,3537.639665
4.440318,32,3537.98813
3.953447,33,3538.349453
-2.65338,66,3539.06856
-6.964928,111,3540.336321
0.83697,40,3540.775167
5.817062,27,3541.069362
4.340635,33,3541.428469
-4.995227,56,3542.03625
-5.053172,124,3543.399597
7.568044,21,3543.635113
4.477263,32,3543.987674
0.05631,40,3544.430479
7.025005,23,3544.685835
-0.953418,44,3545.164285
5.209284,35,3545.545374
-2.10743,96,3546.591185
4.284742,33,3546.953239
1.593263,64,3547.653747
-2.335658,47,3548.16711
2.815011,39,3548.619622
-2.629716,49,3549.186007
-2.138092,91,3550.237965
4.886541,32,3550.604002
6.966044,24,3550.879247
0.79058,39,3551.329063
3.539865,37,3551.802593
5.44692,29,3552.136153
-6.498116,56,3552.776584
4.068499,32,3553.141652
0.667299,44,3553.653304
3.627306,36,3554.064415
-12.163934,155,3555.842018
-11.902492,60,3556.522509
-8.94332,136,3558.083561
5.130097,31,3558.435478
-4.200762,68,3559.211149
6.071598,27,3559.518589
0.527344,55,3560.147886
5.541154,57,3560.801163
-1.43474,80,3561.730268
6.531499,26,3562.031569
0.985697,40,3562.488712
-5.530656,55,3563.120075
-3.051066,47,3563.705533
0.882686,39,3564.153352
3.649799,35,3564.551463
6.031128,27,3564.857685
-2.214673,48,3565.410415
-0.859878,44,3565.911495
-19.15148,68,3566.696819
3.136543,38,3567.130456
2.536489,36,3567.544784
-1.020837,44,3568.053476
-2.15257,51,3568.63639
2.230879,36,3569.045785
-0.126331,47,3569.580957
-17.882938,87,3570.570117
-1.902563,46,3571.094777
1.092035,43,3571.58349
-3.68869,56,3572.227722
-24.001731,232,3575.957624
6.998992,23,3576.223862
5.428175,29,3576.557979
-0.269826,44,3577.058851
-1.408418,44,3577.564455
4.516668,33,3577.945452
-2.640316,75,3578.804184
5.112128,31,3579.15922
7.520593,22,3579.41281
2.303623,40,3579.876587
5.115446,59,3580.552711
7.184024,22,3580.804051
1.690135,38,3581.237176
-1.855995,49,3581.80549
-0.17799,85,3582.781553
-6.167265,142,3584.406247
5.919249,36,3584.819391
-1.859126,48,3585.363927
-3.94142,112,3586.638604
6.939249,23,3586.910118
-2.505336,110,3588.213701
4.048185,36,3588.625493
-6.272108,101,3589.773923
3.615632,46,3590.301086
-1.329551,46,3590.824678
1.900236,41,3591.294016
3.373517,35,3591.697952
-17.54533,64,3592.424577
2.989974,40,3592.886357
-1.498586,68,3593.683958
-2.599914,85,3594.647219
-6.781329,150,3596.365645
-1.892246,45,3596.879833
-1.341558,44,3597.385552
-3.46972,55,3598.009316
7.886173,21,3598.250046
-1.823864,43,3598.738788
-13.708144,141,3600.362925
-1.642713,45,3600.92999
-5.47213,134,3602.466362
3.16665,38,3602.904213
0.387613,45,3603.422842
2.302952,39,3603.867124
-1.454898,52,3604.456698
3.153709,46,3604.983567
1.874901,41,3605.452384
4.409361,31,3605.806451
5.265315,29,3606.134587
-2.640708,48,3606.690034
3.006984,35,3607.094935
-4.302454,53,3607.70359
2.508578,40,3608.155144
-2.836044,53,3608.765916
-8.961253,143,3610.40921
-5.422593,53,3611.017615
1.917964,42,3611.498879
4.701692,32,3611.867877
6.801867,24,3612.142541
2.468545,37,3612.566333
-1.154726,66,3613.331318
4.974631,31,3613.687477
5.954593,27,3614.00147
-2.605213,69,3614.791738
-14.948791,244,3617.583764
-4.48307,97,3618.692697
2.573411,38,3619.130665
-2.930301,99,3620.262111
7.644089,21,3620.500449
4.646568,30,3620.84557
-3.496382,50,3621.427557
7.778815,21,3621.675075
-5.444834,96,3622.778992
-9.648708,144,3624.47703
-2.529421,48,3625.030654
-3.988093,50,3625.600877
0.141242,43,3626.093641
3.176788,34,3626.481797
0.997574,41,3626.953555
-2.960405,50,3627.528599
7.419336,22,3627.787301
-18.353405,83,3628.747303
5.698847,29,3629.085395
5.976797,38,3629.520282
7.401978,22,3629.773612
-8.778532,163,3631.6391
-5.009764,53,3632.245503
-10.97817,71,3634.042639
6.814436,24,3634.309936
-7.924783,142,3635.91677
4.935374,31,3636.265269
6.27519,25,3636.536117
-7.435173,56,3637.148232
1.221831,73,3637.945133
-3.783242,52,3638.510614
3.039457,36,3638.905573
-6.929345,193,3641.036379
4.313873,33,3641.394653
1.679859,39,3641.820534
0.672602,42,3642.277233
3.080885,38,3642.700258
-0.973441,67,3643.435088
7.272049,25,3643.706642
-3.566732,50,3644.252797
-7.366629,55,3644.851717
3.392008,35,3645.234602
2.813985,47,3645.748528
-3.827927,84,3646.673013
0.858523,41,3647.176358
3.877791,35,3647.561715
4.813068,32,3647.927807
2.044719,37,3648.357723
-0.790788,47,3648.897049
-1.274701,89,3649.914571
-12.357911,169,3651.857296
-0.536989,60,3652.551443
-2.618263,45,3653.075063
-1.829307,64,3653.810718
-2.377402,53,3654.418509
-1.865365,48,3654.959938
0.883391,111,3656.239628
-4.182024,51,3656.820499
5.916929,27,3657.133674
-1.543114,47,3657.675472
-11.288261,153,3659.467246
6.070694,39,3659.913005
-0.716371,49,3660.47093
1.053591,40,3660.927428
-58.092074,500,3666.639323
6.313451,26,3666.938131
3.853214,33,3667.323083
4.644666,33,3667.702664
-36.24539,349,3671.762443
-2.067956,51,3672.346904
-1.613978,47,3672.884848
5.743427,30,3673.234926
2.805896,36,3673.652781
-1.977264,49,3674.214302
-2.067693,51,3674.792513
2.378874,35,3675.191635
-18.156711,61,3675.897871
3.713895,34,3676.287755
-0.86059,46,3676.809915
-0.737184,50,3677.378416
-6.569212,118,3678.727143
2.195956,37,3679.148861
-27.107093,310,3682.697642
-17.881582,198,3684.983181
-0.046245,71,3685.800107
4.524469,31,3686.153863
5.302921,28,3686.482999
-1.521763,45,3686.998669
0.850032,59,3687.677239
-17.136882,77,3688.553801
-4.333264,49,3689.114566
2.715036,39,3689.556403
5.166399,32,3689.921403
-4.659484,74,3691.916123
2.062022,48,3692.440735
-5.049726,53,3693.029874
-5.514153,69,3693.792917
-6.980425,55,3694.437189
0.98269,41,3694.891853
-0.509393,111,3696.161891
5.773257,29,3696.491026
3.336854,35,3696.892032
-1.752673,49,3697.451834
-1.160246,43,3697.942542
-0.698948,59,3698.621274
-1.639419,48,3699.177518
0.924455,51,3699.768835
-0.493363,45,3700.290462
2.239529,36,3700.702387
-2.547425,52,3701.298123
5.708579,28,3701.621376
4.588967,32,3701.98962
2.574605,37,3702.414279
-13.171534,185,3704.547084
-2.363479,75,3705.40321
-10.23028,102,3706.62141
2.674367,37,3707.054597
6.325168,26,3707.353324
-3.265302,89,3708.374348
-27.613835,303,3711.839903
-9.904903,139,3713.430678
-26.67845,499,3719.211931
1.751063,38,3719.65716
1.523386,38,3720.093524
-2.162101,48,3720.64325
-12.721792,259,3723.616962
-0.77497,69,3724.414207
-3.455999,49,3724.974731
-2.881096,106,3726.186961
1.702032,40,3726.643758
-0.210282,58,3727.31429
5.206445,30,3727.65542
2.120233,36,3728.07329
-2.820997,102,3729.243548
4.167178,34,3729.63859
-31.531737,391,3734.201699
6.654984,24,3734.484745
-2.872803,46,3735.013352
-4.394993,105,3736.221444
-23.216115,294,3739.572996
-13.157318,63,3740.290252
-0.360608,69,3741.081547
1.45447,46,3741.615652
7.505661,22,3741.864997
-2.636002,50,3742.43649
-3.430572,49,3743.043406
-0.475779,43,3743.546335
-0.549003,47,3744.083623
-1.796171,57,3744.737142
-8.180628,60,3745.420783
-7.935181,121,3746.805524
-10.339674,132,3748.32547
-3.42061,48,3748.87627
2.345261,41,3750.599701
1.393419,39,3751.025759
0.337384,41,3751.472805
-5.214415,53,3752.058112
-4.493549,51,3752.612884
-1.780351,60,3753.27096
0.82962,41,3753.717784
-6.690256,55,3754.318598
-0.267357,47,3754.834237
6.478777,31,3755.224594
-1.376835,45,3755.716862
1.299076,84,3756.641711
-9.917796,137,3758.139572
-0.92643,47,3758.665188
5.657333,28,3758.972379
1.276678,73,3759.768286
-2.462746,46,3760.271927
-3.673071,114,3761.535973
7.129322,23,3761.798278
5.948526,26,3762.091476
-1.196918,85,3763.054938
-1.941727,48,3763.607012
1.233074,44,3764.121996
0.393451,90,3765.192796
-8.729555,119,3766.596835
-7.82886,115,3768.014101
4.725209,32,3768.411056
-3.386444,77,3769.314083
-2.925955,48,3769.887571
-23.091401,243,3772.775238
-4.853958,110,3774.07681
-12.398937,145,3775.775878
0.260241,44,3776.310381
-3.617547,48,3776.878914
-7.663581,129,3778.408203
0.262651,47,3778.981721
-1.063208,75,3779.939171
-2.801049,99,3781.129612
-3.138286,113,3782.456846
-15.284754,206,3784.914798
-3.094533,46,3785.452382
-3.731943,48,3786.023011
1.061398,39,3786.476087
4.753583,31,3786.857052
-24.381754,274,3790.113906
-23.121328,152,3791.950539
-3.802116,76,3792.883053
5.278366,29,3793.258066
-15.931697,67,3794.09187
-17.395315,65,3794.911732
0.794923,85,3795.98263
0.676593,44,3796.547048
5.997993,27,3796.888179
-7.232144,139,3798.610049
-6.176461,129,3800.227787
-20.091227,85,3801.269073
-1.250104,45,3801.817073
-0.923246,43,3802.324736
-19.080947,74,3803.206127
4.706376,32,3803.595604
-15.889202,232,3806.253419
4.496673,52,3806.850655
4.16433,35,3807.248605
-16.694121,86,3808.244392
-14.008984,161,3811.435359
-3.742936,47,3811.953375
-2.298531,67,3812.685982
-0.326934,42,3813.145921
4.674093,47,3813.660539
-2.322089,57,3814.286097
2.949474,35,3814.66809
-1.15291,44,3815.202682
5.899551,26,3815.486253
1.727162,41,3815.954984
-3.08952,56,3816.600314
5.561129,28,3816.920441
-5.009,52,3817.517946
3.809878,36,3817.928866
-14.538795,209,3820.312152
-14.14437,183,3822.421779
-0.791809,45,3822.938662
2.919922,35,3823.341506
-10.575237,150,3825.059966
5.18838,31,3825.425515
-1.978239,53,3826.033056
-0.648072,43,3826.522636
-7.399686,57,3827.218065
-3.703757,52,3827.816385
-4.118057,88,3828.822354
-0.607719,43,3829.309353
4.094797,32,3829.68172
4.265308,35,3830.08493
-0.567364,46,3830.606777
6.21464,47,3831.151391
-1.654087,49,3831.718927
1.141572,77,3832.607584
-13.416989,184,3834.714979
5.919781,26,3835.014191
-0.521039,44,3835.517022
-11.522519,170,3837.455814
3.21641,36,3837.86563
7.730883,19,3838.081063
-10.794346,130,3839.61583
6.858937,22,3839.873228
6.613304,24,3840.153888
5.392901,29,3840.486042
6.407444,26,3840.77927
2.184357,39,3841.230087
-1.667133,47,3841.767033
-11.203294,58,3842.436269
-5.656083,53,3843.045937
1.928331,38,3843.487076
-5.205107,52,3844.08652
2.945871,40,3844.554118
-0.448703,49,3845.119693
5.165024,31,3845.479744
2.410487,37,3845.906946
-2.632714,50,3846.479471
1.663837,38,3846.918436
-2.190086,69,3847.714634
7.33342,23,3847.976943
-2.693157,52,3848.576344
-2.840507,50,3849.146867
3.622761,37,3849.576735
2.758446,36,3849.992639
2.66261,37,3850.419516
-17.649704,72,3851.312545
1.83067,37,3851.737493
-6.681501,83,3852.796121
-7.896701,154,3854.590984
5.072557,50,3855.166468
5.11129,31,3855.52001
2.540504,35,3855.917933
-2.519175,50,3856.502983
-2.221025,51,3857.085675
-18.091092,92,3858.132279
4.335086,32,3858.500308
3.315363,52,3859.092403
5.34147,30,3859.441998
-3.459242,72,3860.263864
2.895463,35,3860.663907
2.207239,70,3861.512495
5.015522,29,3861.843525
2.810935,37,3862.279625
-1.137962,46,3862.813841
7.52804,21,3863.052204
-0.272876,48,3863.602495
6.712813,24,3863.879138
5.857451,33,3864.25215
-2.250749,47,3864.793773
1.712673,47,3865.3392
0.474811,41,3865.81363
-1.577709,45,3866.330269
-1.270681,47,3866.869678
3.343357,34,3867.260118
5.7166,47,3867.799668
-26.925792,177,3871.115844
-2.413611,50,3871.660238
-0.650887,44,3872.139287
-2.043738,76,3872.967624
1.424624,42,3873.489226
3.332937,48,3874.02702
3.504009,61,3874.733153
1.746267,39,3875.184992
0.453971,45,3875.698112
-0.947864,60,3876.381607
-1.49484,52,3876.98221
-0.291917,61,3877.684805
-1.21802,44,3878.188086
1.431364,37,3878.610662
-0.699072,43,3879.106114
1.879156,38,3879.541967
-4.212427,72,3880.363666
0.96825,42,3880.847095
-3.524854,72,3881.667254
-0.029173,47,3882.202472
0.834622,40,3882.660548
-0.586331,45,3883.175116
4.426062,64,3883.903755
-2.348606,45,3884.419136
6.290227,26,3884.716352
-13.441897,146,3886.440168
1.00472,40,3886.894493
-3.213045,53,3887.502972
2.038988,45,3888.022573
-1.511774,43,3888.51824
5.086441,30,3888.861347
0.007692,79,3889.7745
-1.338783,47,3890.315077
-9.298755,119,3891.675961
4.755857,64,3892.401052
3.825552,70,3893.204067
4.295453,35,3893.605199
2.019155,37,3894.040609
-3.74366,55,3894.672056
5.665105,28,3894.992242
-2.435303,48,3895.533885
5.016732,31,3895.887321
-3.748637,57,3896.537484
-0.801748,47,3897.084033
3.626302,34,3897.499096
-3.156713,48,3898.059268
-0.652071,42,3898.54203
1.666973,41,3899.026476
3.640831,34,3899.418418
-3.64668,52,3900.012227
1.457445,39,3900.457749
3.987023,33,3900.840727
1.308488,38,3901.280865
-3.429788,50,3901.858274
0.873031,42,3902.338364
3.480294,35,3902.740282
-14.499445,69,3903.530061
-3.790965,54,3904.146816
-5.11134,82,3905.083896
-0.287582,50,3905.662015
-1.597516,47,3906.196469
-3.020754,49,3906.757322
6.567232,24,3907.029285
-17.432787,71,3907.83446
2.905556,37,3908.261365
1.724612,44,3908.76113
-13.555827,73,3909.661671
-3.818247,54,3910.291785
-4.888278,82,3911.236344
-1.291932,50,3911.807464
-6.977552,55,3912.433785
0.221416,47,3912.975794
-16.837926,78,3913.871367
-0.987202,46,3914.401301
4.114873,35,3914.798304
1.75179,40,3915.256611
-0.322377,80,3916.17164
-5.010523,80,3917.088857
-3.378652,50,3917.656506
3.620217,32,3918.022115
-2.95333,49,3918.578278
2.481028,36,3918.98731
-0.47088,87,3919.978608
3.406341,55,3920.60692
-6.056664,56,3921.252556
7.351753,33,3921.687435
1.122064,44,3922.193313
3.031704,43,3922.693
2.304839,35,3923.093409
7.078866,23,3923.354932
-4.34736,55,3923.99232
-14.035359,155,3925.763968
2.858665,37,3926.187856
-1.536151,48,3926.735024
-1.353751,46,3928.272888
2.816278,51,3928.827428
-2.150898,53,3929.408154
-2.206287,46,3929.920724
4.903657,29,3930.236988
3.958004,39,3930.666131
5.461762,29,3930.983324
-6.079364,54,3931.570024
0.909805,45,3932.060195
4.022657,35,3932.440192
2.689108,39,3932.865992
-4.75366,108,3934.096394
-1.26943,46,3934.601997
2.006612,67,3935.376704
2.510412,40,3935.838903
0.324552,42,3936.316616
-3.176345,56,3936.958794
4.415329,41,3937.428556
5.500082,29,3937.758759
-1.479185,47,3938.301028
2.813128,38,3938.730959
2.669505,37,3939.153929
5.041644,29,3939.485837
-15.186777,86,3940.467181
-6.657579,54,3941.097946
-1.14596,44,3941.601616
2.767477,35,3942.00791
4.484373,32,3942.375912
-0.159026,42,3942.857463
3.633822,34,3943.251515
-5.304813,143,3944.89368
1.101357,45,3945.406893
3.479738,36,3945.815982
-5.871045,55,3946.505433
6.546438,25,3946.793645
-0.545857,71,3947.610522
-6.328518,55,3948.240862
0.820058,47,3948.778382
6.829525,23,3949.038781
-2.701552,48,3949.588363
5.057237,31,3949.94941
0.357381,42,3950.431395
-34.807545,366,3954.624311
-3.787309,60,3955.31678
-4.827502,61,3956.023081
-13.561724,145,3957.684464
-6.805595,111,3959.018261
0.125704,40,3959.472726
-1.646597,45,3959.98554
-3.985237,53,3960.597927
-3.117217,52,3961.189973
-6.257615,139,3962.777337
0.865085,40,3963.238124
-3.848889,57,3963.900346
-11.681856,145,3965.54667
0.004633,42,3966.023962
-1.989581,52,3966.617143
-0.26688,46,3967.139795
1.03487,43,3967.635489
-1.206357,50,3968.200002
1.850831,43,3968.689005
3.376773,35,3969.08992
1.30756,42,3969.571882
2.292488,38,3970.02012
7.434996,21,3970.257499
-2.100394,51,3970.900429
-3.182422,53,3971.509871
0.863404,46,3972.040445
4.76708,34,3972.428274
-12.923106,153,3974.170189
3.687751,35,3974.568647
0.39122,42,3975.04938
4.099288,32,3975.413423
-0.173212,41,3975.888016
-0.385428,77,3976.770552
-3.348129,50,3977.340536
-0.289817,44,3977.840286
-0.543043,70,3978.644992
-2.174817,113,3979.936837
2.810241,37,3980.359862
4.729961,33,3980.739712
-2.945817,49,3981.300584
-11.670356,66,3982.050613
1.859405,44,3982.561667
-2.54761,54,3983.239752
-0.8145,43,3983.737909
-11.481967,55,3984.373048
-12.348856,57,3985.020097
-19.947504,208,3988.250645
0.480345,78,3989.1034
-19.761604,69,3989.865997
0.375838,44,3990.350619
4.269232,33,3990.719648
-1.5684,81,3991.641611
-0.516744,45,3992.159462
4.211274,33,3992.540294
7.372963,21,3992.78568
2.310338,38,3993.221282
-10.098021,53,3993.821729
-1.663272,81,3994.766617
2.669307,38,3995.254799
-4.949231,86,3996.237322
-21.226713,258,3999.204696
6.547337,24,3999.490916
5.328754,30,3999.835771
-8.861982,155,4001.614753
1.590875,40,4002.071657
3.925592,33,4002.447455
7.116648,42,4002.927848
-2.761901,46,4003.462831
1.815514,39,4003.913463
0.137255,62,4004.624671
-3.703381,88,4005.626468
4.044615,47,4006.176677
-10.715541,126,4007.671481
6.098376,36,4008.087386
0.941816,38,4008.525232
0.96277,44,4009.02846
-0.219953,45,4009.540467
-4.363032,58,4010.205356
0.045499,47,4010.743939
-0.802934,44,4011.244854
2.945849,40,4011.702654
-0.322877,45,4012.226473
-0.616598,44,4012.727472
-13.01773,291,4016.071819
-1.240298,57,4016.72619
7.550256,22,4016.979552
6.495453,40,4017.438932
-2.86116,134,4018.989556
-2.180394,61,4019.741615
4.895072,31,4020.095695
-3.912202,47,4020.636831
4.957898,32,4021.011504
4.377244,33,4021.387666
1.694126,42,4021.870144
6.763193,37,4022.296054
-2.716238,51,4022.877799
4.986717,31,4023.231899
-0.600022,42,4023.710605
-0.921746,47,4024.248556
6.816651,23,4024.511833
5.701153,27,4024.819452
7.420328,20,4025.058295
-2.8429,50,4025.626119
3.490373,49,4026.191683
-4.281215,90,4027.226282
-0.022562,43,4027.71695
5.43367,30,4028.057585
5.948737,27,4028.372072
-18.945346,69,4029.162968
6.088654,25,4029.452965
1.162098,42,4029.937413
-0.681676,48,4030.499236
0.717758,62,4031.210325
-3.518277,55,4031.896621
-3.706678,53,4032.503022
-1.633372,82,4033.450557
3.550061,56,4034.092663
-2.038787,45,4034.609508
0.154478,60,4035.292707
-4.175861,54,4035.911271
-3.877309,54,4036.526802
1.11999,52,4037.13133
4.891784,32,4037.497362
1.732742,39,4037.94269
3.105306,38,4038.380064
-3.033258,54,4039.008105
2.892864,35,4039.409094
2.264127,36,4039.824994
-3.427236,83,4040.782023
3.86405,32,4041.146031
-0.298644,44,4041.644737
-0.735317,45,4042.167417
5.373955,31,4042.525838
0.57951,42,4043.003012
1.87861,40,4043.463762
-13.435537,138,4046.018846
3.116287,37,4046.421305
2.521819,39,4046.846181
-3.709567,51,4047.404496
-12.352184,133,4048.859592
-2.00202,45,4049.351177
2.182674,39,4049.785999
-2.307339,72,4050.570246
1.613038,39,4050.993873
4.684882,44,4051.476718
0.334382,58,4052.109669
-5.365977,95,4053.146439
3.682948,34,4053.516559
1.780106,41,4053.964895
6.58502,43,4054.432953
3.935985,33,4054.847262
6.801044,25,4055.12897
2.370422,62,4055.842113
5.212478,30,4056.183503
6.719812,24,4056.456924
-2.913144,132,4057.964874
2.440701,39,4058.417902
-2.823331,51,4059.004536
-3.267826,56,4059.643497
5.193007,29,4059.974622
-0.80793,52,4060.575166
1.080583,44,4061.085745
0.980248,81,4062.020836
2.109938,87,4063.023737
-0.968711,49,4063.58488
4.303216,34,4063.987702
1.025378,40,4064.442538
-1.52925,72,4065.268419
-1.266506,47,4065.806219
-3.05806,68,4066.58473
0.873002,41,4067.105353
2.154161,40,4067.576035
-3.442688,47,4068.115355
-0.778949,43,4068.618794
-2.391054,51,4069.208003
3.088799,36,4069.619914
-4.184715,56,4070.25788
3.372678,35,4070.654298
-19.47993,89,4071.668576
6.410773,25,4071.95385
-1.176937,49,4072.515801
1.11216,42,4073.000061
-0.411249,44,4073.508335
2.186721,41,4073.980116
4.338238,30,4074.320274
-2.761762,52,4074.915357
-3.007086,49,4075.474908
5.836135,42,4075.953787
-2.085399,48,4076.501344
3.900548,34,4076.889439
-0.785743,43,4077.381715
2.690183,38,4077.82144
-3.562947,52,4078.41642
-13.405034,130,4079.947659
-6.858947,89,4080.971064
-0.260118,42,4081.453469
0.236601,59,4082.129128
3.048588,39,4082.57287
-3.563099,52,4083.166672
-12.540904,60,4083.855929
-0.95351,45,4084.367329
-0.81788,49,4084.936179
5.314363,31,4085.293237
6.957972,39,4085.744523
-0.069737,44,4086.245869
0.693974,39,4086.69468
6.8685,23,4086.963313
-15.891479,138,4088.532292
-3.709242,48,4089.080299
-3.916397,48,4089.63218
-1.747789,50,4090.211617
-0.70081,48,4090.820774
4.438452,76,4091.705332
0.388865,42,4092.194068
-1.131952,45,4092.711191
5.781153,27,4093.020403
4.704904,33,4093.395697
-6.377817,101,4094.555927
4.118591,40,4095.014709
-0.677404,42,4095.488629
-1.724417,46,4096.017433
-0.110747,47,4096.566272
1.383881,39,4097.017688
-18.844984,68,4097.791604
4.468518,34,4098.180217
5.207642,44,4098.683861
0.972395,43,4099.17812
-1.529613,75,4100.034226
6.3927,26,4100.332748
4.960809,43,4100.824773
2.455374,36,4101.235793
-7.565783,77,4102.997483
-4.677712,115,4104.250349
2.283258,39,4104.675515
6.470402,27,4104.970087
4.047991,34,4105.343158
4.016598,34,4105.712152
-3.063498,47,4106.227727
0.450484,42,4106.683872
7.239325,23,4106.939579
0.383817,56,4107.551347
0.260188,42,4108.016282
3.424423,44,4108.50076
2.175602,59,4109.149383
-2.036485,89,4110.118695
-3.439616,142,4111.665931
2.812576,49,4112.198805
-5.240295,52,4112.765211
3.008418,35,4113.145066
4.58098,30,4113.475244
-5.323586,52,4114.106578
1.70755,40,4114.553393
-7.815769,152,4116.297788
-4.451888,70,4117.098574
-16.424715,75,4117.959679
7.136638,23,4118.223722
2.751797,35,4118.624665
7.18546,22,4118.877986
-4.344188,117,4120.217104
2.200384,39,4120.660272
-1.017577,44,4121.161943
-3.588336,54,4121.785824
-2.371519,45,4122.300851
0.584957,41,4122.773116
1.781069,40,4123.234218
6.025821,27,4123.545391
2.438335,37,4123.969032
3.998513,35,4124.370974
0.41994,76,4125.249531
-0.310058,44,4125.755194
-16.54555,70,4126.604082
5.14568,31,4126.96428
1.869101,39,4127.417083
4.364567,32,4127.780289
0.910639,46,4128.306391
2.54694,77,4129.187231
5.996666,31,4129.544287
-5.755712,90,4130.57604
4.589991,30,4130.921383
6.172512,26,4131.219565
-8.300812,162,4133.083788
3.175347,38,4133.53033
6.02132,26,4133.833393
-2.628779,53,4134.441934
6.204361,25,4134.735893
-2.806822,51,4135.325274
-2.964548,62,4136.034401
3.196745,37,4136.46127
-40.011583,236,4139.225246
-1.231014,64,4139.960885
-6.513774,53,4140.573429
5.518694,36,4140.998302
-2.891066,52,4141.590706
3.051919,34,4141.980829
-3.195604,48,4142.536719
0.483539,46,4143.064998
-21.725311,115,4144.381517
-5.044694,104,4145.57899
4.194499,33,4145.956896
-10.87437,117,4147.294569
-3.014604,49,4147.859042
-5.146667,120,4149.244172
1.719877,37,4149.671113
-0.57797,43,4150.176729
4.605828,32,4150.582684
-4.372825,50,4151.154763
-3.33401,49,4151.718005
-3.317445,115,4153.039603
-1.629655,51,4153.621186
-2.626939,48,4154.169998
-2.775957,46,4154.704589
6.966921,23,4154.981124
-8.320274,105,4156.17498
-0.108053,44,4156.678648
0.374215,41,4157.150429
2.766321,42,4157.634576
-11.321189,149,4159.343253
-20.831516,117,4161.424631
-2.09983,44,4161.901501
-0.761458,47,4162.463198
4.740939,31,4162.810338
-4.729017,50,4163.39414
-0.184679,47,4163.934837
5.159503,29,4164.277634
-0.897315,42,4164.756397
4.543762,55,4165.385016
4.961261,29,4165.717541
1.583751,38,4166.149398
0.454519,51,4166.73227
1.044986,43,4167.218984
1.290118,61,4167.919661
-4.275055,50,4168.494437
-6.110555,121,4169.883509
5.877759,28,4170.205552
5.40705,27,4170.517377
-4.759227,114,4171.822137
-3.285784,110,4173.078327
-0.202154,45,4173.59617
-20.208146,73,4174.470042
-1.48167,46,4175.001406
-3.628969,106,4176.211768
-1.634325,62,4176.926865
1.912,38,4177.36072
0.098871,81,4178.291232
5.916171,40,4178.750308
-0.381304,42,4179.236099
-2.936786,93,4180.306271
-7.065955,123,4181.717169
5.501019,30,4182.059259
-1.096735,45,4182.570853
1.683523,38,4183.005571
-0.552911,47,4183.557243
0.173337,43,4184.048423
-1.722371,47,4184.588596
-1.431206,43,4185.076915
5.981054,26,4185.374129
3.158264,34,4185.75911
-2.095169,46,4186.287007
4.691738,32,4186.648297
-1.491562,45,4187.20893
-3.623641,50,4187.778379
-2.010162,52,4188.383193
6.4292,25,4188.672737
-19.288185,282,4191.902203
-17.888305,77,4192.77311
4.14649,49,4193.331882
-1.27142,60,4194.022468
-2.017774,46,4194.550039
1.083705,64,4195.288038
0.272605,42,4195.764091
-3.333129,49,4196.31947
1.5213,41,4196.796026
-8.04966,59,4197.472503
2.814979,45,4197.986625
0.393592,42,4198.475051
-5.673241,174,4200.519855
5.15137,31,4200.873919
3.919154,35,4201.273884
0.488752,41,4201.74263
0.030846,42,4202.224324
-2.978837,47,4202.758268
1.611221,41,4203.240989
-3.520784,53,4203.844388
-0.890916,44,4204.350233
4.434262,43,4204.849783
0.80117,39,4205.29497
4.86144,32,4205.655017
-3.506509,48,4206.205331
6.740571,23,4206.468634
2.444648,69,4207.258545
4.056451,46,4207.783161
0.793511,40,4208.245942
4.580852,30,4208.591004
-3.098588,49,4209.146506
-7.677101,130,4210.626412
-3.801758,120,4212.050068
-6.283833,130,4213.546322
4.457129,40,4214.00317
3.511723,36,4214.418073
-6.427736,102,4215.587371
6.697467,24,4215.85742
-1.793134,47,4216.400383
-13.119663,158,4219.428965
-4.153993,55,4220.029603
-3.096041,51,4220.58444
1.678078,45,4221.07598
-5.839788,99,4222.158118
5.244902,28,4222.462428
3.762379,33,4222.824821
-5.21334,98,4223.932593
-5.15004,51,4224.498932
5.940123,27,4224.801104
-3.243392,85,4225.727265
-2.209712,114,4226.9749
-4.454417,50,4227.525932
-2.96974,53,4228.109462
-2.148392,48,4228.631427
-7.098214,115,4229.888268
5.851591,41,4230.334059
-4.01233,71,4231.111981
2.093294,37,4231.515911
1.884313,37,4231.929524
-2.799929,47,4232.465109
1.087379,43,4232.944868
3.065816,39,4233.372686
0.286133,41,4233.821736
5.585704,27,4234.116445
-1.176777,78,4234.969279
2.621234,36,4235.362214
-0.886346,44,4235.906406
-1.720528,52,4236.503822
-17.97941,70,4237.308722
7.495848,22,4237.564047
-2.104249,82,4238.502959
-7.318701,130,4240.035001
-14.299128,164,4241.954908
4.33119,38,4242.406293
0.379844,42,4242.899961
2.625445,35,4243.302922
-4.819632,120,4244.727938
5.570208,29,4245.064899
1.636365,40,4245.539644
-58.352896,500,4251.463696
-2.442815,46,4251.997905
-3.507252,75,4252.878577
0.986534,58,4253.572765
-2.994537,83,4254.566811
-5.092665,74,4255.433595
-5.71432,53,4256.065797
1.827717,40,4256.54249
2.340241,41,4257.031867
2.147633,76,4257.937248
-0.921193,44,4258.454878
-3.958509,55,4259.108151
6.698846,32,4259.48219
2.728467,44,4260.014386
-17.718601,82,4261.034721
-6.101471,105,4262.277457
-0.483107,47,4262.833165
-8.588235,84,4263.801605
-1.884179,119,4265.181048
-1.405528,44,4265.694689
-17.616974,99,4266.894105
3.120208,35,4267.326961
5.231599,29,4267.664069
-3.099953,92,4268.761227
2.861962,71,4269.606421
-4.269089,82,4270.560109
6.340752,25,4270.848347
-5.561124,97,4272.017226
-3.600592,48,4272.588801
-3.36836,52,4273.204541
-2.821147,50,4273.782004
-6.197607,54,4274.415235
1.439752,37,4274.845095
-1.168371,139,4276.459186
-15.359021,89,4278.643543
-0.376939,48,4279.186106
-10.261317,141,4280.825915
3.331915,35,4281.239849
3.71633,46,4281.777428
6.443221,25,4282.07162
-1.181163,46,4282.611817
4.18119,70,4283.422673
-0.533193,67,4284.189591
-4.905875,52,4284.838398
2.456136,40,4285.298398
-2.437661,48,4285.849612
-1.209454,47,4286.386163
3.995524,34,4286.773383
1.392669,42,4287.25015
4.371611,80,4288.174521
-3.753725,47,4288.716283
-2.43199,48,4289.272807
5.854319,27,4289.585978
2.254886,81,4290.51552
-14.251714,67,4291.279959
0.565474,43,4291.767157
2.572316,40,4292.220969
-2.143126,85,4293.200243
1.758433,37,4293.618282
-2.708887,53,4294.232629
0.597464,42,4294.713221
6.102979,26,4295.009436
4.62338,30,4295.351302
-0.206695,43,4295.838044
-6.140643,80,4296.753632
0.065983,40,4297.212983
3.50499,36,4297.622041
-3.362589,48,4298.169768
-19.539256,88,4299.185993
-1.164912,52,4299.78561
-0.595046,43,4300.276313
-6.102014,119,4301.636978
3.479436,38,4302.075472
-11.070357,134,4303.619853
-18.003524,67,4304.380996
1.646009,38,4304.815592
4.71228,41,4305.282326
7.311127,21,4305.52272
0.903198,49,4306.081243
-9.784363,118,4307.429096
7.228343,37,4307.898822
3.759579,34,4308.295801
-3.249891,48,4308.848832
6.018749,26,4309.14505
-3.986385,61,4309.838216
1.484976,43,4310.331262
1.367734,54,4310.947575
-2.667136,93,4312.019097
2.725726,36,4312.429014
3.682757,35,4312.833622
5.149288,29,4313.166743
-2.048946,62,4313.882504
-10.701328,255,4316.800826
3.781619,35,4317.201886
2.313852,45,4317.713915
1.698146,40,4318.171489
1.5712,53,4318.781807
5.96708,42,4319.259458
1.647182,46,4319.784838
-6.411154,84,4320.809034
3.096837,44,4321.321682
2.408327,41,4321.789412
-4.846578,50,4322.361892
-2.625459,76,4323.229596
4.3444,42,4323.714649
-3.305337,50,4324.286344
3.955518,33,4324.668332
3.42959,40,4325.123276
-0.104401,44,4325.623981
3.658822,34,4326.027231
-1.548208,47,4326.569939
-6.704201,99,4327.706491
4.448537,31,4328.063517
1.907457,39,4328.508785
-3.523423,58,4329.170121
0.928999,46,4329.697212
2.452721,35,4330.098029
2.281673,39,4330.544816
6.857409,24,4330.820253
4.280619,34,4331.217826
-0.120222,43,4331.708499
-1.536546,46,4332.282987
1.175493,47,4332.823558
-0.255913,42,4333.310789
3.775913,34,4333.700408
2.532347,37,4334.123289
-3.353354,46,4334.654813
-1.300197,73,4335.487206
-10.495024,67,4337.080252
-4.164968,55,4337.691207
0.149609,45,4338.183055
-10.911108,204,4340.410645
7.097363,35,4340.791948
1.606382,42,4341.248569
-4.032667,50,4341.791324
-1.258736,68,4342.534749
7.918892,20,4342.752286
6.550261,24,4343.013624
-1.472667,48,4343.536984
-17.433799,76,4344.372749
7.56228,20,4344.590257
5.229317,31,4344.932349
-2.414181,51,4345.487915
7.159536,23,4345.74023
5.111752,31,4346.08069
3.740413,33,4346.441132
-4.098281,56,4347.048648
-2.770625,47,4347.561293
-2.130254,47,4348.072941
-16.863071,260,4350.920921
4.589658,30,4351.255037
0.387894,41,4351.706456
-8.432606,135,4353.183316
2.610029,48,4353.704941
-1.760032,90,4354.691542
6.355376,25,4354.965904
5.356818,41,4355.415314
-3.052991,112,4356.721997
1.826838,38,4357.162845
-2.426883,46,4357.693402
5.284882,38,4358.125259
2.465822,70,4358.922123
0.036105,48,4359.473693
6.388393,25,4359.76537
0.749255,46,4360.294199
-15.941147,259,4363.264581
3.359623,33,4363.639467
2.836326,35,4364.037333
1.32635,38,4364.477141
1.672295,39,4364.934959
-0.016231,41,4365.401155
-1.60754,52,4366.003608
-5.693427,79,4366.91021
6.273418,25,4367.1936
-3.380367,54,4367.808297
-1.801276,45,4368.372775
0.412131,40,4368.831039
5.847184,27,4369.141221
-4.312406,101,4370.297929
0.820099,39,4370.750703
-2.0658,50,4371.318335
-16.113285,70,4372.110555
-4.23947,110,4373.376325
-3.716286,84,4374.348288
-8.898648,133,4375.866859
0.077232,58,4376.528109
-4.409292,48,4377.072493
-0.718896,42,4377.55188
-2.179719,62,4378.261847
-0.400117,42,4378.75259
1.217565,39,4379.204366
3.750089,66,4379.965522
0.719431,44,4380.529411
-4.380906,64,4381.267007
2.941046,38,4381.693882
5.175228,28,4382.01403
-3.914331,112,4383.292284
-3.727164,48,4383.837038
0.742942,42,4384.317903
4.21155,33,4384.705056
4.415113,32,4385.07408
-3.121275,48,4385.622101
2.26413,38,4386.059914
-2.707119,51,4386.639988
1.725369,44,4387.152604
5.460155,27,4387.47877
2.4267,38,4387.909181
3.50958,37,4388.336052
-12.245988,168,4390.265324
-0.314279,46,4390.798949
-0.362115,44,4391.30684
-19.664368,83,4392.300187
-10.273612,115,4395.024941
7.141708,23,4395.275249
3.567046,34,4395.644482
1.174367,40,4396.084291
-8.9225,54,4396.676118
-14.721797,110,4397.876871
-0.553212,46,4398.376838
5.114075,45,4398.880204
-3.639253,50,4399.431949
-2.91334,92,4400.434865
-3.448418,48,4400.958318
-0.724082,45,4401.451746
2.003834,36,4401.845257
3.633847,66,4402.562999
1.706106,38,4402.978062
-16.723899,153,4404.697856
-5.499051,84,4405.619691
-6.384631,105,4406.772982
-4.594892,52,4407.337518
4.558016,32,4407.690584
4.488832,41,4408.136815
2.361802,41,4408.586419
6.52948,39,4409.014222
-3.159017,55,4409.612879
1.233267,46,4410.114581
-2.630967,51,4410.675753
-0.308744,48,4411.196376
4.977691,29,4411.521511
1.61762,39,4411.946712
1.268796,43,4412.416552
-13.2309,62,4413.12143
3.997878,35,4413.531374
6.248761,26,4413.819583
-2.763102,48,4414.343688
-13.298395,64,4415.042573
-1.777776,45,4415.536526
-3.108696,52,4416.101033
0.940538,82,4417.008357
4.750542,37,4417.412288
3.830935,34,4417.790088
-2.88578,87,4418.742297
-19.45222,79,4419.608064
4.725306,30,4419.93819
-4.530838,50,4420.489424
-5.001294,50,4421.033955
-1.337895,45,4421.522693
5.407146,30,4421.849827
5.100983,38,4422.271139
5.757408,26,4422.553912
-8.270385,144,4424.123262
3.661025,58,4424.756587
-10.9895,133,4426.262644
4.529536,35,4426.642664
4.442354,32,4426.997581
-12.616133,72,4427.780221
1.944985,37,4428.181913
6.047612,27,4428.47813
-3.237198,85,4429.413398
-3.235561,47,4429.929956
6.396302,27,4430.225014
-3.261843,53,4430.805476
1.03023,40,4431.243351
4.623605,31,4431.586444
4.14031,31,4431.922315
-2.98709,50,4432.46835
-4.694364,51,4433.024823
2.15241,37,4433.425518
-3.284178,57,4434.064662
3.889297,35,4434.449282
2.137408,40,4434.888377
-3.464578,51,4435.442283
6.316046,26,4435.725534
3.901973,34,4436.104166
2.778817,47,4436.614817
-2.862781,50,4437.162292
-1.129709,43,4437.628063
0.332712,40,4438.067868
2.45396,38,4438.500396
3.737232,33,4438.897375
-4.046545,48,4439.423713
0.996161,42,4439.883193
-0.224533,44,4440.36603
5.088322,29,4440.681196
-13.636993,172,4442.559615
-0.096496,81,4443.442713
-2.588496,47,4443.954075
0.746627,50,4444.501757
3.957101,32,4444.859517
-2.99571,51,4445.423928
4.180081,33,4445.781636
-0.896268,48,4446.303114
-5.859917,122,4447.643312
0.071296,48,4448.165929
0.467519,46,4448.671456
-1.002274,50,4449.223965
-9.050338,68,4451.217287
7.907387,20,4451.438703
4.145094,47,4452.001633
2.980833,38,4452.455582
5.953465,27,4452.767711
-2.404417,47,4453.308371
0.418568,75,4454.163704
-4.390789,53,4454.776824
-0.530142,42,4455.261678
1.036833,42,4455.740484
1.02243,39,4456.204441
2.245939,43,4456.694486
-0.50399,43,4457.19594
5.013905,31,4457.550001
0.418001,42,4458.031428
-3.367874,53,4458.643735
7.137937,23,4458.908036
-13.478995,65,4459.651744
1.749232,37,4460.071605
3.967893,32,4460.439869
0.962555,42,4460.929187
-1.646019,50,4461.532563
-3.815868,56,4462.208802
-4.74297,88,4463.218451
-1.246038,50,4463.788061
-0.272897,88,4464.791867
0.847539,41,4465.265643
-0.432187,45,4465.78063
-3.448377,49,4466.343087
3.035292,36,4466.75799
-4.738337,79,4467.654881
-0.192385,42,4468.13206
5.587115,29,4468.474031
-2.08353,45,4468.986199
4.567459,31,4469.344252
1.11543,44,4469.847891
-1.034137,49,4470.410053
-2.985419,53,4471.014308
-4.316545,53,4471.618094
5.808452,30,4471.960192
2.960507,48,4472.503723
3.568644,35,4472.903666
-3.660148,129,4474.378009
6.51818,24,4474.65029
1.024004,46,4475.176342
3.006805,37,4475.623658
-1.967082,46,4476.173819
2.35615,37,4476.595727
-1.79432,45,4477.108376
4.010832,34,4477.495663
2.219469,39,4477.940487
4.712605,30,4478.290558
-4.278919,49,4478.863399
6.093169,27,4479.175573
5.262891,34,4479.565747
-2.49103,45,4480.080928
5.558576,29,4480.412052
-7.781624,135,4481.955974
-16.082773,170,4483.905393
-1.274255,44,4484.414048
0.563357,43,4484.905731
4.706126,30,4485.25381
-8.64388,130,4486.74596
-2.357809,50,4487.326454
-0.290212,45,4487.838096
5.678896,29,4488.165872
5.363682,28,4488.488016
-4.223675,86,4489.535989
-2.048195,45,4490.052011
1.085186,40,4490.512794
3.437161,36,4490.92357
4.162035,33,4491.301537
-9.243201,131,4492.809756
-4.14921,52,4493.415154
-0.273859,61,4494.124279
-2.006991,46,4494.645101
4.032814,43,4495.137793
0.149506,40,4495.592784
1.726891,37,4496.015884
3.742676,36,4496.423792
-0.051264,46,4496.944515
3.2325,53,4497.550249
2.927768,71,4498.376274
-0.136896,52,4498.97398
5.696935,27,4499.286063
-2.807096,48,4499.837654
3.185538,35,4500.237599
-0.77872,45,4500.755455
1.185072,45,4501.270662
-0.057315,43,4501.760366
-0.534907,48,4502.3148
-3.83607,143,4504.003764
-15.747842,75,4504.865492
2.106001,43,4505.359686
-1.292787,55,4505.992854
3.277878,40,4506.452823
-0.502249,47,4506.992056
3.934071,34,4507.388007
4.048516,32,4507.755005
4.49528,31,4508.10508
-7.137612,72,4509.948351
1.389126,40,4510.386192
-10.887933,212,4512.708287
4.595163,32,4513.058332
-4.416523,49,4513.588404
-3.397328,48,4514.112491
5.887875,27,4514.406709
2.725631,37,4514.811641
-0.055284,115,4516.069506
1.180259,41,4516.518319
5.519375,39,4516.996377
0.003467,41,4517.443201
-2.294744,49,4518.006826
2.580472,35,4518.403701
1.647327,41,4518.872745
-5.037749,51,4519.45192
-3.556195,48,4519.995883
1.91772,37,4520.423274
-6.421882,100,4521.56728
0.024158,41,4522.030926
3.691617,35,4522.431869
-3.721638,51,4523.013312
5.923042,41,4523.491046
4.547382,51,4524.071484
2.409506,36,4524.478411
0.326287,84,4525.496885
2.740353,35,4525.896225
-3.591497,55,4526.523883
5.891551,27,4526.837083
2.719505,50,4527.408152
2.588054,37,4527.83206
-2.323628,50,4528.406756
-1.886618,77,4529.29219
-6.52696,56,4529.936638
6.650324,24,4530.213275
6.753935,24,4530.491426
0.684056,67,4531.257307
-0.183672,46,4531.779728
5.077723,29,4532.113646
-5.012633,52,4532.707992
-2.051578,145,4534.373645
4.930255,30,4534.715921
2.676991,37,4535.148345
1.997727,39,4535.597161
3.940875,36,4536.011683
2.265518,40,4536.468507
1.504981,57,4537.120991
-2.319879,51,4537.714544
-1.893725,46,4538.235133
3.513346,37,4538.653732
0.484235,41,4539.12627
7.036671,23,4539.388743
-0.899421,44,4539.896933
4.166187,31,4540.251994
6.646484,25,4540.53721
0.474403,41,4541.005003
-2.286823,47,4541.544572
-0.312365,43,4542.03724
0.317977,95,4543.130325
-1.698797,49,4543.693355
1.704842,48,4544.238883
-1.794966,45,4544.753929
-0.680553,43,4545.256648
3.033711,37,4545.68785
0.666957,42,4546.174591
-3.86754,50,4546.74593
4.095619,45,4547.265999
6.869274,23,4547.532266
-4.673035,113,4548.87619
2.116894,40,4549.335944
-4.387718,55,4549.96508
-0.858265,45,4550.479734
-3.486685,48,4551.041245
-3.728714,53,4551.645254
1.866261,40,4552.107659
2.52241,37,4552.533532
1.24423,38,4552.970136
-5.091766,50,4553.54363
5.881918,27,4553.855914
-3.749974,53,4554.463013
-16.985977,218,4556.966094
0.392745,42,4557.451707
3.601585,34,4557.846435
1.029659,46,4558.375381
7.548382,34,4558.768156
-5.164192,50,4559.34752
-0.070644,43,4559.840246
-3.371345,52,4560.428917
-5.357639,51,4561.070331
-1.966977,118,4562.419522
5.906667,27,4562.733693
-3.191931,47,4563.269659
-0.310761,46,4563.798185
-26.092858,348,4568.804267
-19.652899,74,4569.612127
0.368116,61,4570.277396
4.189511,57,4570.904084
6.456343,25,4571.17554
-2.622366,78,4572.027197
-3.830042,48,4572.548817
-4.554824,57,4573.22922
-0.190403,42,4573.691553
-12.739841,193,4575.800896
-4.762243,68,4576.541239
-1.433888,45,4577.031399
-2.724792,52,4577.596205
-10.207158,66,4578.315462
-0.017009,41,4578.75932
3.562385,34,4579.133452
-2.201314,46,4579.63313
-0.465322,47,4580.144976
5.009841,30,4580.471142
-3.244025,48,4581.001413
-1.64773,46,4581.503085
-3.56727,51,4582.061524
2.711362,72,4582.84769
3.533904,61,4583.511864
1.758083,39,4583.939733
2.551441,48,4584.4633
2.8723,34,4584.837564
2.253889,37,4585.241618
6.166014,26,4585.526834
5.513856,28,4585.842467
3.281471,44,4586.337471
4.763259,31,4586.696761
-2.588446,96,4587.797079
-0.428682,43,4588.289945
5.419895,29,4588.624648
5.653296,28,4588.949506
0.907462,42,4589.431587
-1.001211,58,4590.09178
-13.722126,170,4592.036035
2.541212,62,4592.760124
-1.38087,72,4593.586933
1.724144,44,4594.094284
-4.365127,55,4594.724617
-5.170228,116,4596.097715
-8.268533,205,4598.436379
5.53385,39,4598.890842
-3.685474,47,4599.4355
-0.596835,42,4599.922213
5.882894,27,4600.232393
2.852368,36,4600.646298
2.737916,35,4601.052195
4.633385,33,4601.430144
-0.249517,45,4601.942159
-1.72774,47,4602.474304
6.639545,25,4602.762539
-2.284517,49,4603.321388
-8.955308,101,4604.481398
-0.34436,42,4604.963845
5.456383,50,4605.539314
6.514463,25,4605.834947
1.38482,43,4606.327117
2.548464,38,4606.759388
3.981713,32,4607.126419
3.965788,33,4607.502483
2.638836,38,4607.960394
3.542864,53,4608.601569
4.998048,29,4608.932191
-6.891466,91,4609.970281
1.109298,39,4610.414485
0.451496,46,4610.945262
1.336443,38,4611.383103
-1.043362,42,4611.866862
-4.351901,51,4612.451318
4.356315,40,4612.906429
3.171826,36,4613.317342
2.802949,41,4613.801255
6.333148,29,4614.140093
-4.035866,53,4614.743496
4.402035,33,4615.125487
-0.70708,42,4615.616715
-1.435319,46,4616.141965
-0.261071,43,4616.636657
-13.400354,76,4617.516329
2.659191,45,4618.033932
5.406806,54,4618.657344
6.948766,52,4619.250824
-5.074117,53,4619.852234
-1.293716,50,4620.473634
2.824491,35,4620.881584
-2.183083,47,4621.426147
-1.122626,47,4621.968475
0.485246,44,4622.474596
6.407738,26,4622.77648
-4.782275,122,4624.166401
5.008017,38,4625.534445
-17.905807,74,4626.339861
1.337462,39,4626.762742
5.614236,27,4627.058698
-1.466071,57,4627.681631
1.331601,53,4628.268208
-3.728626,57,4628.891963
-8.838441,106,4630.052232
3.696583,32,4630.400818
0.966578,38,4630.816717
0.598944,42,4631.274477
-1.119573,54,4631.863975
-10.967643,129,4633.329094
6.395907,25,4633.603398
0.001887,47,4634.115016
-5.08058,58,4634.754505
0.626643,49,4635.290088
-2.788027,53,4635.872476
-3.418645,150,4637.511522
0.577117,43,4637.979288
6.835142,24,4638.243976
-5.257604,51,4638.799476
-3.293305,48,4639.324269
-2.938149,50,4639.873167
2.777135,34,4640.243276
-3.093109,90,4641.238678
2.609614,37,4641.641585
5.043096,30,4641.971267
-0.840953,42,4642.433031
2.57598,47,4642.943679
-2.007692,45,4643.437289
1.163027,45,4643.926995
4.821529,39,4644.354142
-1.714391,86,4645.293977
3.506587,36,4645.688417
-0.498825,48,4646.219962
1.046004,40,4646.660697
3.243082,36,4647.051665
3.402496,35,4647.4336
1.195032,46,4647.933249
2.279752,39,4648.359123
-4.190302,51,4648.924581
-3.722805,47,4649.442714
-0.193706,48,4649.964335
5.12897,28,4650.269528
2.350744,41,4650.724858
-1.833058,50,4651.277008
4.415789,31,4651.615138
7.900867,25,4651.892442
1.521366,41,4652.337736
3.119953,36,4652.730222
1.697519,37,4653.134154
-0.283436,47,4653.646541
0.16564,43,4654.118308
-4.10231,57,4654.745647
-9.777287,167,4656.629005
3.168464,33,4656.989052
-5.606784,87,4657.941609
1.352583,41,4658.394377
3.553659,44,4658.880092
5.147342,30,4659.207881
-4.345669,51,4659.765802
0.606148,41,4660.212464
-4.059679,60,4660.864739
-2.763276,86,4661.803433
-4.016167,51,4662.366247
2.502589,44,4662.847376
-3.853741,66,4663.57049
1.985481,38,4663.984429
-7.685396,56,4664.594815
4.293847,45,4665.083088
-0.824178,42,4665.547856
5.331363,29,4665.866012
-7.053866,101,4666.972198
-1.108876,47,4667.482897
-0.258655,46,4667.998717
2.712057,38,4668.463613
6.796254,24,4668.738723
5.933308,27,4669.045966
7.12078,22,4669.294307
-2.475855,44,4669.803371
-0.097405,44,4670.307068
4.503141,30,4670.648166
-17.360449,278,4673.823623
5.419978,39,4674.271362
4.475459,30,4674.621749
-2.676689,48,4675.174316
3.239648,35,4675.582317
4.356435,31,4675.952334
-1.190442,44,4676.458106
6.874306,24,4676.733151
1.585816,38,4677.172021
0.981334,48,4677.715482
7.468802,22,4677.966781
-0.198726,44,4678.467608
-6.992039,104,4679.665722
4.210868,45,4680.179807
-13.206178,105,4682.415242
-3.074915,119,4683.713086
-2.836311,85,4684.647544
3.264774,36,4685.03851
-1.012871,45,4685.537452
1.357083,78,4686.386991
4.856322,29,4686.703154
-0.555793,45,4687.194853
3.145439,37,4687.604392
-3.665694,142,4689.159028
1.111628,43,4689.626189
-2.494859,49,4690.167758
-0.430246,70,4690.939142
0.21471,44,4691.479761
0.010849,49,4692.021672
4.46586,31,4692.376069
-3.44783,47,4692.919775
-2.218992,50,4693.493332
2.216928,41,4693.973566
-0.36126,42,4694.453268
1.875812,37,4694.876256
-1.047558,93,4695.935694
-1.392993,46,4696.463455
2.15037,38,4696.899387
6.360264,25,4697.180791
0.207213,41,4697.655226
-3.97115,50,4698.224962
-7.634706,58,4698.899209
-3.505523,48,4699.461135
-3.272677,47,4699.999928
0.358697,40,4700.459307
1.753076,40,4700.921085
-0.500922,46,4701.448856
-2.684401,50,4702.020665
2.461622,37,4702.443821
-31.500161,409,4707.196419
5.595423,28,4707.518566
-3.229759,51,4708.108294
2.045418,40,4708.574075
-4.905981,75,4709.442668
-4.551713,58,4710.109633
-10.506587,189,4712.272478
-4.574445,49,4712.82956
-2.903124,52,4713.426978
4.951555,49,4713.984424
-7.804434,97,4715.095999
-5.187082,52,4715.694505
1.787684,37,4716.167752
-1.01607,46,4716.698401
-7.148958,140,4718.305153
-5.939751,53,4718.914743
-4.134693,54,4719.532271
0.990957,45,4720.048563
1.225527,43,4720.54424
-3.307543,53,4721.150599
-4.229122,49,4721.708406
-11.341047,58,4722.372529
2.849387,35,4722.779453
-20.452944,76,4723.658824
-0.052498,45,4724.177791
1.882255,41,4724.64752
0.916348,42,4725.128278
-0.762328,49,4725.690856
-3.187605,52,4726.290159
-0.517827,44,4726.796059
0.785108,39,4727.242283
4.724773,32,4727.609323
3.234042,36,4728.047135
-2.246934,51,4728.657916
0.987774,41,4729.129431
-12.345478,64,4729.861058
4.78107,31,4730.216784
6.60995,25,4730.501061
-5.244211,54,4731.119482
-0.661772,46,4731.651826
7.400577,35,4732.049259
6.931728,24,4732.327967
-1.782072,47,4732.862163
2.702987,41,4733.335422
0.931305,41,4733.804292
5.145659,43,4734.30612
-31.713694,207,4736.693725
-0.525263,45,4737.210858
4.531891,37,4737.634861
2.388618,38,4738.068069
6.054366,26,4738.364753
-0.860787,48,4738.914549
-5.758919,56,4740.407314
4.374491,31,4740.754397
-1.872842,46,4741.275306
0.355194,44,4741.776975
-7.4022,61,4742.473462
4.841998,29,4742.805129
0.799962,41,4743.274889
0.873572,40,4743.731586
-1.633894,50,4744.304074
4.807389,32,4744.686061
-3.307131,46,4745.216509
4.694703,35,4745.63238
5.508941,30,4745.977496
0.94972,88,4746.985395
-6.149979,94,4748.061849
5.847566,26,4748.36405
-1.178783,58,4749.027296
-0.32597,43,4749.524246
-7.768113,57,4750.186241
6.725667,25,4750.470354
-45.799749,500,4756.264982
-10.331493,148,4757.962577
-7.769644,133,4759.485747
2.985856,37,4759.907632
-0.566786,55,4760.544485
0.426389,51,4761.131275
-1.296319,48,4761.681824
4.351075,31,4762.035894
-0.081257,46,4762.559457
-1.764067,44,4763.071079
-0.75893,45,4763.586755
0.266053,47,4764.131315
4.12721,45,4764.649691
5.235588,41,4765.119446
-4.589346,56,4765.764742
5.648995,27,4766.072768
0.616786,42,4766.550306
6.038014,26,4766.851509
3.09714,64,4767.579799
-5.695509,189,4769.751148
1.94432,39,4770.198964
1.42149,38,4770.635336
4.271175,42,4771.124367
-0.10159,42,4771.603477
-1.150806,45,4772.1195
0.029061,47,4772.660479
1.96775,37,4773.083437
0.219381,95,4774.17411
-18.05364,71,4774.995907
-6.062148,54,4775.662324
4.038024,33,4776.044729
2.434643,38,4776.485539
4.683141,61,4777.182373
2.28646,36,4777.591266
6.354266,25,4777.87748
-2.64223,46,4778.405217
-4.334638,56,4779.0514
-1.761902,52,4779.641275
-2.247736,54,4780.256532
-13.478001,57,4780.905387
-15.742931,74,4781.745339
5.921943,26,4782.055044
0.199259,40,4782.512197
-2.040353,59,4783.191451
0.39044,76,4784.065008
-1.177572,137,4785.629705
1.342433,43,4786.119385
7.651416,34,4786.510351
-0.038204,44,4787.027784
1.892754,39,4787.522105
5.55687,29,4787.850267
1.149063,81,4788.776216
3.623137,42,4789.253988
1.316805,41,4789.722079
0.548902,43,4790.218745
-0.46604,66,4790.975511
6.842228,23,4791.242834
-13.851035,137,4792.82223
4.723733,33,4793.200258
-0.432814,56,4793.838669
-8.706308,59,4794.516006
-1.462022,45,4795.041225
-1.232768,82,4795.983622
2.496431,40,4796.442225
5.342042,27,4796.751435
4.400594,38,4797.18941
-10.177954,66,4799.407789
2.83538,36,4799.832821
5.896481,29,4800.173919
-7.071745,55,4800.794665
1.819382,40,4801.253452
7.433271,21,4801.497929
-12.979171,199,4803.768977
-4.375775,56,4804.411278
-4.592537,121,4805.787813
3.317492,34,4806.179164
0.739437,41,4806.647201
5.832746,28,4806.964491
2.233696,40,4807.427266
2.416248,40,4807.885936
0.840893,45,4808.402568
-13.509659,136,4809.981426
5.339609,29,4810.312549
4.91269,30,4810.655844
2.83502,65,4811.404098
6.340941,25,4811.746163
-6.180469,60,4812.437518
-4.719969,56,4813.078708
6.974966,25,4813.365948
-1.05175,42,4813.843681
3.91121,32,4814.205724
4.897793,44,4814.729975
5.481744,31,4815.080048
0.980676,68,4815.853972
6.169987,28,4816.173154
3.608306,33,4816.54617
-7.175893,127,4818.005494
-17.161949,81,4818.933167
-0.162907,42,4819.411185
2.656738,37,4819.836062
4.137028,30,4820.181682
0.444362,44,4820.690674
4.035728,32,4821.055709
-0.685857,44,4821.559378
-1.344349,50,4822.133096
3.935149,59,4822.806599
-5.809981,68,4823.580552
-0.648256,43,4824.069908
-0.229538,44,4824.574042
-3.145926,116,4825.907012
1.157113,39,4826.350837
-2.613239,47,4826.897801
-0.506858,51,4827.481261
-0.172577,49,4828.046061
2.990859,35,4828.442505
2.81653,37,4828.866383
1.417964,43,4829.357649
-4.254459,99,4830.498868
5.833211,26,4830.796417
-0.118295,44,4831.299134
-4.156345,56,4831.934563
5.280827,31,4832.295511
0.256652,41,4832.76228
1.809783,40,4833.218554
3.648948,76,4834.087255
-6.728816,54,4834.703982
3.608737,33,4835.134872
-11.896689,58,4835.796749
-7.74047,113,4837.094425
4.212417,32,4837.467099
2.083182,41,4837.938958
3.366823,34,4838.337406
-1.152317,45,4838.848441
-0.645817,44,4839.350327
-0.939408,52,4839.952891
-0.872072,42,4840.437006
2.554547,39,4840.882467
-5.887188,92,4841.938658
2.687173,38,4842.37737
-5.222178,57,4843.031668
-0.230693,44,4843.538761
0.012292,43,4844.039436
6.504929,25,4844.33665
0.413917,42,4844.810952
-12.239974,172,4846.791811
-5.718293,53,4847.452623
4.243044,35,4847.852626
5.733823,28,4848.169787
-4.408129,50,4848.741533
6.79439,24,4849.017802
1.016646,125,4850.453002
7.145805,23,4850.723009
3.936939,42,4851.208724
1.62858,40,4851.665969
2.802944,37,4852.086321
1.270507,43,4852.577513
5.223675,44,4853.08559
2.542422,37,4853.509458
4.557248,33,4853.883361
-2.676313,50,4854.458763
0.254063,43,4854.949775
1.197295,39,4855.405925
-1.655982,48,4855.964477
-16.861047,95,4858.303819
-2.12082,46,4858.816056
5.609979,32,4859.173513
-1.579437,44,4859.726076
2.320157,38,4860.163479
-19.013707,78,4861.08205
4.37536,34,4861.480903
5.322064,36,4861.898798
2.935863,34,4862.299767
-2.580548,46,4862.842611
5.556025,29,4863.177725
-4.43605,64,4863.937746
0.549845,46,4864.478896
3.18011,38,4864.915713
-1.170318,48,4865.491439
0.88728,70,4866.307413
-4.136069,49,4866.882493
3.56543,59,4867.578451
-0.244433,41,4868.066161
-3.716135,54,4868.687518
-1.285896,46,4869.233229
-2.167637,47,4869.784797
-3.864256,50,4870.365262
-2.476176,52,4870.980635
4.028617,33,4871.3681
5.858916,27,4871.677282
5.95731,44,4872.200659
-1.201978,49,4872.766167
-5.3362,146,4874.484942
5.22162,30,4874.834239
6.342003,25,4875.125496
6.087464,26,4875.430661
0.429853,41,4875.908397
2.41723,43,4876.415084
-1.128938,44,4876.93075
7.144579,22,4877.189753
5.202552,31,4877.552786
6.000798,26,4877.854963
-4.91205,83,4878.824605
-2.83742,64,4879.576442
2.221571,39,4880.030544
4.123968,31,4880.391619
3.249975,37,4880.83744
-1.21713,43,4881.338481
1.690902,41,4881.816217
-0.132905,41,4882.290058
1.402251,44,4882.863709
3.546477,37,4883.320476
1.766079,43,4883.831158
-3.807147,64,4884.573147
5.08285,30,4884.930228
1.142531,70,4885.738092
-0.533827,42,4886.221945
-2.495728,47,4886.773493
4.762259,47,4887.325031
0.825271,39,4887.77983
1.722803,41,4888.259489
-8.821734,67,4889.029424
-0.789749,43,4889.542165
-0.160401,44,4890.052809
-4.887923,137,4891.66813
-1.799724,52,4892.275528
4.523283,31,4892.637542
-0.727218,43,4893.143781
-0.082418,49,4893.709309
5.041226,43,4894.215975
2.692959,35,4894.661766
-0.100888,43,4895.201003
-19.013166,72,4896.053813
4.929717,29,4896.391943
-0.703827,71,4897.216739
2.206583,37,4897.646626
-3.910221,54,4898.284938
-2.476901,60,4898.97711
5.704492,28,4899.299258
0.212472,40,4899.756156
-4.10155,48,4900.3067
-1.293889,44,4900.806349
7.305441,23,4901.07698
1.365732,40,4901.538033
-1.742849,51,4902.121613
1.135366,54,4902.736948
-4.308806,70,4903.532462
0.059097,44,4904.039151
-2.199581,59,4904.715328
-2.801872,49,4905.275177
-12.965108,72,4906.099647
1.24555,39,4906.548529
-6.477972,56,4907.2329
-0.110658,41,4907.702223
-3.519038,46,4908.234801
3.249432,49,4908.794477
-1.597255,46,4909.320349
6.063013,26,4909.619558
-4.538746,52,4910.218914
-1.347384,45,4910.73271
-2.75671,47,4911.267388
5.75155,44,4911.776043
5.852071,70,4912.578121
0.321382,47,4913.120222
2.78746,39,4913.564076
-1.824404,44,4914.068713
-1.216397,43,4914.567348
-1.312618,51,4915.149732
-0.338701,61,4915.861872
-7.394055,59,4917.944125
1.640034,38,4918.361988
-0.71637,44,4918.839754
-9.516318,190,4920.991535
6.616509,24,4921.255794
4.804468,31,4921.593889
-3.011971,50,4922.141439
3.931337,36,4922.539583
5.476336,28,4922.84266
2.926759,37,4923.246589
2.940668,37,4923.649961
5.353903,59,4924.295775
2.952211,34,4924.666268
-2.16943,87,4925.627505
1.984715,80,4926.510511
-2.519403,45,4927.003896
-5.110276,90,4927.986247
-6.764939,140,4929.515078
3.918858,32,4929.862078
-2.161322,45,4930.360148
0.13684,46,4930.861048
-6.171845,58,4931.54828
2.809775,39,4931.971162
1.414022,42,4932.437144
1.818513,37,4932.840048
1.131358,47,4933.35239
1.264366,41,4933.798671
-3.616438,48,4934.319293
-0.257563,44,4934.802017
-1.010237,46,4935.304155
-8.950972,145,4936.896546
-18.710046,73,4937.688946
-6.886479,140,4939.214253
-6.5858,93,4940.241878
-4.956058,126,4941.618207
-0.873881,43,4942.087962
0.042037,41,4942.533694
-2.864593,46,4943.034428
3.192515,36,4943.427715
2.36373,38,4943.839347
-0.646251,66,4944.558479
0.165476,44,4945.039581
1.657598,37,4945.442904
6.391798,40,4945.88504
3.826833,37,4946.291279
2.297651,38,4946.707805
-3.036625,55,4947.308217
0.393612,45,4947.798824
5.59492,27,4948.095059
-4.028207,54,4948.682534
-8.793783,99,4949.760151
-2.286797,49,4950.295776
5.590236,27,4950.590047
4.315991,32,4950.946348
-4.454836,102,4952.057438
-0.807844,44,4952.538762
-0.19495,44,4953.017719
-0.139011,45,4953.506687
3.500799,34,4953.877705
-20.368214,82,4954.819416
6.37562,40,4955.253715
5.774656,28,4955.559876
-4.929195,60,4956.216468
-4.899904,51,4956.783378
0.427012,47,4957.296798
0.13305,41,4957.747166
3.781317,36,4958.142754
5.693921,42,4958.608552
4.155722,31,4958.94987
5.766406,28,4959.256059
-2.98268,86,4960.194819
-1.148418,55,4960.793315
7.598335,22,4961.033182
-0.776151,42,4961.502932
3.954029,32,4961.851853
1.400467,46,4962.354823
-1.724984,44,4962.835078
-0.554433,42,4963.292867
5.286205,52,4963.860867
-2.053357,46,4964.364569
-3.292099,49,4964.901028
1.366565,42,4965.357799
2.588107,35,4965.739759
-1.386537,93,4966.816505
-0.126971,56,4967.431391
-0.746104,46,4967.936612
-2.461753,45,4968.430299
-3.008721,46,4968.928927
7.129064,22,4969.170288
-2.593316,90,4970.147354
2.941115,39,4970.576596
5.94842,26,4970.859847
3.114027,36,4971.251105
-1.302298,47,4971.770234
-3.308485,106,4973.783494
-6.047793,126,4975.164496
7.208536,21,4975.393744
-0.133102,45,4975.883467
4.959169,31,4976.225809
6.049515,28,4976.533224
3.200866,35,4976.918224
-1.427406,47,4977.434858
-12.843906,56,4978.045317
2.904818,45,4978.54367
1.596237,38,4978.956578
-6.843333,55,4979.614851
7.778297,21,4979.843247
5.678404,29,4980.159685
-4.902445,133,4981.608755
-3.301774,50,4982.152317
-0.079661,41,4982.598138
-0.456222,44,4983.077869
3.44647,34,4983.446821
4.119863,43,4983.922587
0.655885,42,4984.381058
2.962485,36,4984.772786
-1.942067,47,4985.286427
-2.569547,86,4986.222477
-0.459634,45,4986.714833
6.654331,24,4986.975139
2.700815,54,4987.563796
1.640371,54,4988.153754
-1.725949,51,4988.709291
-5.520871,59,4989.366364
5.19273,28,4989.670531
-0.58265,41,4990.119763
0.682355,39,4990.544677
2.094055,45,4991.036762
-2.494334,54,4991.626325
-4.980186,57,4992.249776
-1.062568,51,4992.806306
5.135707,29,4993.120443
1.3463,43,4993.592028
-1.355046,44,4994.08065
2.255685,39,4994.50658
7.549804,22,4994.745965
0.697936,39,4995.171277
-1.810881,51,4995.72737
-0.998126,43,4996.19485
0.161853,40,4996.635133
4.111877,49,4997.173699
-11.771407,167,4998.994191
5.783281,27,4999.290148
-4.180295,48,4999.821074
-4.264418,135,5001.305236
-3.343322,48,5001.880838
5.512927,29,5002.204013
-3.559748,86,5003.183283
-16.742904,70,5003.98482
-0.394613,49,5004.548609
0.02012,58,5005.210884
-2.183833,45,5005.720872
6.430406,26,5006.015123
-1.255683,46,5006.54572
6.035564,27,5006.857056
-3.2489,48,5007.407595
2.797378,34,5007.795543
-15.364378,82,5008.724987
1.160161,42,5009.199104
-6.640111,53,5009.803065
-3.58915,48,5010.352623
3.608141,34,5010.745527
1.324026,39,5011.197301
-5.700579,52,5011.802166
2.752823,64,5012.533308
0.354656,42,5013.014169
-15.781161,199,5015.344213
1.238313,44,5015.84788
-4.531718,49,5016.409936
-0.592301,42,5016.902568
3.920226,33,5017.278578
-0.784366,43,5017.774426
4.097104,33,5018.156813
-1.677376,46,5018.685306
2.336034,51,5019.267876
0.267019,42,5019.747574
1.689228,74,5020.585278
-7.76184,98,5021.715172
3.451306,39,5022.157034
-0.105959,46,5022.67838
-12.082186,119,5024.029745
3.646734,36,5024.435339
-0.28058,42,5024.910414
7.241747,22,5025.165431
-4.266913,49,5025.727438
-1.27066,43,5026.216241
4.303622,41,5026.738832
-0.126254,42,5027.217566
1.152413,44,5027.719049
-1.356671,61,5028.42107
1.428737,38,5028.859114
-34.203074,112,5031.274464
5.014927,44,5031.755193
7.341647,41,5032.210958
-3.373862,110,5033.414462
4.42557,32,5033.762906
1.230706,40,5034.20274
-3.349294,51,5034.768405
0.185163,58,5035.409009
-3.494886,79,5036.271132
3.040089,37,5036.681047
5.518678,40,5037.116214
6.57429,25,5037.387525
-9.087203,96,5038.447566
6.805868,25,5038.718848
1.107888,39,5039.20498
0.739028,41,5039.651848
-7.026551,55,5040.251161
-5.162968,73,5041.051663
-4.225563,59,5041.694492
-10.861347,113,5042.929757
-0.100315,44,5043.413963
2.229172,62,5044.092856
-6.110123,118,5045.394551
-15.231881,91,5046.386565
1.177241,41,5046.835377
0.677535,42,5047.292169
-0.541921,42,5047.750213
-1.512844,49,5048.289896
4.045355,32,5048.637197
2.511135,44,5049.119918
0.206083,119,5050.427825
6.661873,24,5050.691513
-5.180712,54,5051.301172
4.72015,31,5051.642298
5.422534,30,5051.976087
-2.231971,106,5053.142307
-5.581036,59,5053.793204
-14.576501,247,5056.506486
-0.332439,41,5056.952616
5.590951,27,5057.2498
-10.409322,137,5058.810776
7.161559,36,5059.206887
-1.283673,49,5059.772364
-6.84612,55,5060.393719
-5.205407,52,5060.992681
-5.071061,102,5062.152893
-6.425173,56,5062.794655
-5.138484,51,5063.373069
2.192151,36,5063.784008
-3.560268,65,5064.530043
-1.033136,44,5065.031445
-4.472318,129,5066.50918
1.119331,39,5066.97223
6.062879,26,5067.270468
3.178156,33,5067.651429
5.809184,26,5067.946132
-3.993754,55,5068.570869
5.795458,28,5068.892157
1.893537,39,5069.337308
2.756608,40,5069.797086
1.212625,70,5070.598938
6.317025,25,5070.916069
4.748601,31,5071.308725
5.813212,27,5071.613954
-0.260175,44,5072.121778
-0.52333,45,5072.637455
3.277783,35,5073.034397
-4.342186,90,5074.071636
0.363615,45,5074.582669
-4.789404,108,5075.817644
-18.22546,66,5076.566719
6.757923,23,5076.827029
7.225061,33,5077.213652
5.998108,26,5077.511859
7.126574,34,5077.901829
4.337451,44,5078.410502
-4.549043,57,5079.061773
3.020375,64,5079.794576
-2.350391,95,5080.886393
-1.811907,48,5081.436492
0.898695,39,5081.879317
5.267884,60,5082.571452
-0.98036,47,5083.112321
-6.440607,54,5083.798091
0.719066,41,5084.269841
-2.810481,46,5084.798738
0.81438,47,5085.335796
-1.658601,44,5085.834705
7.51148,22,5086.092051
-2.291735,47,5086.6284
0.328059,56,5088.075217
-5.773956,62,5088.750426
-17.461017,64,5089.457289
-5.818573,111,5090.677075
5.678469,28,5090.982571
-3.656828,54,5091.574998
0.310723,43,5092.043105
-5.96827,108,5093.234234
2.737063,36,5093.623777
0.685195,44,5094.102349
-30.49174,399,5098.537041
-0.382349,42,5098.994575
-2.697408,46,5099.50523
-0.019069,42,5099.968027
-1.968084,47,5100.482695
4.149856,31,5100.821662
0.406536,41,5101.270502
7.657575,20,5101.488476
2.620877,77,5102.329621
-0.27707,42,5102.786686
-3.276434,47,5103.300324
2.775456,35,5103.680456
1.503076,43,5104.165212
4.979389,29,5104.489334
-18.019437,76,5105.322578
7.325067,22,5105.567923
-3.953076,95,5106.60403
-1.301668,78,5107.456813
-8.659225,135,5108.93018
5.902563,28,5109.236635
6.524811,25,5109.571714
-3.929318,91,5110.56499
-17.780495,225,5113.032548
-3.860059,91,5114.025914
0.250534,42,5114.483147
1.38702,41,5114.932375
3.471376,72,5115.717324
-2.236985,86,5116.660209
0.772963,39,5117.084325
-0.198658,41,5117.532276
-11.126509,136,5119.010549
-1.136362,44,5119.489278
-3.091724,47,5120.008353
1.39345,39,5120.432872
-0.248888,45,5120.924567
-14.379584,88,5121.937848
-1.197323,44,5122.418602
-0.88794,96,5123.46415
-8.578146,149,5125.090044
5.028235,30,5125.416183
3.569211,34,5125.78919
2.231855,36,5126.179586
0.478023,40,5126.627132
-11.062332,193,5128.730853
3.660518,43,5129.200606
-10.127914,132,5130.644134
-0.748763,43,5131.112549
1.94781,37,5131.51847
0.056583,41,5131.966161
0.983303,38,5132.381548
-0.958577,50,5132.923898
-0.623793,42,5133.381653
3.027052,35,5133.772186
0.638983,50,5134.367603
-0.282526,43,5134.867081
5.388467,30,5135.209171
4.079723,33,5135.590136
2.155308,37,5136.010026
-2.445631,47,5136.550009
-1.998279,46,5137.076167
1.559878,42,5137.554234
-3.383661,88,5138.569714
0.744552,43,5139.073751
4.486084,30,5139.414844
6.698011,29,5139.746065
-0.143001,46,5140.278468
-2.578222,46,5140.810642
7.397901,35,5141.214567
3.412039,36,5141.624346
2.633389,56,5142.267637
-0.421266,51,5142.850925
-1.616062,50,5144.271182
4.530709,31,5144.62953
7.205014,23,5144.879837
5.408793,28,5145.185056
-2.724705,52,5145.749558
-0.580065,42,5146.208313
6.311705,25,5146.481587
0.488864,42,5146.942283
0.33184,51,5147.497863
1.824653,41,5147.946831
3.749627,45,5148.440785
-0.20082,46,5148.946449
-3.210693,48,5149.471265
1.319259,41,5149.918125
1.081935,41,5150.368928
-2.407278,47,5150.882931
0.706535,41,5151.328328
-3.79086,101,5152.430037
6.435124,48,5152.957853
0.565238,39,5153.38581
4.441119,30,5153.711887
-1.214551,43,5154.188201
1.748524,41,5154.638008
-2.620414,48,5155.172477
1.996266,41,5155.618605
-2.786911,50,5156.163132
-0.880967,71,5156.938495
1.206004,41,5157.441263
0.720387,42,5157.902408
5.21885,30,5158.230573
-1.164406,43,5158.696585
-3.004865,81,5159.592508
-1.31869,64,5160.291304
-4.037103,51,5160.850427
0.78015,40,5161.29226
-2.22798,98,5162.368176
0.868761,39,5162.792051
-1.432493,46,5163.298707
3.070796,35,5163.678694
-2.045837,48,5164.203278
-0.752443,45,5164.700987
6.976045,23,5164.9603
4.580407,52,5165.527596
-9.953951,167,5167.358895
-20.002372,81,5168.240558
6.56249,25,5168.514176
1.022405,66,5169.233598
3.679193,34,5169.662987
3.872745,32,5170.011061
-4.615087,51,5170.566222
5.087219,40,5171.005087
-0.489945,57,5171.63634
0.065893,48,5172.162336
-4.551237,95,5173.201896
1.883202,37,5173.609858
2.716139,38,5174.027162
2.912689,34,5174.398206
-4.443832,52,5174.963718
-2.182948,52,5175.536747
-15.588779,189,5177.605416
-2.996809,47,5178.117691
-0.869606,48,5178.647596
4.04351,31,5178.98505
-3.05836,51,5179.544565
5.4365,29,5179.85976
6.691327,24,5180.122832
0.688596,75,5180.946509
0.561721,42,5181.411084
-0.743618,41,5181.856901
-0.562547,45,5182.347565
3.219134,36,5182.739648
2.94376,38,5183.169504
2.410498,54,5183.757175
-0.433194,43,5184.227336
0.626342,40,5184.662807
0.253614,42,5185.121593
0.527226,42,5185.582691
3.679822,33,5185.947409
-4.442172,51,5186.50219
-1.304538,68,5187.248323
-1.232681,44,5187.731449
4.295301,31,5188.078937
-2.618598,52,5188.649423
-9.807169,136,5190.1314
4.266802,32,5190.482876
2.527781,41,5190.933466
-4.975614,57,5191.552823
-2.324474,47,5192.064913
4.907582,31,5192.404012
3.083218,37,5192.874934
-13.553287,145,5194.459468
2.82387,35,5194.849815
-1.546291,47,5195.361457
-4.36313,109,5196.553499
-1.284129,48,5197.081344
-2.474311,46,5197.582094
0.694007,40,5198.018196
6.744525,23,5198.272562
0.653902,40,5198.708407
6.177622,44,5200.188917
2.507083,35,5200.573895
-1.856478,45,5201.076491
-0.81501,44,5201.556217
-2.017867,45,5202.048599
0.463421,41,5202.496634
-3.83987,86,5203.433262
3.096352,36,5203.827286
4.627316,37,5204.228322
-0.964677,46,5204.728293
-0.39132,44,5205.253423
-0.972076,44,5205.733065
1.135896,38,5206.17958
0.919216,45,5206.691247
-2.969046,50,5207.27083
3.155645,34,5207.65484
0.341651,40,5208.111623
3.831131,33,5208.488124
5.519265,63,5209.215341
-2.347842,48,5209.763036
1.296844,43,5210.25643
4.00613,35,5210.65438
2.451549,39,5211.107176
-6.733531,58,5211.764112
4.774794,37,5212.188017
4.563268,32,5212.553258
-3.743086,57,5213.213525
5.15934,30,5213.557616
0.539119,40,5214.015916
-3.598347,49,5214.587371
-13.850218,225,5217.175436
-2.51057,45,5217.745437
6.49303,24,5218.023728
-0.313373,43,5218.513518
3.018719,38,5218.95036
6.579119,42,5219.434076
6.934754,24,5219.711485
-12.297435,164,5221.594052
-0.775811,48,5222.143759
1.41393,40,5222.59789
6.779545,23,5222.859203
-11.744209,63,5223.588267
3.391214,36,5224.008325
-8.772659,136,5225.56602
-3.748198,47,5226.105579
-16.258998,69,5226.891975
-1.328579,52,5227.485363
0.785413,44,5227.989747
0.999342,71,5228.811472
4.080889,32,5229.175474
4.565686,30,5229.572394
5.899382,28,5229.896344
-1.271249,44,5230.406865
0.015772,99,5231.540524
3.377014,33,5231.921513
-3.645368,49,5232.486208
2.223737,37,5232.910875
6.586208,24,5233.18415
-12.754021,70,5233.983095
0.617362,43,5234.473796
-4.387517,50,5235.04247
-1.888661,51,5235.623294
7.398687,21,5235.867458
1.114286,40,5236.323813
1.19825,45,5236.837466
-8.53088,126,5238.293966
1.815698,38,5238.730807
5.892014,27,5239.041595
6.637376,23,5239.301934
7.976855,19,5239.517363
2.9398,35,5239.917277
-0.966252,49,5240.472239
-0.321747,45,5240.992052
0.249408,43,5241.488736
-4.045125,111,5242.75654
-1.159227,46,5243.280778
3.749634,54,5243.907019
-2.732487,46,5244.435957
-0.63191,42,5244.915952
-12.428067,137,5246.492566
-11.948825,137,5248.057234
2.027943,65,5248.802722
-0.170174,42,5249.286912
5.366637,28,5249.605112
4.721761,30,5249.948442
-1.90177,46,5250.47701
6.998941,23,5250.738499
6.226063,26,5251.036597
3.409804,33,5251.414645
7.142885,22,5251.667321
7.463219,20,5251.89567
-2.633872,52,5252.489362
-2.434381,46,5253.072901
-2.939175,50,5253.640368
-2.783737,49,5254.204945
0.451926,39,5254.656587
0.204847,41,5255.121782
-0.525487,45,5255.636685
3.262694,33,5256.012651
5.981459,27,5256.316842
-20.060596,119,5258.612921
2.74321,59,5259.259178
2.16918,39,5259.692037
-3.046031,52,5260.257558
-17.260366,68,5260.998197
-2.439722,49,5261.532779
3.180706,36,5261.925973
-1.578061,49,5262.458092
4.978542,30,5262.784224
5.267829,31,5263.121443
-0.312418,41,5263.568576
-1.145274,117,5264.845848
3.788896,34,5265.27867
-2.651103,48,5265.805407
-0.855221,45,5266.295594
4.989392,31,5266.633694
2.768112,41,5267.084199
0.398354,40,5267.519852
-0.227131,42,5267.976252
5.957584,27,5268.272502
-13.123531,147,5269.875169
4.027577,31,5270.212323
3.760949,33,5270.57835
-3.747809,88,5271.535037
-0.53495,43,5272.003746
-6.373805,55,5272.605148
6.50346,41,5273.052963
-0.33244,45,5273.550927
4.106901,33,5273.918398
-8.190389,128,5275.318736
2.012512,37,5275.720692
-1.979293,103,5276.841732
-20.601315,75,5277.72174
-17.109669,238,5280.444295
-14.949802,71,5281.254147
2.96828,34,5281.647104
-1.327227,58,5282.315034
-19.584803,78,5283.202288
-18.566335,79,5284.10009
2.035572,68,5284.880007
2.413019,40,5285.335265
-3.315053,47,5285.872344
-1.571454,90,5286.911773
-2.615358,47,5287.45736
-11.886293,156,5289.247726
6.10874,25,5289.537256
-4.06727,51,5290.163192
2.515378,39,5290.614993
-5.759988,136,5292.17292
4.516001,30,5292.518006
-6.474115,56,5293.162786
-14.24409,60,5293.842728
6.612804,25,5294.139939
5.66543,27,5294.451247
-1.641471,46,5294.976836
-3.579119,54,5295.593413
0.594443,41,5296.063468
0.023517,40,5296.524634
2.254442,41,5296.995496
-0.416661,43,5297.491545
5.563011,28,5297.81019
-0.198462,74,5298.657634
-2.796237,77,5299.553258
4.351677,32,5299.92091
-14.870285,182,5301.994396
-1.664434,47,5302.530569
-3.149151,52,5303.123759
-2.499721,47,5303.660816
-0.33177,87,5304.650653
3.953067,32,5305.014529
-2.089989,45,5305.528163
0.951851,38,5305.960014
-2.755667,45,5306.48178
-0.72156,42,5306.959514
-5.505243,53,5307.564056
6.131424,25,5307.851295
-0.181561,47,5308.393364
-0.01792,52,5308.987787
6.432811,44,5309.491452
0.212788,44,5309.993122
0.008825,42,5310.471961
-3.820204,54,5311.099326
-4.077999,63,5311.827433
-2.102323,49,5312.384868
-18.666204,68,5313.202301
-0.467759,48,5313.760812
-0.039031,52,5314.359225
-1.661232,89,5316.59846
3.81734,32,5316.944922
5.569101,28,5317.254259
-3.309455,54,5317.842985
6.223024,30,5318.171116
-24.26066,239,5320.791523
6.395007,25,5321.064058
3.852361,35,5321.448009
2.585004,37,5321.85139
-10.482078,145,5323.431545
1.131461,39,5323.856447
5.08678,29,5324.171014
0.737314,39,5324.595887
5.745417,59,5325.245058
4.776022,30,5325.572326
4.6382,29,5325.951321
3.788246,34,5326.33031
-1.402177,47,5326.869773
0.655456,40,5327.332069
5.121963,29,5327.664218
-3.180709,55,5328.290557
4.910977,32,5328.655549
-13.800049,175,5330.665825
1.21964,44,5331.164502
-0.669138,41,5331.639825
5.249251,28,5331.964962
5.922708,46,5332.487636
3.198983,59,5333.163362
-1.549879,51,5333.750151
1.884269,42,5334.232732
-0.05301,41,5334.70782
5.842249,27,5335.021986
0.105392,42,5335.498722
0.80383,43,5335.989453
-0.29053,75,5336.840594
-2.891533,48,5337.398114
-2.225801,45,5337.911738
0.923713,72,5338.74886
2.919485,46,5339.274025
6.198946,26,5339.572758
5.578684,28,5339.896926
5.382035,30,5340.239294
-7.354822,57,5340.892725
2.012895,38,5341.326604
5.697375,29,5341.662712
0.094282,50,5342.241848
0.399246,76,5343.11267
-3.137915,54,5343.734027
5.830233,26,5344.030239
3.44237,49,5344.595406
5.094336,28,5344.919028
5.2594,29,5345.254805
5.074459,30,5345.593907
-1.189234,47,5346.132287
-0.636976,42,5346.609023
0.363128,50,5347.193638
-7.727273,170,5349.18888
0.409472,45,5349.704513
5.371989,30,5350.043687
6.39829,25,5350.329925
-4.900152,52,5350.928915
0.848027,43,5351.427841
0.574394,39,5351.872211
-2.961631,47,5352.414146
3.92009,36,5352.81949
4.639956,30,5353.169839
6.787153,40,5353.631613
-1.986982,47,5354.164878
2.886996,40,5354.628179
4.617431,30,5354.982057
6.015819,26,5355.274409
2.481217,35,5355.675705
5.490067,47,5356.219311
5.861495,39,5356.66882
4.39511,34,5357.055152
4.921216,30,5357.406821
-3.750571,51,5357.991996
-0.473745,54,5358.607038
6.304526,26,5358.903251
-4.930676,89,5359.917936
1.392824,38,5360.355934
0.812897,43,5360.895502
-1.394903,55,5361.526901
-2.848137,47,5362.065475
-0.692094,48,5362.621565
-5.989228,95,5363.710972
-1.714188,45,5364.224741
2.037952,54,5364.838114
4.278195,64,5365.569213
7.410173,34,5365.964132
-4.575411,58,5366.628399
1.993738,46,5367.155525
-2.230313,45,5367.673285
7.776677,19,5367.890355
4.137006,32,5368.259406
-4.035745,163,5370.131531
0.290959,79,5371.033409
5.048477,28,5371.352534
4.445368,32,5371.716597
-3.47801,55,5372.342705
-9.593814,82,5374.245278
-1.978449,45,5374.736839
4.763049,33,5375.095917
-12.914741,62,5375.770095
0.603466,45,5376.257888
0.864165,45,5376.761796
-15.607121,162,5378.537046
4.507736,32,5378.885152
6.082813,27,5379.179371
-0.653737,42,5379.635164
-2.039228,44,5380.116856
-5.338257,52,5380.682386
-2.151315,79,5381.543736
1.133297,40,5381.982877
1.981409,40,5382.419929
-3.198059,54,5383.031411
-3.805244,49,5383.59688
2.092025,40,5384.052701
-3.669259,53,5384.660264
-1.26029,43,5385.153745
-5.647286,92,5386.261373
-1.983634,48,5386.811942
0.619466,39,5387.256902
-1.825698,51,5387.840335
2.956735,36,5388.251791
-1.285325,83,5389.209989
-1.13523,76,5390.08315
-1.53057,45,5390.604833
5.071306,30,5390.945933
2.217634,37,5391.366783
-3.503064,53,5391.973389
-0.298384,43,5392.466682
6.954696,35,5392.867263
-6.103814,56,5393.514445
1.721583,40,5393.968211
0.004879,46,5394.50357
5.350299,41,5394.985311
2.288903,38,5395.425155
0.100577,41,5395.895771
3.423056,34,5396.282709
-3.115487,89,5397.297509
5.998281,26,5397.598872
-1.523512,46,5398.124344
5.899997,26,5398.422583
-1.659892,50,5398.992072
2.17053,40,5399.456141
-2.705152,48,5400.002993
2.793748,37,5400.431885
-0.22615,42,5400.910933
-3.601836,52,5401.507914
-2.876112,54,5402.132234
0.169306,83,5403.076549
-3.682479,49,5403.629668
1.296077,44,5404.132335
-13.369884,57,5404.833445
6.180095,25,5405.135675
-1.81305,46,5405.661928
-1.18492,49,5406.223439
1.856631,66,5406.979057
7.017882,23,5407.239369
-14.328643,57,5407.889523
-0.593469,135,5409.446633
-3.686469,57,5410.099903
2.772331,39,5410.547103
-4.064816,111,5411.821153
4.588085,34,5412.215429
-21.729544,81,5413.141353
-13.085319,58,5413.799489
4.776882,31,5414.155545
-4.462055,51,5414.741072
-13.57213,59,5415.413919
-26.445541,283,5418.727022
1.293104,41,5419.194811
6.662387,25,5419.484426
0.958165,38,5419.918278
-8.317572,131,5421.422323
-6.729283,94,5422.50145
0.895812,59,5423.182601
2.816567,35,5423.584944
-13.1845,59,5424.258312
-16.542693,60,5424.943497
1.921229,37,5425.36737
2.714049,38,5425.799224
3.100175,35,5426.196418
1.565907,41,5426.669539
-1.870751,59,5427.355592
5.509027,55,5427.985272
-1.961909,53,5428.592542
-0.917133,60,5429.277886
-14.001498,59,5430.011989
-1.724924,43,5430.503656
-6.307681,76,5432.380406
2.243355,37,5432.7838
-2.712996,52,5433.350328
5.21285,31,5433.689702
-5.528515,124,5435.061092
4.490041,55,5435.662023
2.114835,40,5436.102126
-0.361729,45,5436.592188
-21.569024,94,5437.615516
1.993121,63,5438.304056
1.328649,81,5439.192056
-3.211924,51,5439.747382
1.183463,39,5440.175249
5.942609,26,5440.463441
2.825055,85,5441.396965
1.286567,46,5441.937457
-3.061021,85,5442.88093
-1.145883,47,5443.393568
-12.083285,157,5445.116293
-19.460139,63,5445.810723
-3.758274,52,5446.377217
0.206141,45,5446.869821
1.940648,38,5447.286537
5.164303,28,5447.595653
6.699155,24,5447.868066
3.482682,33,5448.227365
1.392961,50,5448.774528
-3.932221,48,5449.304126
0.157029,44,5449.782527
3.09775,42,5450.243305
-7.328932,106,5451.396815
1.390561,56,5452.009192
3.855408,46,5452.510479
2.338065,38,5452.926379
-17.550345,64,5453.627119
1.685263,41,5454.072942
6.14819,26,5454.37011
-3.96736,48,5454.946608
-3.894445,63,5455.634387
-2.733651,53,5456.214514
4.091152,92,5457.216702
0.011761,54,5457.806109
1.98733,39,5458.231113
-0.195894,43,5458.699899
-3.290754,46,5459.207964
-2.697143,48,5459.735573
1.427025,39,5460.160417
-6.087643,146,5461.754093
-5.428486,65,5462.466283
2.52105,43,5462.935092
-6.037531,150,5464.573884
6.458187,26,5464.857131
4.963733,29,5465.173293
1.073838,114,5466.423813
0.613024,44,5466.912089
6.31035,25,5467.184338
6.56856,26,5467.467028
-4.700161,126,5468.903569
4.791051,32,5469.257617
-19.068895,75,5470.114546
0.962276,55,5470.748024
-3.88575,83,5471.720447
-10.198775,135,5473.271348
6.176431,42,5473.754096
-0.640289,42,5474.244729
-4.098534,55,5474.874836
-5.547449,106,5476.092577
1.211499,40,5476.546374
7.026414,22,5476.803929
5.070499,30,5477.144709
-4.354751,49,5477.706386
-0.105055,43,5478.19496
6.151354,31,5478.553227
-2.280982,48,5479.105034
0.910064,44,5479.615068
-3.722062,58,5480.281578
0.11548,43,5480.770621
-15.125866,186,5482.967487
-5.066959,140,5484.571397
-3.188733,64,5485.299839
0.665626,43,5485.791962
-3.437794,48,5486.347061
1.066959,69,5487.13938
-3.273402,47,5487.682197
-7.515481,64,5489.310602
6.457531,65,5490.022543
6.767436,41,5490.4684
4.865605,30,5490.795158
-1.312615,45,5491.287485
-1.163561,43,5491.757627
-2.044398,47,5492.272835
-8.518285,131,5493.714759
-18.025588,75,5494.529017
1.310997,39,5494.953385
-1.478997,51,5495.518234
0.098244,95,5496.562542
0.853457,44,5497.042635
-3.211807,46,5497.540809
-0.461418,45,5498.037144
-1.976167,52,5498.603518
3.890872,35,5498.983481
-3.682642,59,5499.627801
0.288705,45,5500.117118
-2.024533,58,5500.746448
-4.60948,63,5501.439364
1.817806,39,5501.867023
-2.718831,64,5502.566621
2.375427,36,5502.956535
-0.135611,43,5503.425224
-4.458817,55,5504.027653
5.048091,39,5504.507378
-2.215097,107,5505.677774
-17.922058,83,5506.579776
2.91272,35,5506.960737
6.714054,24,5507.233043
3.927567,35,5507.615347
0.896752,39,5508.040528
1.764894,40,5508.477367
-2.982418,62,5509.15015
0.300253,87,5510.102825
-3.303861,53,5510.685589
-2.491335,46,5511.187259
1.788991,41,5511.636682
2.98467,34,5512.013706
-1.276011,43,5512.48851
-2.362781,46,5512.986503
7.311181,22,5513.229858
-5.869419,53,5513.808294
1.634834,47,5514.329439
-1.005593,48,5514.850029
0.201792,44,5515.334274
3.547795,35,5515.714266
-1.541877,56,5516.331008
5.471045,29,5516.647175
3.156116,36,5517.09698
1.28386,38,5517.514075
-9.019976,140,5519.044119
7.272405,23,5519.29308
2.607479,36,5519.692022
1.310917,46,5520.192694
-10.236551,146,5521.798386
0.750114,41,5522.244174
1.278616,40,5522.679021
5.742151,31,5523.03308
-2.156289,49,5523.57836
-1.286896,43,5524.04687
2.617106,39,5524.471743
4.826859,41,5524.921236
-2.911229,47,5525.435292
5.670902,27,5525.728516
0.096021,41,5526.174377
5.574367,28,5526.482636
1.615384,39,5526.90923
0.912921,40,5527.345941
-16.886225,70,5528.11972
-4.260346,55,5528.718127
1.51632,43,5529.243731
-10.243705,139,5530.76398
-18.409752,68,5531.506024
-9.893376,181,5533.486994
-2.178508,45,5533.97569
-9.755834,164,5535.773121
4.848615,30,5536.099254
-0.408067,45,5536.591923
-36.014227,486,5541.954376
-7.498463,135,5543.434219
-11.236715,126,5545.500102
4.079934,31,5545.837236
-0.073598,45,5546.330916
-2.264612,47,5546.845756
0.702623,49,5547.381398
-0.758891,46,5547.890895
-8.554321,101,5548.992475
2.723925,89,5549.964896
-14.435775,227,5552.505272
6.612744,39,5552.932213
6.113295,25,5553.208481
5.489376,28,5553.510676
-0.738806,50,5554.054458
-1.687277,53,5554.636895
-1.167274,45,5555.126596
5.26449,41,5555.575369
-1.960083,44,5556.052883
4.091211,37,5556.462735
7.470411,22,5556.710515
-3.474749,104,5557.849416
1.414916,40,5558.287491
3.038932,35,5558.669995
-0.459454,46,5559.170827
6.591525,25,5559.445127
2.920731,44,5559.92785
-4.069973,49,5560.465252
-3.382681,56,5561.078624
5.783956,28,5561.383801
-1.474443,51,5561.947305
-0.458703,43,5562.417033
-12.034705,72,5563.201577
-2.567642,46,5563.702894
-0.767921,47,5564.217426
-5.136002,59,5564.920487
1.148248,44,5565.400994
2.116858,39,5565.824867
-9.64058,64,5566.527972
6.689895,24,5566.789279
-3.368137,64,5567.499896
7.367836,21,5567.729598
-19.218649,72,5568.518014
4.595524,31,5568.854119
0.658987,40,5569.289966
-1.089503,43,5569.761716
4.23052,32,5570.117774
-0.865007,48,5570.645508
-1.260099,45,5571.135674
-8.779303,118,5572.428234
-1.01919,104,5573.568291
2.082108,44,5574.047942
1.581983,40,5574.483817
5.366273,30,5574.811944
-0.971383,42,5575.272721
5.738045,27,5575.567967
0.294687,42,5576.023849
0.485381,45,5576.512558
1.23254,37,5576.916482
1.258312,41,5577.421871
-2.385665,54,5578.017901
1.902678,70,5578.780478
-4.132928,51,5579.335761
-6.906905,90,5580.319417
6.231074,27,5580.615148
4.600116,30,5580.943278
-0.816408,46,5581.445835
-9.725147,58,5582.077533
4.304858,34,5582.446868
-2.340466,99,5583.52815
6.236201,25,5583.807335
6.066067,26,5584.093897
-1.602288,98,5585.214376
-1.266677,45,5585.725054
-2.498102,50,5586.297202
-2.619748,52,5586.89365
4.869127,31,5587.253694
-2.146622,86,5588.244098
3.759606,33,5588.623018
1.889832,41,5589.08961
6.07286,26,5589.391847
3.703789,32,5589.762862
-5.215357,50,5590.340431
1.64708,39,5590.787371
7.433269,22,5591.035895
1.123603,67,5591.865089
0.477085,46,5592.39409
-12.659096,76,5593.259261
2.291772,36,5593.66766
5.589056,29,5594.000748
-2.604368,118,5595.35261
-0.774547,52,5595.943043
6.670546,23,5596.205352
-0.689594,44,5596.711051
0.267851,46,5597.242167
-1.553095,113,5598.541416
-1.4519,45,5599.053054
2.177483,36,5599.469779
-42.647232,325,5604.243798
6.035605,26,5604.581225
-3.012376,112,5605.809942
-2.610217,48,5606.336565
-0.206524,41,5606.786235
-1.788359,44,5607.263996
6.771198,36,5607.659271
2.421234,37,5608.065194
0.1419,41,5608.511835
-2.239546,47,5609.024473
5.261963,30,5609.351949
6.67423,38,5609.767271
1.349567,40,5610.209719
3.356934,36,5610.599293
-3.082854,47,5611.111966
-3.755915,113,5612.345093
6.299929,25,5612.617412
-1.303215,43,5613.085044
-6.470953,55,5613.682502
0.214114,44,5614.159236
1.085994,40,5614.598072
-19.453433,74,5615.406329
-1.101767,46,5615.916975
4.587231,31,5616.254344
1.793157,42,5616.734042
0.894767,72,5617.560028
-2.342982,47,5618.077496
-3.36612,47,5618.592262
-3.57402,47,5619.110041
-1.572543,45,5619.59778
-3.767429,48,5620.120665
4.766314,30,5620.447647
0.036448,43,5620.92567
2.329978,35,5621.30758
-2.995991,53,5621.88807
4.964307,44,5622.369143
0.89869,43,5622.839324
3.105366,36,5623.235275
-0.040419,44,5623.721185
7.123391,24,5623.98449
5.208714,29,5624.300621
-19.759406,68,5625.043225
3.729019,32,5625.403949
-3.984884,58,5626.03527
4.300804,32,5626.38561
-4.505388,49,5626.935311
-5.033531,52,5627.522072
5.4004,29,5627.847239
4.483247,32,5628.207283
4.373706,33,5628.592101
6.035745,26,5628.9053
-0.558812,45,5629.489606
-4.90535,50,5630.095998
3.890051,34,5630.506413
0.235369,62,5631.23773
5.763856,28,5631.563841
-1.186244,43,5632.076408
0.869447,41,5632.556447
4.016873,32,5632.931575
4.518013,33,5633.332586
2.373083,68,5634.132873
1.171775,39,5634.580803
0.973715,73,5635.435094
2.761195,39,5635.88602
-7.375677,94,5636.988972
5.98959,26,5637.309123
-4.421692,67,5638.097032
0.863458,40,5638.557719
3.219417,33,5638.950706
1.575262,38,5639.388542
-1.164229,43,5639.894202
1.457651,39,5640.347969
-1.132622,45,5640.881156
-2.571375,55,5641.537162
0.383281,42,5642.107648
6.122412,26,5642.409846
4.499121,33,5642.795823
1.631371,62,5643.52807
1.467684,39,5643.978876
5.558145,28,5644.31812
3.679539,35,5644.74399
-8.036863,57,5645.420196
4.317999,33,5645.826121
-1.347562,44,5646.342988
1.495358,38,5646.800438
-12.821948,130,5648.340369
4.377288,31,5648.709592
-18.951209,72,5649.553485
1.253376,42,5650.042791
-0.626273,48,5650.60829
-2.479973,46,5651.159784
-3.696311,121,5652.570451
3.653581,35,5653.016278
-19.232815,76,5653.922873
-3.517793,57,5654.60706
1.98537,37,5655.0439
-0.244177,42,5655.531607
-0.128556,44,5656.052253
-4.403026,53,5656.660639
-3.469488,47,5657.227108
6.53563,25,5657.523322
-3.196379,69,5658.359105
0.3253,42,5659.736188
-0.688998,47,5660.27788
2.79734,40,5660.791491
-0.227947,43,5661.313106
-0.169195,96,5662.414101
5.979298,44,5662.920757
-2.168211,49,5663.501049
-3.287981,66,5664.297014
2.734908,69,5665.106865
6.521677,24,5665.398766
6.490497,24,5665.695978
5.944801,27,5666.011142
5.909489,26,5666.321349
2.495175,40,5666.801153
-0.918141,42,5667.289286
3.588724,69,5668.083979
-2.10548,45,5668.579554
3.3537,33,5668.958549
5.430924,37,5669.376947
2.092415,40,5669.815377
4.912801,42,5670.280963
-8.705788,123,5671.6202
6.250131,26,5671.901455
-13.853675,160,5673.698677
5.680025,27,5673.990905
-0.63193,41,5674.442225
-0.375682,67,5675.174581
6.717572,24,5675.435082
7.15038,25,5675.710176
-2.898229,46,5676.213278
-4.117504,50,5676.765378
5.637297,27,5677.060564
-3.274748,48,5677.584209
-4.099041,51,5678.141726
3.647385,34,5678.511715
-4.365899,50,5679.058299
-2.881381,62,5679.735778
5.117529,42,5680.193375
-2.505689,50,5680.742916
0.756659,39,5681.170042
1.825954,36,5681.56989
-9.015545,159,5683.313537
4.011108,42,5683.78027
3.421152,37,5684.185117
-7.24231,56,5684.795868
0.491571,40,5685.232715
-2.826066,90,5686.26568
0.594526,44,5686.749118
-4.649667,54,5687.337357
1.405071,45,5687.830023
0.04403,41,5688.288629
4.054161,33,5688.648015
-3.247927,46,5689.150927
0.214963,44,5689.62866
1.39851,39,5690.053536
-28.602179,354,5693.916259
-0.527036,47,5694.427903
-5.496554,60,5695.084249
0.674764,40,5695.522245
-11.073652,204,5697.748879
5.225687,43,5698.288444
-2.261412,120,5699.638578
4.864498,29,5699.972634
-4.812745,50,5700.545459
5.902322,39,5700.997263
-0.192568,43,5701.491026
2.922563,35,5701.888274
-0.448798,45,5702.407931
1.364574,39,5702.856741
6.589134,41,5703.322508
5.208549,30,5703.674574
-0.73382,43,5704.16923
-1.741234,51,5704.751685
5.06875,28,5705.07201
3.800416,38,5705.50885
2.464604,41,5705.978388
4.404608,33,5706.36356
1.490744,47,5706.907016
-14.692919,71,5707.719628
-9.657392,110,5708.977221
1.316552,38,5709.424055
-7.365481,119,5710.833438
-0.043426,51,5711.41876
4.361607,31,5711.775019
5.664839,28,5712.097163
0.358986,41,5712.572393
4.228419,32,5712.938421
2.839189,35,5713.337364
-2.186438,92,5714.401084
3.861237,44,5714.905034
5.321106,29,5715.250118
-4.808903,80,5717.311735
-4.281304,56,5717.925674
5.712965,27,5718.305593
7.036108,23,5718.573882
-1.83225,44,5719.073608
-2.239443,46,5719.603715
4.256865,31,5719.954629
-4.130122,117,5721.306199
-1.904097,47,5721.846767
-1.562633,47,5722.402293
-4.229222,70,5723.204258
4.863552,29,5723.538372
7.340515,23,5723.803643
-1.155309,45,5724.316871
2.01811,37,5724.749343
-3.102423,63,5725.467834
4.709836,31,5725.825426
7.834681,19,5726.041851
0.259964,41,5726.513216
-0.223381,75,5727.377399
0.544056,41,5727.855102
0.573037,46,5728.384095
2.916487,35,5728.784263
1.310759,38,5729.217307
3.337024,33,5729.593338
6.406062,25,5729.879822
5.32441,29,5730.212659
2.787929,36,5730.621121
4.320074,34,5731.013244
-3.039205,60,5731.722862
-4.196831,66,5732.472109
4.368485,32,5732.840104
2.547174,37,5733.261014
-1.630711,45,5733.826252
5.948477,27,5734.134434
5.899942,26,5734.435034
-4.52131,51,5735.017057
-18.439355,69,5735.821896
0.18718,44,5736.32318
-0.67486,131,5737.832591
2.288575,39,5738.287438
3.981047,68,5739.073446
4.699497,31,5739.426025
-0.552706,109,5740.673707
-3.073072,70,5741.481717
2.696043,36,5741.893625
0.145968,43,5742.387315
-0.665906,44,5742.888987
-0.03493,41,5743.366688
-4.498827,59,5744.047876
-0.267431,48,5744.601408
-4.60949,50,5745.18089
5.804511,27,5745.487047
2.324184,65,5746.289913
-2.183118,45,5746.811151
-1.960504,102,5747.976369
-0.607707,45,5748.492496
-3.668917,49,5749.049034
1.407083,58,5749.719254
-3.724252,54,5750.345239
-0.092297,42,5750.829695
-3.113446,48,5751.390047
2.66431,37,5751.81093
3.109962,35,5752.210012
2.063719,39,5752.655828
2.194425,85,5753.634236
1.306103,41,5754.100283
4.561446,29,5754.42941
6.240652,26,5754.72759
3.116849,35,5755.138656
2.334478,37,5755.55841
-2.267522,45,5756.076038
4.845847,31,5756.429565
-13.551003,150,5758.149725
-6.049479,98,5759.271605
-7.954956,125,5760.695556
3.075893,36,5761.108491
6.218775,37,5761.528377
7.092756,23,5761.793672
5.684216,27,5762.107839
-4.01724,69,5762.898635
3.445761,36,5763.304688
-2.567152,48,5763.854809
-5.302437,59,5764.527027
0.270681,43,5765.021681
5.119259,30,5765.3648
5.54897,28,5765.683953
-1.393083,44,5766.184799
3.125224,36,5766.602051
2.003631,39,5767.056233
-13.96945,172,5769.04643
-1.234717,46,5769.627477
-1.822483,113,5770.922412
-4.85833,114,5772.229613
-2.274923,51,5772.810575
0.589268,41,5773.278334
6.39453,37,5773.701212
6.035455,27,5774.010364
-5.576923,94,5776.037761
3.712832,48,5776.569048
0.198633,42,5777.027828
-0.18125,48,5777.553431
3.85834,32,5777.900512
3.960772,32,5778.249063
2.403206,37,5778.653988
1.939143,37,5779.056087
-0.214946,88,5780.019575
0.309601,42,5780.476364
3.277209,75,5781.293867
-4.942016,50,5781.851869
3.657607,32,5782.203936
3.075223,35,5782.58529
6.492454,24,5782.846884
-7.963399,121,5784.222737
3.288729,36,5784.635197
5.907694,28,5784.952078
-0.51732,118,5786.306734
4.828758,32,5786.676753
4.472999,31,5787.037727
-0.878862,42,5787.527823
4.877688,29,5787.859913
4.409892,31,5788.217316
0.460287,49,5788.784668
-5.537327,57,5789.437451
5.434468,28,5789.762062
1.511339,43,5790.253758
5.672099,28,5790.574769
4.768722,31,5790.926834
1.745812,40,5791.386874
-1.255286,44,5791.897689
-2.897683,46,5792.429136
-0.786995,50,5793.008747
-0.151733,47,5793.545305
0.665568,44,5794.04797
4.617052,29,5794.378094
-3.73928,101,5795.532984
-5.66495,54,5796.198862
-3.515591,47,5796.750429
0.494312,40,5797.205259
-1.509208,46,5797.742205
-9.515119,101,5798.897398
-2.816094,51,5799.480908
-2.129586,46,5800.003521
2.309683,52,5800.596947
-1.436965,51,5801.176898
-4.167692,69,5801.971464
-1.170481,98,5803.094517
-1.084501,51,5803.67597
-5.856718,130,5805.15677
-3.822147,73,5806.002986
5.667225,27,5806.311505
-5.141371,70,5807.113404
4.956681,29,5807.444495
5.935829,26,5807.738745
3.52795,36,5808.148039
-2.646225,149,5809.8999
-9.311016,167,5811.80365
2.056236,39,5812.24846
3.499078,35,5812.653647
1.61088,43,5813.156607
3.576769,36,5813.564693
2.104071,37,5813.984581
1.886834,42,5814.468261
-2.265789,48,5815.026127
6.9691,23,5815.294129
4.729305,33,5815.667666
-4.708294,112,5816.949421
2.60991,38,5817.388394
3.926181,33,5817.771407
5.964868,35,5818.180325
-5.235716,56,5818.822847
0.587709,45,5819.348453
4.411923,31,5819.702969
4.244389,33,5820.083462
-4.899566,52,5820.672372
-3.313766,51,5821.269825
0.408805,46,5821.823931
2.917929,45,5822.342403
-5.421129,67,5823.111351
0.744824,41,5823.585537
3.583391,33,5823.97108
5.729025,27,5824.278263
-1.404085,52,5824.872343
0.466044,41,5825.339628
-3.201635,49,5825.89715
7.619962,22,5826.147485
4.87773,30,5826.486147
2.117235,51,5827.073105
6.653561,25,5827.35635
-0.781687,105,5828.567979
3.615441,63,5829.293999
-1.23176,94,5830.378003
-7.739656,131,5831.884105
-29.262892,241,5835.979339
-1.517893,46,5836.479381
4.927719,31,5836.820476
1.781437,39,5837.251261
-1.350812,48,5837.775869
0.503698,44,5838.25499
-0.793424,46,5838.770548
1.856764,38,5839.184528
-2.847793,64,5839.886936
-4.43825,66,5840.604162
0.544267,39,5841.030454
0.719885,44,5841.515069
3.259702,35,5841.89506
-2.063779,44,5842.373086
0.291975,137,5843.871938
-6.954909,104,5845.00553
-0.739983,42,5845.472627
-19.637003,85,5846.403626
5.274902,29,5846.723123
0.911542,38,5847.137027
5.223492,30,5847.465152
0.844277,41,5847.91097
-7.805196,132,5849.355195
-6.829272,120,5850.665261
1.349954,41,5851.115309
-0.890018,42,5851.571099
3.619717,35,5851.965054
4.783564,54,5852.557633
0.861775,39,5852.981865
5.990321,27,5853.278106
3.554965,32,5853.625187
-2.512107,52,5854.243801
3.162349,36,5854.637728
-31.053021,177,5856.565955
2.318435,41,5857.013019
-4.698251,66,5857.732208
0.377592,44,5858.222911
-4.976623,55,5858.822471
-1.250483,92,5859.822789
1.648788,43,5860.292401
-10.500852,120,5861.600966
-4.334741,57,5862.2293
5.348431,51,5862.789056
-1.990576,108,5863.973803
-1.397752,48,5864.501433
-0.926834,43,5864.970266
3.46602,35,5865.360225
-4.009822,48,5865.881841
3.152087,37,5866.285211
3.051377,38,5866.762943
-1.141633,50,5867.309172
-0.709287,42,5867.769525
-11.04171,147,5869.376116
2.661856,37,5869.786095
1.459864,38,5870.198977
-2.148314,56,5870.806811
-18.835132,61,5871.477762
-7.864056,116,5872.746228
2.221406,37,5873.148116
-6.100444,120,5874.467406
3.831566,35,5874.848696
1.14112,40,5875.287549
4.558893,32,5875.638798
4.621314,31,5875.977329
4.085225,34,5876.347223
-2.141668,47,5876.860784
0.836342,39,5877.293484
3.9976,33,5877.654525
2.872923,35,5878.034518
7.451111,35,5878.417746
-0.102293,78,5879.279633
1.637436,39,5879.702562
7.168543,22,5879.944154
-4.261641,67,5880.675562
-8.733217,103,5881.806469
3.042122,37,5882.210412
-0.873529,49,5882.753695
-4.495718,91,5883.746914
6.683528,25,5884.018194
3.06049,36,5884.410482
4.697633,32,5884.76155
3.806094,36,5885.155505
5.456186,28,5885.458788
-10.535858,116,5886.792753
2.653569,37,5887.212194
0.684551,39,5887.664993
-2.519494,51,5888.25225
